timestamp,cpu.%usr,cpu.%nice,cpu.%sys,cpu.%iowait,cpu.%steal,cpu.%irq,cpu.%soft,cpu.%guest,cpu.%gnice,cpu.%idle,task.proc/s,task.cswch/s,intr.intr/s,swap.pswpin/s,swap.pswpout/s,paging.pgpgin/s,paging.pgpgout/s,paging.fault/s,paging.majflt/s,paging.pgfree/s,paging.pgscank/s,paging.pgscand/s,paging.pgsteal/s,paging.%vmeff,io.tps,io.rtps,io.wtps,io.bread/s,io.bwrtn/s,memory.kbmemfree,memory.kbavail,memory.kbmemused,memory.%memused,memory.kbbuffers,memory.kbcached,memory.kbcommit,memory.%commit,memory.kbactive,memory.kbinact,memory.kbdirty,memory.kbanonpg,memory.kbslab,memory.kbkstack,memory.kbpgtbl,memory.kbvmused,swap.kbswpfree,swap.kbswpused,swap.%swpused,swap.kbswpcad,swap.%swpcad,load.runq-sz,load.plist-sz,load.ldavg-1,load.ldavg-5,load.ldavg-15,load.blocked,disk.tps,disk.rd_sec/s,disk.wr_sec/s,disk.avgrq-sz,disk.avgqu-sz,disk.await,disk.svctm,disk.%util,network.rxpck/s,network.txpck/s,network.rxkB/s,network.txkB/s,network.rxcmp/s,network.txcmp/s,network.rxmcst/s,network.%ifutil
2018-01-06 13:58:15,0.25,0.00,0.15,0.00,0.00,0.00,0.00,0.00,0.00,99.60,1.80,427.20,337.40,0.00,0.00,0.00,48.80,754.40,0.00,29430.80,0.00,0.00,0.00,0.00,0.80,0.00,0.80,0.00,97.60,1840908,0,5818604,75.97,18196,4905512,1164568,15.20,1059892,4511996,3748,648180,177480,2200,3628,17940,0,0,0.00,0,0.00,1,260,2.16,2.78,2.62,0,0.80,0.00,97.60,122.00,0.01,10.00,5.00,0.40,5.40,6.60,0.61,0.86,0.00,0.00,0.00,0.00
2018-01-06 13:58:20,0.95,0.00,0.15,0.00,0.00,0.00,0.00,0.00,0.00,98.90,14.40,448.60,363.60,0.00,0.00,0.00,0.00,7741.60,0.00,2592.00,0.00,0.00,0.00,0.00,0.00,0.00,0.00,0.00,0.00,1836800,0,5822712,76.02,18196,4905552,1161388,15.16,1064088,4512024,3952,652392,177396,2216,4136,17940,0,0,0.00,0,0.00,0,263,2.07,2.75,2.61,0,0.00,0.00,0.00,0.00,0.00,0.00,0.00,0.00,8.00,9.40,1.64,1.70,0.00,0.00,0.00,0.00
2018-01-06 13:58:25,0.05,0.00,0.00,0.00,0.05,0.00,0.00,0.00,0.00,99.90,0.00,254.00,158.60,0.00,0.00,0.00,8.80,7.60,0.00,32.00,0.00,0.00,0.00,0.00,0.40,0.00,0.40,0.00,17.60,1836864,0,5822648,76.02,18204,4905576,1161388,15.16,1064116,4512024,3976,652392,177332,2216,4136,17940,0,0,0.00,0,0.00,0,263,1.90,2.70,2.60,0,0.40,0.00,17.60,44.00,0.00,2.00,2.00,0.08,3.40,4.60,0.27,0.84,0.00,0.00,0.00,0.00
2018-01-06 13:58:30,0.05,0.00,0.05,0.00,0.00,0.00,0.00,0.00,0.00,99.90,0.00,251.40,158.60,0.00,0.00,0.00,8.00,9.60,0.00,28.00,0.00,0.00,0.00,0.00,1.00,0.00,1.00,0.00,16.00,1836864,0,5822648,76.02,18212,4905600,1161388,15.16,1064128,4512036,3972,652392,177332,2216,4136,17940,0,0,0.00,0,0.00,0,263,1.75,2.66,2.58,0,1.00,0.00,16.00,16.00,0.00,0.00,0.00,0.00,2.80,4.00,0.23,0.72,0.00,0.00,0.00,0.00
2018-01-06 13:58:35,0.05,0.00,0.00,0.00,0.00,0.00,0.00,0.00,0.00,99.95,0.00,252.80,164.20,0.00,0.00,0.00,61.60,8.60,0.00,27.00,0.00,0.00,0.00,0.00,8.00,0.00,8.00,0.00,123.20,1836864,0,5822648,76.02,18228,4905624,1161388,15.16,1064140,4512048,3724,652392,177332,2216,4136,17940,0,0,0.00,0,0.00,0,263,1.61,2.62,2.57,0,8.00,0.00,123.20,15.40,0.00,0.60,0.60,0.48,3.00,4.40,0.25,0.83,0.00,0.00,0.00,0.00
2018-01-06 13:58:40,0.05,0.00,0.05,0.00,0.00,0.00,0.00,0.00,0.00,99.90,0.00,257.40,170.60,0.00,0.00,0.00,724.80,9.80,0.00,29.20,0.00,0.00,0.00,0.00,7.40,0.00,7.40,0.00,1449.60,1836864,0,5822648,76.02,18240,4905648,1161388,15.16,1064152,4512060,216,652392,177332,2216,4136,17940,0,0,0.00,0,0.00,0,263,1.48,2.57,2.56,0,7.40,0.00,1449.60,195.89,0.03,3.78,0.32,0.24,3.00,4.40,0.25,0.83,0.00,0.00,0.00,0.00
2018-01-06 13:58:45,0.00,0.00,0.00,0.05,0.00,0.00,0.00,0.00,0.00,99.95,0.00,244.80,150.40,0.00,0.00,0.00,47.20,7.60,0.00,27.00,0.00,0.00,0.00,0.00,1.40,0.00,1.40,0.00,94.40,1836864,0,5822648,76.02,18248,4905672,1161388,15.16,1064164,4512072,96,652392,177332,2216,4136,17940,0,0,0.00,0,0.00,0,263,1.36,2.53,2.54,0,1.40,0.00,94.40,67.43,0.00,0.00,0.00,0.00,3.00,4.20,0.24,0.73,0.00,0.00,0.00,0.00
2018-01-06 13:58:50,0.05,0.00,0.00,0.00,0.00,0.00,0.00,0.00,0.00,99.95,0.00,256.20,158.40,0.00,0.00,0.00,4.00,9.60,0.00,29.00,0.00,0.00,0.00,0.00,0.40,0.00,0.40,0.00,8.00,1836864,0,5822648,76.02,18256,4905696,1161388,15.16,1064180,4512136,128,652392,177332,2216,4136,17940,0,0,0.00,0,0.00,0,263,1.25,2.49,2.53,0,0.40,0.00,8.00,20.00,0.00,2.00,2.00,0.08,3.00,4.40,0.25,0.83,0.00,0.00,0.00,0.00
2018-01-06 13:58:55,0.05,0.00,0.00,0.00,0.00,0.00,0.00,0.00,0.00,99.95,0.00,255.80,157.00,0.00,0.00,0.00,2.40,7.60,0.00,26.20,0.00,0.00,0.00,0.00,0.40,0.00,0.40,0.00,4.80,1836864,0,5822648,76.02,18264,4905716,1161388,15.16,1064192,4512148,148,652392,177332,2216,4136,17940,0,0,0.00,0,0.00,0,263,1.15,2.45,2.52,0,0.40,0.00,4.80,12.00,0.00,2.00,2.00,0.08,2.80,4.20,0.24,0.81,0.00,0.00,0.00,0.00
2018-01-06 13:59:00,0.00,0.00,0.00,0.00,0.00,0.00,0.00,0.00,0.00,100.00,0.00,253.20,158.80,0.00,0.00,0.00,2.40,9.60,0.00,130.80,0.00,0.00,0.00,0.00,0.40,0.00,0.40,0.00,4.80,1837048,0,5822464,76.02,18272,4905740,1161388,15.16,1064204,4512156,172,652392,177328,2216,4136,17940,0,0,0.00,0,0.00,0,263,1.06,2.41,2.50,0,0.40,0.00,4.80,12.00,0.00,2.00,2.00,0.08,2.80,4.00,0.23,0.72,0.00,0.00,0.00,0.00
2018-01-06 13:59:05,0.05,0.00,0.00,0.00,0.00,0.00,0.00,0.00,0.00,99.95,0.00,255.00,163.60,0.00,0.00,0.00,8.80,9.00,0.00,27.80,0.00,0.00,0.00,0.00,1.00,0.00,1.00,0.00,17.60,1837048,0,5822464,76.02,18280,4905764,1161388,15.16,1064216,4512168,188,652392,177328,2216,4136,17940,0,0,0.00,0,0.00,0,263,0.98,2.37,2.49,0,1.00,0.00,17.60,17.60,0.00,0.80,0.80,0.08,3.20,4.60,0.26,0.84,0.00,0.00,0.00,0.00
2018-01-06 13:59:10,0.05,0.00,0.00,0.05,0.00,0.00,0.00,0.00,0.00,99.90,0.00,259.08,166.07,0.00,0.00,0.00,17.56,10.18,0.00,28.94,0.00,0.00,0.00,0.00,2.99,0.00,2.99,0.00,35.13,1837048,0,5822464,76.02,18288,4905788,1161388,15.16,1064228,4512180,152,652392,177328,2216,4136,17940,0,0,0.00,0,0.00,0,263,0.90,2.33,2.47,0,2.99,0.00,35.13,11.73,0.00,0.27,0.27,0.08,2.99,4.39,0.25,0.82,0.00,0.00,0.00,0.00
2018-01-06 13:59:15,0.00,0.00,0.00,0.10,0.00,0.00,0.00,0.00,0.00,99.90,0.00,256.80,166.20,0.00,0.00,0.00,4.00,8.40,0.00,41.20,0.00,0.00,0.00,0.00,0.40,0.00,0.40,0.00,8.00,1837104,0,5822408,76.02,18296,4905812,1161388,15.16,1064032,4512240,188,652180,177292,2192,4136,17940,0,0,0.00,0,0.00,0,260,0.83,2.29,2.46,0,0.40,0.00,8.00,20.00,0.00,12.00,12.00,0.48,3.00,4.20,0.24,0.73,0.00,0.00,0.00,0.00
2018-01-06 13:59:20,0.50,0.00,0.50,0.00,0.10,0.00,0.00,0.00,0.00,98.89,0.60,1957.80,1927.40,0.00,0.00,0.00,36.80,23.00,0.00,7782.20,0.00,0.00,0.00,0.00,1.00,0.00,1.00,0.00,73.60,1774160,0,5885352,76.84,18304,4971352,1161388,15.16,1068708,4573124,65568,652228,177212,2200,4136,17940,0,0,0.00,0,0.00,0,261,0.76,2.25,2.45,0,1.00,0.00,73.60,73.60,0.00,0.80,0.80,0.08,1931.20,2130.80,13233.58,13253.17,0.00,0.00,0.00,1.09
2018-01-06 13:59:25,1.11,0.00,0.25,0.00,0.05,0.00,0.00,0.00,0.00,98.59,4.00,1558.60,1804.40,0.00,0.00,0.00,10.40,497.60,0.00,4612.80,0.00,0.00,0.00,0.00,0.40,0.00,0.40,0.00,20.80,1742948,0,5916564,77.24,18328,5001560,1161388,15.16,1069320,4603276,95820,652792,177488,2256,4136,17940,0,0,0.00,0,0.00,0,268,0.70,2.21,2.44,0,0.40,0.00,20.80,52.00,0.00,2.00,2.00,0.08,1106.40,1769.80,6151.14,13227.83,0.00,0.00,0.00,1.08
2018-01-06 13:59:30,1.84,0.00,0.46,0.05,0.15,0.00,0.10,0.00,0.00,97.39,3.60,3838.80,4220.80,0.00,0.00,0.00,28.80,499.20,0.00,7923.80,0.00,0.00,0.00,0.00,0.80,0.00,0.80,0.00,57.60,1701608,0,5957904,77.78,18344,5042412,1161388,15.16,1069836,4643960,136740,653280,177336,2296,4136,17940,0,0,0.00,0,0.00,0,273,0.64,2.18,2.42,0,0.80,0.00,57.60,72.00,0.00,1.00,1.00,0.08,1917.60,3501.40,8315.81,26452.87,0.00,0.00,0.00,2.17
2018-01-06 13:59:35,2.45,0.00,0.83,0.00,0.42,0.05,1.30,0.00,0.00,94.94,2.40,7848.40,9757.00,0.00,0.00,0.00,12.00,62.60,0.00,23528.40,0.00,0.00,0.00,0.00,0.80,0.00,0.80,0.00,24.00,1640108,0,6019404,78.59,18352,5101320,1161388,15.16,1070344,4702764,195648,653776,178180,2352,4136,17940,0,0,0.00,0,0.00,0,282,0.59,2.14,2.41,0,0.80,0.00,24.00,30.00,0.00,0.00,0.00,0.00,5817.60,14321.20,12148.72,119681.28,0.00,0.00,0.00,9.80
2018-01-06 13:59:40,77.75,0.00,5.35,0.30,0.10,0.00,1.31,0.00,0.00,15.19,30.40,5922.60,5824.60,0.00,0.00,77.60,0.00,26444.80,0.40,33872.00,0.00,0.00,0.00,0.00,8.80,8.80,0.00,155.20,0.00,1027472,0,6632040,86.59,18572,5168692,2477936,32.35,1709240,4667616,262752,1189616,184848,3136,6780,17940,0,0,0.00,0,0.00,0,381,1.02,2.20,2.43,0,8.80,155.20,0.00,17.64,0.09,10.18,3.00,2.64,3546.20,8999.00,637.49,78799.12,0.00,0.00,0.00,6.46
2018-01-06 13:59:45,0.10,0.00,0.15,0.15,0.00,0.00,0.00,0.00,0.00,99.60,0.00,454.80,281.20,0.00,0.00,0.00,120.00,8.40,0.00,622.00,0.00,0.00,0.00,0.00,5.20,0.00,5.20,0.00,240.00,1035452,0,6624060,86.48,18584,5168716,2477936,32.35,1698068,4667636,262780,1178404,184832,3128,6840,17940,0,0,0.00,0,0.00,0,377,0.94,2.17,2.41,0,5.20,0.00,240.00,46.15,0.01,2.62,2.62,1.36,3.40,4.60,0.27,0.90,0.00,0.00,0.00,0.00
2018-01-06 13:59:50,0.10,0.00,0.00,2.31,0.00,0.00,0.00,0.00,0.00,97.59,0.00,465.20,307.20,0.00,0.00,0.00,6556.80,10.20,0.00,52.20,0.00,0.00,0.00,0.00,22.40,0.00,22.40,0.00,5588.80,1035880,0,6623632,86.48,18592,5168744,2477936,32.35,1697764,4667656,229984,1178084,184856,3088,6840,17940,0,0,0.00,0,0.00,0,372,0.87,2.13,2.40,1,22.40,0.00,5588.80,249.50,14.03,230.11,4.36,9.76,2.80,4.40,0.24,0.97,0.00,0.00,0.00,0.00
2018-01-06 13:59:55,38.51,0.00,2.23,5.07,0.10,0.00,0.00,0.00,0.00,54.08,12.80,2472.60,2520.60,0.00,0.00,12.00,6590.40,11687.20,0.20,9327.60,0.00,0.00,0.00,0.00,82.40,1.00,81.40,24.00,20705.60,393496,0,7266016,94.86,18624,5191552,3110500,40.61,2328620,4676784,219796,1795908,185124,3216,8108,17940,0,0,0.00,0,0.00,0,388,1.84,2.31,2.46,0,82.40,24.00,20705.60,251.57,27.44,440.74,3.46,28.48,560.40,402.00,4608.17,41.56,0.00,0.00,0.00,0.38
2018-01-06 14:00:00,2.91,0.00,0.46,0.00,0.10,0.00,0.05,0.00,0.00,96.47,0.00,2531.00,2854.80,0.00,0.00,0.00,22.40,14.20,0.00,7965.40,0.00,0.00,0.00,0.00,0.60,0.00,0.60,0.00,44.80,389848,0,7269664,94.91,18632,5235156,3095304,40.41,2312716,4697036,263448,1756796,185180,3216,8068,17940,0,0,0.00,0,0.00,0,388,1.69,2.27,2.45,0,0.60,0.00,44.80,74.67,0.00,0.00,0.00,0.00,995.80,694.60,8750.86,47.83,0.00,0.00,0.00,0.72
2018-01-06 14:00:05,2.40,0.00,0.56,0.00,0.10,0.00,0.10,0.00,0.00,96.83,0.00,2575.40,2887.20,0.00,0.00,0.00,5.60,18.80,0.00,6133.60,0.00,0.00,0.00,0.00,0.40,0.00,0.40,0.00,11.20,344388,0,7315124,95.50,18640,5279596,3095304,40.41,2336872,4717884,307896,1756972,185456,3216,8068,17940,0,0,0.00,0,0.00,3,388,1.56,2.24,2.43,0,0.40,0.00,11.20,28.00,0.00,0.00,0.00,0.00,1025.60,764.20,9008.19,53.36,0.00,0.00,0.00,0.74
2018-01-06 14:00:10,3.34,0.00,0.67,19.60,0.15,0.00,0.10,0.00,0.00,76.14,0.00,3323.20,3751.00,0.00,0.00,2.40,27723.20,32.40,0.00,7461.20,0.00,0.00,0.00,0.00,202.60,0.40,202.20,3.20,49148.80,288696,0,7370816,96.23,18660,5332520,3103208,40.51,2366148,4742384,222364,1758032,186924,3216,8076,17940,0,0,0.00,0,0.00,1,388,1.51,2.22,2.42,1,202.60,3.20,49148.80,242.61,114.94,503.68,3.99,80.80,1215.20,858.20,10659.93,59.90,0.00,0.00,0.00,0.87
2018-01-06 14:00:15,3.33,0.00,0.51,12.36,0.15,0.00,0.21,0.00,0.00,83.44,0.00,3388.60,3879.40,0.00,0.00,0.80,11708.80,19.40,0.00,7510.80,0.00,0.00,0.00,0.00,122.40,0.40,122.00,3.20,29715.20,232272,0,7427240,96.97,18672,5386848,3103208,40.51,2395416,4767640,218216,1758264,188328,3216,8076,17940,0,0,0.00,0,0.00,0,388,1.55,2.21,2.42,0,122.40,3.20,29715.20,242.80,62.50,615.48,4.43,54.24,1252.20,895.00,11001.35,61.60,0.00,0.00,0.00,0.90
2018-01-06 14:00:20,2.92,0.00,0.62,0.00,0.15,0.00,0.10,0.00,0.00,96.21,0.00,4158.20,4130.00,0.00,0.00,0.00,57.60,14.40,0.00,8030.00,0.00,0.00,0.00,0.00,3.80,0.00,3.80,0.00,115.20,171912,0,7487600,97.76,18680,5445420,3103208,40.51,2426856,4794884,276652,1758312,190016,3216,8076,17940,0,0,0.00,0,0.00,1,388,1.43,2.18,2.41,0,3.80,0.00,115.20,30.32,0.00,0.00,0.00,0.00,1338.80,931.00,11755.08,64.43,0.00,0.00,0.00,0.96
2018-01-06 14:00:25,1.87,0.00,0.73,21.70,0.31,0.00,0.10,0.00,0.00,75.29,0.00,5626.20,5546.40,0.00,0.00,0.00,23863.20,10.40,0.00,12265.60,1819.00,0.00,1816.00,99.84,156.60,0.00,156.60,0.00,39995.20,130328,0,7529184,98.30,7032,5496980,3103208,40.51,2468200,4793784,233552,1758324,191492,3216,8076,17940,0,0,0.00,0,0.00,2,388,1.31,2.14,2.40,5,156.60,0.00,39995.20,255.40,85.90,480.39,3.72,58.32,1738.80,995.40,15285.08,66.98,0.00,0.00,0.00,1.25
2018-01-06 14:00:30,0.20,0.00,0.15,54.07,0.05,0.00,0.00,0.00,0.00,45.53,0.00,611.80,579.40,0.00,0.00,0.80,35133.60,11.40,0.00,233.80,0.00,0.00,0.00,0.00,278.40,0.20,278.20,1.60,71137.60,122280,0,7537232,98.40,7052,5497080,3084032,40.26,2476864,4794068,57996,1766800,191652,3216,8084,17940,0,0,0.00,0,0.00,0,388,1.69,2.20,2.42,5,278.40,1.60,71137.60,255.53,137.26,486.82,3.59,100.00,4.20,5.60,0.38,1.82,0.00,0.00,0.00,0.00
2018-01-06 14:00:35,53.41,0.00,5.47,26.46,0.00,0.00,0.05,0.00,0.00,14.61,6.40,2245.40,1693.60,0.00,0.00,2097.60,11658.40,19846.20,1.60,56767.60,40417.00,6137.60,46550.00,99.99,153.40,34.20,119.20,4195.20,30177.60,131192,0,7528320,98.29,3948,4932776,3887360,50.75,3203804,4058588,352864,2326068,192396,3376,9188,17940,0,0,0.00,0,0.00,5,412,2.03,2.27,2.43,0,153.40,4195.20,30177.60,224.07,53.44,429.27,2.95,45.28,34.60,39.80,23.81,9.08,0.00,0.00,0.00,0.00
2018-01-06 14:00:40,93.24,0.00,6.26,0.00,0.00,0.00,0.00,0.00,0.00,0.50,1.00,2888.60,4909.00,0.00,0.00,4892.00,267.20,36633.40,0.20,80296.60,30875.80,17580.80,48456.60,100.00,81.40,78.20,3.20,9784.00,534.40,136096,0,7523416,98.22,5064,4022824,4313332,56.31,4113908,3142544,388956,3228652,192788,3440,11028,17940,0,0,0.00,0,0.00,13,416,2.43,2.34,2.46,0,81.40,9784.00,534.40,126.76,0.26,3.17,0.26,2.08,27.80,33.60,27.46,22.47,0.00,0.00,0.00,0.00
2018-01-06 14:00:45,96.65,0.00,2.70,0.00,0.05,0.00,0.45,0.00,0.00,0.15,1.00,3786.60,2876.40,0.00,0.00,39176.00,266.40,3772.00,0.20,17844.60,13158.40,1068.80,14227.20,100.00,643.40,641.00,2.40,78352.00,532.80,142992,0,7516520,98.13,5072,3929840,4313332,56.31,4198744,3049668,389104,3313672,193560,3440,11212,17940,0,0,0.00,0,0.00,9,416,3.12,2.49,2.50,0,643.40,78352.00,532.80,122.61,4.02,6.24,0.27,17.28,5.20,6.40,0.78,3.60,0.00,0.00,0.00,0.00
2018-01-06 14:00:50,97.00,0.00,2.50,0.00,0.00,0.00,0.50,0.00,0.00,0.00,0.00,4468.80,3301.20,0.00,0.00,53468.00,108.00,291.60,0.00,17515.80,11532.80,1689.60,13222.40,100.00,873.20,871.40,1.80,106936.00,216.00,116996,0,7542516,98.47,5068,3927072,4313332,56.31,4228336,3047376,389144,3343428,193076,3440,11288,17940,0,0,0.00,0,0.00,6,414,3.59,2.60,2.54,0,873.20,106936.00,216.00,122.71,4.23,4.85,0.24,21.36,5.00,6.80,0.44,4.36,0.00,0.00,0.00,0.00
2018-01-06 14:00:55,96.09,0.00,2.75,0.60,0.00,0.00,0.45,0.00,0.00,0.10,3.20,3882.00,3206.20,0.00,0.00,44392.00,7021.60,3182.80,0.00,20311.60,11488.60,4230.40,15719.00,100.00,785.20,718.20,67.00,88784.00,14043.20,121168,0,7538344,98.42,5076,3835520,4313332,56.31,4318664,2952672,361592,3430984,192792,3408,11440,17940,0,0,0.00,0,0.00,7,412,4.18,2.74,2.58,0,785.20,88784.00,14043.20,130.96,47.00,59.86,0.40,31.76,14.00,18.80,10.39,11.29,0.00,0.00,0.00,0.00
2018-01-06 14:01:00,79.21,0.00,1.76,12.88,0.00,0.00,0.30,0.00,0.00,5.84,0.00,3592.20,3406.20,0.00,0.00,41912.80,27839.20,611.40,0.00,15193.00,12353.20,0.00,12353.20,100.00,839.40,649.00,190.40,81089.60,48100.80,153264,0,7506248,98.00,5068,3792284,4323812,56.45,4326196,2909792,223560,3438740,192892,3408,11472,17940,0,0,0.00,0,0.00,1,412,4.25,2.77,2.60,5,839.40,81089.60,48100.80,153.91,191.54,213.80,0.91,76.64,4.40,5.60,0.39,3.92,0.00,0.00,0.00,0.00
2018-01-06 14:01:05,48.99,0.00,1.62,39.06,0.15,0.00,0.05,0.00,0.00,10.13,2.00,2398.60,2909.20,0.00,0.00,31543.20,31124.80,1367.80,0.00,14068.00,6729.00,2969.60,9698.60,100.00,738.80,497.00,241.80,61726.40,61840.00,146672,0,7512840,98.09,5084,3754924,4333412,56.58,4372528,2870436,72184,3483364,192640,3400,11556,17940,0,0,0.00,0,0.00,1,411,4.55,2.86,2.63,5,738.80,61726.40,61840.00,167.25,273.84,367.26,1.35,100.00,10.60,14.60,6.43,7.25,0.00,0.00,0.00,0.00
2018-01-06 14:01:10,60.97,0.00,2.22,30.76,0.05,0.00,0.40,0.00,0.00,5.60,1.20,3649.00,3431.40,0.00,0.00,40406.40,12761.60,400.20,0.00,17119.80,10773.60,672.00,11445.60,100.00,810.40,679.00,131.40,84908.80,33510.40,166432,0,7493080,97.83,5096,3724588,4306060,56.22,4383844,2839756,11152,3493800,192768,3408,11600,17940,0,0,0.00,0,0.00,5,412,4.82,2.95,2.66,0,810.40,84908.80,33510.40,146.12,156.12,210.64,0.80,65.04,7.60,10.20,4.35,7.38,0.00,0.00,0.00,0.00
2018-01-06 14:01:15,97.05,0.00,2.50,0.00,0.00,0.00,0.40,0.00,0.00,0.05,1.20,4220.80,2947.00,0.00,0.00,55058.40,144.00,227.00,0.00,11826.00,11033.00,0.00,11033.00,100.00,910.40,909.00,1.40,110116.80,288.00,117376,0,7542136,98.47,5092,3776524,4306060,56.22,4382472,2890380,13688,3491500,192648,3400,11580,17940,0,0,0.00,0,0.00,4,412,4.76,2.96,2.66,0,910.40,110116.80,288.00,121.27,2.73,3.00,0.15,13.92,8.40,11.20,4.39,5.40,0.00,0.00,0.00,0.00
2018-01-06 14:01:20,96.10,0.00,3.05,0.15,0.00,0.00,0.45,0.00,0.00,0.25,1.60,4480.20,2709.20,0.00,0.00,51424.00,258.40,450.40,0.00,15170.00,14148.20,0.00,14148.20,100.00,855.00,852.60,2.40,102848.00,516.80,146496,0,7513016,98.09,5000,3748872,4306060,56.22,4384312,2861120,16608,3491732,192748,3408,11580,17940,0,0,0.00,0,0.00,4,412,4.70,2.98,2.67,0,855.00,102848.00,516.80,120.89,2.83,3.31,0.16,13.68,8.40,11.60,6.22,8.94,0.00,0.00,0.00,0.00
2018-01-06 14:01:25,97.00,0.00,2.45,0.00,0.00,0.00,0.50,0.00,0.00,0.05,0.60,4441.60,3802.40,0.00,0.00,51852.80,1026.40,190.60,0.00,13242.80,12809.20,0.00,12639.60,98.68,904.40,886.40,18.00,103705.60,2052.80,143424,0,7516088,98.13,4980,3751420,4306060,56.22,4389124,2859844,12992,3492752,192620,3408,11580,17940,0,0,0.00,0,0.00,5,412,4.64,3.00,2.68,0,904.40,103705.60,2052.80,116.94,4.63,5.13,0.17,15.76,4.80,6.80,2.24,3.63,0.00,0.00,0.00,0.00
2018-01-06 14:01:30,96.15,0.00,2.85,0.00,0.00,0.00,0.70,0.00,0.00,0.30,4.20,4356.60,3503.80,0.00,0.00,49676.00,361.60,643.00,0.00,14492.60,13657.00,0.00,13288.20,97.30,830.20,826.40,3.80,99352.00,723.20,146008,0,7513504,98.09,4852,3733364,4330132,56.53,4413548,2832040,17788,3507760,192260,3504,11620,17940,0,0,0.00,0,0.00,4,424,4.59,3.01,2.68,0,830.20,99352.00,723.20,120.54,2.59,3.13,0.16,13.52,14.20,17.60,9.39,11.88,0.00,0.00,0.00,0.00
2018-01-06 14:01:35,97.00,0.00,2.50,0.00,0.00,0.00,0.40,0.00,0.00,0.10,0.60,4303.40,3448.40,0.00,0.00,51103.20,310.40,145.40,0.00,12338.80,11462.40,0.00,11242.20,98.08,854.60,850.60,4.00,102206.40,620.80,129940,0,7529572,98.30,4812,3760024,4320940,56.41,4408640,2854428,17668,3498552,191256,3464,11604,17940,0,0,0.00,0,0.00,5,420,4.62,3.05,2.70,0,854.60,102206.40,620.80,120.32,3.32,3.89,0.20,17.04,4.80,6.80,2.24,3.62,0.00,0.00,0.00,0.00
2018-01-06 14:01:40,95.80,0.00,3.20,0.05,0.00,0.00,0.75,0.00,0.00,0.20,1.80,4106.00,4110.40,0.00,0.00,52463.20,760.80,743.00,0.00,16854.00,15110.20,422.40,14946.40,96.23,878.80,872.00,6.80,104926.40,1521.60,148980,0,7510532,98.05,4788,3724328,4321388,56.42,4437956,2806212,19396,3514908,190948,3472,11632,17940,0,0,0.00,0,0.00,6,420,4.57,3.06,2.70,0,878.80,104926.40,1521.60,121.13,3.70,4.22,0.19,17.12,9.40,13.20,8.14,10.57,0.00,0.00,0.00,0.00
2018-01-06 14:01:45,96.70,0.00,2.70,0.00,0.00,0.00,0.50,0.00,0.00,0.10,0.60,3990.60,3151.80,0.00,0.00,53109.60,342.40,341.60,0.00,13915.60,13099.20,0.00,13082.40,99.87,898.40,895.00,3.40,106219.20,684.80,147636,0,7511876,98.07,4780,3725796,4329036,56.52,4439464,2806560,20304,3515412,190416,3472,11632,17940,0,0,0.00,0,0.00,4,419,4.69,3.11,2.72,0,898.40,106219.20,684.80,118.99,3.18,3.54,0.18,16.00,5.00,6.80,3.74,4.48,0.00,0.00,0.00,0.00
2018-01-06 14:01:50,96.35,0.00,2.75,0.00,0.00,0.00,0.50,0.00,0.00,0.40,1.80,4392.80,3191.80,0.00,0.00,58769.60,894.40,462.40,0.00,14005.00,13031.20,0.00,13012.20,99.85,976.20,968.60,7.60,117539.20,1788.80,117864,0,7541648,98.46,4784,3757144,4329036,56.52,4440068,2836188,19492,3514452,190304,3472,11632,17940,0,0,0.00,0,0.00,4,420,4.63,3.13,2.73,0,976.20,117539.20,1788.80,122.24,5.55,5.68,0.18,17.28,8.60,12.40,6.59,9.58,0.00,0.00,0.00,0.00
2018-01-06 14:01:55,97.40,0.00,1.85,0.00,0.00,0.00,0.30,0.00,0.00,0.45,0.80,4368.80,3203.40,0.00,0.00,56815.20,595.20,270.00,0.00,15947.60,15206.20,0.00,15206.20,100.00,926.20,920.80,5.40,112884.80,1190.40,141284,0,7518228,98.16,4788,3734804,4329036,56.52,4441828,2812456,20324,3515072,189672,3472,11632,17940,0,0,0.00,0,0.00,5,420,4.66,3.16,2.74,0,926.80,112956.80,1190.40,123.16,4.57,4.94,0.21,19.20,6.40,9.80,4.20,5.35,0.00,0.00,0.00,0.00
2018-01-06 14:02:00,97.30,0.00,2.00,0.05,0.00,0.00,0.45,0.00,0.00,0.20,1.60,4390.40,3373.00,0.00,0.00,57113.60,1310.40,394.60,0.00,14844.00,13421.60,211.20,13567.00,99.52,955.40,940.80,14.60,114972.80,2620.80,126764,0,7532748,98.35,4780,3746504,4344916,56.73,4444856,2823148,16464,3516728,189732,3472,11632,17940,0,0,0.00,0,0.00,5,420,4.93,3.24,2.77,0,954.80,114900.80,2620.80,123.09,6.95,7.28,0.23,21.68,8.20,11.20,6.20,8.85,0.00,0.00,0.00,0.00
2018-01-06 14:02:05,88.55,0.00,1.71,0.00,0.05,0.00,0.30,0.00,0.00,9.39,0.60,3892.80,3333.80,0.00,0.00,50112.00,230.40,477.60,0.00,14951.80,13171.00,236.80,13407.80,100.00,854.00,851.20,2.80,100224.00,460.80,141120,0,7518392,98.16,4784,3727608,4344916,56.73,4452728,2802568,21272,3522924,188836,3456,11644,17940,0,0,0.00,0,0.00,2,418,4.85,3.25,2.78,0,854.00,100224.00,460.80,117.90,2.94,3.44,0.16,13.92,5.00,7.40,2.25,5.54,0.00,0.00,0.00,0.00
2018-01-06 14:02:10,7.73,0.00,0.10,0.10,0.05,0.00,0.05,0.00,0.00,91.96,0.00,732.40,615.00,0.00,0.00,1851.20,1232.00,121.20,0.00,454.00,0.00,0.00,0.00,0.00,40.40,29.20,11.20,3702.40,2464.00,134740,0,7524772,98.24,4792,3733640,4344916,56.73,4453152,2807708,18116,3522472,188612,3416,11644,17940,0,0,0.00,0,0.00,0,413,4.47,3.20,2.76,0,40.40,3702.40,2464.00,152.63,1.38,34.10,1.43,5.76,6.00,8.40,0.50,3.96,0.00,0.00,0.00,0.00
2018-01-06 14:02:15,0.20,0.00,0.10,1.30,0.00,0.00,0.00,0.00,0.00,98.40,0.00,483.00,304.20,0.00,0.00,1172.00,232.80,8.40,0.00,295.80,0.00,0.00,0.00,0.00,17.20,14.80,2.40,2344.00,465.60,134680,0,7524832,98.24,4800,3734404,4344916,56.73,4452844,2808744,17728,3522400,188476,3408,11644,17940,0,0,0.00,0,0.00,0,412,4.11,3.14,2.75,0,17.20,2344.00,465.60,163.35,0.33,18.93,3.67,6.32,3.40,4.80,0.29,1.20,0.00,0.00,0.00,0.00
2018-01-06 14:02:20,57.58,0.00,2.56,1.56,0.00,0.00,2.16,0.00,0.00,36.14,0.60,3353.00,10335.60,0.00,0.00,4623.20,1098.40,6198.60,1.00,30138.60,5714.00,2419.20,8133.20,100.00,360.60,350.40,10.20,9246.40,2196.80,135496,0,7524016,98.23,4844,3589912,4481440,58.51,4596836,2663412,12380,3665572,189024,3416,11828,17940,0,0,0.00,0,0.00,10,413,3.78,3.09,2.73,0,360.60,9246.40,2196.80,31.73,1.26,3.49,0.30,10.64,4993.60,5036.60,7974.55,7768.75,0.00,0.00,0.00,0.65
2018-01-06 14:02:25,94.55,0.00,3.80,0.00,0.00,0.00,1.65,0.00,0.00,0.00,0.00,2719.40,10222.20,0.00,0.00,4752.00,104.80,11637.20,0.00,39845.80,8793.20,3168.00,11961.20,100.00,307.00,305.80,1.20,9504.00,209.60,143836,0,7515676,98.12,4844,3377544,4738164,61.86,4801888,2448708,20740,3868332,188824,3416,12304,17940,0,0,0.00,0,0.00,12,413,4.04,3.16,2.75,0,307.00,9504.00,209.60,31.64,0.16,0.54,0.15,4.64,4819.80,4773.80,7870.77,8032.97,0.00,0.00,0.00,0.66
2018-01-06 14:02:30,49.45,0.00,1.40,0.20,0.00,0.00,1.35,0.00,0.00,47.60,2.40,2124.60,6760.40,0.00,0.00,792.00,1340.80,1368.40,0.00,17110.40,0.00,0.00,0.00,0.00,25.00,12.80,12.20,1584.00,2681.60,151232,0,7508280,98.03,4852,3384680,4837000,63.15,4790060,2453328,23624,3854012,188752,3416,12284,17940,0,0,0.00,0,0.00,13,413,3.71,3.10,2.74,0,25.00,1584.00,2681.60,170.62,1.04,41.73,1.86,4.64,3685.00,3764.20,5078.44,5017.59,0.00,0.00,0.00,0.42
2018-01-06 14:02:35,39.15,0.00,1.95,0.10,0.05,0.00,1.00,0.00,0.00,57.74,1.20,1719.80,5335.60,0.00,0.00,1304.00,296.00,2471.20,0.00,14371.20,1879.80,275.20,2155.00,100.00,54.40,48.20,6.20,2608.00,592.00,138460,0,7521052,98.19,4864,3358632,4837000,63.15,4834728,2421676,39048,3893024,188944,3464,12352,17940,0,0,0.00,0,0.00,0,419,4.22,3.22,2.78,0,54.40,2608.00,592.00,58.82,0.12,2.28,0.38,2.08,2445.00,2428.40,3446.78,3396.15,0.00,0.00,0.00,0.28
2018-01-06 14:02:40,17.78,0.00,0.25,0.05,0.05,0.00,0.05,0.00,0.00,81.82,1.80,874.60,672.60,0.00,0.00,796.80,1106.40,115.80,0.00,1296.40,0.00,0.00,0.00,0.00,25.20,14.20,11.00,1593.60,2212.80,151920,0,7507592,98.02,4876,3360144,4842144,63.22,4819016,2423168,36280,3877284,188928,3512,12340,17940,0,0,0.00,0,0.00,1,425,4.44,3.28,2.80,0,25.20,1593.60,2212.80,151.05,0.96,38.13,1.56,3.92,6.40,8.00,0.63,6.08,0.00,0.00,0.00,0.00
2018-01-06 14:02:45,5.63,0.00,0.30,0.00,0.00,0.00,0.10,0.00,0.00,93.97,2.00,1172.80,1415.80,0.00,0.00,1170.40,64.80,340.80,0.00,2438.20,0.00,0.00,0.00,0.00,16.80,15.20,1.60,2340.80,129.60,141164,0,7518348,98.16,4884,3371332,4842144,63.22,4819624,2434048,46712,3877568,188916,3504,12348,17940,0,0,0.00,0,0.00,1,424,4.08,3.23,2.79,0,16.80,2340.80,129.60,147.05,0.05,2.76,0.52,0.88,356.40,294.00,837.58,194.95,0.00,0.00,0.00,0.07
2018-01-06 14:02:50,3.22,0.00,0.25,0.00,0.00,0.00,0.15,0.00,0.00,96.38,1.40,925.60,1171.80,0.00,0.00,767.20,11.20,50.60,0.00,1513.20,0.00,0.00,0.00,0.00,13.40,13.00,0.40,1534.40,22.40,135684,0,7523828,98.23,4892,3376504,4842144,63.22,4819916,2439140,53292,3877732,188852,3496,12356,17940,0,0,0.00,0,0.00,0,423,3.76,3.17,2.77,0,13.40,1534.40,22.40,116.18,0.08,5.97,0.18,0.24,223.20,314.40,20.11,743.31,0.00,0.00,0.00,0.06
2018-01-06 14:02:55,3.12,0.00,0.15,0.00,0.05,0.00,0.15,0.00,0.00,96.53,0.00,725.20,1197.80,0.00,0.00,1151.20,1250.40,20.20,0.00,2179.20,0.00,0.00,0.00,0.00,30.60,19.80,10.80,2302.40,2500.80,134772,0,7524740,98.24,4892,3377084,4842144,63.22,4819748,2440084,47068,3877944,188876,3496,12356,17940,0,0,0.00,0,0.00,0,422,3.54,3.14,2.76,0,30.60,2302.40,2500.80,156.97,1.11,36.42,1.25,3.84,474.80,453.40,781.45,642.69,0.00,0.00,0.00,0.06
2018-01-06 14:03:00,4.26,0.00,0.15,0.15,0.00,0.00,0.00,0.00,0.00,95.44,0.40,549.60,432.40,0.00,0.00,770.40,2083.20,22.60,0.00,301.20,0.00,0.00,0.00,0.00,31.00,12.80,18.20,1540.80,4166.40,135256,0,7524256,98.23,4900,3376144,4842144,63.22,4819672,2439356,36752,3878076,188912,3504,12356,17940,0,0,0.00,0,0.00,1,424,3.33,3.10,2.75,0,31.00,1540.80,4166.40,184.10,3.27,105.52,2.40,7.44,6.40,7.00,0.58,6.04,0.00,0.00,0.00,0.00
2018-01-06 14:03:05,0.70,0.00,0.05,4.36,0.05,0.00,0.00,0.00,0.00,94.83,1.20,659.00,530.00,0.00,0.00,1152.00,3388.80,40.00,0.00,767.20,0.00,0.00,0.00,0.00,53.20,19.60,33.60,2304.00,6777.60,130364,0,7529148,98.30,4908,3382956,4842144,63.22,4818556,2445996,26088,3876920,188948,3480,12356,17940,0,0,0.00,0,0.00,0,421,3.07,3.05,2.74,0,53.20,2304.00,6777.60,170.71,9.33,175.43,1.71,9.12,26.60,31.40,2.41,49.08,0.00,0.00,0.00,0.00
2018-01-06 14:03:10,0.10,0.00,0.10,0.00,0.00,0.00,0.00,0.00,0.00,99.80,0.00,481.20,313.00,0.00,0.00,768.00,540.00,11.20,0.00,296.40,0.00,0.00,0.00,0.00,18.00,13.20,4.80,1536.00,1080.00,131564,0,7527948,98.28,4916,3381484,4842144,63.22,4818280,2445056,23644,3876944,188920,3480,12356,17940,0,0,0.00,0,0.00,0,421,2.82,3.00,2.72,0,18.00,1536.00,1080.00,145.33,0.04,2.36,0.18,0.32,4.80,6.00,0.41,1.85,0.00,0.00,0.00,0.00
2018-01-06 14:03:15,0.20,0.00,0.05,0.00,0.00,0.00,0.00,0.00,0.00,99.75,0.00,494.40,343.20,0.00,0.00,1151.20,2120.80,8.60,0.00,312.20,0.00,0.00,0.00,0.00,38.00,20.00,18.00,2302.40,4241.60,130868,0,7528644,98.29,4924,3382140,4842144,63.22,4817708,2445984,13144,3876676,188828,3448,12356,17940,0,0,0.00,0,0.00,0,417,2.60,2.95,2.71,0,38.00,2302.40,4241.60,172.21,0.27,7.16,0.21,0.80,4.60,6.80,0.37,1.41,0.00,0.00,0.00,0.00
2018-01-06 14:03:20,1.46,0.00,1.66,0.10,0.00,0.00,0.10,0.00,0.00,96.69,9.80,940.20,861.00,0.00,0.00,876.80,1355.20,838.80,1.60,187776.80,0.00,0.00,0.00,0.00,43.00,31.20,11.80,1753.60,2710.40,3855892,0,3803620,49.66,5224,2901172,1126912,14.71,1182172,2377392,6440,653200,176036,2264,4152,17940,0,0,0.00,0,0.00,1,269,2.39,2.90,2.69,0,43.00,1753.60,2710.40,103.81,0.16,3.61,0.32,1.36,198.00,179.00,13.72,12.84,0.00,0.00,0.00,0.00
2018-01-06 16:48:34,44.15,0.00,0.77,1.75,0.02,0.00,0.04,0.00,0.00,53.27,6.49,2439.55,1330.91,0.00,0.00,728.44,4602.30,3531.79,0.12,6902.55,611.15,10.27,619.44,99.68,46.54,8.37,38.18,1456.87,9204.59,997812,0,6661700,86.97,7628,5706612,1114984,14.56,1634436,4749828,36,670268,208300,2168,4528,17940,0,0,0.00,0,0.00,1,268,2.71,4.61,4.12,0,46.54,1456.87,9204.59,229.06,7.71,165.73,1.26,5.85,204.00,196.66,1182.24,1012.78,0.00,0.00,0.00,0.10
2018-01-06 16:48:39,0.15,0.00,0.05,0.05,0.00,0.00,0.00,0.00,0.00,99.75,0.60,298.80,207.00,0.00,0.00,0.80,19.20,803.00,0.00,1510.40,0.00,0.00,0.00,0.00,1.20,0.20,1.00,1.60,38.40,1024960,0,6634552,86.62,7636,5703492,1097272,14.33,1607712,4750228,140,646880,208132,2192,3868,17940,0,0,0.00,0,0.00,0,260,2.49,4.53,4.10,0,1.20,1.60,38.40,33.33,0.00,0.00,0.00,0.00,5.00,6.00,0.62,1.19,0.00,0.00,0.00,0.00
2018-01-06 16:48:44,0.05,0.00,0.00,0.00,0.00,0.00,0.00,0.00,0.00,99.95,0.00,267.80,167.40,0.00,0.00,0.00,43.20,71.40,0.00,112.60,0.00,0.00,0.00,0.00,1.20,0.00,1.20,0.00,86.40,1025240,0,6634272,86.61,7648,5703508,1097272,14.33,1606940,4750240,328,646040,208132,2192,3604,17940,0,0,0.00,0,0.00,0,258,2.29,4.46,4.08,0,1.20,0.00,86.40,72.00,0.00,0.00,0.00,0.00,2.60,5.00,0.28,0.73,0.00,0.00,0.00,0.00
2018-01-06 16:48:49,0.00,0.00,0.00,0.00,0.05,0.00,0.00,0.00,0.00,99.95,0.00,246.40,145.40,0.00,0.00,0.00,4.00,9.40,0.00,24.00,0.00,0.00,0.00,0.00,0.40,0.00,0.40,0.00,8.00,1025256,0,6634256,86.61,7656,5703532,1097272,14.33,1606940,4750252,352,646040,208132,2176,3604,17940,0,0,0.00,0,0.00,0,258,2.11,4.38,4.06,0,0.40,0.00,8.00,20.00,0.00,0.00,0.00,0.00,1.80,3.00,0.17,0.54,0.00,0.00,0.00,0.00
2018-01-06 16:48:54,0.05,0.00,0.05,0.00,0.00,0.00,0.00,0.00,0.00,99.90,0.00,241.00,145.20,0.00,0.00,0.00,44.80,7.60,0.00,22.00,0.00,0.00,0.00,0.00,6.00,0.00,6.00,0.00,89.60,1025256,0,6634256,86.61,7656,5703556,1097272,14.33,1606964,4750280,148,646040,208132,2176,3604,17940,0,0,0.00,0,0.00,1,258,1.94,4.31,4.04,0,6.00,0.00,89.60,14.93,0.00,0.00,0.00,0.00,1.80,3.00,0.17,0.48,0.00,0.00,0.00,0.00
2018-01-06 16:48:59,0.75,0.00,0.35,0.05,0.00,0.00,0.00,0.00,0.00,98.85,14.40,443.60,369.00,0.00,0.00,62.40,3.20,7736.60,0.40,2489.80,0.00,0.00,0.00,0.00,14.40,14.00,0.40,124.80,6.40,1021536,0,6637976,86.66,7900,5703664,1107976,14.47,1611260,4750588,176,650324,208104,2200,4100,17940,0,0,0.00,0,0.00,1,261,1.78,4.24,4.01,0,14.40,124.80,6.40,9.11,0.01,0.67,0.22,0.32,8.20,9.60,1.66,1.71,0.00,0.00,0.00,0.00
2018-01-06 16:49:04,0.00,0.00,0.00,0.00,0.00,0.00,0.00,0.00,0.00,100.00,0.00,246.40,151.00,0.00,0.00,0.00,8.80,7.60,0.00,26.20,0.00,0.00,0.00,0.00,0.40,0.00,0.40,0.00,17.60,1021412,0,6638100,86.66,7908,5703688,1107976,14.47,1611288,4750588,232,650324,208104,2200,4100,17940,0,0,0.00,0,0.00,1,261,1.64,4.17,3.99,0,0.40,0.00,17.60,44.00,0.00,0.00,0.00,0.00,2.80,4.20,0.24,0.81,0.00,0.00,0.00,0.00
2018-01-06 16:49:09,17.48,0.00,3.29,0.00,0.21,0.00,0.41,0.00,0.00,78.61,11.20,4086.80,4449.00,0.00,0.00,21.60,41.60,7494.60,0.60,32278.40,0.00,0.00,0.00,0.00,4.60,3.20,1.40,43.20,83.20,542616,0,7116896,92.92,8040,6032604,1442516,18.83,1862248,4970616,328992,792228,216680,2400,4660,17940,0,0,0.00,0,0.00,3,284,1.67,4.13,3.98,0,4.60,43.20,83.20,27.48,0.01,1.74,0.70,0.32,4560.00,1694.20,39851.82,114.61,0.00,0.00,0.00,3.26
2018-01-06 16:49:14,55.06,0.00,3.82,0.10,0.26,0.00,2.48,0.00,0.00,38.27,43.00,7884.60,10897.40,0.00,0.00,72.80,61.60,16852.00,0.40,47751.40,1873.80,0.00,1873.80,100.00,9.00,7.40,1.60,145.60,123.20,146340,0,7513172,98.09,8108,5995772,2575108,33.62,2290416,4929688,329456,1216268,219524,3280,6652,17940,0,0,0.00,0,0.00,9,423,2.66,4.30,4.04,0,9.00,145.60,123.20,29.87,0.01,0.98,0.71,0.64,9713.20,23130.60,653.54,202013.44,0.00,0.00,0.00,16.55
2018-01-06 16:49:19,48.26,0.00,3.63,0.00,0.11,0.00,1.16,0.00,0.00,46.84,14.60,7966.00,12206.40,0.00,0.00,1.60,40.00,17465.60,0.00,70278.00,11684.60,7078.40,18763.00,100.00,1.20,0.40,0.80,3.20,80.00,134652,0,7524860,98.24,8124,5620608,2870368,37.47,2678364,4553216,329688,1602924,219872,3648,7860,17940,0,0,0.00,0,0.00,0,439,2.44,4.23,4.01,0,1.20,3.20,80.00,69.33,0.00,1.33,0.67,0.08,9408.40,17455.40,622.36,153140.47,0.00,0.00,0.00,12.55
2018-01-06 16:49:24,0.53,0.00,0.37,0.00,0.32,0.00,0.21,0.00,0.00,98.57,0.00,7548.30,11121.16,0.00,0.00,0.00,11.98,8.98,0.00,36448.70,0.00,0.00,0.00,0.00,0.40,0.00,0.40,0.00,23.95,146336,0,7513176,98.09,8132,5620636,2870368,37.47,2666368,4553236,329724,1590852,219080,3600,7856,17940,0,0,0.00,0,0.00,0,436,2.25,4.16,3.99,0,0.40,0.00,23.95,60.00,0.00,0.00,0.00,0.00,8870.86,17301.80,579.30,152129.82,0.00,0.00,0.00,12.46
2018-01-06 16:49:29,0.15,0.00,0.00,0.00,0.00,0.00,0.00,0.00,0.00,99.85,0.40,644.80,528.80,0.00,0.00,0.00,77.60,241.60,0.00,715.00,0.00,0.00,0.00,0.00,8.20,0.00,8.20,0.00,155.20,146348,0,7513164,98.09,8140,5620664,2870368,37.47,2666264,4553256,329372,1590800,219144,3512,8124,17940,0,0,0.00,0,0.00,0,421,2.07,4.09,3.97,0,8.20,0.00,155.20,18.93,0.01,1.66,1.66,1.36,140.20,289.40,9.36,2400.53,0.00,0.00,0.00,0.20
2018-01-06 16:49:34,0.50,0.00,0.05,0.50,0.05,0.00,0.00,0.00,0.00,98.90,0.60,487.40,424.00,0.00,0.00,20.80,13332.80,96.20,0.40,78.60,0.00,0.00,0.00,0.00,106.20,0.40,105.80,41.60,26665.60,146120,0,7513392,98.09,8148,5620792,2870368,37.47,2666432,4553384,262772,1590936,219140,3480,8124,17940,0,0,0.00,0,0.00,0,421,1.90,4.02,3.95,0,106.20,41.60,26665.60,251.48,3.82,35.99,0.29,3.04,6.40,8.40,0.54,2.95,0.00,0.00,0.00,0.00
2018-01-06 16:49:39,0.25,0.00,0.15,8.19,0.05,0.00,0.00,0.00,0.00,91.36,0.00,488.40,710.80,0.00,0.00,0.00,52584.80,18.00,0.00,93.40,0.00,0.00,0.00,0.00,429.20,0.00,429.20,0.00,105169.60,146500,0,7513012,98.09,8156,5620816,2870368,37.47,2665752,4553380,44,1590164,219140,3472,7856,17940,0,0,0.00,0,0.00,0,419,1.75,3.95,3.93,0,429.20,0.00,105169.60,245.04,49.30,114.87,0.87,37.44,3.60,5.40,0.30,1.28,0.00,0.00,0.00,0.00
2018-01-06 16:49:44,12.00,0.00,1.54,0.00,0.10,0.00,0.21,0.00,0.00,86.15,1.20,4188.60,3480.20,0.00,0.00,16.00,46.40,8639.60,0.20,25359.80,7956.00,2112.00,10068.00,100.00,2.60,1.80,0.80,32.00,92.80,141168,0,7518344,98.16,8192,5502008,2935504,38.32,2820920,4402792,82824,1714460,219160,3512,8104,17940,0,0,0.00,0,0.00,1,425,1.61,3.89,3.91,0,2.60,32.00,92.80,48.00,0.00,0.31,0.31,0.08,1901.20,799.20,16669.19,58.88,0.00,0.00,0.00,1.37
2018-01-06 16:49:49,1.78,0.00,0.46,0.00,0.10,0.00,0.10,0.00,0.00,97.56,0.00,2069.20,2177.00,0.00,0.00,0.00,4.80,83.00,0.00,4910.20,0.00,0.00,0.00,0.00,0.40,0.00,0.40,0.00,9.60,119276,0,7540236,98.44,8200,5533292,2923052,38.16,2827324,4417788,114108,1703972,219200,3512,8096,17940,0,0,0.00,0,0.00,0,425,1.48,3.82,3.89,0,0.40,0.00,9.60,24.00,0.00,0.00,0.00,0.00,717.40,510.60,6296.61,35.52,0.00,0.00,0.00,0.52
2018-01-06 16:49:54,2.45,0.00,0.46,0.00,0.05,0.00,0.15,0.00,0.00,96.89,0.00,2368.60,2512.60,0.00,0.00,0.00,4.00,31.40,0.00,7237.00,1668.40,0.00,1668.40,100.00,0.40,0.00,0.40,0.00,8.00,122868,0,7536644,98.40,8200,5537016,2923052,38.16,2839580,4401260,151192,1696496,219348,3512,8100,17940,0,0,0.00,0,0.00,2,425,1.52,3.79,3.88,0,0.40,0.00,8.00,20.00,0.00,0.00,0.00,0.00,845.80,617.40,7404.36,43.46,0.00,0.00,0.00,0.61
2018-01-06 16:49:59,2.48,0.00,0.40,0.05,0.10,0.00,0.05,0.00,0.00,96.91,0.00,2192.00,2417.00,0.00,0.00,0.00,4.00,20.80,0.00,6328.80,1661.60,0.00,1661.60,100.00,0.40,0.00,0.40,0.00,8.00,122280,0,7537232,98.40,8208,5537680,2923052,38.16,2858348,4383992,185088,1696744,219332,3512,8100,17940,0,0,0.00,0,0.00,3,425,1.40,3.73,3.85,0,0.40,0.00,8.00,20.00,0.00,2.00,2.00,0.08,777.60,590.80,6828.35,41.28,0.00,0.00,0.00,0.56
2018-01-06 16:50:04,10.36,0.00,1.78,0.86,0.15,0.00,0.10,0.00,0.00,86.75,1.00,2554.40,3514.20,0.00,0.00,40.80,17653.60,2116.20,0.20,27793.60,8971.80,6150.40,15122.20,100.00,144.20,5.60,138.60,81.60,35307.20,170636,0,7488876,97.77,8220,5354980,3184720,41.58,3064000,4130152,218656,1834068,219512,3520,8332,17940,0,0,0.00,0,0.00,1,428,1.37,3.68,3.84,0,144.20,81.60,35307.20,245.41,5.25,36.38,0.31,4.48,781.40,567.20,6794.38,41.50,0.00,0.00,0.00,0.56
2018-01-06 16:50:09,29.65,0.00,2.29,0.15,0.15,0.00,0.25,0.00,0.00,67.50,0.60,3272.40,4789.40,0.00,0.00,19269.60,96.00,7431.20,0.40,24256.40,9106.40,5715.20,14821.60,100.00,262.20,260.00,2.20,38539.20,192.00,115788,0,7543724,98.49,8444,5174172,3249724,42.43,3309488,3937692,238164,2065420,219676,3552,8828,17940,0,0,0.00,0,0.00,1,430,1.34,3.64,3.82,0,262.20,38539.20,192.00,147.72,0.93,3.55,0.23,6.16,442.00,348.20,3850.01,24.78,0.00,0.00,0.00,0.32
2018-01-06 16:50:14,38.09,0.00,2.75,1.53,0.20,0.00,0.15,0.00,0.00,57.27,1.80,3761.40,5402.80,0.00,0.00,21964.80,34135.20,5376.60,0.00,32372.60,17441.80,4051.20,21493.00,100.00,627.00,355.20,271.80,43929.60,68270.40,159508,0,7500004,97.92,8480,4960928,3577276,46.70,3527720,3671924,178036,2237240,220000,3552,9208,17940,0,0,0.00,0,0.00,4,419,1.55,3.64,3.83,0,627.00,43929.60,68270.40,178.95,12.50,19.93,0.22,14.08,479.00,356.00,4147.52,29.20,0.00,0.00,0.00,0.34
2018-01-06 16:50:19,76.78,0.00,4.29,0.05,0.05,0.00,0.45,0.00,0.00,18.37,4.00,3382.20,4660.00,0.00,0.00,31945.60,1458.40,16616.60,0.00,39672.60,25461.80,5836.80,31298.60,100.00,557.20,545.20,12.00,63891.20,2916.80,123344,0,7536168,98.39,8972,4585740,3966524,51.79,3987804,3251984,267564,2647572,220276,3344,10024,17940,0,0,0.00,0,0.00,6,404,1.91,3.68,3.84,0,557.20,63891.20,2916.80,119.90,1.96,3.53,0.17,9.28,163.20,106.20,1323.80,15.81,0.00,0.00,0.00,0.11
2018-01-06 16:50:24,81.01,0.00,3.89,0.10,0.10,0.00,0.56,0.00,0.00,14.34,0.80,3539.80,5773.40,0.00,0.00,44317.60,134.40,7549.00,0.00,34559.00,15996.80,6340.80,22287.80,99.78,783.20,781.80,1.40,88635.20,268.80,118568,0,7540944,98.45,9028,4358896,4024744,52.55,4222224,3024824,269272,2879548,220388,3344,10492,17940,0,0,0.00,0,0.00,4,405,2.08,3.69,3.84,0,783.20,88635.20,268.80,113.51,4.88,6.23,0.26,20.56,6.20,8.20,2.59,6.01,0.00,0.00,0.00,0.00
2018-01-06 16:50:29,78.90,0.00,2.57,0.05,0.05,0.00,0.45,0.00,0.00,17.97,1.40,3667.40,4467.40,0.00,0.00,49505.60,200.80,710.20,0.00,20455.20,13747.20,1478.40,15225.60,100.00,871.80,870.00,1.80,99011.20,401.60,130024,0,7529488,98.30,9068,4299200,4024744,52.55,4272036,2963972,271956,2928148,220832,3360,10584,17940,0,0,0.00,0,0.00,4,406,2.15,3.68,3.83,0,871.80,99011.20,401.60,114.03,3.28,3.76,0.17,14.56,5.80,9.00,4.59,4.82,0.00,0.00,0.00,0.00
2018-01-06 16:50:34,76.67,0.00,2.28,0.05,0.15,0.00,0.35,0.00,0.00,20.49,0.80,3853.00,4268.40,0.00,0.00,50430.40,8396.00,1527.20,0.00,16607.40,11815.80,1491.20,13307.00,100.00,874.60,838.20,36.40,100860.80,9265.60,117960,0,7541552,98.46,9072,4282488,4014996,52.42,4302188,2946496,233552,2957344,220636,3352,10644,17940,0,0,0.00,0,0.00,3,405,2.22,3.67,3.83,1,875.00,100860.80,9368.00,125.98,4.69,4.53,0.17,15.04,8.00,11.00,4.79,7.42,0.00,0.00,0.00,0.00
2018-01-06 16:50:39,76.05,0.00,2.53,0.51,0.15,0.00,0.56,0.00,0.00,20.20,1.00,3615.40,4122.80,0.00,0.00,50005.60,9568.00,987.40,0.00,18914.80,12962.00,2361.60,15323.60,100.00,908.40,803.80,104.60,100011.20,26662.40,141024,0,7518488,98.16,9084,4221712,4014996,52.42,4337752,2884732,189772,2991848,220664,3352,10712,17940,0,0,0.00,0,0.00,7,404,2.28,3.66,3.83,0,908.00,100011.20,26560.00,139.40,6.97,8.48,0.17,15.60,5.60,8.40,4.56,5.14,0.00,0.00,0.00,0.00
2018-01-06 16:50:44,76.49,0.00,2.78,0.05,0.10,0.00,0.35,0.00,0.00,20.22,1.80,3737.80,4431.80,0.00,0.00,52550.40,161.60,1091.00,0.00,19620.80,12846.80,1900.80,14747.60,100.00,931.00,928.40,2.60,105100.80,323.20,162812,0,7496700,97.87,9088,4188844,4009072,52.34,4349800,2850860,192204,3003324,220664,3368,10724,17940,0,0,0.00,0,0.00,5,405,2.34,3.64,3.82,0,931.00,105100.80,323.20,113.24,3.10,3.34,0.14,13.36,8.80,12.20,6.92,8.08,0.00,0.00,0.00,0.00
2018-01-06 16:50:49,75.01,0.00,2.22,0.71,0.15,0.00,0.50,0.00,0.00,21.40,1.20,3592.40,4517.80,0.00,0.00,52952.00,18068.00,250.40,0.00,11602.00,10642.20,0.00,10563.40,99.26,1070.00,927.80,142.20,105417.60,36136.00,116844,0,7542668,98.47,8588,4234660,4017224,52.45,4346112,2899388,105208,3002840,220688,3352,10740,17940,0,0,0.00,0,0.00,11,405,2.39,3.63,3.82,0,1071.20,105558.40,36136.00,132.28,9.58,8.93,0.16,17.12,6.00,9.00,4.60,4.34,0.00,0.00,0.00,0.00
2018-01-06 16:50:54,75.58,0.00,2.28,0.81,0.10,0.00,0.46,0.00,0.00,20.77,1.20,3637.00,4669.20,0.00,0.00,51682.40,18228.00,533.60,4.80,15335.20,14777.00,0.00,14508.80,98.19,1046.20,898.40,147.80,103851.20,36456.00,149332,0,7510180,98.05,8528,4199504,4025976,52.56,4352692,2858760,18284,3003708,220864,3368,10988,17940,0,0,0.00,0,0.00,6,407,2.44,3.62,3.81,0,1045.00,103710.40,36456.00,134.13,9.28,8.89,0.18,18.88,8.20,11.20,4.92,7.71,0.00,0.00,0.00,0.00
2018-01-06 16:50:59,76.18,0.00,2.07,0.00,0.10,0.00,0.61,0.00,0.00,21.04,1.00,3857.80,3807.00,0.00,0.00,52813.60,493.60,303.80,0.20,14078.60,13284.20,0.00,13282.40,99.99,841.20,836.80,4.40,105627.20,987.20,154748,0,7504764,97.98,8328,4195332,4046316,52.83,4353096,2852996,17732,3003016,220748,3368,10992,17940,0,0,0.00,0,0.00,4,407,2.48,3.61,3.81,0,841.20,105627.20,987.20,126.74,2.88,3.43,0.17,14.32,7.20,10.60,4.77,4.93,0.00,0.00,0.00,0.00
2018-01-06 16:51:04,76.55,0.00,2.17,0.10,0.15,0.00,0.56,0.00,0.00,20.46,2.20,3693.60,4611.60,0.00,0.00,51903.20,439.20,730.40,4.40,12527.60,11044.00,0.00,10923.00,98.90,907.80,903.80,4.00,103806.40,878.40,128572,0,7530940,98.32,8316,4234612,4036080,52.69,4348104,2888604,20304,2994012,220768,3392,11008,17940,0,0,0.00,0,0.00,3,406,2.53,3.60,3.80,0,907.80,103806.40,878.40,115.32,3.32,3.66,0.17,15.12,11.00,15.20,7.26,9.76,0.00,0.00,0.00,0.00
2018-01-06 16:51:09,75.11,0.00,2.27,0.10,0.15,0.00,0.45,0.00,0.00,21.91,0.60,3748.60,4544.20,0.00,0.00,53730.40,699.20,178.40,0.00,15440.20,15052.60,0.00,14798.60,98.31,945.40,939.00,6.40,107460.80,1398.40,158604,0,7500908,97.93,8288,4203904,4043796,52.79,4352892,2852556,19104,2993372,220752,3360,10980,17940,0,0,0.00,0,0.00,7,406,2.56,3.59,3.80,0,945.40,107460.80,1398.40,115.15,6.27,6.64,0.20,18.56,5.40,7.60,2.52,2.65,0.00,0.00,0.00,0.00
2018-01-06 16:51:14,75.01,0.00,2.08,0.86,0.15,0.00,0.66,0.00,0.00,21.24,1.20,3798.20,4485.40,0.00,0.00,52468.80,766.40,301.20,0.00,12262.60,11662.80,0.00,11414.20,97.87,930.00,921.80,8.20,104937.60,1532.80,130344,0,7529168,98.30,8284,4234008,4043796,52.79,4356996,2877848,18244,2992424,220764,3336,10724,17940,0,0,0.00,0,0.00,4,403,2.60,3.58,3.79,0,930.00,104937.60,1532.80,114.48,5.31,5.72,0.20,19.04,9.20,12.20,4.89,7.52,0.00,0.00,0.00,0.00
2018-01-06 16:51:19,77.40,0.00,2.27,0.05,0.15,0.00,0.35,0.00,0.00,19.78,1.20,3655.00,3833.60,0.00,0.00,53652.00,699.20,827.40,0.00,14637.20,13343.00,0.00,13343.00,100.00,868.20,862.20,6.00,107304.00,1398.40,115516,0,7543996,98.49,8284,4232492,4051988,52.90,4374296,2875836,19156,3009916,220656,3328,10756,17940,0,0,0.00,0,0.00,4,402,2.71,3.59,3.80,0,868.20,107304.00,1398.40,125.20,3.23,3.72,0.17,14.40,7.00,10.40,6.74,5.94,0.00,0.00,0.00,0.00
2018-01-06 16:51:24,75.33,0.00,2.02,0.05,0.05,0.00,0.45,0.00,0.00,22.10,1.20,3561.40,3961.40,0.00,0.00,54297.60,690.40,252.20,0.00,14542.20,13819.20,0.00,13819.20,100.00,930.80,924.20,6.60,108595.20,1380.80,122904,0,7536608,98.40,8276,4225240,4051988,52.90,4374820,2868048,19028,3009480,220676,3328,10756,17940,0,0,0.00,0,0.00,3,402,2.73,3.58,3.79,0,930.80,108595.20,1380.80,118.15,3.36,3.61,0.18,16.40,7.00,9.40,4.70,7.17,0.00,0.00,0.00,0.00
2018-01-06 16:51:29,74.67,0.00,2.28,0.10,0.15,0.00,0.56,0.00,0.00,22.23,1.80,3713.20,3914.00,0.00,0.00,54865.60,892.00,437.60,0.00,16271.20,15293.00,0.00,15293.00,100.00,972.60,960.60,12.00,109731.20,1784.00,156172,0,7503340,97.96,8272,4190180,4051988,52.90,4374812,2833568,19316,3010456,220796,3328,10756,17940,0,0,0.00,0,0.00,3,402,2.76,3.57,3.79,0,972.60,109731.20,1784.00,114.66,3.89,4.01,0.18,17.52,7.20,10.80,6.75,5.98,0.00,0.00,0.00,0.00
2018-01-06 16:51:34,75.56,0.00,2.13,0.05,0.15,0.00,0.56,0.00,0.00,21.55,0.60,3794.20,3941.20,0.00,0.00,54509.60,619.20,335.80,0.00,14867.20,13105.60,633.60,13739.20,100.00,960.60,954.80,5.80,108995.20,1238.40,155344,0,7504168,97.97,8276,4183740,4051988,52.90,4383608,2827204,19356,3018956,220436,3328,10772,17940,0,0,0.00,0,0.00,4,402,2.70,3.54,3.78,0,960.80,109019.20,1238.40,114.76,3.10,3.23,0.15,14.64,6.40,8.80,2.62,5.77,0.00,0.00,0.00,0.00
2018-01-06 16:51:39,75.18,0.00,2.58,0.05,0.15,0.00,0.46,0.00,0.00,21.58,1.20,3639.40,3966.80,0.00,0.00,53748.00,952.00,453.20,0.00,15107.60,13123.00,211.20,13334.20,100.00,876.40,867.40,9.00,107520.00,1904.00,144752,0,7514760,98.11,8272,4184048,4059564,53.00,4394276,2825836,19040,3028016,220324,3328,10788,17940,0,0,0.00,0,0.00,3,402,2.72,3.54,3.77,0,876.20,107496.00,1904.00,124.86,3.00,3.43,0.16,14.16,7.00,10.20,6.72,5.87,0.00,0.00,0.00,0.00
2018-01-06 16:51:44,75.09,0.00,2.13,0.10,0.15,0.00,0.56,0.00,0.00,21.97,2.20,3655.40,3898.20,0.00,0.00,53880.00,300.80,612.00,1.00,13860.60,12997.80,0.00,12997.80,100.00,904.60,900.60,4.00,107760.00,601.60,135876,0,7523636,98.23,8276,4191996,4059564,53.00,4396760,2832536,21560,3028900,220460,3328,10788,17940,0,0,0.00,0,0.00,4,404,2.74,3.53,3.77,0,904.60,107760.00,601.60,119.79,3.10,3.43,0.15,13.68,10.40,14.80,7.03,9.48,0.00,0.00,0.00,0.00
2018-01-06 16:51:49,75.88,0.00,1.93,0.15,0.15,0.00,0.61,0.00,0.00,21.27,2.20,3937.60,4358.20,0.00,0.00,61469.60,1128.80,183.20,0.00,16728.40,14588.00,0.00,14588.00,100.00,1047.80,1037.40,10.40,122691.20,2257.60,131728,0,7527784,98.28,8272,4204044,4067928,53.11,4388468,2843960,18372,3020324,220600,3408,11040,17940,0,0,0.00,0,0.00,4,411,2.76,3.52,3.76,0,1049.00,122832.00,2257.60,119.25,3.50,3.33,0.15,15.68,276.80,1009.60,20.41,8690.60,0.00,0.00,0.00,0.71
2018-01-06 16:51:54,75.57,0.00,2.28,0.00,0.10,0.00,0.30,0.00,0.00,21.75,1.20,3712.80,3985.80,0.00,0.00,56391.20,451.20,274.20,0.00,14331.40,13529.00,0.00,13529.00,100.00,998.60,994.60,4.00,113030.40,902.40,124792,0,7534720,98.37,8276,4212044,4059760,53.00,4388512,2851684,19592,3019840,220656,3344,11040,17940,0,0,0.00,0,0.00,3,404,2.78,3.51,3.76,0,997.40,112889.60,902.40,114.09,2.95,2.97,0.14,13.92,10.40,12.80,4.93,7.44,0.00,0.00,0.00,0.00
2018-01-06 16:51:59,75.38,0.00,2.48,0.05,0.10,0.00,0.46,0.00,0.00,21.54,1.20,3595.60,3858.60,0.00,0.00,53940.80,777.60,467.40,0.00,17885.00,9595.20,0.00,9595.20,100.00,883.40,876.40,7.00,107881.60,1555.20,189940,0,7469572,97.52,8268,4149468,4061132,53.02,4252904,2926236,19080,3021352,216732,3328,10776,17940,0,0,0.00,0,0.00,5,402,2.80,3.50,3.76,0,883.40,107881.60,1555.20,123.88,3.05,3.45,0.15,13.68,8.00,11.60,6.81,6.03,0.00,0.00,0.00,0.00
2018-01-06 16:52:04,75.32,0.00,2.18,0.05,0.20,0.00,0.56,0.00,0.00,21.69,1.80,3628.20,3849.80,0.00,0.00,53604.80,916.80,448.60,0.00,13373.00,11284.60,435.20,11719.80,100.00,862.40,850.20,12.20,107209.60,1833.60,153872,0,7505640,97.99,8284,4181744,4053428,52.92,4258444,2956536,19224,3025316,216772,3328,10784,17940,0,0,0.00,0,0.00,4,402,2.82,3.49,3.75,0,862.40,107209.60,1833.60,126.44,2.94,3.41,0.16,13.84,9.00,12.60,6.93,9.04,0.00,0.00,0.00,0.00
2018-01-06 16:52:09,74.77,0.00,2.13,0.05,0.10,0.00,0.66,0.00,0.00,22.29,0.60,3696.40,3830.60,0.00,0.00,56571.20,459.20,145.60,0.00,14336.60,13721.00,0.00,13721.00,100.00,786.20,781.60,4.60,112681.60,918.40,149568,0,7509944,98.05,8276,4186164,4061120,53.02,4257004,2961908,20336,3024512,216864,3328,10784,17940,0,0,0.00,0,0.00,4,402,3.15,3.55,3.77,0,786.60,112784.00,918.40,144.55,2.51,3.18,0.18,14.32,5.00,6.60,2.45,2.56,0.00,0.00,0.00,0.00
2018-01-06 16:52:14,74.99,0.00,2.64,0.10,0.10,0.00,0.36,0.00,0.00,21.82,1.20,3716.20,3509.60,0.00,0.00,59380.00,835.20,253.40,0.00,17881.60,2293.60,0.00,2293.60,100.00,513.40,504.20,9.20,119220.80,1670.40,201100,0,7458412,97.37,8288,4160168,4053400,52.92,3983204,3208700,19428,3024088,193668,3328,10784,17940,0,0,0.00,0,0.00,4,402,3.14,3.54,3.77,0,513.00,119118.40,1670.40,235.46,1.87,3.65,0.30,15.28,8.00,11.00,4.80,7.44,0.00,0.00,0.00,0.00
2018-01-06 16:52:19,74.81,0.00,2.42,0.10,0.15,0.00,0.71,0.00,0.00,21.81,1.20,3745.80,3414.20,0.00,0.00,57759.20,868.00,390.40,0.00,11950.80,11111.20,0.00,11111.20,100.00,482.00,474.20,7.80,115518.40,1736.00,134116,0,7525396,98.25,8296,4225252,4053400,52.92,3986452,3272096,19120,3025656,193780,3328,10788,17940,0,0,0.00,0,0.00,3,402,3.21,3.55,3.77,0,482.00,115518.40,1736.00,243.27,1.59,3.29,0.29,13.92,7.00,10.60,6.74,5.97,0.00,0.00,0.00,0.00
2018-01-06 16:52:24,75.63,0.00,2.13,0.05,0.05,0.00,0.46,0.00,0.00,21.68,1.80,3684.60,3683.00,0.00,0.00,57084.00,700.00,728.60,0.00,16087.80,13804.80,211.20,14016.00,100.00,548.80,542.60,6.20,114168.00,1400.00,117804,0,7541708,98.46,8300,4227736,4056416,52.96,3999808,3274080,20392,3038164,193664,3328,10808,17940,0,0,0.00,0,0.00,5,402,3.35,3.57,3.77,0,548.80,114168.00,1400.00,210.58,1.91,3.48,0.27,14.72,8.20,11.40,6.86,8.88,0.00,0.00,0.00,0.00
2018-01-06 16:52:29,75.11,0.00,2.13,0.05,0.15,0.00,0.46,0.00,0.00,22.10,0.60,3706.60,3712.00,0.00,0.00,58057.60,452.80,140.80,0.00,15882.60,14858.00,0.00,14858.00,100.00,637.80,633.80,4.00,115705.60,905.60,138116,0,7521396,98.20,8292,4216552,4043644,52.79,3990848,3263152,20280,3029664,193824,3328,10804,17940,0,0,0.00,0,0.00,4,402,3.32,3.56,3.77,0,638.40,115859.20,905.60,182.90,2.51,3.92,0.27,17.12,4.40,6.80,2.43,2.68,0.00,0.00,0.00,0.00
2018-01-06 16:52:34,75.35,0.00,2.48,0.05,0.15,0.00,0.51,0.00,0.00,21.46,1.20,3639.80,3456.80,0.00,0.00,59013.60,907.20,521.00,0.00,16491.00,15396.80,0.00,15396.80,100.00,495.20,486.80,8.40,118436.80,1814.40,141268,0,7518244,98.16,8292,4199720,4043644,52.79,4002584,3246868,19420,3041672,193700,3328,10832,17940,0,0,0.00,0,0.00,4,402,3.32,3.56,3.77,0,494.60,118283.20,1814.40,242.82,1.73,3.51,0.29,14.40,7.80,10.80,4.78,7.41,0.00,0.00,0.00,0.00
2018-01-06 16:52:39,75.29,0.00,2.18,0.20,0.10,0.00,0.35,0.00,0.00,21.87,1.60,3678.00,3451.80,0.00,0.00,58490.40,1077.60,643.40,5.60,15174.80,14172.40,0.00,14172.40,100.00,486.00,473.40,12.60,116980.80,2155.20,134492,0,7525020,98.24,8296,4205132,4051200,52.89,4004512,3252360,19120,3043412,194088,3344,11096,17940,0,0,0.00,0,0.00,5,404,3.30,3.55,3.77,0,486.00,116980.80,2155.20,245.14,1.63,3.35,0.30,14.64,9.00,12.80,7.07,6.53,0.00,0.00,0.00,0.00
2018-01-06 16:52:44,75.77,0.00,2.18,0.05,0.10,0.00,0.35,0.00,0.00,21.55,1.80,3741.20,3608.60,0.00,0.00,57847.20,515.20,419.20,0.00,15225.60,14263.20,0.00,14263.20,100.00,552.80,547.00,5.80,115694.40,1030.40,131684,0,7527828,98.28,8288,4206792,4040500,52.75,4005912,3253284,20384,3044152,194604,3344,11100,17940,0,0,0.00,0,0.00,5,404,3.27,3.54,3.76,0,552.80,115694.40,1030.40,211.15,2.03,3.67,0.28,15.68,8.60,12.40,6.90,9.05,0.00,0.00,0.00,0.00
2018-01-06 16:52:49,75.67,0.00,2.03,0.10,0.20,0.00,0.56,0.00,0.00,21.44,1.20,3790.40,3629.40,0.00,0.00,57000.80,452.00,453.40,3.80,16110.60,14934.80,0.00,14934.80,100.00,629.20,625.00,4.20,114001.60,904.00,148264,0,7511248,98.06,8296,4187716,4040536,52.75,4005096,3235892,21776,3045416,195016,3328,10836,17940,0,0,0.00,0,0.00,3,402,3.25,3.54,3.76,0,629.20,114001.60,904.00,182.62,2.33,3.71,0.25,15.52,7.20,9.80,4.69,4.42,0.00,0.00,0.00,0.00
2018-01-06 16:52:54,75.72,0.00,2.02,0.00,0.10,0.00,0.56,0.00,0.00,21.60,0.60,3693.40,3699.60,0.00,0.00,59020.00,819.20,478.40,0.00,16496.60,13632.60,1062.40,14695.00,100.00,483.00,475.60,7.40,117937.60,1638.40,142472,0,7517040,98.14,8296,4182604,4040536,52.75,4012508,3232708,19544,3054888,195516,3328,10852,17940,0,0,0.00,0,0.00,6,402,3.23,3.53,3.75,0,483.00,117937.60,1638.40,247.57,1.67,3.46,0.33,15.92,6.20,8.20,2.59,5.63,0.00,0.00,0.00,0.00
2018-01-06 16:52:59,74.66,0.00,2.43,0.20,0.10,0.00,0.46,0.00,0.00,22.15,1.20,3600.60,3470.80,0.00,0.00,58008.00,840.80,316.00,0.00,14583.00,13773.40,0.00,13773.40,100.00,482.40,474.80,7.60,116118.40,1681.60,132656,0,7526856,98.27,8288,4193856,4040536,52.75,4013360,3243640,19212,3054896,196136,3328,10852,17940,0,0,0.00,0,0.00,3,402,3.21,3.52,3.75,0,482.40,116118.40,1681.60,244.20,1.91,3.96,0.30,14.32,7.20,10.80,6.75,5.99,0.00,0.00,0.00,0.00
2018-01-06 16:53:04,75.24,0.00,2.03,0.05,0.15,0.00,0.66,0.00,0.00,21.87,1.80,3680.80,3477.40,0.00,0.00,59387.20,702.40,437.20,0.00,16832.20,15905.40,0.00,15905.40,100.00,496.20,490.00,6.20,118774.40,1404.80,155476,0,7504036,97.97,8292,4170484,4032864,52.65,4014616,3219312,20464,3055112,196584,3328,10848,17940,0,0,0.00,0,0.00,3,402,3.20,3.51,3.75,0,496.20,118774.40,1404.80,242.20,1.78,3.60,0.29,14.24,9.00,12.60,6.93,9.04,0.00,0.00,0.00,0.00
2018-01-06 16:53:09,75.78,0.00,1.52,0.05,0.15,0.00,0.30,0.00,0.00,22.19,0.60,3880.80,3558.20,0.00,0.00,60130.40,666.40,167.40,0.00,13910.80,12761.00,0.00,12761.00,100.00,500.00,493.60,6.40,120260.80,1332.80,122756,0,7536756,98.40,8292,4210236,4032864,52.65,4005712,3260748,19536,3047828,196564,3328,10836,17940,0,0,0.00,0,0.00,3,402,3.18,3.50,3.74,0,500.00,120260.80,1332.80,243.19,1.58,3.15,0.28,13.92,4.40,6.40,2.41,2.55,0.00,0.00,0.00,0.00
2018-01-06 16:53:14,75.72,0.00,1.77,0.05,0.10,0.00,0.30,0.00,0.00,22.05,1.20,3692.40,3568.20,0.00,0.00,60246.40,744.00,299.20,0.00,16880.60,16101.40,0.00,16101.40,100.00,505.00,495.40,9.60,120441.60,1488.00,144056,0,7515456,98.12,8292,4188508,4032864,52.65,4006028,3237956,19388,3047744,196716,3328,10836,17940,0,0,0.00,0,0.00,3,402,3.17,3.49,3.74,0,505.00,120441.60,1488.00,241.44,1.70,3.36,0.28,14.32,8.00,10.80,4.79,7.41,0.00,0.00,0.00,0.00
2018-01-06 16:53:19,75.76,0.00,1.82,0.05,0.10,0.00,0.40,0.00,0.00,21.87,1.20,3708.80,3474.80,0.00,0.00,58830.40,960.00,386.40,0.00,17570.00,6974.20,0.00,6974.20,100.00,489.80,480.80,9.00,117712.00,1920.00,189184,0,7470328,97.53,8300,4144108,4032864,52.65,3813808,3387048,19032,3048704,195648,3328,10840,17940,0,0,0.00,0,0.00,3,402,3.15,3.48,3.74,0,489.80,117712.00,1920.00,244.25,1.58,3.23,0.29,14.08,7.60,11.20,6.78,5.99,0.00,0.00,0.00,0.00
2018-01-06 16:53:24,75.59,0.00,1.52,0.05,0.15,0.00,0.30,0.00,0.00,22.38,1.80,3739.40,3624.80,0.00,0.00,60206.40,497.60,385.40,0.00,12689.00,11847.40,0.00,11847.40,100.00,502.00,497.00,5.00,120412.80,995.20,126752,0,7532760,98.35,8304,4206956,4032864,52.65,3815728,3448248,20312,3048784,195404,3328,10840,17940,0,0,0.00,0,0.00,6,402,3.14,3.48,3.73,0,502.00,120412.80,995.20,241.85,1.75,3.48,0.29,14.40,8.20,11.40,6.86,8.86,0.00,0.00,0.00,0.00
2018-01-06 16:53:29,75.27,0.00,1.88,0.10,0.10,0.00,0.46,0.00,0.00,22.20,1.80,3760.60,3523.20,0.00,0.00,59816.00,456.80,410.20,0.00,15525.40,14144.20,0.00,14144.20,100.00,495.80,491.60,4.20,119632.00,913.60,119668,0,7539844,98.44,8304,4214212,4032864,52.65,3811496,3461376,23072,3050692,192376,3328,10840,17940,0,0,0.00,0,0.00,3,402,3.45,3.54,3.75,0,495.80,119632.00,913.60,243.13,1.58,3.18,0.29,14.48,6.80,10.40,6.73,5.96,0.00,0.00,0.00,0.00
2018-01-06 16:53:34,75.63,0.00,1.51,0.00,0.15,0.00,0.45,0.00,0.00,22.25,0.00,3800.00,3627.00,0.00,0.00,60508.00,873.60,118.00,0.00,16607.00,11529.60,0.00,11529.60,100.00,505.40,497.60,7.80,121016.00,1747.20,143352,0,7516160,98.13,8300,4194308,4032864,52.65,3721936,3528752,20392,3048504,191900,3328,10840,17940,0,0,0.00,0,0.00,3,402,3.49,3.54,3.75,0,505.40,121016.00,1747.20,242.90,2.02,4.00,0.34,17.28,6.60,9.00,2.63,5.78,0.00,0.00,0.00,0.00
2018-01-06 16:53:39,76.00,0.00,1.37,0.05,0.10,0.00,0.51,0.00,0.00,21.97,1.20,3838.60,3555.00,0.00,0.00,59432.80,839.20,274.60,0.00,14905.40,14173.60,0.00,14173.60,100.00,485.80,478.00,7.80,118865.60,1678.40,133988,0,7525524,98.25,8312,4204444,4025152,52.55,3722448,3538524,19184,3048512,191836,3328,10840,17940,0,0,0.00,0,0.00,4,402,3.45,3.53,3.75,0,485.80,118865.60,1678.40,248.14,1.62,3.33,0.30,14.80,5.60,8.20,4.56,4.19,0.00,0.00,0.00,0.00
2018-01-06 16:53:44,75.63,0.00,2.07,0.10,0.15,0.00,0.25,0.00,0.00,21.79,1.80,3821.40,3466.60,0.00,0.00,58974.40,950.40,439.20,0.00,15120.00,13904.20,0.00,13904.20,100.00,486.60,476.60,10.00,117948.80,1900.80,121776,0,7537736,98.41,8316,4219896,4017624,52.45,3719684,3552308,19092,3043960,191732,3328,10832,17940,0,0,0.00,0,0.00,3,402,3.42,3.53,3.74,0,486.60,117948.80,1900.80,246.30,1.70,3.49,0.30,14.40,8.60,12.20,6.90,9.02,0.00,0.00,0.00,0.00
2018-01-06 16:53:49,65.07,0.00,1.69,0.00,0.21,0.00,1.13,0.00,0.00,31.90,1.80,5235.20,7058.20,0.00,0.00,99734.40,876.80,214.40,0.00,32624.20,25077.20,0.00,25077.20,100.00,822.80,809.60,13.20,199468.80,1753.60,127952,0,7531560,98.33,8324,4213892,4017624,52.45,3720288,3545668,18432,3044168,191840,3344,10832,17940,0,0,0.00,0,0.00,2,403,3.38,3.52,3.74,0,822.80,199468.80,1753.60,244.56,3.31,4.03,0.34,28.24,1698.60,6195.40,109.78,54424.55,0.00,0.00,0.00,4.46
2018-01-06 16:53:54,37.20,0.00,2.72,0.76,0.10,0.00,1.31,0.00,0.00,57.91,0.00,3414.80,9486.40,0.00,0.00,19237.60,444.00,1490.80,1.00,28829.40,6929.80,1689.60,8619.40,100.00,691.80,687.80,4.00,38475.20,888.00,132476,0,7527036,98.27,8328,4134184,4085908,53.34,3795912,3464492,19392,3118476,191564,3280,10948,17940,0,0,0.00,0,0.00,10,396,3.27,3.49,3.73,2,691.80,38475.20,888.00,56.90,0.67,0.97,0.20,13.52,4225.80,5230.40,10740.18,22127.76,0.00,0.00,0.00,1.81
2018-01-06 16:53:59,94.34,0.00,3.10,0.10,0.00,0.00,1.60,0.00,0.00,0.85,0.00,2219.40,9764.80,0.00,0.00,3744.80,793.60,16234.20,0.00,40899.60,12588.80,3168.00,15756.80,100.00,678.40,670.40,8.00,7489.60,1587.20,134548,0,7524964,98.24,8328,3844392,4450012,58.10,4080476,3173100,27936,3401152,191584,3280,11500,17940,0,0,0.00,0,0.00,12,396,3.81,3.60,3.76,1,678.40,7489.60,1587.20,13.38,0.29,0.43,0.11,7.20,4379.20,4260.40,11835.88,7995.17,0.00,0.00,0.00,0.97
2018-01-06 16:54:04,73.02,0.00,2.50,0.00,0.00,0.00,1.45,0.00,0.00,23.02,0.00,2066.60,9233.40,0.00,0.00,4040.00,927.20,4622.00,0.00,26228.60,1201.00,0.00,1201.00,100.00,730.20,721.80,8.40,8080.00,1854.40,143716,0,7515796,98.12,8336,3833564,4598904,60.04,4064692,3186432,48864,3409276,186444,3280,11552,17940,0,0,0.00,0,0.00,1,396,4.39,3.72,3.80,0,730.20,8080.00,1854.40,13.61,0.40,0.55,0.08,6.08,4676.40,4763.20,12388.86,10506.13,0.00,0.00,0.00,1.01
2018-01-06 16:54:09,52.38,0.00,2.51,0.00,0.05,0.00,1.70,0.00,0.00,43.36,0.40,2337.20,8422.60,0.00,0.00,1427.20,623.20,2308.20,6.20,27105.80,0.00,0.00,0.00,0.00,33.80,27.80,6.00,2854.40,1246.40,137252,0,7522260,98.21,8364,3870252,4576112,59.74,4040848,3216348,81500,3378808,186816,3296,11764,17940,0,0,0.00,0,0.00,0,398,4.04,3.66,3.78,0,33.80,2854.40,1246.40,121.33,0.08,2.22,0.21,0.72,5779.80,5353.60,13711.46,14489.78,0.00,0.00,0.00,1.19
2018-01-06 16:54:14,0.15,0.00,0.00,0.00,0.00,0.00,0.00,0.00,0.00,99.85,0.00,482.60,313.60,0.00,0.00,780.80,476.00,11.00,0.00,297.40,0.00,0.00,0.00,0.00,15.20,9.80,5.40,1561.60,952.00,138892,0,7520620,98.19,8372,3869176,4576112,59.74,4040676,3215664,80252,3378808,186772,3296,11764,17940,0,0,0.00,0,0.00,0,398,3.71,3.60,3.76,0,15.20,1561.60,952.00,165.37,0.04,2.74,0.21,0.32,5.20,7.00,0.47,2.04,0.00,0.00,0.00,0.00
2018-01-06 16:54:19,0.10,0.00,0.00,0.05,0.00,0.00,0.00,0.00,0.00,99.85,0.00,515.60,339.20,0.00,0.00,1216.00,791.20,61.00,3.80,692.80,0.00,0.00,0.00,0.00,27.20,19.80,7.40,2432.00,1582.40,145236,0,7514276,98.10,8380,3870176,4566844,59.62,4033396,3216644,76400,3371744,186756,3280,11492,17940,0,0,0.00,0,0.00,0,396,3.42,3.54,3.74,0,27.20,2432.00,1582.40,147.59,0.10,3.50,0.21,0.56,4.00,6.20,0.34,1.15,0.00,0.00,0.00,0.00
2018-01-06 16:54:24,12.66,0.00,0.60,0.20,0.00,0.00,0.30,0.00,0.00,86.23,1.80,1087.40,2127.40,0.00,0.00,950.40,954.40,370.40,0.80,4741.20,0.00,0.00,0.00,0.00,63.80,52.40,11.40,1900.80,1908.80,134768,0,7524744,98.24,8380,3869672,4566844,59.62,4044840,3216172,71640,3382996,186768,3320,11508,17940,0,0,0.00,0,0.00,5,405,3.14,3.48,3.72,0,63.80,1900.80,1908.80,59.71,0.13,2.06,0.15,0.96,1093.60,1123.40,2333.48,3457.32,0.00,0.00,0.00,0.28
2018-01-06 16:54:29,18.76,0.00,0.40,0.05,0.05,0.00,0.20,0.00,0.00,80.53,2.20,1572.80,1674.60,0.00,0.00,1244.80,22.40,147.60,0.20,4340.60,0.00,0.00,0.00,0.00,19.00,18.60,0.40,2489.60,44.80,127344,0,7532168,98.34,8388,3889480,4566844,59.62,4033820,3234784,90284,3371156,186768,3336,11508,17940,0,0,0.00,0,0.00,0,404,3.05,3.46,3.71,0,19.00,2489.60,44.80,133.39,0.05,2.48,0.25,0.48,644.80,411.00,2254.52,327.02,0.00,0.00,0.00,0.18
2018-01-06 16:54:34,9.82,0.00,0.50,0.00,0.05,0.00,0.35,0.00,0.00,89.27,3.80,1642.40,2314.60,0.00,0.00,832.00,2467.20,89.60,0.00,6617.20,1225.20,0.00,1225.20,100.00,27.20,6.60,20.60,1664.00,4934.40,124544,0,7534968,98.37,8396,3894176,4569936,59.66,4033556,3237708,108428,3368780,186784,3344,11500,17940,0,0,0.00,0,0.00,3,404,2.81,3.40,3.69,0,27.20,1664.00,4934.40,242.59,0.33,12.06,0.26,0.72,919.60,923.20,2285.02,2645.02,0.00,0.00,0.00,0.22
2018-01-06 16:54:39,1.96,0.00,0.30,0.05,0.00,0.00,0.00,0.00,0.00,97.69,0.60,827.40,830.40,0.00,0.00,1254.40,4932.00,29.00,0.00,796.00,0.00,0.00,0.00,0.00,49.60,9.80,39.80,2508.80,9864.00,116652,0,7542860,98.48,8404,3902668,4569936,59.66,4033928,3245800,91076,3368692,186848,3328,11500,17940,0,0,0.00,0,0.00,0,402,2.74,3.38,3.68,0,49.60,2508.80,9864.00,249.45,1.07,21.52,0.31,1.52,59.40,99.00,5.18,415.41,0.00,0.00,0.00,0.03
2018-01-06 16:54:44,0.20,0.00,0.00,0.15,0.00,0.00,0.00,0.00,0.00,99.65,0.00,483.20,359.40,0.00,0.00,844.80,6974.40,10.60,0.00,292.60,0.00,0.00,0.00,0.00,64.00,6.60,57.40,1689.60,13948.80,117792,0,7541720,98.46,8412,3901788,4569936,59.66,4033944,3244940,56360,3368692,186852,3328,11500,17940,0,0,0.00,0,0.00,0,402,2.52,3.32,3.66,0,64.00,1689.60,13948.80,244.35,1.77,27.61,0.29,1.84,5.40,6.80,0.49,1.96,0.00,0.00,0.00,0.00
2018-01-06 16:54:49,0.10,0.00,0.05,0.00,0.05,0.00,0.00,0.00,0.00,99.80,0.00,478.40,301.40,0.00,0.00,1228.80,0.00,10.40,0.00,561.00,0.00,0.00,0.00,0.00,9.60,9.60,0.00,2457.60,0.00,121116,0,7538396,98.42,8412,3902636,4569936,59.66,4028780,3245696,56408,3363516,186920,3304,11500,17940,0,0,0.00,0,0.00,1,399,2.32,3.26,3.64,0,9.60,2457.60,0.00,256.00,0.04,4.25,0.42,0.40,4.40,6.00,0.34,1.02,0.00,0.00,0.00,0.00
2018-01-06 16:54:54,1.10,0.00,1.36,0.10,0.05,0.00,0.10,0.00,0.00,97.29,9.40,904.80,835.80,0.00,0.00,1015.20,40.80,852.60,2.00,151364.00,0.00,0.00,0.00,0.00,45.80,44.20,1.60,2030.40,81.60,3122828,0,4536684,59.23,8880,3701672,1032984,13.49,1151776,3133692,56220,574964,181820,2256,4024,17940,0,0,0.00,0,0.00,0,270,2.13,3.21,3.62,0,45.80,2030.40,81.60,46.11,0.05,1.19,0.16,0.72,140.00,157.80,10.20,11.05,0.00,0.00,0.00,0.00
