timestamp,cpu.%usr,cpu.%nice,cpu.%sys,cpu.%iowait,cpu.%steal,cpu.%irq,cpu.%soft,cpu.%guest,cpu.%gnice,cpu.%idle,task.proc/s,task.cswch/s,intr.intr/s,swap.pswpin/s,swap.pswpout/s,paging.pgpgin/s,paging.pgpgout/s,paging.fault/s,paging.majflt/s,paging.pgfree/s,paging.pgscank/s,paging.pgscand/s,paging.pgsteal/s,paging.%vmeff,io.tps,io.rtps,io.wtps,io.bread/s,io.bwrtn/s,memory.kbmemfree,memory.kbavail,memory.kbmemused,memory.%memused,memory.kbbuffers,memory.kbcached,memory.kbcommit,memory.%commit,memory.kbactive,memory.kbinact,memory.kbdirty,memory.kbanonpg,memory.kbslab,memory.kbkstack,memory.kbpgtbl,memory.kbvmused,swap.kbswpfree,swap.kbswpused,swap.%swpused,swap.kbswpcad,swap.%swpcad,load.runq-sz,load.plist-sz,load.ldavg-1,load.ldavg-5,load.ldavg-15,load.blocked,disk.tps,disk.rd_sec/s,disk.wr_sec/s,disk.avgrq-sz,disk.avgqu-sz,disk.await,disk.svctm,disk.%util,network.rxpck/s,network.txpck/s,network.rxkB/s,network.txkB/s,network.rxcmp/s,network.txcmp/s,network.rxmcst/s,network.%ifutil
2018-01-05 08:40:03,0.20,0.00,0.15,0.45,0.05,0.00,0.00,0.00,0.00,99.15,0.20,300.40,283.80,0.00,0.00,0.00,10408.00,665.40,0.00,6547.80,0.00,0.00,0.00,0.00,82.40,0.00,82.40,0.00,20816.00,29990112,0,1409808,4.49,41096,614072,1400184,4.46,708680,448232,245428,501740,57640,2232,3460,58076,0,0,0.00,0,0.00,0,266,2.64,1.95,1.39,0,82.40,0.00,20816.00,252.62,3.38,41.07,0.34,2.80,5.20,6.00,0.46,0.95,0.00,0.00,0.00,0.00
2018-01-05 08:40:08,0.85,0.00,0.50,0.00,0.00,0.00,0.00,0.00,0.00,98.65,14.40,457.40,376.20,0.00,0.00,0.00,43.20,7743.00,0.00,2616.60,0.00,0.00,0.00,0.00,2.40,0.00,2.40,0.00,86.40,29988788,0,1411132,4.49,41108,614104,1400376,4.46,709916,448248,245388,502988,57540,2256,3888,58076,0,0,0.00,0,0.00,0,268,2.42,1.92,1.38,0,2.40,0.00,86.40,36.00,0.00,0.00,0.00,0.00,7.60,8.60,1.50,1.57,0.00,0.00,0.00,0.00
2018-01-05 08:40:13,0.15,0.00,0.10,1.36,0.05,0.00,0.05,0.00,0.00,98.29,0.40,458.80,746.00,0.00,0.00,0.00,24523.20,15.60,0.00,882.20,0.00,0.00,0.00,0.00,192.60,0.00,192.60,0.00,49046.40,29978068,0,1421852,4.53,41116,625032,1400376,4.46,710368,458480,133784,502988,57524,2256,3888,58076,0,0,0.00,0,0.00,2,270,2.23,1.89,1.38,0,192.60,0.00,49046.40,254.65,7.44,38.61,0.32,6.16,259.80,113.60,2214.36,8.22,0.00,0.00,0.00,0.00
2018-01-05 08:40:18,27.90,0.00,5.13,0.15,0.62,0.00,1.13,0.00,0.00,65.08,10.20,4545.60,8928.00,0.00,0.00,0.00,6268.00,7767.00,0.00,27851.60,0.00,0.00,0.00,0.00,51.20,0.00,51.20,0.00,12536.00,29443684,0,1956236,6.23,41132,942840,2168920,6.91,1030656,667112,420580,713820,63648,2424,4696,58076,0,0,0.00,0,0.00,3,290,2.05,1.85,1.37,0,51.20,0.00,12536.00,244.84,1.60,31.19,0.30,1.52,4290.80,1797.40,37574.65,121.32,0.00,0.00,0.00,0.00
2018-01-05 08:40:23,53.78,0.00,3.50,0.77,0.72,0.00,3.34,0.00,0.00,37.89,30.40,4805.20,13542.00,0.00,0.00,0.00,18347.20,16302.40,0.00,14855.80,0.00,0.00,0.00,0.00,144.40,0.00,144.40,0.00,36694.40,29032056,0,2367864,7.54,41164,943072,4683852,14.92,1439788,664376,329612,1120184,65124,3152,6712,58076,0,0,0.00,0,0.00,9,405,1.89,1.82,1.36,0,144.40,0.00,36694.40,254.12,6.19,42.87,0.48,6.88,7047.60,6191.60,378.91,102722.68,0.00,0.00,0.00,0.00
2018-01-05 08:40:28,62.20,0.00,4.65,0.00,1.07,0.05,4.50,0.00,0.00,27.52,17.00,6587.20,18538.40,0.00,0.00,0.00,128.00,13394.00,0.00,21554.20,0.00,0.00,0.00,0.00,12.20,0.00,12.20,0.00,256.00,28507356,0,2892564,9.21,41176,943204,5250280,16.72,1962532,663372,329336,1641604,65632,3560,7988,58076,0,0,0.00,0,0.00,0,433,2.38,1.93,1.40,0,12.20,0.00,256.00,20.98,0.02,1.31,0.13,0.16,10607.20,9489.60,565.12,154180.13,0.00,0.00,0.00,0.00
2018-01-05 08:40:33,0.51,0.00,0.15,0.00,0.66,0.00,0.15,0.00,0.00,98.53,0.40,1995.20,4607.80,0.00,0.00,0.00,47.20,14.80,0.00,2891.00,0.00,0.00,0.00,0.00,1.20,0.00,1.20,0.00,94.40,28508140,0,2891780,9.21,41184,943228,5250280,16.72,1961816,663396,329232,1640796,65652,3480,8000,58076,0,0,0.00,0,0.00,0,419,2.19,1.89,1.39,0,1.20,0.00,94.40,78.67,0.00,0.00,0.00,0.00,2337.20,2265.80,122.34,39032.84,0.00,0.00,0.00,0.00
2018-01-05 08:40:38,0.40,0.00,0.00,0.05,0.05,0.00,0.00,0.00,0.00,99.50,0.00,501.40,322.00,0.00,0.00,0.00,4.80,21.00,0.00,173.20,0.00,0.00,0.00,0.00,0.40,0.00,0.40,0.00,9.60,28510856,0,2889064,9.20,41192,943256,5250280,16.72,1959180,663408,329276,1638192,65668,3440,8000,58076,0,0,0.00,0,0.00,0,416,2.01,1.86,1.38,0,0.40,0.00,9.60,24.00,0.00,0.00,0.00,0.00,4.20,5.80,0.30,1.31,0.00,0.00,0.00,0.00
2018-01-05 08:40:43,10.19,0.00,0.71,0.00,0.20,0.00,0.15,0.00,0.00,88.74,1.20,1663.60,2263.80,0.00,0.00,0.00,17.60,4138.80,0.00,6337.60,0.00,0.00,0.00,0.00,0.40,0.00,0.40,0.00,35.20,28420584,0,2979336,9.49,41200,968380,5250280,16.72,2036288,674836,354400,1702020,66148,3488,8164,58076,0,0,0.00,0,0.00,0,422,1.85,1.83,1.38,1,0.40,0.00,35.20,88.00,0.00,0.00,0.00,0.00,582.80,536.20,5049.83,41.02,0.00,0.00,0.00,0.00
2018-01-05 08:40:48,2.98,0.00,0.77,9.57,0.46,0.00,0.15,0.00,0.00,86.06,0.00,2385.80,3914.60,0.00,0.00,0.00,65772.00,18.20,0.00,5509.00,0.00,0.00,0.00,0.00,542.20,0.00,542.20,0.00,131544.00,28390056,0,3009864,9.59,41200,1007868,5250280,16.72,2046516,692756,65056,1691256,67184,3488,8164,58076,0,0,0.00,0,0.00,1,422,1.70,1.80,1.37,0,542.20,0.00,131544.00,242.61,60.98,112.48,0.80,43.36,908.20,803.40,7950.02,56.82,0.00,0.00,0.00,0.00
2018-01-05 08:40:53,1.89,0.00,0.46,0.05,0.36,0.00,0.26,0.00,0.00,96.99,0.00,2207.80,2979.80,0.00,0.00,0.00,87.20,18.00,0.00,4275.40,0.00,0.00,0.00,0.00,7.60,0.00,7.60,0.00,174.40,28354892,0,3045028,9.70,41208,1041816,5250280,16.72,2064772,708544,98960,1691284,68068,3480,8164,58076,0,0,0.00,0,0.00,0,421,1.57,1.77,1.36,0,7.60,0.00,174.40,22.95,0.00,0.11,0.11,0.08,784.80,711.60,6874.03,50.00,0.00,0.00,0.00,0.00
2018-01-05 08:40:58,2.20,0.00,0.72,0.00,0.41,0.00,0.21,0.00,0.00,96.46,0.00,2579.60,3617.20,0.00,0.00,0.00,43.20,17.40,0.00,5386.40,0.00,0.00,0.00,0.00,4.00,0.00,4.00,0.00,86.40,28313832,0,3086088,9.83,41224,1084236,5250280,16.72,2085520,727820,141452,1689284,69080,3480,8164,58076,0,0,0.00,0,0.00,2,421,1.52,1.76,1.36,1,4.00,0.00,86.40,21.60,0.00,0.20,0.20,0.08,968.20,859.80,8479.16,60.58,0.00,0.00,0.00,0.00
2018-01-05 08:41:03,4.17,0.00,0.98,0.00,0.72,0.00,0.31,0.00,0.00,93.82,0.00,4068.60,6174.80,0.00,0.00,0.00,56.00,14.20,0.00,9707.40,0.00,0.00,0.00,0.00,4.60,0.00,4.60,0.00,110.40,28234320,0,3165600,10.08,41232,1161468,5250280,16.72,2127100,764108,218288,1689316,70984,3472,8164,58076,0,0,0.00,0,0.00,1,420,1.40,1.73,1.35,0,4.80,0.00,112.00,23.33,0.00,0.00,0.00,0.00,1778.00,1453.00,15602.56,100.34,0.00,0.00,0.00,0.00
2018-01-05 08:41:08,48.61,0.00,3.80,3.39,0.36,0.00,0.31,0.00,0.00,43.53,3.20,3508.80,5337.20,0.00,0.00,0.00,52970.40,3485.40,0.00,28082.60,0.00,0.00,0.00,0.00,414.80,0.00,414.80,0.00,105942.40,27117568,0,4282352,13.64,41240,1472608,5770376,18.38,3062024,927500,264836,2481880,79352,3536,9708,58076,0,0,0.00,0,0.00,8,430,1.37,1.72,1.35,0,414.60,0.00,105940.80,255.53,23.55,56.79,0.46,18.88,1071.40,820.80,9271.21,61.17,0.00,0.00,0.00,0.00
2018-01-05 08:41:13,93.04,0.00,3.96,0.00,0.05,0.00,0.20,0.00,0.00,2.76,1.60,4766.20,1844.40,0.00,0.00,0.00,41.60,1793.60,0.00,40575.00,0.00,0.00,0.00,0.00,0.80,0.00,0.80,0.00,83.20,25446268,0,5953652,18.96,41248,1472632,8488588,27.03,4729088,927424,264860,4154988,79456,3616,13032,58076,0,0,0.00,0,0.00,6,438,1.66,1.77,1.37,0,0.80,0.00,83.20,104.00,0.00,2.00,1.00,0.08,7.00,9.80,0.84,2.51,0.00,0.00,0.00,0.00
2018-01-05 08:41:18,95.45,0.00,2.85,0.00,0.00,0.00,0.05,0.00,0.00,1.65,0.20,7102.80,1354.20,0.00,0.00,0.00,13.60,622.40,0.00,35092.00,0.00,0.00,0.00,0.00,0.80,0.00,0.80,0.00,27.20,23941548,0,7458372,23.75,41252,1472656,10231928,32.59,6242832,927416,264880,5656348,79568,3608,15964,58076,0,0,0.00,0,0.00,10,437,2.01,1.84,1.39,0,0.80,0.00,27.20,34.00,0.00,1.00,1.00,0.08,3.40,5.40,0.27,2.07,0.00,0.00,0.00,0.00
2018-01-05 08:41:23,96.30,0.00,0.40,0.00,0.00,0.00,0.00,0.00,0.00,3.30,0.40,3148.40,1228.20,0.00,0.00,0.00,24.80,304.80,0.00,160.60,0.00,0.00,0.00,0.00,1.00,0.00,1.00,0.00,49.60,23844900,0,7555020,24.06,41260,1476828,10811228,34.43,6336368,930872,269044,5749568,79548,3592,16144,58076,0,0,0.00,0,0.00,5,431,2.57,1.96,1.43,0,1.00,0.00,49.60,49.60,0.00,0.80,0.80,0.08,4.20,6.20,0.31,3.03,0.00,0.00,0.00,0.00
2018-01-05 08:41:28,81.73,0.00,0.90,0.00,0.00,0.00,0.05,0.00,0.00,17.32,0.40,1145.00,1387.80,0.00,0.00,0.00,18.40,193.80,0.00,7699.40,0.00,0.00,0.00,0.00,0.60,0.00,0.60,0.00,36.80,23632232,0,7767688,24.74,41268,1502064,10723468,34.15,6501636,952492,294292,5935724,80172,3304,16460,58076,0,0,0.00,0,0.00,4,399,2.60,1.98,1.44,0,0.60,0.00,36.80,61.33,0.00,0.00,0.00,0.00,5.60,7.80,2.04,4.76,0.00,0.00,0.00,0.00
2018-01-05 08:41:33,91.69,0.00,2.25,0.00,0.00,0.00,0.05,0.00,0.00,6.01,0.80,2537.60,1494.20,0.00,0.00,0.00,15.20,747.60,0.00,21406.40,0.00,0.00,0.00,0.00,0.40,0.00,0.40,0.00,30.40,22912496,0,8487424,27.03,41276,1553304,11129060,35.44,7177460,993720,345544,6601196,81764,3336,17604,58076,0,0,0.00,0,0.00,7,403,2.87,2.05,1.47,0,0.40,0.00,30.40,76.00,0.00,0.00,0.00,0.00,7.40,10.40,5.27,5.70,0.00,0.00,0.00,0.00
2018-01-05 08:41:38,91.58,0.00,2.36,0.00,0.05,0.00,0.15,0.00,0.00,5.86,0.00,8192.20,1646.40,0.00,0.00,0.00,15646.40,1063.20,0.00,31540.60,0.00,0.00,0.00,0.00,98.60,0.00,98.60,0.00,23662.40,21754252,0,9645668,30.72,41284,1553332,11638648,37.07,8345956,993732,267436,7757412,81908,3320,20048,58076,0,0,0.00,0,0.00,8,401,2.88,2.06,1.48,1,99.00,0.00,23764.80,240.05,4.69,38.76,0.33,3.28,3.20,5.00,0.25,1.87,0.00,0.00,0.00,0.00
2018-01-05 08:41:43,86.52,0.00,0.70,0.00,0.00,0.00,0.05,0.00,0.00,12.73,0.60,1066.80,1637.00,0.00,0.00,0.00,37357.60,98.80,0.00,204.60,0.00,0.00,0.00,0.00,322.60,0.00,322.60,0.00,82345.60,21727868,0,9672052,30.80,41304,1579916,11843700,37.72,8361512,1016620,107304,7756972,82452,3328,20048,58076,0,0,0.00,0,0.00,3,402,3.13,2.13,1.50,0,322.20,0.00,82243.20,255.26,36.68,116.48,0.86,27.76,27.40,58.60,3.17,722.73,0.00,0.00,0.00,0.00
2018-01-05 08:41:48,82.21,0.00,1.45,0.00,0.05,0.00,0.15,0.00,0.00,16.13,0.00,1419.00,1788.40,0.00,0.00,0.00,27.20,163.00,0.00,19654.00,0.00,0.00,0.00,0.00,0.80,0.00,0.80,0.00,54.40,21121112,0,10278808,32.74,41312,1596328,12024408,38.29,8935952,1030828,123796,8345668,82588,3312,21016,58076,0,0,0.00,0,0.00,7,400,3.36,2.19,1.52,0,0.80,0.00,54.40,68.00,0.00,0.00,0.00,0.00,177.40,395.60,9.12,5542.73,0.00,0.00,0.00,0.00
2018-01-05 08:41:53,60.77,0.00,0.40,0.00,0.00,0.00,0.00,0.00,0.00,38.83,0.00,2779.00,878.20,0.00,0.00,0.00,12.80,59.60,0.00,33.80,0.00,0.00,0.00,0.00,0.60,0.00,0.60,0.00,25.60,21082232,0,10317688,32.86,41320,1633864,12275680,39.09,8958644,1063120,161340,8346688,83656,3312,21204,58076,0,0,0.00,0,0.00,1,398,3.57,2.25,1.55,0,0.60,0.00,25.60,42.67,0.00,0.00,0.00,0.00,4.60,6.40,0.32,3.73,0.00,0.00,0.00,0.00
2018-01-05 08:41:58,18.30,0.00,0.20,0.25,0.00,0.00,0.00,0.00,0.00,81.24,0.00,487.40,541.20,0.00,0.00,0.00,5339.20,16.60,0.00,35.80,0.00,0.00,0.00,0.00,42.80,0.00,42.80,0.00,10678.40,21054380,0,10345540,32.95,41328,1660792,12275680,39.09,8965372,1083212,161760,8346516,84348,3288,21204,58076,0,0,0.00,0,0.00,2,397,3.37,2.23,1.55,0,42.80,0.00,10678.40,249.50,1.17,27.27,0.39,1.68,6.00,11.00,9.09,6.71,0.00,0.00,0.00,0.00
2018-01-05 08:42:03,69.87,0.00,2.33,0.66,0.20,0.00,1.11,0.00,0.00,25.83,0.00,2105.40,4880.80,0.00,0.00,0.00,10836.80,1062.60,0.00,26359.20,0.00,0.00,0.00,0.00,85.40,0.00,85.40,0.00,21673.60,20261584,0,11138336,35.47,41336,1660848,12355492,39.35,9753528,1083148,107816,9136580,84472,3288,22748,58076,0,0,0.00,0,0.00,4,397,3.26,2.23,1.55,0,85.40,0.00,21673.60,253.79,6.71,78.55,1.06,9.04,2973.80,2316.80,15074.41,17672.51,0.00,0.00,0.00,0.00
2018-01-05 08:42:08,87.46,0.00,1.30,0.00,0.00,0.00,0.15,0.00,0.00,11.09,0.00,757.40,1749.80,0.00,0.00,0.00,57.60,4176.20,0.00,6257.40,0.00,0.00,0.00,0.00,1.20,0.00,1.20,0.00,115.20,20199024,0,11200896,35.67,41344,1714264,12323232,39.25,9768808,1130328,161424,9143968,85852,3264,22728,58076,0,0,0.00,0,0.00,4,394,3.40,2.28,1.57,0,1.20,0.00,115.20,96.00,0.00,0.67,0.67,0.08,434.40,215.40,3433.66,19.97,0.00,0.00,0.00,0.00
2018-01-05 08:42:13,87.76,0.00,1.55,0.00,0.10,0.00,1.35,0.00,0.00,9.23,1.80,1290.00,4212.40,0.00,0.00,0.00,5642.40,3488.80,0.00,15179.20,0.00,0.00,0.00,0.00,52.00,0.00,52.00,0.00,11284.80,20039980,0,11359940,36.18,41352,1739340,12323232,39.25,9899736,1156776,159552,9275992,86764,3336,23000,58076,0,0,0.00,0,0.00,4,403,3.85,2.39,1.61,0,52.00,0.00,11284.80,217.02,1.31,25.26,0.29,1.52,2177.40,1632.00,11628.04,10274.43,0.00,0.00,0.00,0.00
2018-01-05 08:42:18,83.88,0.00,2.05,0.05,0.05,0.00,1.10,0.00,0.00,12.87,0.00,1209.60,4451.00,0.00,0.00,0.00,148.00,4403.80,0.00,15467.40,0.00,0.00,0.00,0.00,2.80,0.00,2.80,0.00,296.00,19842836,0,11557084,36.81,41360,1817776,12323232,39.25,10018980,1232456,238296,9392300,88972,3328,23228,58076,0,0,0.00,0,0.00,4,402,3.86,2.41,1.62,0,2.80,0.00,296.00,105.71,0.00,0.00,0.00,0.00,2306.00,1610.00,14201.60,7745.76,0.00,0.00,0.00,0.00
2018-01-05 08:42:23,67.87,0.00,1.05,0.10,0.00,0.00,0.05,0.00,0.00,30.93,0.00,636.60,1205.60,0.00,0.00,0.00,10951.20,3607.80,0.00,5030.00,0.00,0.00,0.00,0.00,86.40,0.00,86.40,0.00,21902.40,19763704,0,11636216,37.06,41368,1883320,12323232,39.25,10033696,1295472,250316,9404664,90584,3328,23264,58076,0,0,0.00,0,0.00,1,402,3.79,2.42,1.63,0,86.40,0.00,21902.40,253.50,3.41,39.43,0.35,3.04,108.20,39.80,844.93,6.04,0.00,0.00,0.00,0.00
2018-01-05 08:42:28,2.41,0.00,0.35,0.10,0.05,0.00,0.00,0.00,0.00,97.09,0.00,477.00,366.00,0.00,0.00,0.00,5561.60,1328.40,0.00,1398.80,0.00,0.00,0.00,0.00,45.80,0.00,45.80,0.00,11123.20,19750548,0,11649372,37.10,41380,1896248,12323232,39.25,10031884,1309732,236372,9404012,91116,3328,23264,58076,0,0,0.00,0,0.00,0,402,3.49,2.38,1.62,0,45.80,0.00,11123.20,242.86,1.33,29.01,0.33,1.52,3.80,5.80,0.31,2.64,0.00,0.00,0.00,0.00
2018-01-05 08:42:33,48.09,0.00,0.80,0.00,0.15,0.00,1.36,0.00,0.00,49.60,0.00,1235.40,4249.40,0.00,0.00,0.00,20.80,338.00,0.00,9014.40,0.00,0.00,0.00,0.00,1.20,0.00,1.20,0.00,41.60,19743268,0,11656652,37.12,41388,1896276,12323232,39.25,10040328,1307840,236436,9410520,91328,3304,23284,58076,0,0,0.00,0,0.00,4,399,3.21,2.34,1.61,0,1.20,0.00,41.60,34.67,0.00,0.00,0.00,0.00,3099.60,2671.80,11319.06,22161.10,0.00,0.00,0.00,0.00
2018-01-05 08:42:38,82.85,0.00,0.20,0.00,0.00,0.00,0.00,0.00,0.00,16.95,0.00,735.60,1284.20,0.00,0.00,0.00,13.60,37.60,0.00,84.00,0.00,0.00,0.00,0.00,0.40,0.00,0.40,0.00,27.20,19742128,0,11657792,37.13,41396,1897612,12323232,39.25,10040800,1308676,237776,9411000,91360,3304,23284,58076,0,0,0.00,0,0.00,6,399,3.59,2.44,1.64,0,0.40,0.00,27.20,68.00,0.00,0.00,0.00,0.00,58.00,74.80,3.57,841.84,0.00,0.00,0.00,0.00
2018-01-05 08:42:43,75.55,0.00,1.15,0.00,0.10,0.00,1.00,0.00,0.00,22.19,0.00,1295.60,4943.00,0.00,0.00,0.00,15705.60,2697.60,0.00,13596.80,0.00,0.00,0.00,0.00,123.80,0.00,123.80,0.00,31411.20,19700584,0,11699336,37.26,41404,1928124,12365520,39.38,10059676,1330504,189864,9420720,91864,3296,23308,58076,0,0,0.00,0,0.00,1,398,3.70,2.48,1.66,0,123.80,0.00,31411.20,253.73,5.01,40.49,0.32,4.00,2757.20,2177.80,17085.54,11752.00,0.00,0.00,0.00,0.00
2018-01-05 08:42:48,72.19,0.00,0.30,0.00,0.10,0.00,0.30,0.00,0.00,27.11,0.00,998.60,2237.80,0.00,0.00,0.00,202.40,14.40,0.00,1075.40,0.00,0.00,0.00,0.00,10.60,0.00,10.60,0.00,404.80,19706412,0,11693508,37.24,41412,1928148,12365520,39.38,10054116,1330504,188948,9415108,91760,3296,23308,58076,0,0,0.00,0,0.00,4,398,3.89,2.54,1.68,0,10.60,0.00,404.80,38.19,0.01,1.36,0.08,0.08,540.00,639.80,513.30,8308.37,0.00,0.00,0.00,0.00
2018-01-05 08:42:53,63.45,0.00,0.50,0.70,0.00,0.00,0.25,0.00,0.00,35.09,0.00,671.20,1676.40,0.00,0.00,0.00,15740.00,9.40,0.00,712.00,0.00,0.00,0.00,0.00,125.00,0.00,125.00,0.00,31480.00,19671604,0,11728316,37.35,41420,1969876,12365520,39.38,10055272,1364124,152104,9408272,92744,3296,23308,58076,0,0,0.00,0,0.00,3,398,3.82,2.55,1.69,0,125.00,0.00,31480.00,251.84,5.00,39.96,0.31,3.92,296.60,369.40,17.19,4875.95,0.00,0.00,0.00,0.00
2018-01-05 08:42:58,1.40,0.00,0.15,1.00,0.05,0.00,0.00,0.00,0.00,97.39,0.00,493.00,431.00,0.00,0.00,0.00,15719.20,12.60,0.00,176.40,0.00,0.00,0.00,0.00,124.60,0.00,124.60,0.00,31438.40,19670316,0,11729604,37.36,41424,1973640,12365520,39.38,10053212,1367104,77488,9405272,93068,3296,23308,58076,0,0,0.00,0,0.00,0,398,3.51,2.50,1.68,0,124.60,0.00,31438.40,252.31,7.22,57.98,0.44,5.44,4.00,6.20,0.32,3.97,0.00,0.00,0.00,0.00
2018-01-05 08:43:03,0.05,0.00,0.05,0.00,0.00,0.00,0.00,0.00,0.00,99.90,0.00,448.60,265.00,0.00,0.00,0.00,5.60,8.00,0.00,17.40,0.00,0.00,0.00,0.00,0.60,0.00,0.60,0.00,11.20,19670496,0,11729424,37.35,41424,1973664,12365520,39.38,10053148,1367112,77532,9405192,93080,3296,23304,58076,0,0,0.00,0,0.00,1,398,3.23,2.46,1.67,0,0.60,0.00,11.20,18.67,0.00,0.00,0.00,0.00,3.00,4.80,0.24,1.33,0.00,0.00,0.00,0.00
2018-01-05 08:43:08,44.23,0.00,0.40,0.00,0.00,0.00,0.75,0.00,0.00,54.61,0.00,872.00,2060.80,0.00,0.00,0.00,9.60,128.60,0.00,3211.40,0.00,0.00,0.00,0.00,0.60,0.00,0.60,0.00,19.20,19652672,0,11747248,37.41,41428,1973704,12365520,39.38,10070224,1366612,77608,9421744,93108,3296,23336,58076,0,0,0.00,0,0.00,3,398,2.97,2.42,1.66,0,0.60,0.00,19.20,32.00,0.00,0.00,0.00,0.00,1381.00,1182.00,6107.71,7300.02,0.00,0.00,0.00,0.00
2018-01-05 08:43:13,82.38,0.00,0.70,0.00,0.10,0.00,0.40,0.00,0.00,16.42,0.00,921.20,2572.20,0.00,0.00,0.00,3676.00,1043.40,0.00,4310.40,0.00,0.00,0.00,0.00,29.60,0.00,29.60,0.00,7352.00,19565308,0,11834612,37.69,41436,2015840,12365520,39.38,10103356,1400868,101464,9466104,94108,3224,23396,58076,0,0,0.00,0,0.00,4,389,2.97,2.43,1.67,0,29.60,0.00,7352.00,248.38,0.79,26.84,0.38,1.12,998.60,802.80,6333.10,3132.20,0.00,0.00,0.00,0.00
2018-01-05 08:43:18,34.02,0.00,0.25,0.00,0.05,0.00,0.15,0.00,0.00,65.53,0.00,813.80,1793.80,0.00,0.00,0.00,2721.60,11.00,0.00,2050.00,0.00,0.00,0.00,0.00,22.00,0.00,22.00,0.00,5443.20,19571244,0,11828676,37.67,41444,2026672,12365520,39.38,10106876,1410276,98824,9449060,94552,3224,23368,58076,0,0,0.00,0,0.00,1,389,2.81,2.41,1.67,0,22.00,0.00,5443.20,247.42,0.48,21.89,0.36,0.80,598.40,580.80,1883.32,4639.06,0.00,0.00,0.00,0.00
2018-01-05 08:43:23,56.20,0.00,0.30,0.05,0.00,0.00,0.00,0.00,0.00,43.45,0.00,491.60,907.80,0.00,0.00,0.00,2131.20,9.20,0.00,232.60,0.00,0.00,0.00,0.00,24.40,0.00,24.40,0.00,4262.40,19527236,0,11872684,37.81,41452,2072668,12365520,39.38,10111596,1448680,134228,9446500,95768,3224,23368,58076,0,0,0.00,0,0.00,2,389,2.83,2.42,1.68,0,24.40,0.00,4262.40,174.69,0.68,27.84,1.61,3.92,43.80,46.00,146.93,342.55,0.00,0.00,0.00,0.00
2018-01-05 08:43:28,12.99,0.00,0.10,0.20,0.05,0.00,0.00,0.00,0.00,86.66,0.00,482.80,507.60,0.00,0.00,0.00,7078.40,11.00,0.00,45.00,0.00,0.00,0.00,0.00,57.40,0.00,57.40,0.00,14156.80,19498148,0,11901772,37.90,41460,2100608,12365520,39.38,10116148,1472344,126988,9446500,96632,3224,23368,58076,0,0,0.00,0,0.00,2,389,2.68,2.39,1.67,0,57.40,0.00,14156.80,246.63,2.80,48.81,0.45,2.56,24.20,35.80,1.54,339.22,0.00,0.00,0.00,0.00
2018-01-05 08:43:33,2.61,0.00,0.20,0.00,0.05,0.00,0.35,0.00,0.00,96.79,0.00,711.40,1210.20,0.00,0.00,0.00,20.80,107.40,0.00,1837.00,0.00,0.00,0.00,0.00,0.60,0.00,0.60,0.00,41.60,19478644,0,11921276,37.97,41468,2100632,12365520,39.38,10132484,1472144,127068,9462604,96784,3224,23368,58076,0,0,0.00,0,0.00,6,389,2.47,2.35,1.66,0,0.60,0.00,41.60,69.33,0.00,0.00,0.00,0.00,810.80,795.40,3806.65,3967.67,0.00,0.00,0.00,0.00
2018-01-05 08:43:38,83.58,0.00,0.80,0.00,0.10,0.00,0.80,0.00,0.00,14.72,0.00,983.60,3294.20,0.00,0.00,0.00,13.60,138.80,0.00,10942.40,0.00,0.00,0.00,0.00,1.20,0.00,1.20,0.00,27.20,19324396,0,12075524,38.46,41476,2119772,12365520,39.38,10264952,1487396,146224,9591336,97216,3224,23652,58076,0,0,0.00,0,0.00,10,389,2.67,2.40,1.68,0,1.20,0.00,27.20,22.67,0.00,0.00,0.00,0.00,1927.80,1550.00,10759.86,8676.21,0.00,0.00,0.00,0.00
2018-01-05 08:43:43,80.00,0.00,0.40,0.00,0.10,0.00,0.65,0.00,0.00,18.85,0.00,992.20,3017.00,0.00,0.00,0.00,2954.40,137.00,0.00,5989.60,0.00,0.00,0.00,0.00,23.60,0.00,23.60,0.00,5908.80,19353352,0,12046568,38.36,41484,2131372,12481096,39.75,10235976,1496196,143164,9559312,97648,3224,23624,58076,0,0,0.00,0,0.00,6,389,2.70,2.41,1.69,0,23.60,0.00,5908.80,250.37,0.46,19.39,0.31,0.72,1309.80,1081.20,6130.87,7934.25,0.00,0.00,0.00,0.00
2018-01-05 08:43:48,75.35,0.00,0.50,0.25,0.05,0.00,0.40,0.00,0.00,23.44,0.00,794.40,2349.80,0.00,0.00,0.00,7672.00,10.60,0.00,1880.40,0.00,0.00,0.00,0.00,60.80,0.00,60.80,0.00,15310.40,19306196,0,12093724,38.52,41488,2176372,12481096,39.75,10241264,1533632,149944,9559312,98712,3224,23624,58076,0,0,0.00,0,0.00,2,389,2.72,2.42,1.70,0,61.00,0.00,15344.00,251.54,2.21,36.16,0.31,1.92,830.40,754.40,3072.36,5702.84,0.00,0.00,0.00,0.00
2018-01-05 08:43:53,15.86,0.00,0.25,0.10,0.00,0.00,0.00,0.00,0.00,83.79,0.00,459.80,482.00,0.00,0.00,0.00,5722.40,8.60,0.00,19.20,0.00,0.00,0.00,0.00,45.60,0.00,45.60,0.00,11478.40,19253120,0,12146800,38.68,41492,2227580,12481096,39.75,10249540,1576756,172576,9559312,100308,3224,23624,58076,0,0,0.00,0,0.00,0,389,2.50,2.38,1.69,0,45.40,0.00,11444.80,252.09,1.42,31.35,0.32,1.44,3.20,5.20,0.24,4.81,0.00,0.00,0.00,0.00
2018-01-05 08:43:58,21.90,0.00,0.65,0.35,0.10,0.00,0.81,0.00,0.00,76.18,0.00,1276.60,3379.60,0.00,0.00,0.00,9127.20,1532.20,0.00,6883.00,0.00,0.00,0.00,0.00,79.80,0.00,79.80,0.00,18254.40,19181252,0,12218668,38.91,41500,2227616,12481096,39.75,10325304,1575632,127120,9631896,100320,3224,23716,58076,0,0,0.00,0,0.00,4,389,2.30,2.34,1.68,0,79.80,0.00,18254.40,228.75,2.89,36.27,0.30,2.40,2426.60,2105.00,12571.66,11939.75,0.00,0.00,0.00,0.00
2018-01-05 08:44:03,56.28,0.00,1.16,0.00,0.15,0.00,1.16,0.00,0.00,41.25,6.60,2499.40,5104.20,0.00,0.00,0.00,50.40,299.20,0.00,11539.20,0.00,0.00,0.00,0.00,1.00,0.00,1.00,0.00,100.80,19245084,0,12154836,38.71,41508,2240012,12426892,39.58,10250120,1585952,139412,9554564,100692,3296,23616,58076,0,0,0.00,0,0.00,0,398,2.52,2.38,1.69,0,1.00,0.00,100.80,100.80,0.00,0.00,0.00,0.00,2581.40,2170.00,12818.65,14188.21,0.00,0.00,0.00,0.00
2018-01-05 12:58:28,64.13,0.00,0.99,1.26,0.04,0.00,0.12,0.00,0.00,33.46,4.01,2062.18,1695.17,0.00,0.00,179.85,5118.38,2203.94,0.00,8041.82,0.00,0.00,0.00,0.00,43.46,1.45,42.01,359.69,10236.76,29509520,0,1890400,6.02,66856,1025596,1422708,4.53,856352,760396,504408,524144,78260,2176,4616,58076,0,0,0.00,0,0.00,1,272,3.79,3.55,3.39,0,43.46,359.69,10236.76,243.85,9.03,207.81,1.57,6.83,234.14,156.18,1373.58,1189.59,0.00,0.00,0.00,0.00
2018-01-05 12:58:33,0.15,0.00,0.25,1.20,0.10,0.00,0.00,0.00,0.00,98.30,0.20,300.60,392.00,0.00,0.00,0.00,25245.60,639.00,0.00,3952.20,0.00,0.00,0.00,0.00,198.40,0.00,198.40,0.00,50491.20,29586604,0,1813316,5.77,66864,973660,1422708,4.53,828172,711900,378708,499552,78052,2248,3448,58076,0,0,0.00,0,0.00,0,267,3.49,3.49,3.37,0,198.40,0.00,50491.20,254.49,8.50,42.84,0.32,6.40,5.40,6.00,0.45,0.86,0.00,0.00,0.00,0.00
2018-01-05 12:58:38,0.85,0.00,0.45,1.05,0.05,0.00,0.00,0.00,0.00,97.59,14.40,479.20,586.20,0.00,0.00,0.00,25248.00,7744.80,0.00,2634.00,0.00,0.00,0.00,0.00,198.40,0.00,198.40,0.00,50496.00,29585876,0,1814044,5.78,66876,973692,1423392,4.53,829336,711924,252444,500728,77996,2264,3868,58076,0,0,0.00,0,0.00,0,269,3.21,3.43,3.35,0,198.40,0.00,50496.00,254.52,7.64,38.50,0.29,5.76,8.00,9.20,1.53,1.69,0.00,0.00,0.00,0.00
2018-01-05 12:58:43,0.00,0.00,0.05,0.00,0.00,0.00,0.00,0.00,0.00,99.95,0.00,248.00,153.60,0.00,0.00,0.00,16.80,7.20,0.00,17.00,0.00,0.00,0.00,0.00,1.40,0.00,1.40,0.00,33.60,29586004,0,1813916,5.78,66884,973716,1423392,4.53,829352,711944,252468,500728,77868,2264,3868,58076,0,0,0.00,0,0.00,0,269,2.95,3.37,3.33,0,1.40,0.00,33.60,24.00,0.00,0.00,0.00,0.00,2.00,3.40,0.16,0.77,0.00,0.00,0.00,0.00
2018-01-05 12:58:48,0.05,0.00,0.15,5.92,0.05,0.00,0.00,0.00,0.00,93.83,0.00,280.00,557.80,0.00,0.00,0.00,50454.40,10.20,0.00,18.80,0.00,0.00,0.00,0.00,395.80,0.00,395.80,0.00,100908.80,29585756,0,1814164,5.78,66900,973740,1423392,4.53,829372,711972,412,500736,77868,2264,3868,58076,0,0,0.00,0,0.00,0,269,2.79,3.34,3.32,0,395.80,0.00,100908.80,254.95,38.46,97.16,0.72,28.64,1.80,3.00,0.14,0.66,0.00,0.00,0.00,0.00
2018-01-05 12:58:53,2.99,0.00,0.96,0.00,0.46,0.00,0.41,0.00,0.00,95.19,6.80,2309.00,4057.40,0.00,0.00,0.00,30.40,977.60,0.00,6556.20,0.00,0.00,0.00,0.00,0.60,0.00,0.60,0.00,60.80,29505976,0,1893944,6.03,66908,1051628,1423392,4.53,830248,789836,78276,501564,78580,2312,3868,58076,0,0,0.00,0,0.00,0,278,2.57,3.28,3.30,0,0.60,0.00,60.80,101.33,0.00,1.33,1.33,0.08,1805.00,1078.00,15740.23,73.48,0.00,0.00,0.00,0.00
2018-01-05 12:58:58,1.16,0.00,1.16,0.00,0.56,0.00,1.06,0.00,0.00,96.06,0.00,2950.40,5169.00,0.00,0.00,0.00,11.20,11.80,0.00,7912.00,0.00,0.00,0.00,0.00,0.40,0.00,0.40,0.00,22.40,29406888,0,1993032,6.35,66916,1151236,1423392,4.53,830360,888860,177884,501648,78132,2336,3872,58076,0,0,0.00,0,0.00,1,278,2.44,3.24,3.29,0,0.40,0.00,22.40,56.00,0.00,0.00,0.00,0.00,2279.20,1323.80,19982.05,89.27,0.00,0.00,0.00,0.00
2018-01-05 12:59:03,83.46,0.00,5.11,0.00,0.05,0.00,0.10,0.00,0.00,11.28,26.40,2278.00,2167.80,0.00,0.00,0.00,196.00,26815.60,0.00,21352.00,0.00,0.00,0.00,0.00,10.80,0.00,10.80,0.00,392.00,28569164,0,2830756,9.02,66944,1170700,5012852,15.96,1741072,806384,197032,1311984,83024,2880,6896,58076,0,0,0.00,0,0.00,11,369,3.21,3.39,3.34,0,10.80,0.00,392.00,36.30,0.01,1.26,0.15,0.16,471.60,209.80,4068.52,14.61,0.00,0.00,0.00,0.00
2018-01-05 12:59:08,34.14,0.00,1.80,0.00,0.00,0.00,0.00,0.00,0.00,64.06,13.60,1557.00,944.00,0.00,0.00,0.00,22.40,6841.20,0.00,3330.40,0.00,0.00,0.00,0.00,0.80,0.00,0.80,0.00,44.80,28212712,0,3187208,10.15,66952,1170724,5200588,16.56,2099864,805084,197164,1667272,83432,3200,7884,58076,0,0,0.00,0,0.00,8,389,2.95,3.33,3.32,0,0.80,0.00,44.80,56.00,0.00,1.00,1.00,0.08,34.40,40.40,16.31,13.38,0.00,0.00,0.00,0.00
2018-01-05 12:59:13,15.77,0.00,0.97,0.00,0.41,0.00,0.41,0.00,0.00,82.44,1.00,2496.40,3662.20,0.00,0.00,0.00,13.60,5111.40,0.00,10093.40,0.00,0.00,0.00,0.00,0.40,0.00,0.40,0.00,27.20,28107320,0,3292600,10.49,66960,1211956,5231508,16.66,2183248,823824,238412,1728964,83376,3224,8028,58076,0,0,0.00,0,0.00,0,389,2.72,3.28,3.30,0,0.40,0.00,27.20,68.00,0.00,0.00,0.00,0.00,951.20,871.00,8291.31,65.16,0.00,0.00,0.00,0.00
2018-01-05 12:59:18,3.35,0.00,0.67,0.00,0.52,0.00,0.46,0.00,0.00,95.00,0.00,2973.00,4382.20,0.00,0.00,0.00,8.00,21.80,0.00,6966.00,0.00,0.00,0.00,0.00,0.60,0.00,0.60,0.00,16.00,28064188,0,3335732,10.62,66968,1263496,5231508,16.66,2201832,847660,289944,1719788,83384,3224,8028,58076,0,0,0.00,0,0.00,1,389,2.50,3.22,3.28,0,0.60,0.00,16.00,26.67,0.00,1.33,1.33,0.08,1191.40,1067.20,10451.55,74.47,0.00,0.00,0.00,0.00
2018-01-05 12:59:23,3.32,0.00,0.52,0.00,0.57,0.00,0.47,0.00,0.00,95.12,0.00,3892.80,5164.00,0.00,0.00,0.00,4.80,28.40,0.00,7558.00,0.00,0.00,0.00,0.00,0.40,0.00,0.40,0.00,9.60,28004104,0,3395816,10.81,66972,1322952,5231508,16.66,2234660,875372,349412,1721016,83248,3216,8032,58076,0,0,0.00,0,0.00,1,388,2.30,3.17,3.27,0,0.40,0.00,9.60,24.00,0.00,0.00,0.00,0.00,1356.80,1129.40,11894.98,79.34,0.00,0.00,0.00,0.00
2018-01-05 12:59:28,27.78,0.00,2.29,0.83,0.68,0.00,0.62,0.00,0.00,67.79,1.60,5167.40,7356.80,0.00,0.00,0.00,17665.60,1682.40,0.00,14953.80,0.00,0.00,0.00,0.00,138.40,0.00,138.40,0.00,35331.20,27477108,0,3922812,12.49,66976,1492876,5544452,17.66,2662896,958248,431152,2074240,86160,3264,8484,58076,0,0,0.00,0,0.00,1,394,2.35,3.17,3.26,0,138.40,0.00,35331.20,255.28,5.80,41.90,0.33,4.56,1886.80,1451.40,16495.88,101.62,0.00,0.00,0.00,0.00
2018-01-05 12:59:33,62.49,0.00,3.94,0.91,0.25,0.00,1.26,0.00,0.00,31.15,0.00,4318.60,6547.20,0.00,0.00,0.00,41073.60,622.00,0.00,58390.00,0.00,0.00,0.00,0.00,324.20,0.00,324.20,0.00,77966.40,26343316,0,5056604,16.10,66984,1574104,7132492,22.72,3766700,995812,307164,3122596,88384,3256,10780,58076,0,0,0.00,0,0.00,1,393,2.49,3.18,3.27,1,324.20,0.00,77966.40,240.49,24.97,69.85,0.54,17.52,1850.80,1525.00,16243.69,105.94,0.00,0.00,0.00,0.00
2018-01-05 12:59:38,73.48,0.00,6.36,4.24,0.15,0.05,0.51,0.00,0.00,15.20,4.00,3538.40,4164.40,0.00,0.00,0.00,51423.20,5786.20,0.00,25706.80,0.00,0.00,0.00,0.00,435.60,0.00,435.60,0.00,107027.20,24575948,0,6823972,21.73,66996,1876476,8296960,26.42,5343416,1155924,353000,4576368,96676,3320,13300,58076,0,0,0.00,0,0.00,7,406,2.93,3.26,3.29,0,435.60,0.00,107027.20,245.70,40.91,99.25,0.72,31.44,876.60,665.80,7577.46,50.42,0.00,0.00,0.00,0.00
2018-01-05 12:59:43,96.85,0.00,3.10,0.00,0.00,0.00,0.05,0.00,0.00,0.00,0.80,5027.60,1659.00,0.00,0.00,0.00,21.60,1059.00,0.00,20464.20,0.00,0.00,0.00,0.00,0.40,0.00,0.40,0.00,43.20,22926876,0,8473044,26.98,67004,1876500,10300896,32.81,6984324,1155888,352936,6223364,97076,3392,16528,58076,0,0,0.00,0,0.00,7,410,3.25,3.32,3.31,0,0.40,0.00,43.20,108.00,0.00,0.00,0.00,0.00,6.60,8.80,0.65,4.34,0.00,0.00,0.00,0.00
2018-01-05 12:59:48,96.10,0.00,3.90,0.00,0.00,0.00,0.00,0.00,0.00,0.00,0.00,10302.00,1403.80,0.00,0.00,0.00,7.20,862.00,0.00,19351.60,0.00,0.00,0.00,0.00,0.60,0.00,0.60,0.00,14.40,20820836,0,10579084,33.69,67012,1876516,13031600,41.50,9109256,1155904,352960,8325816,97260,3392,20984,58076,0,0,0.00,0,0.00,16,410,4.03,3.48,3.37,0,0.60,0.00,14.40,24.00,0.00,0.00,0.00,0.00,2.00,3.20,0.15,0.82,0.00,0.00,0.00,0.00
2018-01-05 12:59:53,99.55,0.00,0.40,0.00,0.00,0.00,0.05,0.00,0.00,0.00,0.20,6516.40,1253.80,0.00,0.00,0.00,0.00,352.40,0.00,133.00,0.00,0.00,0.00,0.00,0.00,0.00,0.00,0.00,0.00,20659268,0,10740652,34.21,67012,1876552,13818976,44.01,9275292,1155908,352984,8487720,97284,3400,21308,58076,0,0,0.00,0,0.00,10,410,4.75,3.64,3.42,0,0.00,0.00,0.00,0.00,0.00,0.00,0.00,0.00,3.60,5.60,0.28,3.04,0.00,0.00,0.00,0.00
2018-01-05 12:59:58,98.45,0.00,1.50,0.00,0.00,0.00,0.05,0.00,0.00,0.00,0.00,1718.00,1559.60,0.00,0.00,0.00,6665.60,311.20,0.00,4446.40,0.00,0.00,0.00,0.00,25.00,0.00,25.00,0.00,6316.80,19897708,0,11502212,36.63,67020,1876576,14451512,46.02,10030048,1155928,319652,9246528,97004,3368,22632,58076,0,0,0.00,0,0.00,5,407,5.17,3.75,3.45,1,25.20,0.00,6368.00,252.70,1.14,18.60,0.32,0.80,4.40,6.40,0.34,4.08,0.00,0.00,0.00,0.00
2018-01-05 13:00:03,96.90,0.00,3.00,0.00,0.00,0.00,0.10,0.00,0.00,0.00,0.00,8947.40,1396.60,0.00,0.00,0.00,10984.00,1946.60,0.00,3835.20,0.00,0.00,0.00,0.00,113.60,0.00,113.60,0.00,28982.40,17833372,0,13566548,43.21,67028,1876604,14483708,46.13,12081796,1155952,264884,11308540,97148,3360,26804,58076,0,0,0.00,0,0.00,14,406,5.80,3.90,3.50,0,113.40,0.00,28931.20,255.13,4.58,46.31,0.73,8.24,2.00,3.20,0.15,0.82,0.00,0.00,0.00,0.00
2018-01-05 13:00:08,99.25,0.00,0.75,0.00,0.00,0.00,0.00,0.00,0.00,0.00,0.00,22939.40,1242.60,0.00,0.00,0.00,21.60,23.20,0.00,129.00,0.00,0.00,0.00,0.00,1.20,0.00,1.20,0.00,43.20,17816252,0,13583668,43.26,67036,1894404,14483708,46.13,12096552,1171264,282656,11306636,97448,3352,26804,58076,0,0,0.00,0,0.00,14,405,6.38,4.05,3.55,0,1.20,0.00,43.20,36.00,0.00,0.00,0.00,0.00,2.80,4.40,0.21,1.97,0.00,0.00,0.00,0.00
2018-01-05 13:00:13,98.60,0.00,1.40,0.00,0.00,0.00,0.00,0.00,0.00,0.00,0.40,8981.40,1651.40,0.00,0.00,0.00,52953.60,175.20,0.00,535.80,0.00,0.00,0.00,0.00,415.20,0.00,415.20,0.00,105907.20,17510456,0,13889464,44.23,67040,1931992,14483708,46.13,12366132,1204072,55552,11573400,98556,3352,27324,58076,0,0,0.00,0,0.00,14,407,6.91,4.20,3.60,0,415.20,0.00,105907.20,255.08,41.82,100.72,0.75,31.04,4.40,6.60,3.43,2.78,0.00,0.00,0.00,0.00
2018-01-05 13:00:18,99.55,0.00,0.40,0.00,0.00,0.00,0.05,0.00,0.00,0.00,0.60,1624.40,1566.20,0.00,0.00,0.00,49.60,569.80,0.00,2370.00,0.00,0.00,0.00,0.00,5.20,0.00,5.20,0.00,99.20,17334164,0,14065756,44.80,67044,1932016,15855340,50.49,12543964,1203992,55488,11749004,98696,3368,27668,58076,0,0,0.00,0,0.00,5,406,7.07,4.28,3.63,0,5.20,0.00,99.20,19.08,0.00,0.00,0.00,0.00,6.20,7.80,0.50,7.97,0.00,0.00,0.00,0.00
2018-01-05 13:00:23,99.35,0.00,0.60,0.00,0.00,0.00,0.05,0.00,0.00,0.00,0.00,4328.80,1221.20,0.00,0.00,0.00,18.40,252.20,0.00,662.00,0.00,0.00,0.00,0.00,0.60,0.00,0.60,0.00,36.80,17088436,0,14311484,45.58,67052,1932040,15855340,50.49,12787752,1204012,55572,11994736,98440,3344,28148,58076,0,0,0.00,0,0.00,8,404,7.07,4.32,3.65,0,0.60,0.00,36.80,61.33,0.00,0.00,0.00,0.00,4.00,5.40,0.32,4.02,0.00,0.00,0.00,0.00
2018-01-05 13:00:28,99.85,0.00,0.15,0.00,0.00,0.00,0.00,0.00,0.00,0.00,0.00,2998.80,1216.40,0.00,0.00,0.00,4.00,9.60,0.00,148.20,0.00,0.00,0.00,0.00,0.40,0.00,0.40,0.00,8.00,17090388,0,14309532,45.57,67060,1932068,15775580,50.24,12787332,1204020,55608,11992244,98448,3344,28148,58076,0,0,0.00,0,0.00,4,402,7.06,4.37,3.67,0,0.40,0.00,8.00,20.00,0.00,0.00,0.00,0.00,3.20,5.00,0.23,1.91,0.00,0.00,0.00,0.00
2018-01-05 13:00:33,99.10,0.00,0.80,0.00,0.00,0.00,0.10,0.00,0.00,0.00,0.00,1288.40,1393.60,0.00,0.00,0.00,7.20,69.80,0.00,2166.40,0.00,0.00,0.00,0.00,0.40,0.00,0.40,0.00,14.40,17058404,0,14341516,45.67,67068,2004236,15730196,50.10,12755128,1266376,127784,11950980,99716,3320,28068,58076,0,0,0.00,0,0.00,4,401,6.98,4.39,3.68,0,0.40,0.00,14.40,36.00,0.00,0.00,0.00,0.00,3.80,5.00,0.30,3.91,0.00,0.00,0.00,0.00
2018-01-05 13:00:38,98.35,0.00,1.30,0.05,0.00,0.00,0.00,0.00,0.00,0.30,1.20,1057.60,1395.20,0.00,0.00,0.00,28.80,612.00,0.00,860.80,0.00,0.00,0.00,0.00,1.20,0.00,1.20,0.00,57.60,16770376,0,14629544,46.59,67076,2098212,15787380,50.28,12956888,1348280,221784,12142252,102404,3328,28324,58076,0,0,0.00,0,0.00,10,404,6.74,4.39,3.68,0,1.20,0.00,57.60,48.00,0.00,0.00,0.00,0.00,8.60,11.80,5.46,7.26,0.00,0.00,0.00,0.00
2018-01-05 13:00:43,98.25,0.00,1.55,0.00,0.00,0.00,0.15,0.00,0.00,0.05,0.00,2317.80,1681.80,0.00,0.00,0.00,11095.20,444.20,0.00,3036.60,0.00,0.00,0.00,0.00,87.20,0.00,87.20,0.00,22190.40,16241296,0,15158624,48.28,67084,2098156,15787380,50.28,13485172,1348372,166436,12670380,102908,3328,29464,58076,0,0,0.00,0,0.00,8,402,6.76,4.43,3.70,0,87.20,0.00,22190.40,254.48,4.27,48.95,0.62,5.44,3.60,5.00,0.28,2.81,0.00,0.00,0.00,0.00
2018-01-05 13:00:48,98.50,0.00,1.35,0.00,0.00,0.00,0.15,0.00,0.00,0.00,0.00,2187.40,1631.20,0.00,0.00,0.00,52.80,572.40,0.00,2229.80,0.00,0.00,0.00,0.00,1.80,0.00,1.80,0.00,105.60,15819852,0,15580068,49.62,67096,2098184,15787380,50.28,13859880,1348372,166300,13090140,102796,3312,30196,58076,0,0,0.00,0,0.00,11,399,6.86,4.49,3.72,0,1.80,0.00,105.60,58.67,0.00,0.00,0.00,0.00,4.00,6.00,0.29,2.79,0.00,0.00,0.00,0.00
2018-01-05 13:00:53,98.80,0.00,1.20,0.00,0.00,0.00,0.00,0.00,0.00,0.00,0.00,17238.40,1190.40,0.00,0.00,0.00,41.60,249.20,0.00,1630.40,0.00,0.00,0.00,0.00,4.40,0.00,4.40,0.00,83.20,15355036,0,16044884,51.10,67104,2138324,15787380,50.28,14326824,1383116,206356,13512872,103636,3304,31116,58076,0,0,0.00,0,0.00,15,399,7.35,4.63,3.77,0,4.40,0.00,83.20,18.91,0.00,0.18,0.18,0.08,2.40,3.80,0.18,0.94,0.00,0.00,0.00,0.00
2018-01-05 13:00:58,99.55,0.00,0.40,0.00,0.00,0.00,0.05,0.00,0.00,0.00,0.20,8410.40,1310.20,0.00,0.00,0.00,11.20,42.00,0.00,682.20,0.00,0.00,0.00,0.00,0.40,0.00,0.40,0.00,22.40,15335400,0,16064520,51.16,67108,2153912,15787380,50.28,14339144,1396472,221960,13514632,104164,3312,31120,58076,0,0,0.00,0,0.00,11,400,8.04,4.82,3.84,0,0.40,0.00,22.40,56.00,0.00,0.00,0.00,0.00,196.00,59.60,1670.25,6.94,0.00,0.00,0.00,0.00
2018-01-05 13:01:03,98.75,0.00,1.00,0.00,0.00,0.00,0.25,0.00,0.00,0.00,0.00,1527.40,1803.40,0.00,0.00,0.00,11057.60,43.60,0.00,1941.00,0.00,0.00,0.00,0.00,86.40,0.00,86.40,0.00,22115.20,15332000,0,16067920,51.17,67108,2153936,15963624,50.84,14341832,1396480,166704,13517280,104076,3312,31136,58076,0,0,0.00,0,0.00,20,400,7.72,4.81,3.84,0,86.40,0.00,22115.20,255.96,3.52,40.75,0.33,2.88,461.20,132.20,3998.20,14.52,0.00,0.00,0.00,0.00
2018-01-05 13:01:08,99.40,0.00,0.55,0.00,0.00,0.00,0.05,0.00,0.00,0.00,0.00,1528.80,1495.00,0.00,0.00,0.00,22170.40,84.20,0.00,1932.80,0.00,0.00,0.00,0.00,174.20,0.00,174.20,0.00,44340.80,15213128,0,16186792,51.55,67116,2153960,15963624,50.84,14438092,1396492,56008,13636032,104044,3296,31356,58076,0,0,0.00,0,0.00,8,398,7.66,4.84,3.86,0,174.20,0.00,44340.80,254.54,8.55,49.06,0.38,6.56,208.40,62.20,1790.21,5.59,0.00,0.00,0.00,0.00
2018-01-05 13:01:13,99.60,0.00,0.40,0.00,0.00,0.00,0.00,0.00,0.00,0.00,0.00,8568.20,1200.60,0.00,0.00,0.00,25.60,12.20,0.00,31.00,0.00,0.00,0.00,0.00,1.80,0.00,1.80,0.00,51.20,15208816,0,16191104,51.56,67120,2153988,15963624,50.84,14437988,1396500,56052,13640020,104060,3280,31384,58076,0,0,0.00,0,0.00,8,396,7.61,4.88,3.87,0,1.80,0.00,51.20,28.44,0.00,0.44,0.44,0.08,5.00,7.00,0.37,3.84,0.00,0.00,0.00,0.00
2018-01-05 13:01:18,99.65,0.00,0.25,0.00,0.00,0.00,0.10,0.00,0.00,0.00,0.00,1066.20,1201.80,0.00,0.00,0.00,7.20,75.60,0.00,214.00,0.00,0.00,0.00,0.00,0.40,0.00,0.40,0.00,14.40,15182600,0,16217320,51.65,67124,2179104,16293372,51.89,14468668,1418164,81184,13641164,104460,3280,31384,58076,0,0,0.00,0,0.00,7,396,7.56,4.91,3.89,0,0.40,0.00,14.40,36.00,0.00,2.00,2.00,0.08,58.40,19.80,488.69,2.79,0.00,0.00,0.00,0.00
2018-01-05 13:01:23,98.35,0.00,0.85,0.00,0.05,0.00,0.10,0.00,0.00,0.65,0.00,800.40,1469.40,0.00,0.00,0.00,11205.60,62.40,0.00,8563.20,0.00,0.00,0.00,0.00,88.20,0.00,88.20,0.00,22371.20,15224120,0,16175800,51.52,67136,2281508,16173584,51.51,14342368,1503004,127724,13497328,107100,3280,31272,58076,0,0,0.00,0,0.00,3,396,7.76,5.00,3.92,2,88.20,0.00,22371.20,253.64,3.99,45.24,0.68,6.00,353.80,103.20,3055.89,10.92,0.00,0.00,0.00,0.00
2018-01-05 13:01:28,44.08,0.00,0.35,0.00,0.00,0.00,0.00,0.00,0.00,55.57,0.00,483.00,729.60,0.00,0.00,0.00,25.60,11.60,0.00,176.20,0.00,0.00,0.00,0.00,5.80,0.00,5.80,0.00,91.20,15186332,0,16213588,51.64,67140,2320776,16173584,51.51,14347368,1534556,166864,13494104,108356,3280,31104,58076,0,0,0.00,0,0.00,1,396,7.21,4.93,3.91,0,5.80,0.00,91.20,15.72,0.00,0.00,0.00,0.00,3.80,5.80,0.27,3.73,0.00,0.00,0.00,0.00
2018-01-05 13:01:33,25.59,0.00,0.20,0.00,0.00,0.00,0.00,0.00,0.00,74.21,0.00,455.00,519.00,0.00,0.00,0.00,16.00,8.00,0.00,21.60,0.00,0.00,0.00,0.00,0.40,0.00,0.40,0.00,32.00,15152332,0,16247588,51.74,67148,2353904,16173584,51.51,14355260,1559752,200064,13494104,109232,3280,31104,58076,0,0,0.00,0,0.00,1,396,6.72,4.87,3.89,0,0.40,0.00,32.00,80.00,0.00,2.00,2.00,0.08,4.00,5.20,0.31,1.80,0.00,0.00,0.00,0.00
2018-01-05 13:01:38,32.06,0.00,1.71,0.00,0.25,0.00,2.07,0.00,0.00,63.91,2.40,2764.20,6101.40,0.00,0.00,0.00,24.00,2191.20,0.00,15017.60,0.00,0.00,0.00,0.00,1.20,0.00,1.20,0.00,48.00,14829416,0,16570504,52.77,67156,2375324,16424868,52.31,14658972,1575960,221500,13792464,109404,3360,31444,58076,0,0,0.00,0,0.00,7,405,6.42,4.84,3.89,0,1.20,0.00,48.00,40.00,0.00,0.00,0.00,0.00,5659.00,4436.40,32049.16,26135.92,0.00,0.00,0.00,0.00
2018-01-05 13:01:43,96.04,0.00,1.20,0.00,0.05,0.00,1.00,0.00,0.00,1.70,0.00,1693.00,3996.60,0.00,0.00,0.00,27.20,383.40,0.00,4812.40,0.00,0.00,0.00,0.00,0.80,0.00,0.80,0.00,54.40,14778892,0,16621028,52.93,67164,2375368,16457644,52.41,14710876,1574572,221600,13842964,109772,3352,31796,58076,0,0,0.00,0,0.00,8,405,6.47,4.87,3.90,0,0.80,0.00,54.40,68.00,0.00,0.00,0.00,0.00,2220.80,1635.40,8484.69,20447.43,0.00,0.00,0.00,0.00
2018-01-05 13:01:48,99.60,0.00,0.40,0.00,0.00,0.00,0.00,0.00,0.00,0.00,0.00,827.80,1203.40,0.00,0.00,0.00,4.80,40.40,0.00,8877.40,0.00,0.00,0.00,0.00,0.40,0.00,0.40,0.00,9.60,14953224,0,16446696,52.38,67172,2375392,16518452,52.61,14538324,1573292,221636,13669052,109804,3352,31612,58076,0,0,0.00,0,0.00,6,405,6.51,4.91,3.92,0,0.40,0.00,9.60,24.00,0.00,0.00,0.00,0.00,2.60,4.00,0.20,1.84,0.00,0.00,0.00,0.00
2018-01-05 13:01:53,98.65,0.00,1.30,0.00,0.00,0.00,0.05,0.00,0.00,0.00,0.40,884.20,1585.20,0.00,0.00,0.00,33550.40,1571.80,0.00,6187.20,0.00,0.00,0.00,0.00,262.80,0.00,262.80,0.00,67100.80,14983936,0,16415984,52.28,67180,2433264,16382128,52.17,14459988,1620764,113792,13580948,111228,3352,31308,58076,0,0,0.00,0,0.00,7,405,6.63,4.96,3.94,0,262.80,0.00,67100.80,255.33,15.18,57.74,0.47,12.24,48.20,54.20,2.99,596.22,0.00,0.00,0.00,0.00
2018-01-05 13:01:58,95.75,0.00,3.35,0.00,0.00,0.00,0.90,0.00,0.00,0.00,0.00,2752.80,3731.20,0.00,0.00,0.00,189.60,8886.40,0.00,21012.20,0.00,0.00,0.00,0.00,3.80,0.00,3.80,0.00,379.20,14494432,0,16905488,53.84,67188,2547624,16382128,52.17,14817680,1738784,227852,13945508,114412,3344,31824,58076,0,0,0.00,0,0.00,15,404,7.30,5.13,4.00,0,3.80,0.00,379.20,99.79,0.00,1.26,0.21,0.08,2207.20,1255.40,14838.49,6844.69,0.00,0.00,0.00,0.00
2018-01-05 13:02:03,98.60,0.00,0.65,0.00,0.00,0.00,0.75,0.00,0.00,0.00,0.00,7115.00,3874.80,0.00,0.00,0.00,11117.60,772.40,0.00,10338.20,0.00,0.00,0.00,0.00,94.60,0.00,94.60,0.00,22235.20,14577380,0,16822540,53.58,67196,2547516,16164024,51.48,14744196,1737432,172564,13866928,114748,3344,31852,58076,0,0,0.00,0,0.00,8,404,7.27,5.16,4.02,0,94.60,0.00,22235.20,235.04,3.93,41.51,0.37,3.52,1961.20,1523.60,7717.40,16698.90,0.00,0.00,0.00,0.00
2018-01-05 13:02:08,96.30,0.00,0.60,0.00,0.00,0.00,0.40,0.00,0.00,2.70,0.00,1017.60,2395.00,0.00,0.00,0.00,32.80,96.40,0.00,3509.40,0.00,0.00,0.00,0.00,1.80,0.00,1.80,0.00,65.60,14609800,0,16790120,53.47,67200,2553900,16554748,52.72,14707672,1742828,178864,13829600,114772,3344,31816,58076,0,0,0.00,0,0.00,2,404,7.49,5.24,4.05,0,1.80,0.00,65.60,36.44,0.00,0.00,0.00,0.00,809.40,698.80,2128.36,7904.33,0.00,0.00,0.00,0.00
2018-01-05 13:02:13,78.32,0.00,1.61,0.05,0.10,0.00,1.51,0.00,0.00,18.41,0.00,1764.40,5336.60,0.00,0.00,0.00,204.80,3151.80,0.00,11655.00,0.00,0.00,0.00,0.00,2.20,0.00,2.20,0.00,409.60,14470476,0,16929444,53.92,67208,2640456,16554748,52.72,14762496,1823304,266456,13879060,116524,3344,31916,58076,0,0,0.00,0,0.00,4,404,7.37,5.25,4.06,0,2.20,0.00,409.60,186.18,0.00,2.18,0.36,0.08,2736.40,2143.00,15601.75,14904.39,0.00,0.00,0.00,0.00
2018-01-05 13:02:18,96.75,0.00,1.80,0.00,0.05,0.00,0.05,0.00,0.00,1.35,0.00,4157.20,1438.20,0.00,0.00,0.00,112.80,5514.20,0.00,6201.60,0.00,0.00,0.00,0.00,1.20,0.00,1.20,0.00,225.60,14293436,0,17106484,54.48,67216,2715052,16554748,52.72,14859236,1901908,340812,13978920,119148,3344,32108,58076,0,0,0.00,0,0.00,8,404,7.18,5.25,4.07,0,1.20,0.00,225.60,188.00,0.00,0.67,0.67,0.08,99.00,121.40,5.69,1891.37,0.00,0.00,0.00,0.00
2018-01-05 13:02:23,58.81,0.00,0.85,0.00,0.00,0.00,0.10,0.00,0.00,40.24,0.00,623.60,1085.00,0.00,0.00,0.00,114.40,2779.40,0.00,4754.40,0.00,0.00,0.00,0.00,1.40,0.00,1.40,0.00,228.80,14256960,0,17142960,54.60,67224,2786256,16879768,53.76,14826932,1969892,412024,13943836,120620,3344,32036,58076,0,0,0.00,0,0.00,1,404,6.77,5.19,4.06,0,1.40,0.00,228.80,163.43,0.00,0.00,0.00,0.00,106.20,96.80,235.32,966.37,0.00,0.00,0.00,0.00
2018-01-05 13:02:28,4.41,0.00,0.45,0.55,0.05,0.00,0.00,0.00,0.00,94.53,0.00,474.40,414.20,0.00,0.00,0.80,10785.60,2716.60,0.00,2755.00,0.00,0.00,0.00,0.00,85.00,0.20,84.80,1.60,21571.20,14235184,0,17164736,54.66,67224,2807140,16879768,53.76,14822800,1995420,379028,13943836,121504,3344,32036,58076,0,0,0.00,0,0.00,1,404,6.23,5.11,4.03,0,85.00,1.60,21571.20,253.80,5.79,68.15,1.25,10.64,2.80,4.40,0.22,2.22,0.00,0.00,0.00,0.00
2018-01-05 13:02:33,54.26,0.00,2.00,0.00,0.00,0.00,2.10,0.00,0.00,41.63,0.00,2006.80,5433.60,0.00,0.00,1.60,21684.80,2011.20,0.00,18659.00,0.00,0.00,0.00,0.00,172.00,0.40,171.60,3.20,43369.60,13921628,0,17478292,55.66,67240,2807172,16879768,53.76,15138952,1989652,270964,14256308,121520,3344,32460,58076,0,0,0.00,0,0.00,13,404,6.29,5.14,4.05,0,172.00,3.20,43369.60,252.17,15.75,91.57,0.69,11.84,6826.40,5214.20,39377.36,31848.12,0.00,0.00,0.00,0.00
2018-01-05 13:02:38,98.05,0.00,1.20,0.00,0.00,0.00,0.75,0.00,0.00,0.00,0.00,2711.00,3516.00,0.00,0.00,0.00,270.40,67.60,0.00,18300.20,0.00,0.00,0.00,0.00,12.20,0.00,12.20,0.00,540.80,13787304,0,17612616,56.09,67248,2807196,16249556,51.75,15273724,1989564,269860,14388848,121380,3248,32900,58076,0,0,0.00,0,0.00,4,392,6.51,5.20,4.08,0,12.20,0.00,540.80,44.33,0.03,2.30,0.07,0.08,1695.80,856.80,12699.95,4209.15,0.00,0.00,0.00,0.00
2018-01-05 13:02:43,99.55,0.00,0.35,0.00,0.00,0.00,0.00,0.00,0.00,0.10,0.00,1061.60,1410.60,0.00,0.00,0.00,10796.80,27.40,0.00,6467.00,0.00,0.00,0.00,0.00,85.80,0.00,85.80,0.00,21593.60,13910888,0,17489032,55.70,67260,2807220,16249556,51.75,15150804,1989540,215976,14265912,121424,3248,32656,58076,0,0,0.00,0,0.00,8,392,7.03,5.33,4.12,0,85.80,0.00,21593.60,251.67,3.89,45.35,0.67,5.76,63.60,65.80,3.70,824.76,0.00,0.00,0.00,0.00
2018-01-05 13:02:48,98.95,0.00,0.65,0.00,0.00,0.00,0.40,0.00,0.00,0.00,0.00,5394.60,2602.20,0.00,0.00,0.00,21600.00,42.40,0.00,2757.20,0.00,0.00,0.00,0.00,169.60,0.00,169.60,0.00,43200.00,13812276,0,17587644,56.01,67272,2807248,16213152,51.63,15241340,1989556,108188,14364592,121352,3248,32940,58076,0,0,0.00,0,0.00,11,392,7.58,5.47,4.18,0,169.60,0.00,43200.00,254.72,8.49,50.05,0.98,16.56,601.60,710.40,34.16,10612.95,0.00,0.00,0.00,0.00
2018-01-05 13:02:53,99.05,0.00,0.40,0.00,0.00,0.00,0.55,0.00,0.00,0.00,0.00,1080.40,2668.80,0.00,0.00,0.00,14.40,123.40,0.00,4440.80,0.00,0.00,0.00,0.00,0.60,0.00,0.60,0.00,28.80,13860716,0,17539204,55.86,67276,2810880,16728156,53.27,15198616,1992428,111844,14313004,121348,3248,32744,58076,0,0,0.00,0,0.00,9,392,7.54,5.50,4.19,0,0.60,0.00,28.80,48.00,0.00,0.00,0.00,0.00,845.60,941.80,46.93,13120.48,0.00,0.00,0.00,0.00
2018-01-05 13:02:58,98.75,0.00,0.60,0.00,0.00,0.00,0.45,0.00,0.00,0.20,0.00,836.80,2671.80,0.00,0.00,0.00,21590.40,14.00,0.00,4797.00,0.00,0.00,0.00,0.00,169.60,0.00,169.60,0.00,43180.80,13876784,0,17523136,55.81,67284,2829636,16694500,53.17,15168040,2007244,22728,14278404,121884,3248,32684,58076,0,0,0.00,0,0.00,4,392,7.25,5.47,4.19,0,169.60,0.00,43180.80,254.60,8.66,51.08,0.42,7.12,1034.60,704.00,6991.42,3209.37,0.00,0.00,0.00,0.00
2018-01-05 13:03:03,93.04,0.00,0.45,0.00,0.05,0.00,0.15,0.00,0.00,6.31,0.00,703.80,1898.20,0.00,0.00,0.00,12.80,20.00,0.00,1334.80,0.00,0.00,0.00,0.00,0.40,0.00,0.40,0.00,25.60,13851820,0,17548100,55.89,67292,2855436,16734448,53.29,15172112,2028188,48556,14278468,122352,3248,32680,58076,0,0,0.00,0,0.00,4,392,7.31,5.52,4.21,0,0.40,0.00,25.60,64.00,0.00,0.00,0.00,0.00,395.40,478.00,183.36,6646.64,0.00,0.00,0.00,0.00
2018-01-05 13:03:08,97.20,0.00,1.20,0.00,0.00,0.00,1.55,0.00,0.00,0.05,0.00,1890.00,5720.20,0.00,0.00,0.00,70.40,540.80,0.00,10751.60,0.00,0.00,0.00,0.00,1.80,0.00,1.80,0.00,140.80,13707284,0,17692636,56.35,67300,2898576,16780708,53.44,15267408,2061012,91480,14376944,123680,3248,32836,58076,0,0,0.00,0,0.00,6,392,7.37,5.56,4.23,0,1.80,0.00,140.80,78.22,0.00,0.00,0.00,0.00,3454.80,2021.80,25661.73,7980.91,0.00,0.00,0.00,0.00
2018-01-05 13:03:13,98.90,0.00,0.65,0.00,0.00,0.00,0.45,0.00,0.00,0.00,0.00,1080.60,2561.60,0.00,0.00,0.00,45.60,14.00,0.00,3866.00,0.00,0.00,0.00,0.00,7.20,0.00,7.20,0.00,91.20,13704736,0,17695184,56.35,67308,2920512,16780708,53.44,15265252,2079192,113496,14356732,123964,3248,32812,58076,0,0,0.00,0,0.00,4,392,7.10,5.53,4.23,0,7.20,0.00,91.20,12.67,0.00,0.11,0.11,0.08,820.20,614.60,4415.18,5520.56,0.00,0.00,0.00,0.00
2018-01-05 13:03:18,25.21,0.00,0.35,0.00,0.00,0.00,0.00,0.00,0.00,74.44,0.00,467.20,521.20,0.00,0.00,0.00,16.80,11.60,0.00,3485.80,0.00,0.00,0.00,0.00,0.60,0.00,0.60,0.00,33.60,13737268,0,17662652,56.25,67316,2956332,16780708,53.44,15202532,2108644,149156,14287592,125072,3248,32680,58076,0,0,0.00,0,0.00,0,392,6.53,5.44,4.21,0,0.60,0.00,33.60,56.00,0.00,0.00,0.00,0.00,2.80,4.40,0.21,3.49,0.00,0.00,0.00,0.00
2018-01-05 13:03:23,59.26,0.00,0.10,0.00,0.05,0.00,0.00,0.00,0.00,40.59,0.00,600.00,1065.80,0.00,0.00,0.00,4.80,10.80,0.00,710.80,0.00,0.00,0.00,0.00,0.40,0.00,0.40,0.00,9.60,13734680,0,17665240,56.26,67316,2956364,16780708,53.44,15202612,2108700,149224,14289724,125064,3248,32680,58076,0,0,0.00,0,0.00,5,392,6.17,5.38,4.20,0,0.40,0.00,9.60,24.00,0.00,0.00,0.00,0.00,86.80,64.40,699.59,7.77,0.00,0.00,0.00,0.00
2018-01-05 13:03:28,97.05,0.00,0.45,0.00,0.00,0.00,0.00,0.00,0.00,2.50,0.00,1549.40,1287.80,0.00,0.00,0.00,4473.60,32.80,0.00,4228.20,0.00,0.00,0.00,0.00,34.60,0.00,34.60,0.00,8665.60,13661008,0,17738912,56.49,67320,2956388,16780708,53.44,15268240,2108728,126816,14363528,125192,3248,32824,58076,0,0,0.00,0,0.00,5,392,6.15,5.39,4.21,0,34.60,0.00,8665.60,250.45,4.49,105.92,4.07,14.08,2.80,4.20,0.22,1.25,0.00,0.00,0.00,0.00
2018-01-05 13:03:33,53.59,0.00,0.10,1.91,0.00,0.00,0.00,0.00,0.00,44.41,0.00,454.60,895.60,0.00,0.00,0.80,13788.00,197.20,0.00,21.00,0.00,0.00,0.00,0.00,109.60,0.20,109.40,1.60,27857.60,13657304,0,17742616,56.51,67332,2956412,17724796,56.45,15282312,2108740,58336,14367320,125184,3248,32832,58076,0,0,0.00,0,0.00,2,392,5.82,5.34,4.19,0,109.60,1.60,27857.60,254.19,12.46,121.19,1.16,12.72,3.80,5.00,0.30,3.13,0.00,0.00,0.00,0.00
2018-01-05 13:03:38,48.27,0.00,0.20,0.00,0.05,0.00,0.00,0.00,0.00,51.48,0.00,539.00,762.20,0.00,0.00,0.00,28.80,12.60,0.00,154.00,0.00,0.00,0.00,0.00,1.60,0.00,1.60,0.00,57.60,13620308,0,17779612,56.62,67336,2994124,17724796,56.45,15286136,2139748,95792,14364768,126052,3248,32828,58076,0,0,0.00,0,0.00,1,392,5.52,5.28,4.18,0,1.60,0.00,57.60,36.00,0.00,0.00,0.00,0.00,3.00,4.60,0.23,2.41,0.00,0.00,0.00,0.00
2018-01-05 13:03:43,14.10,0.00,0.25,0.25,0.00,0.00,0.00,0.00,0.00,85.40,0.00,505.20,498.80,0.00,0.00,0.00,7617.60,9.00,0.00,840.80,0.00,0.00,0.00,0.00,64.00,0.00,64.00,0.00,15235.20,13583580,0,17816340,56.74,67340,3030628,17724796,56.45,15292576,2170148,94248,14364768,127096,3248,32828,58076,0,0,0.00,0,0.00,1,392,5.07,5.19,4.16,0,64.00,0.00,15235.20,238.05,2.22,34.71,0.30,1.92,4.00,5.60,0.32,3.04,0.00,0.00,0.00,0.00
2018-01-05 13:03:48,0.15,0.00,0.05,0.00,0.00,0.00,0.00,0.00,0.00,99.80,0.00,444.20,291.40,0.00,0.00,0.00,4012.80,10.80,0.00,19.40,0.00,0.00,0.00,0.00,32.00,0.00,32.00,0.00,8025.60,13583456,0,17816464,56.74,67348,3030648,17724796,56.45,15292548,2170140,74208,14364780,127104,3248,32828,58076,0,0,0.00,0,0.00,1,392,4.67,5.11,4.14,0,32.00,0.00,8025.60,250.80,1.00,31.30,0.38,1.20,2.60,3.80,0.20,1.15,0.00,0.00,0.00,0.00
2018-01-05 13:03:53,43.66,0.00,0.95,0.00,0.05,0.00,1.45,0.00,0.00,53.88,0.00,1585.20,3604.80,0.00,0.00,0.00,23.20,219.20,0.00,9317.40,0.00,0.00,0.00,0.00,1.40,0.00,1.40,0.00,46.40,13431556,0,17968364,57.22,67356,3030688,17724796,56.45,15388628,2168620,74448,14483820,127648,3248,33028,58076,0,0,0.00,0,0.00,7,392,5.09,5.19,4.17,0,1.40,0.00,46.40,33.14,0.00,0.00,0.00,0.00,3713.80,3126.00,20345.94,17275.48,0.00,0.00,0.00,0.00
2018-01-05 13:03:58,98.85,0.00,0.95,0.00,0.00,0.00,0.20,0.00,0.00,0.00,0.00,1620.40,1816.20,0.00,0.00,0.00,7.20,3066.60,0.00,4683.40,0.00,0.00,0.00,0.00,0.40,0.00,0.40,0.00,14.40,13042692,0,18357228,58.46,67364,3030712,17755748,56.55,15799936,2167792,74460,14904476,127424,3248,33748,58076,0,0,0.00,0,0.00,11,392,5.25,5.22,4.18,0,0.40,0.00,14.40,36.00,0.00,0.00,0.00,0.00,517.40,351.80,3079.70,2385.15,0.00,0.00,0.00,0.00
2018-01-05 13:04:03,99.30,0.00,0.60,0.00,0.00,0.00,0.10,0.00,0.00,0.00,0.00,894.60,1600.00,0.00,0.00,0.00,0.00,234.60,0.00,2313.20,0.00,0.00,0.00,0.00,0.00,0.00,0.00,0.00,0.00,12917932,0,18481988,58.86,67364,3030740,17699632,56.37,15932588,2167804,74488,15028908,127448,3248,34084,58076,0,0,0.00,0,0.00,10,392,5.39,5.25,4.20,0,0.00,0.00,0.00,0.00,0.00,0.00,0.00,0.00,192.20,238.80,11.55,2960.95,0.00,0.00,0.00,0.00
2018-01-05 13:04:08,98.70,0.00,0.60,0.00,0.00,0.00,0.70,0.00,0.00,0.00,0.00,971.60,3112.80,0.00,0.00,0.00,7559.20,91.60,0.00,2475.20,0.00,0.00,0.00,0.00,60.40,0.00,60.40,0.00,15118.40,12874124,0,18525796,59.00,67372,3067704,18107784,57.67,15972324,2198756,73828,15036032,128100,3248,34144,58076,0,0,0.00,0,0.00,10,392,5.28,5.23,4.20,0,60.40,0.00,15118.40,250.30,2.75,45.51,0.41,2.48,1146.00,1056.40,3342.13,10462.22,0.00,0.00,0.00,0.00
2018-01-05 13:04:13,96.39,0.00,0.15,0.00,0.00,0.00,0.05,0.00,0.00,3.41,0.00,748.60,1847.20,0.00,0.00,0.00,7312.00,9.60,0.00,1518.80,0.00,0.00,0.00,0.00,38.80,0.00,38.80,0.00,9860.80,12895668,0,18504252,58.93,67380,3067728,18058368,57.51,15950764,2198708,37456,15014420,128140,3248,34100,58076,0,0,0.00,0,0.00,8,392,5.17,5.21,4.20,0,39.00,0.00,9912.00,254.15,1.86,30.63,0.35,1.36,318.60,370.20,216.11,4431.13,0.00,0.00,0.00,0.00
2018-01-05 13:04:18,97.15,0.00,1.00,0.00,0.00,0.00,0.45,0.00,0.00,1.40,0.00,726.40,2664.80,0.00,0.00,0.00,61.60,82.40,0.00,2923.80,0.00,0.00,0.00,0.00,23.40,0.00,23.40,0.00,4886.40,12778292,0,18621628,59.30,67384,3181604,18089068,57.61,15969332,2293880,150888,15014328,130800,3248,34100,58076,0,0,0.00,0,0.00,3,392,5.24,5.22,4.21,0,23.20,0.00,4835.20,208.41,0.42,47.00,0.38,0.88,998.00,747.60,6372.60,3345.35,0.00,0.00,0.00,0.00
2018-01-05 13:04:23,59.52,0.00,0.55,0.00,0.00,0.00,0.20,0.00,0.00,39.73,0.00,703.80,1349.80,0.00,0.00,0.00,22.40,10.40,0.00,375.00,0.00,0.00,0.00,0.00,1.20,0.00,1.20,0.00,44.80,12693624,0,18706296,59.57,67392,3263932,18089068,57.61,15982280,2363268,233328,15014368,133012,3248,34100,58076,0,0,0.00,0,0.00,5,392,4.90,5.15,4.19,0,1.20,0.00,44.80,37.33,0.00,0.00,0.00,0.00,232.40,236.20,341.08,2617.60,0.00,0.00,0.00,0.00
2018-01-05 13:04:28,58.10,0.00,0.20,0.00,0.10,0.00,0.65,0.00,0.00,40.95,0.00,984.60,2629.20,0.00,0.00,0.00,15.20,115.00,0.00,5190.80,0.00,0.00,0.00,0.00,0.40,0.00,0.40,0.00,30.40,12713904,0,18686016,59.51,67400,3271440,18089068,57.61,15955812,2368620,240868,14985608,133276,3248,34040,58076,0,0,0.00,0,0.00,3,392,4.67,5.10,4.18,0,0.40,0.00,30.40,76.00,0.00,0.00,0.00,0.00,949.40,689.80,6910.38,1650.94,0.00,0.00,0.00,0.00
2018-01-05 13:04:33,53.61,0.00,0.10,0.00,0.00,0.00,0.00,0.00,0.00,46.29,0.00,428.40,743.80,0.00,0.00,0.00,4.00,8.80,0.00,1258.60,0.00,0.00,0.00,0.00,0.40,0.00,0.40,0.00,8.00,12738540,0,18661380,59.43,67404,3271464,18037352,57.44,15931156,2368636,240896,14960948,133308,3248,33992,58076,0,0,0.00,0,0.00,2,392,4.45,5.05,4.17,0,0.40,0.00,8.00,20.00,0.00,0.00,0.00,0.00,4.00,5.20,0.31,3.03,0.00,0.00,0.00,0.00
2018-01-05 13:04:38,48.32,0.00,0.30,0.00,0.00,0.00,0.00,0.00,0.00,51.38,0.00,443.00,709.20,0.00,0.00,0.00,8.00,10.20,0.00,589.40,0.00,0.00,0.00,0.00,0.40,0.00,0.40,0.00,16.00,12690676,0,18709244,59.58,67408,3329612,18002548,57.33,15929028,2417616,299044,14949664,134876,3248,33972,58076,0,0,0.00,0,0.00,1,392,4.18,4.98,4.15,0,0.40,0.00,16.00,40.00,0.00,0.00,0.00,0.00,3.00,4.60,0.23,2.28,0.00,0.00,0.00,0.00
2018-01-05 13:04:43,14.65,0.00,0.30,0.30,0.05,0.00,0.00,0.00,0.00,84.70,0.00,465.80,477.80,0.00,0.00,0.00,7424.00,10.40,0.00,177.60,0.00,0.00,0.00,0.00,59.20,0.00,59.20,0.00,14848.00,12633300,0,18766620,59.77,67416,3389524,18002548,57.33,15935376,2468124,321984,14946588,136496,3248,33972,58076,0,0,0.00,0,0.00,0,392,3.84,4.90,4.13,0,59.20,0.00,14848.00,250.81,2.85,48.08,1.18,6.96,4.20,5.80,0.33,2.92,0.00,0.00,0.00,0.00
2018-01-05 13:04:48,34.73,0.00,1.81,0.00,0.20,0.00,2.67,0.00,0.00,60.59,0.00,4055.20,7805.00,0.00,0.00,0.00,4.00,860.80,0.00,17818.60,0.00,0.00,0.00,0.00,0.20,0.00,0.20,0.00,8.00,12402320,0,18997600,60.50,67416,3389564,18002548,57.33,16138076,2464208,322096,15176092,137012,3248,34372,58076,0,0,0.00,0,0.00,8,392,3.86,4.88,4.13,0,0.20,0.00,8.00,40.00,0.00,0.00,0.00,0.00,6595.20,5511.60,38422.18,30312.74,0.00,0.00,0.00,0.00
2018-01-05 13:04:53,99.80,0.00,0.20,0.00,0.00,0.00,0.00,0.00,0.00,0.00,0.00,1042.20,1375.40,0.00,0.00,0.00,22870.40,25.60,0.00,13534.40,0.00,0.00,0.00,0.00,180.00,0.00,180.00,0.00,45740.80,12671324,0,18728596,59.65,67424,3389588,17999492,57.32,15899864,2464180,207936,14907076,136888,3248,33928,58076,0,0,0.00,0,0.00,5,392,3.87,4.87,4.13,0,180.00,0.00,45740.80,254.12,8.90,49.44,0.37,6.72,4.40,6.00,0.34,3.99,0.00,0.00,0.00,0.00
2018-01-05 13:04:58,99.40,0.00,0.20,0.00,0.00,0.00,0.40,0.00,0.00,0.00,0.00,1006.20,3187.60,0.00,0.00,0.00,17973.60,11.20,0.00,1807.60,0.00,0.00,0.00,0.00,150.00,0.00,150.00,0.00,35947.20,12683640,0,18716280,59.61,67432,3389612,17901300,57.01,15887860,2464196,118172,14895012,136600,3248,33880,58076,0,0,0.00,0,0.00,5,392,3.88,4.85,4.12,0,150.00,0.00,35947.20,239.65,6.05,40.32,0.44,6.64,1003.60,1151.60,56.17,15935.30,0.00,0.00,0.00,0.00
2018-01-05 13:05:03,98.90,0.00,0.40,0.00,0.00,0.00,0.70,0.00,0.00,0.00,0.40,787.80,2698.00,0.00,0.00,0.00,13.60,171.80,0.00,2812.80,0.00,0.00,0.00,0.00,0.40,0.00,0.40,0.00,27.20,12645396,0,18754524,59.73,67440,3426592,17901300,57.01,15894116,2494932,155220,14895032,137660,3248,33880,58076,0,0,0.00,0,0.00,8,392,3.97,4.86,4.13,0,0.40,0.00,27.20,68.00,0.00,2.00,2.00,0.08,1082.00,888.00,5709.90,5924.41,0.00,0.00,0.00,0.00
2018-01-05 13:05:08,99.15,0.00,0.35,0.00,0.00,0.00,0.45,0.00,0.00,0.05,0.00,722.20,2042.00,0.00,0.00,0.00,16.80,16.00,0.00,1504.20,0.00,0.00,0.00,0.00,0.40,0.00,0.40,0.00,33.60,12622172,0,18777748,59.80,67448,3468144,17964688,57.21,15881152,2530052,196832,14875664,138652,3248,33844,58076,0,0,0.00,0,0.00,5,392,3.97,4.84,4.13,0,0.40,0.00,33.60,84.00,0.00,0.00,0.00,0.00,436.80,512.80,24.64,7068.27,0.00,0.00,0.00,0.00
2018-01-05 13:05:13,96.25,0.00,2.00,0.00,0.00,0.00,1.75,0.00,0.00,0.00,0.00,2491.60,7047.80,0.00,0.00,0.00,23634.40,772.20,0.00,13017.40,0.00,0.00,0.00,0.00,186.00,0.00,186.00,0.00,47268.80,12441104,0,18958816,60.38,67456,3582376,18016820,57.38,15965620,2623384,193076,14939356,141756,3248,34104,58076,0,0,0.00,0,0.00,5,392,4.05,4.84,4.13,0,186.00,0.00,47268.80,254.13,11.13,59.83,0.45,8.40,3150.20,2084.60,22189.31,8326.00,0.00,0.00,0.00,0.00
2018-01-05 13:05:18,70.11,0.00,0.50,0.05,0.00,0.00,0.10,0.00,0.00,29.24,0.00,598.60,1362.60,0.00,0.00,0.00,22.40,12.20,0.00,4728.00,0.00,0.00,0.00,0.00,1.00,0.00,1.00,0.00,44.80,12479136,0,18920784,60.26,67464,3630376,17920924,57.07,15885736,2663732,241116,14851708,143300,3248,33844,58076,0,0,0.00,0,0.00,3,392,3.89,4.80,4.12,0,1.00,0.00,44.80,44.80,0.00,0.00,0.00,0.00,227.40,222.40,200.01,2827.71,0.00,0.00,0.00,0.00
2018-01-05 13:05:23,54.61,0.00,0.10,0.00,0.00,0.00,0.00,0.00,0.00,45.29,0.00,421.80,754.20,0.00,0.00,0.00,15.20,8.20,0.00,29.60,0.00,0.00,0.00,0.00,1.00,0.00,1.00,0.00,30.40,12479380,0,18920540,60.26,67468,3630404,17874524,56.93,15885552,2663780,241156,14851520,143276,3248,33800,58076,0,0,0.00,0,0.00,2,392,3.74,4.75,4.11,0,1.00,0.00,30.40,30.40,0.00,0.80,0.80,0.08,4.00,5.40,0.32,3.13,0.00,0.00,0.00,0.00
2018-01-05 13:05:28,43.52,0.00,0.45,0.00,0.05,0.00,0.00,0.00,0.00,55.97,0.00,445.40,677.60,0.00,0.00,0.00,52.80,10.60,0.00,126.60,0.00,0.00,0.00,0.00,1.20,0.00,1.20,0.00,105.60,12410764,0,18989156,60.48,67476,3699612,17874524,56.93,15894080,2721892,310196,14849468,145040,3248,33800,58076,0,0,0.00,0,0.00,1,392,3.60,4.70,4.10,0,1.20,0.00,105.60,88.00,0.00,0.00,0.00,0.00,3.00,4.80,0.23,2.28,0.00,0.00,0.00,0.00
2018-01-05 13:05:33,9.02,0.00,0.40,0.00,0.00,0.00,0.00,0.00,0.00,90.58,0.00,452.60,366.00,0.00,0.00,0.00,48.80,7.60,0.00,20.80,0.00,0.00,0.00,0.00,7.40,0.00,7.40,0.00,97.60,12360400,0,19039520,60.64,67484,3748512,17874524,56.93,15902068,2763272,358892,14849472,146592,3248,33800,58076,0,0,0.00,0,0.00,0,392,3.31,4.63,4.08,0,7.40,0.00,97.60,13.19,0.00,0.00,0.00,0.00,4.00,5.40,0.31,2.81,0.00,0.00,0.00,0.00
2018-01-05 13:05:38,60.39,0.00,1.61,0.25,0.10,0.00,2.47,0.00,0.00,35.18,4.20,3325.80,7226.40,0.00,0.00,0.00,7411.20,464.60,0.00,14766.40,0.00,0.00,0.00,0.00,58.80,0.00,58.80,0.00,14822.40,12303984,0,19095936,60.82,67492,3753276,17955284,57.18,15955936,2764324,326816,14899888,146792,3328,33800,58076,0,0,0.00,0,0.00,5,406,3.45,4.63,4.08,0,58.80,0.00,14822.40,252.08,2.52,42.80,0.38,2.24,6175.60,5119.80,27863.59,38377.08,0.00,0.00,0.00,0.00
2018-01-05 13:05:43,84.58,0.00,1.85,0.00,0.10,0.00,2.65,0.00,0.00,10.81,4.59,3615.77,9781.64,0.00,0.00,0.00,22095.81,460.08,0.00,23438.12,0.00,0.00,0.00,0.00,174.25,0.00,174.25,0.00,44191.62,12347656,0,19052264,60.68,67504,3772008,17908216,57.03,15898140,2779248,235080,14838252,147284,3408,33844,58076,0,0,0.00,0,0.00,1,404,3.49,4.62,4.08,0,174.25,0.00,44191.62,253.61,7.19,41.27,0.32,5.51,5885.83,4927.54,30412.78,33772.84,0.00,0.00,0.00,0.00
