timestamp,cpu.%usr,cpu.%nice,cpu.%sys,cpu.%iowait,cpu.%steal,cpu.%irq,cpu.%soft,cpu.%guest,cpu.%gnice,cpu.%idle,task.proc/s,task.cswch/s,intr.intr/s,swap.pswpin/s,swap.pswpout/s,paging.pgpgin/s,paging.pgpgout/s,paging.fault/s,paging.majflt/s,paging.pgfree/s,paging.pgscank/s,paging.pgscand/s,paging.pgsteal/s,paging.%vmeff,io.tps,io.rtps,io.wtps,io.bread/s,io.bwrtn/s,memory.kbmemfree,memory.kbavail,memory.kbmemused,memory.%memused,memory.kbbuffers,memory.kbcached,memory.kbcommit,memory.%commit,memory.kbactive,memory.kbinact,memory.kbdirty,memory.kbanonpg,memory.kbslab,memory.kbkstack,memory.kbpgtbl,memory.kbvmused,swap.kbswpfree,swap.kbswpused,swap.%swpused,swap.kbswpcad,swap.%swpcad,load.runq-sz,load.plist-sz,load.ldavg-1,load.ldavg-5,load.ldavg-15,load.blocked,disk.tps,disk.rd_sec/s,disk.wr_sec/s,disk.avgrq-sz,disk.avgqu-sz,disk.await,disk.svctm,disk.%util,network.rxpck/s,network.txpck/s,network.rxkB/s,network.txkB/s,network.rxcmp/s,network.txcmp/s,network.rxmcst/s,network.%ifutil
2018-01-06 04:01:44,0.15,0.00,0.15,0.40,0.05,0.00,0.00,0.00,0.00,99.25,0.20,302.40,285.00,0.00,0.00,0.00,10423.20,686.40,0.00,6722.60,0.00,0.00,0.00,0.00,82.80,0.00,82.80,0.00,20846.40,15189024,0,1244116,7.57,22044,467084,1280640,7.79,782244,289968,294432,582900,54684,2240,3516,31404,0,0,0.00,0,0.00,0,266,3.59,3.50,3.57,0,82.80,0.00,20846.40,251.77,4.58,55.35,3.42,28.32,5.00,5.80,0.52,0.83,0.00,0.00,0.00,0.00
2018-01-06 04:01:49,1.81,0.00,0.65,0.15,0.05,0.00,0.00,0.00,0.00,97.34,28.80,610.80,598.00,0.00,0.00,0.00,7004.00,15474.00,0.00,4952.60,0.00,0.00,0.00,0.00,56.80,0.00,56.80,0.00,14008.00,15180880,0,1252260,7.62,22044,466948,1250692,7.61,790704,289828,259508,591540,54628,2288,4540,31404,0,0,0.00,0,0.00,0,272,3.30,3.44,3.55,0,56.80,0.00,14008.00,246.62,1.93,33.96,0.31,1.76,15.40,17.00,3.19,2.93,0.00,0.00,0.00,0.00
2018-01-06 04:01:54,0.05,0.00,0.05,1.20,0.00,0.00,0.00,0.00,0.00,98.69,0.40,304.40,395.20,0.00,0.00,0.80,22446.40,19.40,0.00,61.80,0.00,0.00,0.00,0.00,176.80,0.20,176.60,1.60,44892.80,15180920,0,1252220,7.62,22052,466988,1250692,7.61,790716,289848,147456,591540,54600,2288,4540,31404,0,0,0.00,0,0.00,0,272,3.04,3.39,3.53,0,176.80,1.60,44892.80,253.93,8.12,45.94,0.43,7.60,8.20,9.60,2.62,3.36,0.00,0.00,0.00,0.00
2018-01-06 04:01:59,0.10,0.00,0.00,0.00,0.00,0.00,0.00,0.00,0.00,99.90,0.20,264.40,189.80,0.00,0.00,0.00,22.40,12.20,0.00,97.40,0.00,0.00,0.00,0.00,1.60,0.00,1.60,0.00,44.80,15180688,0,1252452,7.62,22060,467272,1250692,7.61,790732,290140,147732,591540,54584,2288,4540,31404,0,0,0.00,0,0.00,0,272,2.79,3.33,3.51,0,1.60,0.00,44.80,28.00,0.00,0.50,0.50,0.08,16.20,17.40,52.25,55.83,0.00,0.00,0.00,0.00
2018-01-06 04:02:04,76.65,0.00,3.16,0.00,0.10,0.00,0.05,0.00,0.00,20.04,31.60,2153.80,1941.60,0.00,0.00,0.00,29427.20,23378.00,0.00,9703.20,0.00,0.00,0.00,0.00,231.40,0.00,231.40,0.00,58854.40,14698040,0,1735100,10.56,22096,467936,2378480,14.47,1268780,290624,1444,1069452,55920,2976,7084,31404,0,0,0.00,0,0.00,12,363,2.97,3.36,3.52,0,231.40,0.00,58854.40,254.34,14.69,63.49,0.53,12.16,27.60,28.80,25.12,3.77,0.00,0.00,0.00,0.00
2018-01-06 04:02:09,97.55,0.00,2.35,0.00,0.00,0.00,0.00,0.00,0.00,0.10,9.60,3835.40,1736.40,0.00,0.00,0.00,66.40,4924.00,0.00,2650.60,0.00,0.00,0.00,0.00,1.00,0.00,1.00,0.00,132.80,14181980,0,2251160,13.70,22108,468440,2444296,14.87,1780556,291116,2120,1581128,56764,3272,8188,31404,0,0,0.00,0,0.00,6,395,3.53,3.47,3.55,0,1.00,0.00,132.80,132.80,0.03,31.20,10.40,1.04,13.60,18.00,4.95,2.52,0.00,0.00,0.00,0.00
2018-01-06 04:02:14,98.75,0.00,1.05,0.00,0.00,0.00,0.20,0.00,0.00,0.00,0.00,2307.40,1650.00,0.00,0.00,0.00,136.00,66.00,0.00,413.80,0.00,0.00,0.00,0.00,10.80,0.00,10.80,0.00,272.00,14187908,0,2245232,13.66,22120,468468,2444296,14.87,1774700,291136,1576,1575376,56784,3224,8188,31404,0,0,0.00,0,0.00,6,389,3.65,3.49,3.56,0,10.80,0.00,272.00,25.19,0.00,0.15,0.07,0.08,7.20,10.80,0.60,2.54,0.00,0.00,0.00,0.00
2018-01-06 04:02:19,95.24,0.00,1.75,0.00,0.00,0.00,0.00,0.00,0.00,3.01,2.60,1139.20,1374.00,0.00,0.00,0.00,17.60,301.80,0.00,12411.00,0.00,0.00,0.00,0.00,0.60,0.00,0.60,0.00,35.20,14300776,0,2132364,12.98,22128,596940,2148060,13.07,1661824,291208,130100,1333912,57672,3168,7384,31404,0,0,0.00,0,0.00,1,345,3.68,3.50,3.56,0,0.60,0.00,35.20,58.67,0.00,0.00,0.00,0.00,16.60,22.40,1.58,4.34,0.00,0.00,0.00,0.00
2018-01-06 04:02:24,78.71,0.00,3.06,0.00,0.05,0.00,0.00,0.00,0.00,18.17,28.40,2189.20,1793.40,0.00,0.00,0.00,81.60,22681.60,0.00,46918.60,0.00,0.00,0.00,0.00,1.80,0.00,1.80,0.00,163.20,14554464,0,1878676,11.43,22156,597132,2388408,14.53,1407616,290752,130488,1081252,57612,2944,7044,31404,0,0,0.00,0,0.00,14,358,3.70,3.51,3.56,0,1.80,0.00,163.20,90.67,0.01,7.11,3.11,0.56,27.80,28.00,5.07,3.98,0.00,0.00,0.00,0.00
2018-01-06 04:02:29,97.45,0.00,2.25,0.00,0.00,0.00,0.10,0.00,0.00,0.20,9.40,4033.80,1695.20,0.00,0.00,0.00,84.00,3150.40,0.00,1806.60,0.00,0.00,0.00,0.00,2.00,0.00,2.00,0.00,168.00,14068608,0,2364532,14.39,22168,597640,2454008,14.93,1892956,291256,130740,1564412,58380,3224,8152,31404,0,0,0.00,0,0.00,5,389,3.89,3.55,3.58,0,2.00,0.00,168.00,84.00,0.00,0.00,0.00,0.00,13.80,19.20,4.99,2.76,0.00,0.00,0.00,0.00
2018-01-06 04:02:34,99.05,0.00,0.80,0.00,0.00,0.00,0.10,0.00,0.00,0.05,0.00,2069.20,1382.20,0.00,0.00,0.00,106.40,58.40,0.00,311.20,0.00,0.00,0.00,0.00,1.80,0.00,1.80,0.00,212.80,14072524,0,2360616,14.36,22176,597664,2454008,14.93,1888912,291272,130364,1560484,58132,3224,8152,31404,0,0,0.00,0,0.00,5,389,3.90,3.56,3.58,0,1.80,0.00,212.80,118.22,0.00,0.00,0.00,0.00,6.20,9.20,0.52,2.35,0.00,0.00,0.00,0.00
2018-01-06 04:02:39,89.72,0.00,2.16,0.00,0.00,0.00,0.00,0.00,0.00,8.12,14.00,1508.80,1802.00,0.00,0.00,0.00,1176.80,2466.20,0.00,49871.40,0.00,0.00,0.00,0.00,13.20,0.00,13.20,0.00,2353.60,14899056,0,1534084,9.34,22188,726364,1535020,9.34,1058476,296628,253368,606388,60924,2888,4972,31404,0,0,0.00,0,0.00,1,285,3.99,3.58,3.59,0,13.20,0.00,2353.60,178.30,0.03,2.24,0.61,0.80,109.20,167.60,9.01,1144.23,0.00,0.00,0.00,0.09
2018-01-06 04:02:44,83.35,0.00,2.72,0.00,0.05,0.00,0.15,0.00,0.00,13.73,20.60,2106.00,2703.20,0.00,0.00,0.00,9261.60,19830.00,0.00,12351.40,0.00,0.00,0.00,0.00,93.00,0.00,93.00,0.00,18523.20,14403944,0,2029196,12.35,22216,725304,2429488,14.78,1507716,340984,207712,1101504,60748,3016,7020,31404,0,0,0.00,0,0.00,5,366,4.15,3.62,3.60,0,93.00,0.00,18523.20,199.17,0.21,2.22,0.69,6.40,1180.60,1371.40,5740.85,8638.02,0.00,0.00,0.00,0.71
2018-01-06 04:02:49,43.81,0.00,1.96,0.00,0.05,0.00,0.20,0.00,0.00,53.98,10.80,2162.80,2922.20,0.00,0.00,0.80,15981.60,7059.00,0.00,18920.80,0.00,0.00,0.00,0.00,157.00,0.20,156.80,1.60,31963.20,14256332,0,2176808,13.25,22252,724204,2478644,15.08,1592992,401392,128396,1247936,60956,3376,7548,31404,0,0,0.00,0,0.00,1,408,4.14,3.63,3.60,0,157.00,1.60,31963.20,203.60,1.03,6.55,0.35,5.44,2611.20,2243.20,17145.71,10480.52,0.00,0.00,0.00,1.40
2018-01-06 04:02:54,1.81,0.00,0.35,1.41,0.05,0.00,0.00,0.00,0.00,96.39,0.00,739.00,752.20,0.00,0.00,0.00,11228.80,35.40,0.00,708.80,0.00,0.00,0.00,0.00,90.20,0.00,90.20,0.00,22457.60,14256228,0,2176912,13.25,22260,724240,2478644,15.08,1590360,404404,72520,1248268,61056,3376,7548,31404,0,0,0.00,0,0.00,1,408,3.80,3.57,3.58,0,90.20,0.00,22457.60,248.98,6.65,73.74,0.61,5.52,170.20,163.00,897.51,659.18,0.00,0.00,0.00,0.07
2018-01-06 04:02:59,93.43,0.00,1.95,0.05,0.00,0.00,0.00,0.00,0.00,4.56,5.00,3029.40,1548.00,0.00,0.00,0.00,347.20,1455.80,0.00,1355.40,0.00,0.00,0.00,0.00,5.00,0.00,5.00,0.00,694.40,14063148,0,2369992,14.42,22268,856648,2494712,15.18,1778128,407748,203476,1307080,64264,3248,7616,31404,0,0,0.00,0,0.00,14,397,3.82,3.58,3.59,0,5.00,0.00,694.40,138.88,0.00,0.96,0.32,0.16,103.20,121.40,411.88,657.64,0.00,0.00,0.00,0.05
2018-01-06 04:03:04,98.35,0.00,1.55,0.00,0.00,0.00,0.10,0.00,0.00,0.00,2.00,4101.80,1839.20,0.00,0.00,0.00,668.80,7273.80,0.00,6414.40,0.00,0.00,0.00,0.00,7.20,0.00,7.20,0.00,1337.60,13954752,0,2478388,15.08,22276,893520,2510892,15.28,1843428,448520,237756,1377064,65012,3344,7848,31404,0,0,0.00,0,0.00,4,406,4.39,3.70,3.63,0,7.20,0.00,1337.60,185.78,0.01,1.56,0.56,0.40,91.40,161.80,6.36,1303.56,0.00,0.00,0.00,0.11
2018-01-06 04:03:09,98.05,0.00,1.80,0.00,0.00,0.00,0.15,0.00,0.00,0.00,1.00,5776.40,1609.60,0.00,0.00,0.00,9933.60,486.40,0.00,4198.00,0.00,0.00,0.00,0.00,78.80,0.00,78.80,0.00,19867.20,13890864,0,2542276,15.47,22284,983164,2510892,15.28,1820540,533340,277780,1349340,67212,3384,7824,31404,0,0,0.00,0,0.00,6,407,4.52,3.74,3.64,0,78.80,0.00,19867.20,252.12,2.58,32.80,0.27,2.16,6.40,9.80,0.52,2.51,0.00,0.00,0.00,0.00
2018-01-06 04:03:14,98.10,0.00,1.80,0.00,0.00,0.00,0.10,0.00,0.00,0.00,0.00,5797.40,1353.60,0.00,0.00,0.00,3395.20,102.60,0.00,2495.60,0.00,0.00,0.00,0.00,33.20,0.00,33.20,0.00,6790.40,13799104,0,2634036,16.03,22292,1074824,2510892,15.28,1824016,619920,352584,1347748,69592,3368,7824,31404,0,0,0.00,0,0.00,6,407,4.48,3.74,3.64,0,33.20,0.00,6790.40,204.53,0.70,21.16,0.22,0.72,6.20,9.00,0.51,2.53,0.00,0.00,0.00,0.00
2018-01-06 04:03:19,86.91,0.00,3.36,0.00,0.10,0.00,0.15,0.00,0.00,9.48,28.20,4670.20,2125.60,0.00,0.00,0.00,191.20,14611.00,0.00,50383.80,0.00,0.00,0.00,0.00,13.00,0.00,13.00,0.00,382.40,14349344,0,2083796,12.68,22324,996880,2345044,14.27,1223312,675044,274928,879152,67220,2832,6248,31404,0,0,0.00,0,0.00,7,341,4.44,3.75,3.64,0,13.00,0.00,382.40,29.42,0.01,1.11,0.12,0.16,72.80,113.00,8.38,657.39,0.00,0.00,0.00,0.05
2018-01-06 04:03:24,97.05,0.00,2.65,0.00,0.00,0.00,0.25,0.00,0.00,0.05,11.20,3011.40,2716.80,0.00,0.00,28.00,100.00,10523.20,0.00,14806.60,0.00,0.00,0.00,0.00,2.20,0.60,1.60,56.00,200.00,14036424,0,2396716,14.58,22336,1001036,2427600,14.77,1469216,741844,284772,1187464,66668,3040,7380,31404,0,0,0.00,0,0.00,6,367,5.05,3.88,3.69,0,2.20,56.00,200.00,116.36,0.02,8.00,2.91,0.64,2146.40,2229.00,12102.80,13192.34,0.00,0.00,0.00,1.08
2018-01-06 04:03:29,97.05,0.00,2.70,0.00,0.00,0.00,0.20,0.00,0.00,0.05,10.60,2950.40,2389.20,0.00,0.00,13.60,26.40,5324.20,0.00,9638.80,0.00,0.00,0.00,0.00,0.80,0.20,0.60,27.20,52.80,13793580,0,2639560,16.06,22348,1122860,2476760,15.07,1665912,784440,408712,1305224,68192,3232,7608,31404,0,0,0.00,0,0.00,14,394,4.96,3.88,3.69,0,0.80,27.20,52.80,100.00,0.00,0.00,0.00,0.00,1792.20,1531.40,12077.34,7707.78,0.00,0.00,0.00,0.99
2018-01-06 04:03:34,97.40,0.00,2.45,0.00,0.00,0.00,0.15,0.00,0.00,0.00,2.40,4883.80,2421.40,0.00,0.00,14.40,54890.40,8835.00,0.00,10567.00,0.00,0.00,0.00,0.00,431.80,0.40,431.40,28.80,109780.80,13724240,0,2708900,16.48,22356,1158688,2509964,15.27,1693996,824392,170448,1338068,68832,3344,7812,31404,0,0,0.00,0,0.00,8,406,5.13,3.94,3.71,0,431.80,28.80,109780.80,254.31,54.39,125.96,0.92,39.92,65.80,160.00,4.66,1302.62,0.00,0.00,0.00,0.11
2018-01-06 04:03:39,97.85,0.00,1.95,0.00,0.00,0.00,0.20,0.00,0.00,0.00,1.00,5589.60,2306.80,0.00,0.00,0.00,26.40,402.80,0.00,3983.80,0.00,0.00,0.00,0.00,0.80,0.00,0.80,0.00,52.80,13641052,0,2792088,16.99,22364,1248000,2509964,15.27,1691364,908828,259740,1330760,71060,3384,7828,31404,0,0,0.00,0,0.00,5,408,5.04,3.94,3.71,0,0.80,0.00,52.80,66.00,0.01,14.00,14.00,1.12,6.40,9.40,0.51,2.33,0.00,0.00,0.00,0.00
2018-01-06 04:03:44,97.80,0.00,1.90,0.00,0.00,0.00,0.25,0.00,0.00,0.05,0.00,5693.00,1956.60,0.00,0.00,26.40,8.80,72.40,0.00,2982.00,0.00,0.00,0.00,0.00,0.80,0.40,0.40,52.80,17.60,13534464,0,2898676,17.64,22372,1339072,2509964,15.27,1702788,1001576,351044,1343380,73256,3368,7840,31404,0,0,0.00,0,0.00,4,407,5.19,3.99,3.73,0,0.80,52.80,17.60,88.00,0.00,1.00,1.00,0.08,95.80,161.00,6.59,1301.46,0.00,0.00,0.00,0.11
2018-01-06 04:03:49,52.74,0.00,1.66,0.00,0.05,0.00,0.05,0.00,0.00,45.50,10.80,4177.00,1839.20,0.00,0.00,18.40,59.20,1245.40,0.00,45994.20,0.00,0.00,0.00,0.00,2.60,0.20,2.40,36.80,118.40,14349624,0,2083516,12.68,22384,1263020,1260564,7.67,839660,1054844,274912,609096,70588,2360,4504,31404,0,0,0.00,0,0.00,0,271,5.66,4.10,3.77,0,2.60,36.80,118.40,59.69,0.00,0.00,0.00,0.00,55.20,107.00,4.90,655.42,0.00,0.00,0.00,0.05
2018-01-06 04:03:54,0.05,0.00,0.05,0.00,0.00,0.00,0.00,0.00,0.00,99.90,0.00,254.40,170.80,0.00,0.00,0.00,131.20,10.20,0.00,34.00,0.00,0.00,0.00,0.00,10.80,0.00,10.80,0.00,262.40,14349880,0,2083260,12.68,22396,1263044,1260564,7.67,839444,1054824,274404,608840,70464,2272,4588,31404,0,0,0.00,0,0.00,0,270,5.21,4.04,3.75,0,10.80,0.00,262.40,24.30,0.00,0.22,0.07,0.08,4.00,5.20,0.31,0.99,0.00,0.00,0.00,0.00
2018-01-06 04:03:59,0.05,0.00,0.10,1.40,0.05,0.00,0.00,0.00,0.00,98.40,0.00,274.00,389.40,0.00,0.00,0.80,27463.20,8.80,0.00,35.80,0.00,0.00,0.00,0.00,216.40,0.20,216.20,1.60,54828.80,14349880,0,2083260,12.68,22404,1263060,1260564,7.67,839452,1054852,137104,608840,70460,2264,4588,31404,0,0,0.00,0,0.00,1,269,4.79,3.97,3.72,0,216.40,1.60,54828.80,253.38,14.12,64.63,0.60,13.04,4.40,5.80,0.34,1.10,0.00,0.00,0.00,0.00
2018-01-06 04:04:04,0.20,0.00,0.10,1.51,0.05,0.00,0.00,0.00,0.00,98.14,0.80,327.00,443.40,0.00,0.00,0.80,27449.60,26.20,0.00,134.00,0.00,0.00,0.00,0.00,190.60,0.20,190.40,1.60,48580.80,14349968,0,2083172,12.68,22420,1263096,1260564,7.67,839464,1054880,644,608840,70456,2272,4588,31404,0,0,0.00,0,0.00,0,270,4.41,3.90,3.70,0,190.80,1.60,48632.00,254.89,9.17,37.93,0.39,7.52,19.00,21.00,54.31,57.98,0.00,0.00,0.00,0.00
2018-01-06 04:04:09,0.05,0.00,0.15,0.00,0.00,0.00,0.00,0.00,0.00,99.80,0.20,264.80,198.40,0.00,0.00,0.00,41.60,11.40,0.00,12399.80,0.00,0.00,0.00,0.00,26.40,0.00,26.40,0.00,6499.20,14587408,0,1845732,11.23,22432,1017080,1260564,7.67,849640,809040,520,619180,69156,2272,4588,31404,0,0,0.00,0,0.00,0,270,4.05,3.84,3.68,0,26.20,0.00,6448.00,246.11,2.19,162.29,1.31,3.44,4.20,5.00,0.32,0.97,0.00,0.00,0.00,0.00
2018-01-06 04:04:14,91.52,0.00,3.36,0.00,0.05,0.00,0.00,0.00,0.00,5.07,32.40,2441.60,1769.20,0.00,0.00,0.00,0.00,24120.00,0.00,10105.20,0.00,0.00,0.00,0.00,0.00,0.00,0.00,0.00,0.00,14048752,0,2384388,14.51,22452,1017740,2353176,14.32,1385016,809528,1376,1154360,70032,3024,7216,31404,0,0,0.00,0,0.00,13,365,4.45,3.92,3.71,0,0.00,0.00,0.00,0.00,0.00,0.00,0.00,0.00,26.40,28.80,25.03,3.79,0.00,0.00,0.00,0.00
2018-01-06 04:04:19,97.45,0.00,2.35,0.00,0.00,0.00,0.10,0.00,0.00,0.10,8.80,4693.20,1763.40,0.00,0.00,0.00,61.60,2333.80,0.00,1679.80,0.00,0.00,0.00,0.00,1.00,0.00,1.00,0.00,123.20,13603380,0,2829760,17.22,22464,1018244,2402084,14.62,1826580,810024,2056,1595896,71056,3256,8184,31404,0,0,0.00,0,0.00,4,393,4.57,3.96,3.73,0,1.00,0.00,123.20,123.20,0.02,20.00,9.60,0.96,13.20,18.60,4.95,2.73,0.00,0.00,0.00,0.00
2018-01-06 04:04:24,98.00,0.00,1.90,0.00,0.00,0.00,0.10,0.00,0.00,0.00,0.00,2910.80,1434.20,0.00,0.00,0.00,20.80,90.80,0.00,566.20,0.00,0.00,0.00,0.00,1.00,0.00,1.00,0.00,41.60,13604916,0,2828224,17.21,22472,1018268,2402084,14.62,1824756,810040,2072,1594072,70784,3208,8184,31404,0,0,0.00,0,0.00,5,387,5.33,4.12,3.78,0,1.00,0.00,41.60,41.60,0.00,0.00,0.00,0.00,6.40,9.60,0.52,2.52,0.00,0.00,0.00,0.00
2018-01-06 04:04:29,98.25,0.00,1.75,0.00,0.00,0.00,0.00,0.00,0.00,0.00,0.00,769.00,1256.80,0.00,0.00,0.00,14.40,122.40,0.00,172.20,0.00,0.00,0.00,0.00,0.60,0.00,0.60,0.00,28.80,13425656,0,3007484,18.30,22480,1197584,2402084,14.62,2003656,810096,181380,1593856,73364,3144,8184,31404,0,0,0.00,0,0.00,5,379,5.22,4.12,3.78,0,0.60,0.00,28.80,48.00,0.00,0.00,0.00,0.00,7.00,10.80,0.57,2.69,0.00,0.00,0.00,0.00
2018-01-06 04:04:34,97.20,0.00,2.80,0.00,0.00,0.00,0.00,0.00,0.00,0.00,3.20,1650.60,1408.60,0.00,0.00,0.00,120.80,592.00,0.00,469.20,0.00,0.00,0.00,0.00,9.20,0.00,9.20,0.00,241.60,13186992,0,3246148,19.75,22488,1427568,2402084,14.62,2236024,810104,410868,1596948,78996,3240,8212,31404,0,0,0.00,0,0.00,4,391,5.12,4.12,3.78,0,9.20,0.00,241.60,26.26,0.00,0.26,0.09,0.08,6.00,9.00,0.51,2.58,0.00,0.00,0.00,0.00
2018-01-06 04:04:39,80.34,0.00,3.07,0.05,0.05,0.00,0.00,0.00,0.00,16.49,24.40,2698.00,2024.20,0.00,0.00,0.00,113.60,13226.20,0.00,67042.20,0.00,0.00,0.00,0.00,2.80,0.00,2.80,0.00,227.20,14021840,0,2411300,14.67,22516,1276708,2057064,12.52,1408544,809700,259772,919032,75652,2728,6080,31404,0,0,0.00,0,0.00,3,329,4.87,4.09,3.77,0,2.80,0.00,227.20,81.14,0.00,0.00,0.00,0.00,27.20,29.60,4.43,4.42,0.00,0.00,0.00,0.00
2018-01-06 04:04:44,96.75,0.00,2.75,0.00,0.00,0.00,0.25,0.00,0.00,0.25,15.00,3307.20,1941.40,0.00,0.00,0.00,1992.00,12140.20,0.00,8434.40,0.00,0.00,0.00,0.00,17.80,0.00,17.80,0.00,3984.00,13544956,0,2888184,17.58,22536,1277064,2391944,14.56,1849932,819456,250800,1386288,76352,3152,7716,31404,0,0,0.00,0,0.00,14,385,5.44,4.22,3.82,0,17.80,0.00,3984.00,223.82,0.06,3.37,0.67,1.20,509.20,398.80,3657.56,1317.18,0.00,0.00,0.00,0.30
2018-01-06 04:04:49,69.93,0.00,1.06,0.00,0.05,0.00,0.20,0.00,0.00,28.75,3.20,2458.60,2549.80,0.00,0.00,0.00,3341.60,863.20,0.00,5932.80,0.00,0.00,0.00,0.00,30.80,0.00,30.80,0.00,6683.20,13515892,0,2917248,17.75,22548,1277280,2424848,14.76,1883836,835868,234332,1419928,76320,3288,7848,31404,0,0,0.00,0,0.00,2,397,5.33,4.21,3.82,0,30.80,0.00,6683.20,216.99,0.09,2.96,1.25,3.84,1061.00,779.60,7859.29,2619.08,0.00,0.00,0.00,0.64
2018-01-06 04:04:54,56.32,0.00,2.01,0.00,0.05,0.00,0.00,0.00,0.00,41.62,1.60,1124.80,1367.80,0.00,0.00,0.00,11.20,107.40,0.00,690.20,0.00,0.00,0.00,0.00,0.40,0.00,0.40,0.00,22.40,13306980,0,3126160,19.02,22556,1485612,2424848,14.76,2088764,835916,442668,1416836,80444,3304,7856,31404,0,0,0.00,0,0.00,3,399,5.06,4.18,3.81,0,0.40,0.00,22.40,56.00,0.00,0.00,0.00,0.00,105.20,60.40,819.19,6.59,0.00,0.00,0.00,0.07
2018-01-06 04:04:59,66.40,0.00,2.67,0.00,0.10,0.00,0.15,0.00,0.00,30.68,19.80,2084.20,2701.40,0.00,0.00,0.80,5503.20,14452.80,0.00,44119.80,0.00,0.00,0.00,0.00,49.40,0.20,49.20,1.60,11006.40,13572504,0,2860636,17.41,22576,1406448,2402684,14.62,1797364,863000,336336,1231576,78632,3272,7448,31404,0,0,0.00,0,0.00,1,396,4.90,4.16,3.80,0,49.40,1.60,11006.40,222.83,0.09,1.77,0.44,2.16,1301.00,1005.40,8733.68,3912.30,0.00,0.00,0.00,0.72
2018-01-06 04:05:04,6.07,0.00,0.81,0.00,0.10,0.00,0.35,0.00,0.00,92.67,3.40,1716.20,2253.40,0.00,0.00,0.00,7862.40,940.00,0.00,16307.20,0.00,0.00,0.00,0.00,69.00,0.00,69.00,0.00,15724.80,13511496,0,2921644,17.78,22588,1406728,2419132,14.72,1816056,902200,297732,1291008,78872,3368,7596,31404,0,0,0.00,0,0.00,0,406,4.50,4.09,3.78,0,69.00,0.00,15724.80,227.90,0.22,3.26,0.43,2.96,2804.00,2272.40,21016.25,7032.90,0.00,0.00,0.00,1.72
2018-01-06 04:05:09,1.56,0.00,0.35,5.28,0.10,0.00,0.00,0.00,0.00,92.71,0.00,746.00,954.00,0.00,0.00,0.00,39991.20,32.60,0.00,2911.60,0.00,0.00,0.00,0.00,322.00,0.00,322.00,0.00,79982.40,13483076,0,2950064,17.95,22596,1404536,2419132,14.72,1840172,908724,97544,1321872,78728,3360,7676,31404,0,0,0.00,0,0.00,1,406,4.14,4.02,3.76,0,322.00,0.00,79982.40,248.39,31.34,97.33,0.72,23.28,100.60,217.40,7.44,1746.36,0.00,0.00,0.00,0.14
2018-01-06 04:05:14,1.22,0.00,0.41,0.05,0.10,0.00,0.00,0.00,0.00,98.23,0.40,1767.80,2278.80,0.00,0.00,0.00,2774.40,43.20,0.00,7188.60,0.00,0.00,0.00,0.00,31.60,0.00,31.60,0.00,5548.80,13449564,0,2983576,18.16,22612,1397460,2419132,14.72,1841196,941712,84020,1362868,77920,3368,7756,31404,0,0,0.00,0,0.00,0,407,3.81,3.95,3.74,0,31.60,0.00,5548.80,175.59,0.05,1.47,0.28,0.88,639.40,1965.60,42.78,17042.12,0.00,0.00,0.00,1.40
2018-01-06 04:05:19,1.02,0.00,0.31,0.15,0.10,0.00,0.00,0.00,0.00,98.42,0.00,2378.60,2754.20,0.00,0.00,0.00,98.40,28.80,0.00,6078.00,0.00,0.00,0.00,0.00,2.40,0.00,2.40,0.00,196.80,13410560,0,3022580,18.39,22620,1397472,2419132,14.72,1861768,941732,83620,1401868,77904,3368,7832,31404,0,0,0.00,0,0.00,0,407,3.51,3.89,3.72,0,2.40,0.00,196.80,82.00,0.03,11.00,11.00,2.64,583.00,2136.00,38.26,18640.11,0.00,0.00,0.00,1.53
2018-01-06 04:05:24,1.30,0.00,0.10,0.00,0.05,0.00,0.10,0.00,0.00,98.44,0.00,762.20,720.40,0.00,0.00,0.00,636.80,16.40,0.00,1542.40,0.00,0.00,0.00,0.00,5.80,0.00,5.80,0.00,1273.60,13412764,0,3020376,18.38,22620,1395240,2419132,14.72,1869768,949892,80612,1401800,77872,3352,7832,31404,0,0,0.00,0,0.00,0,405,3.23,3.82,3.70,0,5.80,0.00,1273.60,219.59,0.02,3.31,0.55,0.32,347.60,390.60,1943.38,2114.56,0.00,0.00,0.00,0.17
2018-01-06 04:05:29,35.41,0.00,1.26,0.50,0.05,0.00,0.05,0.00,0.00,62.73,0.00,1086.60,1445.40,0.00,0.00,0.00,15952.80,51.40,0.00,4050.40,0.00,0.00,0.00,0.00,128.40,0.00,128.40,0.00,31905.60,13320840,0,3112300,18.94,22632,1503864,2419132,14.72,1951732,960868,113728,1386472,79400,3064,7808,31404,0,0,0.00,0,0.00,4,369,2.97,3.76,3.68,0,128.40,0.00,31905.60,248.49,4.64,36.17,0.28,3.60,697.20,682.40,4527.08,3090.58,0.00,0.00,0.00,0.37
2018-01-06 04:05:34,97.50,0.00,2.40,0.00,0.00,0.00,0.10,0.00,0.00,0.00,6.60,2126.00,1599.20,0.00,0.00,0.00,127.20,2472.00,0.00,4229.60,0.00,0.00,0.00,0.00,5.40,0.00,5.40,0.00,254.40,13078568,0,3354572,20.41,22640,1644264,2435188,14.82,2171584,978064,260252,1482728,83580,3312,7984,31404,0,0,0.00,0,0.00,8,402,3.37,3.83,3.71,0,5.40,0.00,254.40,47.11,0.00,0.00,0.00,0.00,255.80,574.40,17.62,4824.52,0.00,0.00,0.00,0.40
2018-01-06 04:05:39,96.30,0.00,1.70,0.00,0.00,0.00,0.00,0.00,0.00,2.00,4.20,2496.80,1496.60,0.00,0.00,0.00,27.20,5832.60,0.00,20260.00,0.00,0.00,0.00,0.00,1.00,0.00,1.00,0.00,54.40,13346188,0,3086952,18.78,22648,1584600,2113140,12.86,1900564,983152,200704,1276664,82184,3368,7172,31404,0,0,0.00,0,0.00,4,375,3.66,3.88,3.72,0,1.00,0.00,54.40,54.40,0.00,0.00,0.00,0.00,10.80,15.20,1.19,4.04,0.00,0.00,0.00,0.00
2018-01-06 04:05:44,89.30,0.00,3.82,0.00,0.05,0.00,0.10,0.00,0.00,6.73,30.80,2551.20,2124.40,0.00,0.00,0.00,79.20,20065.40,0.00,52278.60,0.00,0.00,0.00,0.00,4.40,0.00,4.40,0.00,158.40,13768108,0,2665032,16.22,22680,1386984,2362716,14.38,1468812,997992,8140,1057176,76304,2904,6960,31404,0,0,0.00,0,0.00,17,362,4.09,3.97,3.75,0,4.40,0.00,158.40,36.00,0.00,0.00,0.00,0.00,213.80,457.00,66.56,3591.30,0.00,0.00,0.00,0.29
2018-01-06 04:05:49,94.70,0.00,4.20,0.00,0.00,0.00,1.00,0.00,0.00,0.10,12.20,3116.80,3703.80,0.00,0.00,0.80,62.40,8471.40,0.00,35084.40,0.00,0.00,0.00,0.00,1.20,0.20,1.00,1.60,124.80,13427712,0,3005428,18.29,22692,1492388,2412136,14.68,1703764,1103648,144004,1292476,76516,3168,7616,31404,0,0,0.00,0,0.00,11,373,4.32,4.02,3.77,0,1.20,1.60,124.80,105.33,0.02,16.67,6.00,0.72,6622.60,4578.80,48178.73,23582.32,0.00,0.00,0.00,3.95
2018-01-06 04:05:54,97.20,0.00,2.55,0.00,0.00,0.00,0.20,0.00,0.00,0.05,5.60,2162.20,1760.20,0.00,0.00,0.00,32.00,3713.20,0.00,6584.20,0.00,0.00,0.00,0.00,0.80,0.00,0.80,0.00,64.00,13127120,0,3306020,20.12,22704,1608856,2412136,14.68,1971600,1131744,267396,1473588,78436,3296,8004,31404,0,0,0.00,0,0.00,6,401,4.62,4.08,3.79,0,0.80,0.00,64.00,80.00,0.00,0.00,0.00,0.00,323.20,819.40,22.04,6991.81,0.00,0.00,0.00,0.57
2018-01-06 04:05:59,90.89,0.00,1.90,0.00,0.00,0.00,0.05,0.00,0.00,7.16,4.00,2554.80,1780.40,0.00,0.00,0.00,31.20,4581.80,0.00,20699.80,0.00,0.00,0.00,0.00,1.80,0.00,1.80,0.00,62.40,13412820,0,3020320,18.38,22712,1536720,2124060,12.93,1677072,1144832,196864,1262768,77332,3104,7188,31404,0,0,0.00,0,0.00,4,374,5.05,4.18,3.83,0,1.80,0.00,62.40,34.67,0.00,0.00,0.00,0.00,97.40,238.00,6.99,1928.07,0.00,0.00,0.00,0.16
2018-01-06 04:06:04,12.36,0.00,0.65,0.10,0.05,0.00,0.00,0.00,0.00,86.84,7.80,1017.20,927.20,0.00,0.00,231.20,56.80,940.00,0.00,43437.60,0.00,0.00,0.00,0.00,4.00,2.40,1.60,462.40,113.60,14254568,0,2178572,13.26,22732,1356488,1219760,7.42,842112,1146472,15832,609356,72148,2264,4568,31404,0,0,0.00,0,0.00,0,269,4.64,4.11,3.80,0,4.00,462.40,113.60,144.00,0.01,2.00,1.00,0.40,61.20,131.60,4.86,964.63,0.00,0.00,0.00,0.08
2018-01-06 04:06:09,0.05,0.00,0.00,0.00,0.00,0.00,0.00,0.00,0.00,99.95,0.00,252.40,181.20,0.00,0.00,0.00,1548.00,8.80,0.00,32.60,0.00,0.00,0.00,0.00,15.40,0.00,15.40,0.00,3096.00,14254568,0,2178572,13.26,22744,1356512,1219760,7.42,842116,1146496,8328,609356,72144,2264,4568,31404,0,0,0.00,0,0.00,1,269,4.27,4.05,3.78,0,15.40,0.00,3096.00,201.04,0.15,9.51,0.26,0.40,4.20,5.40,0.32,1.00,0.00,0.00,0.00,0.00
2018-01-06 04:06:14,0.05,0.00,0.05,0.00,0.00,0.00,0.00,0.00,0.00,99.90,0.60,301.00,226.20,0.00,0.00,0.00,23.20,21.60,0.00,122.80,0.00,0.00,0.00,0.00,1.20,0.00,1.20,0.00,46.40,14254464,0,2178676,13.26,22752,1356780,1219760,7.42,842184,1146680,8600,609420,72112,2256,4568,31404,0,0,0.00,0,0.00,0,269,3.93,3.98,3.76,0,1.20,0.00,46.40,38.67,0.00,0.00,0.00,0.00,19.80,22.20,56.28,61.10,0.00,0.00,0.00,0.01
2018-01-06 04:06:19,55.12,0.00,2.66,0.05,0.05,0.00,0.00,0.00,0.00,42.13,30.20,1784.40,1294.80,0.00,0.00,0.00,124.80,20729.60,0.00,52281.00,0.00,0.00,0.00,0.00,9.20,0.00,9.20,0.00,249.60,14694980,0,1738160,10.58,22784,485892,2306744,14.04,1254736,305980,8900,1052236,57144,2920,6692,31404,0,0,0.00,0,0.00,8,354,3.61,3.91,3.74,0,9.20,0.00,249.60,27.13,0.02,2.35,0.09,0.08,20.60,21.00,24.20,2.70,0.00,0.00,0.00,0.00
2018-01-06 04:06:24,97.55,0.00,2.20,0.00,0.00,0.00,0.00,0.00,0.00,0.25,11.40,3063.40,1598.00,0.00,0.00,0.00,116.80,6896.80,0.00,4048.40,0.00,0.00,0.00,0.00,2.00,0.00,2.00,0.00,233.60,14158464,0,2274676,13.84,22796,486416,2372272,14.44,1785776,306444,9512,1587036,57972,3264,8144,31404,0,0,0.00,0,0.00,8,394,3.97,3.98,3.77,0,2.00,0.00,233.60,116.80,0.02,10.00,3.60,0.72,18.00,25.00,5.74,3.42,0.00,0.00,0.00,0.00
2018-01-06 04:06:29,98.70,0.00,1.05,0.00,0.00,0.00,0.20,0.00,0.00,0.05,0.00,3178.00,1764.20,0.00,0.00,0.00,1164.80,84.40,0.00,571.80,0.00,0.00,0.00,0.00,10.80,0.00,10.80,0.00,2329.60,14154700,0,2278440,13.86,22808,486440,2372272,14.44,1792120,306464,3884,1589396,58152,3216,8176,31404,0,0,0.00,0,0.00,5,388,4.05,4.00,3.77,0,10.80,0.00,2329.60,215.70,0.06,5.78,0.22,0.24,7.40,11.60,0.63,2.67,0.00,0.00,0.00,0.00
2018-01-06 04:06:34,98.95,0.00,0.95,0.00,0.00,0.00,0.00,0.00,0.00,0.10,0.00,674.80,1241.60,0.00,0.00,0.00,392.00,116.40,0.00,179.40,0.00,0.00,0.00,0.00,3.80,0.00,3.80,0.00,784.00,14076348,0,2356792,14.34,22816,567884,2372272,14.44,1872556,306524,83452,1589132,58072,3152,8176,31404,0,0,0.00,0,0.00,4,380,4.04,4.00,3.77,0,3.80,0.00,784.00,206.32,0.02,4.00,2.11,0.80,7.00,10.00,0.54,2.21,0.00,0.00,0.00,0.00
2018-01-06 04:06:39,87.25,0.00,3.61,0.00,0.05,0.00,0.05,0.00,0.00,9.04,30.20,2521.00,2029.20,0.00,0.00,0.00,88.00,20684.20,0.00,56665.60,0.00,0.00,0.00,0.00,2.00,0.00,2.00,0.00,176.00,14530304,0,1902836,11.58,22848,615100,2343608,14.26,1419868,306100,130748,1088020,58216,2912,6908,31404,0,0,0.00,0,0.00,12,353,4.52,4.10,3.81,0,2.00,0.00,176.00,88.00,0.00,2.00,0.80,0.16,33.40,36.80,5.56,5.57,0.00,0.00,0.00,0.00
2018-01-06 04:06:44,97.85,0.00,1.95,0.00,0.00,0.00,0.05,0.00,0.00,0.15,10.38,3517.37,1800.00,0.00,0.00,0.00,280.24,3513.57,0.00,1462.48,0.00,0.00,0.00,0.00,3.19,0.00,3.19,0.00,397.60,14024884,0,2408256,14.65,22860,615616,2392028,14.56,1920700,307676,129932,1589932,58912,3224,8172,31404,0,0,0.00,0,0.00,5,389,4.64,4.13,3.82,0,3.19,0.00,397.60,124.50,0.04,11.00,9.50,3.03,25.95,42.51,6.11,169.27,0.00,0.00,0.00,0.01
2018-01-06 04:06:49,98.90,0.00,0.95,0.00,0.00,0.00,0.10,0.00,0.00,0.05,0.00,2410.20,1715.80,0.00,0.00,0.00,551.20,63.80,0.00,565.80,0.00,0.00,0.00,0.00,15.60,0.00,15.60,0.00,1265.60,14026764,0,2406376,14.64,22868,615640,2392028,14.56,1915824,309812,127348,1587276,58724,3224,8180,31404,0,0,0.00,0,0.00,6,389,4.75,4.16,3.83,0,15.60,0.00,1265.60,81.13,0.03,1.74,0.21,0.32,31.40,66.80,2.25,486.94,0.00,0.00,0.00,0.04
2018-01-06 04:06:54,90.98,0.00,1.70,0.00,0.00,0.00,0.10,0.00,0.00,7.22,7.20,1280.80,1575.60,0.00,0.00,0.00,1913.60,848.40,0.00,25843.20,0.00,0.00,0.00,0.00,20.60,0.00,20.60,0.00,3827.20,14393076,0,2040064,12.41,22876,743704,1796216,10.93,1541000,318340,245964,1092836,61624,2856,6352,31404,0,0,0.00,0,0.00,1,321,4.77,4.17,3.84,0,20.60,0.00,3827.20,185.79,0.02,1.05,0.27,0.56,136.40,237.00,10.19,1789.29,0.00,0.00,0.00,0.15
2018-01-06 04:06:59,94.59,0.00,2.86,0.00,0.05,0.00,0.10,0.00,0.00,2.41,25.40,2369.80,2051.00,0.00,0.00,0.00,4109.60,20028.60,0.00,32034.60,0.00,0.00,0.00,0.00,42.40,0.00,42.40,0.00,8219.20,14367972,0,2065168,12.57,22908,744276,2328356,14.17,1545504,338416,226604,1116392,61468,2968,7112,31404,0,0,0.00,0,0.00,9,361,5.11,4.25,3.87,0,42.40,0.00,8219.20,193.85,0.07,1.72,0.38,1.60,243.00,500.80,19.73,4065.85,0.00,0.00,0.00,0.33
2018-01-06 04:07:04,86.04,0.00,3.11,0.05,0.05,0.00,0.00,0.00,0.00,10.74,35.00,3353.00,2019.20,0.00,0.00,0.00,1720.80,12631.20,0.00,51588.20,0.00,0.00,0.00,0.00,18.60,0.00,18.60,0.00,3441.60,14687364,0,1745776,10.62,22940,751376,2273048,13.83,1205472,346700,225460,792384,60956,2832,5916,31404,0,0,0.00,0,0.00,4,340,5.42,4.33,3.89,0,18.60,0.00,3441.60,185.03,0.04,2.28,0.52,0.96,162.20,270.60,19.37,1662.55,0.00,0.00,0.00,0.14
2018-01-06 04:07:09,96.80,0.00,3.00,0.00,0.00,0.00,0.10,0.00,0.00,0.10,6.60,2289.80,1845.40,0.00,0.00,14.40,24290.40,16594.20,0.00,11557.80,0.00,0.00,0.00,0.00,197.40,0.40,197.00,28.80,48580.80,14334260,0,2098880,12.77,22952,751072,2338488,14.23,1550676,367424,104936,1144028,61580,3024,7236,31404,0,0,0.00,0,0.00,13,365,5.31,4.33,3.89,0,197.40,28.80,48580.80,246.25,6.95,35.23,0.33,6.56,211.40,508.80,15.28,4256.30,0.00,0.00,0.00,0.35
2018-01-06 04:07:14,51.91,0.00,2.17,0.25,0.00,0.00,0.05,0.00,0.00,45.62,18.20,2640.80,1571.80,0.00,0.00,0.00,1093.60,3276.40,0.00,51107.20,0.00,0.00,0.00,0.00,12.20,0.00,12.20,0.00,2187.20,14875284,0,1557856,9.48,22964,756996,1186784,7.22,1006384,373052,106064,599476,60636,2288,4556,31404,0,0,0.00,0,0.00,1,272,5.52,4.39,3.91,0,12.20,0.00,2187.20,179.28,0.04,3.54,0.79,0.96,170.00,252.20,18.50,1364.87,0.00,0.00,0.00,0.11
2018-01-06 04:07:19,0.05,0.00,0.05,0.00,0.05,0.00,0.00,0.00,0.00,99.85,0.00,259.80,173.80,0.00,0.00,0.00,8.80,9.00,0.00,45.60,0.00,0.00,0.00,0.00,1.20,0.00,1.20,0.00,17.60,14875612,0,1557528,9.48,22972,757016,1186784,7.22,1006252,373048,106072,599340,60572,2272,4556,31404,0,0,0.00,0,0.00,0,270,5.08,4.32,3.89,0,1.20,0.00,17.60,14.67,0.00,0.00,0.00,0.00,4.80,6.20,0.37,1.13,0.00,0.00,0.00,0.00
2018-01-06 04:07:24,16.78,0.00,0.75,0.10,0.00,0.00,0.00,0.00,0.00,82.37,5.40,594.60,767.20,0.00,0.00,0.00,4984.80,4861.20,0.00,2301.00,0.00,0.00,0.00,0.00,45.40,0.00,45.40,0.00,9969.60,14743608,0,1689532,10.28,22976,757012,1468876,8.94,1135244,373140,81216,732788,60660,2424,5136,31404,0,0,0.00,0,0.00,4,292,4.67,4.24,3.87,0,45.40,0.00,9969.60,219.59,0.98,21.50,0.25,1.12,8.20,9.60,1.27,1.49,0.00,0.00,0.00,0.00
2018-01-06 04:07:29,13.73,0.00,0.50,0.45,0.10,0.00,0.00,0.00,0.00,85.21,4.80,686.80,883.20,0.00,0.00,0.00,14831.20,932.00,0.00,12886.40,0.00,0.00,0.00,0.00,118.60,0.00,118.60,0.00,29662.40,14874804,0,1558336,9.48,22988,758748,1194700,7.27,1007968,373116,9060,599344,60308,2272,4556,31404,0,0,0.00,0,0.00,0,270,4.30,4.17,3.85,0,118.60,0.00,29662.40,250.10,3.95,33.30,0.28,3.28,80.80,54.60,382.17,5.42,0.00,0.00,0.00,0.03
2018-01-06 04:07:34,6.31,0.00,0.30,0.05,0.00,0.00,0.00,0.00,0.00,93.34,4.00,416.20,426.00,0.00,0.00,0.00,30.40,2964.80,0.00,641.80,0.00,0.00,0.00,0.00,2.00,0.00,2.00,0.00,60.80,14805748,0,1627392,9.90,23004,758824,1459144,8.88,1067612,373176,9160,667288,60308,2312,5000,31404,0,0,0.00,0,0.00,2,287,3.95,4.10,3.83,0,2.00,0.00,60.80,30.40,0.00,0.40,0.40,0.08,6.80,7.80,1.08,1.30,0.00,0.00,0.00,0.00
2018-01-06 04:07:39,34.43,0.00,1.51,0.05,0.10,0.00,0.10,0.00,0.00,63.81,10.00,1262.80,1711.00,0.00,0.00,0.00,750.40,8687.00,0.00,11027.00,0.00,0.00,0.00,0.00,7.80,0.00,7.80,0.00,1500.80,14596832,0,1836308,11.17,23016,758416,1783768,10.85,1271384,382320,5960,876496,60460,2696,5852,31404,0,0,0.00,0,0.00,4,326,3.64,4.04,3.81,0,7.80,0.00,1500.80,192.41,0.04,5.33,1.23,0.96,818.80,516.80,6210.32,1326.51,0.00,0.00,0.00,0.51
2018-01-06 04:07:44,66.63,0.00,2.37,0.00,0.05,0.00,0.15,0.00,0.00,30.79,17.40,1788.60,2426.80,0.00,0.00,0.80,50.40,14447.80,0.00,14060.40,0.00,0.00,0.00,0.00,1.80,0.20,1.60,1.60,100.80,14254368,0,2178772,13.26,23040,758504,2371604,14.43,1603284,391800,6704,1215652,61444,3264,7440,31404,0,0,0.00,0,0.00,2,395,3.75,4.05,3.82,0,1.80,1.60,100.80,56.89,0.00,0.89,0.44,0.08,1513.20,761.20,12418.64,700.35,0.00,0.00,0.00,1.02
2018-01-06 04:07:49,5.23,0.00,0.40,0.05,0.00,0.00,0.05,0.00,0.00,94.27,3.00,1008.20,1028.40,0.00,0.00,0.80,738.40,324.40,0.00,6381.40,0.00,0.00,0.00,0.00,7.80,0.20,7.60,1.60,1476.80,14244288,0,2188852,13.32,23048,758496,2404760,14.63,1605620,401352,3480,1225428,61420,3360,7508,31404,0,0,0.00,0,0.00,0,406,3.45,3.98,3.80,0,7.80,1.60,1476.80,189.54,0.03,3.49,0.21,0.16,820.00,541.20,6214.67,1333.09,0.00,0.00,0.00,0.51
2018-01-06 04:07:54,1.21,0.00,0.20,0.00,0.05,0.00,0.05,0.00,0.00,98.49,0.00,772.00,679.20,0.00,0.00,0.00,363.20,18.00,0.00,535.60,0.00,0.00,0.00,0.00,3.20,0.00,3.20,0.00,726.40,14243944,0,2189196,13.32,23048,758156,2404760,14.63,1597804,408900,1788,1225628,61452,3360,7508,31404,0,0,0.00,0,0.00,1,406,3.17,3.92,3.78,0,3.20,0.00,726.40,227.00,0.01,2.75,0.50,0.16,122.80,238.20,10.11,1662.32,0.00,0.00,0.00,0.14
2018-01-06 04:07:59,41.61,0.00,1.11,0.00,0.00,0.00,0.00,0.00,0.00,57.29,0.00,930.80,1156.60,0.00,0.00,12.80,66.40,45.00,0.00,915.20,0.00,0.00,0.00,0.00,9.00,0.20,8.80,25.60,132.80,14165944,0,2267196,13.80,23048,838496,2404760,14.63,1663128,421428,82708,1223504,61956,3072,7508,31404,0,0,0.00,0,0.00,5,370,2.92,3.85,3.76,0,9.00,25.60,132.80,17.60,0.03,3.38,0.98,0.88,170.40,343.00,13.20,2631.55,0.00,0.00,0.00,0.22
2018-01-06 04:08:04,97.65,0.00,2.20,0.00,0.00,0.00,0.10,0.00,0.00,0.05,5.60,2262.00,1717.60,0.00,0.00,0.80,51.20,10722.40,0.00,7888.40,0.00,0.00,0.00,0.00,1.20,0.20,1.00,1.60,102.40,13992324,0,2440816,14.85,23052,895512,2437380,14.83,1814828,439240,140248,1335512,63688,3296,7704,31404,0,0,0.00,0,0.00,13,398,3.80,4.02,3.81,0,1.20,1.60,102.40,86.67,0.00,0.00,0.00,0.00,214.80,399.20,15.54,3231.29,0.00,0.00,0.00,0.26
2018-01-06 04:08:09,97.80,0.00,1.95,0.00,0.00,0.00,0.25,0.00,0.00,0.00,2.40,5466.60,2061.60,0.00,0.00,0.00,89.60,816.20,0.00,4114.80,0.00,0.00,0.00,0.00,4.60,0.00,4.60,0.00,179.20,13941744,0,2491396,15.16,23052,967880,2437380,14.83,1796412,507480,212412,1313416,65276,3384,7732,31404,0,0,0.00,0,0.00,4,410,3.90,4.04,3.82,0,4.60,0.00,179.20,38.96,0.02,3.30,3.30,1.52,6.20,8.60,0.49,2.27,0.00,0.00,0.00,0.00
2018-01-06 04:08:14,97.65,0.00,2.05,0.00,0.00,0.00,0.30,0.00,0.00,0.00,0.00,5548.20,2301.60,0.00,0.00,0.00,101.60,377.40,0.00,3234.20,0.00,0.00,0.00,0.00,7.60,0.00,7.60,0.00,203.20,13859508,0,2573632,15.66,23052,1059784,2437380,14.83,1790780,594144,303916,1303060,67652,3352,7724,31404,0,0,0.00,0,0.00,4,405,3.91,4.04,3.82,0,7.60,0.00,203.20,26.74,0.00,0.00,0.00,0.00,6.80,10.40,0.55,2.63,0.00,0.00,0.00,0.00
2018-01-06 04:08:19,97.75,0.00,2.10,0.00,0.00,0.00,0.15,0.00,0.00,0.00,0.00,5521.20,1994.80,0.00,0.00,0.00,135.20,51.80,0.00,2576.80,0.00,0.00,0.00,0.00,4.80,0.00,4.80,0.00,270.40,13770208,0,2662932,16.20,23052,1150960,2437380,14.83,1791700,680552,394580,1298764,69944,3352,7724,31404,0,0,0.00,0,0.00,5,405,3.92,4.04,3.82,0,4.80,0.00,270.40,56.33,0.00,0.00,0.00,0.00,6.00,8.80,0.50,2.53,0.00,0.00,0.00,0.00
2018-01-06 04:08:24,82.63,0.00,3.17,0.00,0.10,0.00,0.10,0.00,0.00,14.00,29.80,3683.20,2400.60,0.00,0.00,0.00,13.60,15617.20,0.00,48785.00,0.00,0.00,0.00,0.00,0.40,0.00,0.40,0.00,27.20,14253592,0,2179548,13.26,23068,1051708,2288648,13.93,1268520,725036,296680,918984,67576,2808,6448,31404,0,0,0.00,0,0.00,8,346,3.76,4.00,3.81,0,0.40,0.00,27.20,68.00,0.00,2.00,2.00,0.08,130.20,272.20,12.99,1959.13,0.00,0.00,0.00,0.16
2018-01-06 04:08:29,96.85,0.00,2.70,0.00,0.00,0.00,0.40,0.00,0.00,0.05,13.00,2898.40,2864.00,0.00,0.00,28.80,63.20,10242.40,0.00,15344.00,0.00,0.00,0.00,0.00,2.60,1.20,1.40,57.60,126.40,13967484,0,2465656,15.00,23068,1072520,2338632,14.23,1490760,788260,327868,1183828,67148,3032,7364,31404,0,0,0.00,0,0.00,8,377,4.02,4.05,3.83,0,2.60,57.60,126.40,70.77,0.00,1.23,0.62,0.16,2237.40,2303.80,12476.86,13725.00,0.00,0.00,0.00,1.12
2018-01-06 04:08:34,96.60,0.00,3.00,0.00,0.00,0.00,0.40,0.00,0.00,0.00,7.60,2523.40,2779.20,0.00,0.00,16.00,14869.60,7439.60,0.00,13876.60,0.00,0.00,0.00,0.00,125.40,1.00,124.40,32.00,29739.20,13757772,0,2675368,16.28,23068,1172628,2388020,14.53,1658524,829020,360732,1292352,67780,3216,7612,31404,0,0,0.00,0,0.00,15,393,4.26,4.10,3.84,0,125.40,32.00,29739.20,237.41,4.10,32.66,0.26,3.28,1911.00,1634.80,12448.12,7941.57,0.00,0.00,0.00,1.02
2018-01-06 04:08:39,97.40,0.00,2.50,0.00,0.00,0.00,0.10,0.00,0.00,0.00,2.40,4433.60,2187.20,0.00,0.00,0.00,44459.20,8890.60,0.00,9833.80,0.00,0.00,0.00,0.00,348.40,0.00,348.40,0.00,88918.40,13680844,0,2752296,16.75,23068,1214756,2388444,14.53,1690712,872168,181060,1325468,68672,3352,7748,31404,0,0,0.00,0,0.00,4,405,4.56,4.17,3.87,0,348.40,0.00,88918.40,255.22,37.98,109.00,0.82,28.56,41.80,85.60,3.07,653.82,0.00,0.00,0.00,0.05
2018-01-06 04:08:44,97.80,0.00,2.00,0.00,0.00,0.00,0.15,0.00,0.00,0.05,1.00,5869.00,1879.00,0.00,0.00,0.00,20.00,374.00,0.00,2925.60,0.00,0.00,0.00,0.00,0.80,0.00,0.80,0.00,40.00,13582296,0,2850844,17.35,23068,1305056,2388444,14.53,1695264,963516,272104,1331304,70920,3376,7756,31404,0,0,0.00,0,0.00,5,407,4.59,4.18,3.87,0,0.80,0.00,40.00,50.00,0.00,0.00,0.00,0.00,82.40,161.40,5.83,1301.09,0.00,0.00,0.00,0.11
2018-01-06 04:08:49,97.55,0.00,2.30,0.00,0.00,0.00,0.15,0.00,0.00,0.00,0.00,5782.40,1865.00,0.00,0.00,0.00,7.20,126.80,0.00,2379.60,0.00,0.00,0.00,0.00,0.40,0.00,0.40,0.00,14.40,13485652,0,2947488,17.94,23068,1397604,2388444,14.53,1702028,1051288,364892,1333220,73228,3360,7756,31404,0,0,0.00,0,0.00,7,406,4.55,4.18,3.87,0,0.40,0.00,14.40,36.00,0.00,0.00,0.00,0.00,6.20,9.40,0.52,2.72,0.00,0.00,0.00,0.00
2018-01-06 04:08:54,63.72,0.00,2.12,0.00,0.10,0.00,0.05,0.00,0.00,34.01,11.20,4856.00,2352.00,0.00,0.00,13.60,43.20,1259.80,0.00,47784.40,0.00,0.00,0.00,0.00,5.00,0.40,4.60,27.20,86.40,14318000,0,2115140,12.87,23068,1329600,1185432,7.21,809436,1115648,296732,572028,71888,2248,4548,31404,0,0,0.00,0,0.00,1,270,4.50,4.17,3.87,0,5.00,27.20,86.40,22.72,0.00,0.32,0.32,0.16,59.60,107.60,5.26,655.76,0.00,0.00,0.00,0.05
2018-01-06 04:08:59,0.10,0.00,0.05,0.00,0.00,0.00,0.00,0.00,0.00,99.85,0.00,249.80,166.40,0.00,0.00,0.00,91.20,8.80,0.00,38.80,0.00,0.00,0.00,0.00,2.20,0.00,2.20,0.00,182.40,14318356,0,2114784,12.87,23068,1329660,1185432,7.21,809052,1115608,296692,571940,71580,2272,4508,31404,0,0,0.00,0,0.00,1,270,4.14,4.11,3.85,0,2.20,0.00,182.40,82.91,0.00,0.00,0.00,0.00,4.20,5.60,0.33,1.09,0.00,0.00,0.00,0.00
2018-01-06 04:09:04,0.05,0.00,0.15,1.85,0.05,0.00,0.00,0.00,0.00,97.90,0.00,272.00,405.20,0.00,0.00,0.80,29662.40,9.80,0.00,36.40,0.00,0.00,0.00,0.00,233.40,0.20,233.20,1.60,59324.80,14318240,0,2114900,12.87,23068,1329684,1185432,7.21,809068,1115620,148440,571940,71568,2272,4508,31404,0,0,0.00,0,0.00,1,270,3.81,4.04,3.83,0,233.40,1.60,59324.80,254.18,14.79,63.38,0.53,12.40,4.40,5.80,0.34,1.10,0.00,0.00,0.00,0.00
2018-01-06 04:09:09,0.00,0.00,0.15,2.46,0.05,0.00,0.00,0.00,0.00,97.34,0.80,308.00,471.20,0.00,0.00,0.00,29676.80,25.00,0.00,133.80,0.00,0.00,0.00,0.00,238.60,0.00,238.60,0.00,59353.60,14318636,0,2114504,12.87,23068,1329700,1185432,7.21,809148,1115628,552,572008,71532,2280,4508,31404,0,0,0.00,0,0.00,1,271,3.51,3.97,3.81,0,238.60,0.00,59353.60,248.76,14.82,62.10,0.52,12.40,19.20,20.60,54.22,57.77,0.00,0.00,0.00,0.00
2018-01-06 04:09:14,45.89,0.00,2.36,0.00,0.05,0.00,0.00,0.00,0.00,51.71,29.20,1469.60,1202.80,0.00,0.00,0.00,110.40,17238.60,0.00,17906.00,0.00,0.00,0.00,0.00,1.40,0.00,1.40,0.00,220.80,14208240,0,2224900,13.54,23092,1080108,2313336,14.08,1165436,866088,1432,930476,71304,2888,6464,31404,0,0,0.00,0,0.00,8,351,3.22,3.90,3.79,0,1.40,0.00,220.80,157.71,0.00,0.00,0.00,0.00,18.20,18.60,23.91,2.49,0.00,0.00,0.00,0.00
2018-01-06 04:09:19,97.00,0.00,2.70,0.00,0.00,0.00,0.00,0.00,0.00,0.30,12.20,2839.20,1554.00,0.00,0.00,0.00,32.80,5365.60,0.00,1616.80,0.00,0.00,0.00,0.00,0.80,0.00,0.80,0.00,65.60,13602364,0,2830776,17.23,23092,1080616,2362608,14.38,1772516,866560,1924,1535472,72100,3272,8032,31404,0,0,0.00,0,0.00,11,395,3.69,3.99,3.82,0,0.80,0.00,65.60,82.00,0.00,0.00,0.00,0.00,20.20,27.20,5.96,3.67,0.00,0.00,0.00,0.00
2018-01-06 04:09:24,97.15,0.00,2.30,0.00,0.00,0.00,0.55,0.00,0.00,0.00,0.00,5297.20,2140.80,0.00,0.00,0.00,18.40,119.60,0.00,991.20,0.00,0.00,0.00,0.00,0.80,0.00,0.80,0.00,36.80,13591700,0,2841440,17.29,23092,1080636,2362608,14.38,1780112,866560,1952,1542972,72496,3224,8060,31404,0,0,0.00,0,0.00,10,389,4.03,4.06,3.84,0,0.80,0.00,36.80,46.00,0.00,0.00,0.00,0.00,6.80,10.00,0.55,2.16,0.00,0.00,0.00,0.00
2018-01-06 04:09:29,98.90,0.00,1.05,0.00,0.00,0.00,0.00,0.00,0.00,0.05,0.00,865.60,1243.60,0.00,0.00,0.00,10.40,23.00,0.00,383.20,0.00,0.00,0.00,0.00,0.80,0.00,0.80,0.00,20.80,13580344,0,2852796,17.36,23092,1093056,2362608,14.38,1792488,866580,14356,1543040,72416,3192,8060,31404,0,0,0.00,0,0.00,4,385,4.03,4.05,3.84,0,0.80,0.00,20.80,26.00,0.00,0.00,0.00,0.00,6.00,9.00,0.47,2.01,0.00,0.00,0.00,0.00
2018-01-06 04:09:34,96.80,0.00,3.15,0.00,0.00,0.00,0.00,0.00,0.00,0.05,2.40,998.40,1282.20,0.00,0.00,0.00,14.40,438.80,0.00,939.40,0.00,0.00,0.00,0.00,0.40,0.00,0.40,0.00,28.80,13303328,0,3129812,19.05,23092,1375404,2362608,14.38,2064612,866632,296716,1533420,77484,3216,8068,31404,0,0,0.00,0,0.00,8,393,4.03,4.05,3.84,0,0.40,0.00,28.80,72.00,0.00,0.00,0.00,0.00,7.20,11.00,0.62,3.26,0.00,0.00,0.00,0.00
2018-01-06 04:09:39,92.39,0.00,3.85,0.05,0.00,0.00,0.00,0.00,0.00,3.70,10.20,2332.80,1496.40,0.00,0.00,0.00,101.60,2784.40,0.00,32713.80,0.00,0.00,0.00,0.00,2.60,0.00,2.60,0.00,203.20,13628708,0,2804432,17.07,23100,1497660,2028104,12.34,1736860,866448,418676,1083060,81576,3024,6360,31404,0,0,0.00,0,0.00,6,350,4.03,4.05,3.84,0,2.60,0.00,203.20,78.15,0.00,0.00,0.00,0.00,14.60,17.60,1.97,3.29,0.00,0.00,0.00,0.00
2018-01-06 04:09:44,91.32,0.00,3.61,0.00,0.00,0.00,0.00,0.00,0.00,5.07,24.40,2350.20,1866.80,0.00,0.00,0.00,176.80,22866.20,0.00,41980.80,0.00,0.00,0.00,0.00,7.60,0.00,7.60,0.00,353.60,13646252,0,2786888,16.96,23112,1360652,2317072,14.10,1723144,866284,281200,1205740,78088,2984,7080,31404,0,0,0.00,0,0.00,8,363,4.42,4.13,3.87,0,7.60,0.00,353.60,46.53,0.00,0.32,0.11,0.08,26.80,31.00,5.37,4.58,0.00,0.00,0.00,0.00
2018-01-06 04:09:49,92.74,0.00,1.60,0.00,0.10,0.00,0.40,0.00,0.00,5.16,9.00,4089.20,2726.00,0.00,0.00,0.00,5581.60,2510.20,0.00,5404.40,0.00,0.00,0.00,0.00,46.80,0.00,46.80,0.00,11163.20,13351148,0,3081992,18.75,23112,1361056,2349772,14.30,1987832,894148,253848,1497812,78292,3256,7964,31404,0,0,0.00,0,0.00,8,394,4.63,4.18,3.89,0,46.80,0.00,11163.20,238.53,0.11,2.26,0.41,1.92,975.80,927.20,6083.60,4872.08,0.00,0.00,0.00,0.50
2018-01-06 04:09:54,88.47,0.00,1.05,0.00,0.00,0.00,0.05,0.00,0.00,10.43,0.00,1702.80,1585.20,0.00,0.00,0.00,23.20,58.60,0.00,398.20,0.00,0.00,0.00,0.00,0.60,0.00,0.60,0.00,46.40,13341880,0,3091260,18.81,23112,1373492,2349772,14.30,1997604,894164,266272,1495452,78180,3264,7964,31404,0,0,0.00,0,0.00,3,393,4.66,4.20,3.89,0,0.60,0.00,46.40,77.33,0.00,0.00,0.00,0.00,48.60,36.00,348.48,4.35,0.00,0.00,0.00,0.03
2018-01-06 04:09:59,81.48,0.00,2.96,0.00,0.00,0.00,0.05,0.00,0.00,15.51,2.40,1233.40,1596.60,0.00,0.00,0.00,2068.80,146.60,0.00,763.60,0.00,0.00,0.00,0.00,18.00,0.00,18.00,0.00,4137.60,13069504,0,3363636,20.47,23112,1640988,2349772,14.30,2254052,904408,523584,1494752,84224,3288,7980,31404,0,0,0.00,0,0.00,4,400,4.53,4.18,3.89,0,18.00,0.00,4137.60,229.87,0.04,2.27,0.36,0.64,148.40,259.40,182.34,2069.59,0.00,0.00,0.00,0.17
2018-01-06 04:10:04,76.97,0.00,3.53,0.30,0.05,0.00,0.15,0.00,0.00,19.00,22.00,2298.00,2619.60,0.00,0.00,0.00,18884.00,12436.40,0.00,55702.00,0.00,0.00,0.00,0.00,151.60,0.00,151.60,0.00,37768.00,13662632,0,2770508,16.86,23132,1568716,2305604,14.03,1632896,935932,359608,977080,82968,2888,6348,31404,0,0,0.00,0,0.00,7,364,4.40,4.16,3.88,0,151.60,0.00,37768.00,249.13,3.35,22.12,0.39,5.92,621.20,880.40,1422.83,6402.27,0.00,0.00,0.00,0.52
2018-01-06 04:10:09,66.99,0.00,2.68,2.07,0.10,0.00,0.46,0.00,0.00,27.70,11.20,2545.20,3491.60,0.00,0.00,1.60,36527.20,11389.80,0.00,22839.40,0.00,0.00,0.00,0.00,261.60,0.40,261.20,3.20,65988.80,13272744,0,3160396,19.23,23144,1565124,2370896,14.43,1980912,973940,177596,1366664,83000,3336,7736,31404,0,0,0.00,0,0.00,1,403,4.53,4.19,3.90,1,261.60,3.20,65988.80,252.26,13.45,40.45,0.44,11.44,3215.60,2035.80,25384.82,6107.36,0.00,0.00,0.00,2.08
2018-01-06 04:10:14,33.82,0.00,0.60,0.70,0.10,0.00,0.10,0.00,0.00,64.67,0.00,1468.60,1859.80,0.00,0.00,0.00,5520.00,50.40,0.00,5042.80,0.00,0.00,0.00,0.00,73.80,0.00,73.80,0.00,18105.60,13208844,0,3224296,19.62,23160,1584720,2387256,14.53,2014372,1004320,178680,1411084,83008,3328,7824,31404,0,0,0.00,0,0.00,1,402,4.25,4.13,3.88,0,73.80,0.00,18105.60,245.33,6.61,128.50,1.04,7.68,321.60,925.00,22.01,7931.72,0.00,0.00,0.00,0.65
2018-01-06 04:10:19,25.13,0.00,1.52,0.00,0.10,0.00,0.10,0.00,0.00,73.15,7.60,1592.40,2136.00,0.00,0.00,0.80,7495.20,2402.40,0.00,21929.00,0.00,0.00,0.00,0.00,73.20,0.20,73.00,1.60,14990.40,13359092,0,3074048,18.71,23180,1621112,2336628,14.22,1820076,1049408,183156,1225192,83640,3120,6984,31404,0,0,0.00,0,0.00,1,390,3.99,4.08,3.86,0,73.20,1.60,14990.40,204.81,0.20,2.73,0.44,3.20,549.80,1150.80,39.02,9659.83,0.00,0.00,0.00,0.79
2018-01-06 04:10:24,25.67,0.00,0.75,0.00,0.05,0.00,0.05,0.00,0.00,73.48,4.60,1161.80,1496.20,0.00,0.00,0.00,1091.20,5491.40,0.00,11096.20,0.00,0.00,0.00,0.00,9.40,0.00,9.40,0.00,2182.40,13229900,0,3203240,19.49,23180,1621400,2353528,14.32,1939944,1058836,177536,1354224,83760,3368,7724,31404,0,0,0.00,0,0.00,1,407,3.99,4.08,3.86,0,9.40,0.00,2182.40,232.17,0.03,2.89,0.26,0.24,1447.40,659.20,12222.24,386.71,0.00,0.00,0.00,1.00
2018-01-06 04:10:29,1.96,0.00,0.35,0.00,0.05,0.00,0.05,0.00,0.00,97.58,0.00,1041.60,1173.40,0.00,0.00,0.00,2080.00,44.00,0.00,8601.60,0.00,0.00,0.00,0.00,17.60,0.00,17.60,0.00,4160.00,13184556,0,3248584,19.77,23192,1618544,2353528,14.32,1966028,1076408,167424,1400708,83528,3368,7812,31404,0,0,0.00,0,0.00,1,407,3.67,4.01,3.84,0,17.60,0.00,4160.00,236.36,0.04,2.14,0.45,0.80,683.60,755.00,4158.22,4146.63,0.00,0.00,0.00,0.34
2018-01-06 04:10:34,17.88,0.00,0.70,1.05,0.10,0.00,0.05,0.00,0.00,80.21,0.00,894.60,1230.00,0.00,0.00,0.00,25794.40,43.60,0.00,1945.60,0.00,0.00,0.00,0.00,204.20,0.00,204.20,0.00,51588.80,13139844,0,3293296,20.04,23216,1666704,2353528,14.32,1988096,1100048,90500,1398456,83768,3160,7804,31404,0,0,0.00,0,0.00,7,371,3.46,3.96,3.83,2,204.20,0.00,51590.40,252.65,7.94,38.89,0.38,7.68,389.60,731.80,1394.39,5533.56,0.00,0.00,0.00,0.45
2018-01-06 04:10:39,96.50,0.00,3.35,0.00,0.00,0.00,0.05,0.00,0.00,0.10,5.20,1684.80,1467.00,0.00,0.00,0.00,251.20,779.80,0.00,1403.40,0.00,0.00,0.00,0.00,9.40,0.00,9.40,0.00,502.40,12826644,0,3606496,21.95,23216,1894808,2353528,14.32,2289684,1105912,318416,1477592,90200,3256,7948,31404,0,0,0.00,0,0.00,12,397,3.66,4.00,3.84,0,9.40,0.00,500.80,53.28,0.00,0.09,0.09,0.08,53.80,170.00,3.88,1355.61,0.00,0.00,0.00,0.11
2018-01-06 04:10:44,98.40,0.00,1.55,0.00,0.00,0.00,0.05,0.00,0.00,0.00,2.80,2410.60,1506.60,0.00,0.00,0.00,241.60,3164.20,0.00,3520.40,0.00,0.00,0.00,0.00,2.80,0.00,2.80,0.00,483.20,12823504,0,3609636,21.97,23224,1896920,2369572,14.42,2283016,1114496,320440,1477600,90172,3400,8004,31404,0,0,0.00,0,0.00,5,411,4.33,4.13,3.88,0,2.80,0.00,483.20,172.57,0.00,0.57,0.57,0.16,54.40,169.60,3.96,1379.74,0.00,0.00,0.00,0.11
2018-01-06 04:10:49,90.06,0.00,2.96,0.00,0.00,0.00,0.15,0.00,0.00,6.83,27.80,2677.60,2039.60,0.00,0.00,0.00,366.40,15227.40,0.00,66987.60,0.00,0.00,0.00,0.00,3.60,0.00,3.60,0.00,732.80,13701680,0,2731460,16.62,23252,1615612,2230276,13.57,1398904,1127560,42528,891800,82868,2856,6244,31404,0,0,0.00,0,0.00,7,341,4.22,4.11,3.88,0,3.60,0.00,732.80,203.56,0.00,1.33,0.44,0.16,138.00,350.60,12.65,2752.28,0.00,0.00,0.00,0.23
2018-01-06 04:10:54,96.25,0.00,3.25,0.00,0.00,0.00,0.40,0.00,0.00,0.10,13.40,2761.20,2856.40,0.00,0.00,0.00,6942.40,11941.60,0.00,24446.60,0.00,0.00,0.00,0.00,63.20,0.00,63.20,0.00,13884.80,13315204,0,3117936,18.97,23264,1620516,2344860,14.27,1715792,1199692,26248,1272412,81424,3040,7532,31404,0,0,0.00,0,0.00,6,371,4.52,4.17,3.90,0,63.20,0.00,13884.80,219.70,1.93,30.53,0.27,1.68,3433.40,2577.80,25475.29,14389.98,0.00,0.00,0.00,2.09
2018-01-06 04:10:59,95.00,0.00,4.50,0.00,0.00,0.00,0.45,0.00,0.00,0.05,7.40,2592.40,3060.00,0.00,0.00,1.60,84.80,707.60,0.00,21580.40,0.00,0.00,0.00,0.00,2.40,0.40,2.00,3.20,169.60,12935180,0,3497960,21.29,23276,1855392,2344860,14.27,1951696,1339816,288484,1415020,83224,3184,7844,31404,0,0,0.00,0,0.00,9,389,4.48,4.17,3.90,0,2.40,3.20,169.60,72.00,0.00,0.00,0.00,0.00,3945.20,4518.80,25485.74,31110.64,0.00,0.00,0.00,2.55
2018-01-06 04:11:04,97.95,0.00,2.00,0.00,0.00,0.00,0.05,0.00,0.00,0.00,4.20,2560.20,1470.20,0.00,0.00,0.00,32.00,4115.40,0.00,5536.00,0.00,0.00,0.00,0.00,0.80,0.00,0.80,0.00,64.00,12919764,0,3513376,21.38,23284,1855116,2361204,14.37,1955076,1353028,289668,1429628,83352,3392,7884,31404,0,0,0.00,0,0.00,7,410,4.68,4.22,3.92,0,0.80,0.00,64.00,80.00,0.00,0.00,0.00,0.00,98.20,327.00,6.97,2748.50,0.00,0.00,0.00,0.23
2018-01-06 04:11:09,75.36,0.00,1.70,0.00,0.05,0.00,0.00,0.00,0.00,22.88,8.20,2418.00,1607.20,0.00,0.00,224.80,28.80,1561.60,0.00,49219.20,0.00,0.00,0.00,0.00,3.40,2.40,1.00,449.60,57.60,13851536,0,2581604,15.71,23292,1580352,1449792,8.82,1021028,1364288,15808,781780,77024,2696,5568,31404,0,0,0.00,0,0.00,1,301,4.79,4.25,3.93,0,3.40,449.60,57.60,149.18,0.00,0.47,0.24,0.08,121.60,343.40,9.07,2757.71,0.00,0.00,0.00,0.23
2018-01-06 04:11:14,0.20,0.00,0.15,0.00,0.00,0.00,0.00,0.00,0.00,99.65,2.80,412.00,338.20,0.00,0.00,0.00,439.20,497.60,0.00,11520.60,0.00,0.00,0.00,0.00,6.00,0.00,6.00,0.00,878.40,14078076,0,2355064,14.33,23304,1580264,1140100,6.94,796464,1364248,13812,557196,76148,2280,4576,31404,0,0,0.00,0,0.00,0,271,4.41,4.18,3.91,0,6.00,0.00,878.40,146.40,0.01,1.33,0.13,0.08,8.20,10.00,0.79,1.86,0.00,0.00,0.00,0.00
2018-01-06 04:11:19,0.15,0.00,0.10,0.00,0.00,0.00,0.00,0.00,0.00,99.75,2.20,392.00,340.00,0.00,0.00,4.80,1183.20,724.80,0.00,495.00,0.00,0.00,0.00,0.00,11.20,0.80,10.40,9.60,2366.40,14077656,0,2355484,14.33,23312,1580592,1140100,6.94,797180,1364564,8292,557900,75952,2296,4708,31404,0,0,0.00,0,0.00,0,273,4.05,4.11,3.89,0,11.20,9.60,2366.40,212.14,0.07,6.00,0.36,0.40,32.80,36.40,57.69,110.88,0.00,0.00,0.00,0.01
2018-01-06 04:11:24,0.15,0.00,0.75,0.00,0.05,0.00,0.00,0.00,0.00,99.05,1.00,338.00,248.00,0.00,0.00,0.00,39.20,554.80,0.00,55795.80,0.00,0.00,0.00,0.00,1.80,0.00,1.80,0.00,78.40,15187736,0,1245404,7.58,23320,489112,1140100,6.94,763452,306556,8320,557624,56864,2296,4712,31404,0,0,0.00,0,0.00,0,273,3.73,4.04,3.87,0,1.80,0.00,78.40,43.56,0.00,0.44,0.44,0.08,9.00,10.00,0.91,2.27,0.00,0.00,0.00,0.00
2018-01-06 04:11:29,91.21,0.00,3.11,0.00,0.05,0.00,0.05,0.00,0.00,5.57,33.00,2596.00,1791.40,0.00,0.00,0.00,150.40,24335.40,0.00,10553.00,0.00,0.00,0.00,0.00,6.60,0.00,6.60,0.00,300.80,14661832,0,1771308,10.78,23356,489760,2259552,13.75,1286200,307060,8844,1080140,57988,3040,7128,31404,0,0,0.00,0,0.00,10,365,4.15,4.12,3.89,0,6.60,0.00,300.80,45.58,0.02,2.42,1.33,0.88,33.60,35.60,25.80,5.22,0.00,0.00,0.00,0.00
2018-01-06 04:11:34,97.80,0.00,1.85,0.00,0.00,0.00,0.25,0.00,0.00,0.10,8.80,4005.20,1938.60,0.00,0.00,0.00,69.60,2162.00,0.00,999.40,0.00,0.00,0.00,0.00,2.40,0.00,2.40,0.00,139.20,14212548,0,2220592,13.51,23368,490276,2324212,14.14,1731912,307556,9184,1525824,59228,3256,8048,31404,0,0,0.00,0,0.00,5,393,4.62,4.22,3.93,0,2.40,0.00,139.20,58.00,0.00,0.00,0.00,0.00,14.20,18.60,5.01,2.73,0.00,0.00,0.00,0.00
2018-01-06 04:11:39,99.40,0.00,0.50,0.00,0.00,0.00,0.05,0.00,0.00,0.05,0.80,1596.60,1544.60,0.00,0.00,0.00,1505.60,588.80,0.00,352.60,0.00,0.00,0.00,0.00,13.00,0.00,13.00,0.00,3011.20,14211076,0,2222064,13.52,23368,490304,2324212,14.14,1733232,307572,1692,1527156,58752,3224,8316,31404,0,0,0.00,0,0.00,4,389,4.57,4.22,3.93,0,13.00,0.00,3011.20,231.63,0.13,10.28,0.31,0.40,10.80,14.60,1.01,3.73,0.00,0.00,0.00,0.00
2018-01-06 04:11:44,88.22,0.00,2.47,0.00,0.00,0.00,0.05,0.00,0.00,9.26,23.00,1753.00,1814.40,0.00,0.00,0.00,48.80,8227.20,0.00,50146.60,0.00,0.00,0.00,0.00,2.00,0.00,2.00,0.00,97.60,14903732,0,1529408,9.31,23392,619044,1948924,11.86,1044048,307312,130416,711004,58752,2904,5728,31404,0,0,0.00,0,0.00,6,324,4.52,4.21,3.93,0,2.00,0.00,97.60,48.80,0.00,0.40,0.40,0.08,32.40,36.20,4.81,6.38,0.00,0.00,0.00,0.00
2018-01-06 04:11:49,97.35,0.00,2.50,0.00,0.00,0.00,0.00,0.00,0.00,0.15,11.00,2190.40,1569.00,0.00,0.00,0.00,56.00,19357.00,0.00,10973.00,0.00,0.00,0.00,0.00,1.00,0.00,1.00,0.00,112.00,14510496,0,1922644,11.70,23408,619324,2295192,13.97,1435888,307540,130784,1100672,58628,3016,7340,31404,0,0,0.00,0,0.00,9,364,4.80,4.28,3.95,0,1.00,0.00,112.00,112.00,0.00,0.00,0.00,0.00,18.40,21.20,2.59,3.83,0.00,0.00,0.00,0.00
2018-01-06 04:11:54,97.30,0.00,2.35,0.00,0.00,0.00,0.20,0.00,0.00,0.15,9.40,3940.80,1895.00,0.00,0.00,0.00,368.80,2894.80,0.00,2387.80,0.00,0.00,0.00,0.00,4.80,0.00,4.80,0.00,737.60,14078464,0,2354676,14.33,23420,619488,2343996,14.26,1862376,309268,129296,1528744,59396,3224,8308,31404,0,0,0.00,0,0.00,4,389,4.74,4.27,3.95,0,4.80,0.00,737.60,153.67,0.01,1.33,0.33,0.16,45.20,65.80,7.51,329.70,0.00,0.00,0.00,0.03
2018-01-06 04:11:59,99.35,0.00,0.65,0.00,0.00,0.00,0.00,0.00,0.00,0.00,1.20,1203.00,1362.40,0.00,0.00,0.00,735.20,917.60,0.00,656.80,0.00,0.00,0.00,0.00,7.80,0.00,7.80,0.00,1470.40,14078088,0,2355052,14.33,23428,621552,2343996,14.26,1861488,312176,128164,1528792,59108,3208,8044,31404,0,0,0.00,0,0.00,4,386,4.76,4.28,3.96,0,7.80,0.00,1470.40,188.51,0.02,2.15,0.72,0.56,66.60,96.40,5.03,655.19,0.00,0.00,0.00,0.05
2018-01-06 04:12:04,87.77,0.00,3.37,0.00,0.05,0.00,0.05,0.00,0.00,8.76,28.00,1959.60,2102.00,0.00,0.00,0.00,1741.60,14428.60,0.00,53971.20,0.00,0.00,0.00,0.00,27.40,0.00,27.40,0.00,3483.20,14659332,0,1773808,10.79,23460,747508,2226316,13.55,1272564,319572,245772,821152,61436,2840,6408,31404,0,0,0.00,0,0.00,12,341,4.62,4.26,3.95,0,27.40,0.00,3483.20,127.12,0.03,1.17,0.32,0.88,163.20,235.20,14.64,1632.17,0.00,0.00,0.00,0.13
2018-01-06 04:12:09,97.20,0.00,2.70,0.00,0.00,0.00,0.05,0.00,0.00,0.05,14.00,2574.00,1854.60,0.00,0.00,0.80,4612.80,14683.40,0.00,9617.00,0.00,0.00,0.00,0.00,47.20,0.20,47.00,1.60,9225.60,14068420,0,2364720,14.39,23472,746656,2307612,14.04,1841048,341244,223836,1412180,62008,3160,7852,31404,0,0,0.00,0,0.00,6,385,5.05,4.36,3.98,0,47.20,1.60,9225.60,195.49,0.10,2.14,0.37,1.76,270.60,560.80,22.43,4555.80,0.00,0.00,0.00,0.37
2018-01-06 04:12:14,86.69,0.00,3.15,0.00,0.05,0.00,0.10,0.00,0.00,10.01,31.20,2769.40,2027.00,0.00,0.00,0.80,2661.60,20013.40,0.00,57033.00,0.00,0.00,0.00,0.00,28.80,0.20,28.60,1.60,5323.20,14504292,0,1928848,11.74,23500,752136,2226888,13.55,1391560,352588,217496,972628,61860,2920,6736,31404,0,0,0.00,0,0.00,8,345,5.21,4.40,4.00,0,28.80,1.60,5323.20,184.89,0.04,1.50,0.31,0.88,225.40,379.20,21.17,2609.49,0.00,0.00,0.00,0.21
2018-01-06 04:12:19,97.30,0.00,2.40,0.05,0.05,0.00,0.00,0.00,0.00,0.20,12.80,2943.20,1812.60,0.00,0.00,2.40,22327.20,6231.20,0.00,4057.20,0.00,0.00,0.00,0.00,179.80,0.60,179.20,4.80,44654.40,13981264,0,2451876,14.92,23512,752184,2293128,13.95,1903652,365508,106816,1493576,62556,3224,8224,31404,0,0,0.00,0,0.00,8,388,5.43,4.46,4.02,0,179.80,4.80,44654.40,248.38,5.99,33.32,0.30,5.36,157.20,336.00,15.76,2606.86,0.00,0.00,0.00,0.21
2018-01-06 04:12:24,14.89,0.00,0.80,0.00,0.00,0.00,0.05,0.00,0.00,84.26,11.40,1289.20,1004.80,0.00,0.00,0.00,1120.00,2129.80,0.00,49529.40,0.00,0.00,0.00,0.00,12.60,0.00,12.60,0.00,2240.00,14932212,0,1500928,9.13,23524,758532,1114832,6.78,952088,370072,107796,540124,61144,2288,4472,31404,0,0,0.00,0,0.00,0,270,4.99,4.39,4.00,0,12.60,0.00,2240.00,177.78,0.04,3.11,0.38,0.48,155.20,197.00,13.52,1065.93,0.00,0.00,0.00,0.09
2018-01-06 04:12:29,0.05,0.00,0.15,0.00,0.00,0.00,0.00,0.00,0.00,99.80,0.40,284.80,192.20,0.00,0.00,0.00,36.00,303.00,0.00,150.40,0.00,0.00,0.00,0.00,1.00,0.00,1.00,0.00,72.00,14932432,0,1500708,9.13,23536,758552,1114832,6.78,951872,370092,107816,539876,61144,2288,4428,31404,0,0,0.00,0,0.00,0,270,4.59,4.31,3.98,0,1.00,0.00,72.00,72.00,0.00,0.00,0.00,0.00,7.20,8.40,0.64,1.77,0.00,0.00,0.00,0.00
2018-01-06 04:12:34,28.73,0.00,1.21,3.42,0.05,0.00,0.00,0.00,0.00,66.60,11.80,857.20,1200.00,0.00,0.00,1.60,19709.60,9083.60,0.00,3210.40,0.00,0.00,0.00,0.00,156.00,0.40,155.60,3.20,39419.20,14732320,0,1700820,10.35,23560,758744,1674820,10.19,1149792,370360,9792,740280,60980,2576,5600,31404,0,0,0.00,0,0.00,4,315,4.31,4.26,3.96,0,156.00,3.20,39419.20,252.71,5.93,38.03,0.97,15.12,15.00,16.80,3.30,3.01,0.00,0.00,0.00,0.00
2018-01-06 04:12:39,41.24,0.00,1.46,0.00,0.10,0.00,0.00,0.00,0.00,57.21,9.80,1290.80,1682.60,0.00,0.00,0.80,88.00,7394.00,0.00,30977.20,0.00,0.00,0.00,0.00,11.20,0.20,11.00,1.60,176.00,14928736,0,1504404,9.15,23560,762084,1111444,6.76,955416,370136,12588,539896,60840,2280,4428,31404,0,0,0.00,0,0.00,0,270,4.12,4.22,3.95,0,11.20,1.60,176.00,15.86,0.00,0.36,0.14,0.16,159.00,104.80,763.23,10.57,0.00,0.00,0.00,0.06
2018-01-06 04:12:44,4.36,0.00,0.30,0.00,0.00,0.00,0.00,0.00,0.00,95.34,4.00,401.40,372.80,0.00,0.00,0.00,767.20,2387.00,0.00,329.40,0.00,0.00,0.00,0.00,8.00,0.00,8.00,0.00,1534.40,14870132,0,1563008,9.51,23580,762100,1380288,8.40,1011872,370156,9056,600548,60840,2264,4756,31404,0,0,0.00,0,0.00,3,287,3.79,4.15,3.93,0,8.00,0.00,1534.40,191.80,0.03,3.30,0.20,0.16,6.00,7.00,1.00,1.24,0.00,0.00,0.00,0.00
2018-01-06 04:12:49,26.67,0.00,0.65,0.05,0.05,0.00,0.05,0.00,0.00,72.52,6.20,902.20,1188.20,0.00,0.00,0.00,758.40,3525.20,0.00,14827.40,0.00,0.00,0.00,0.00,8.20,0.00,8.20,0.00,1516.80,14927740,0,1505400,9.16,23588,763724,1101728,6.70,953944,373272,7336,539896,60848,2272,4428,31404,0,0,0.00,0,0.00,1,270,3.57,4.10,3.91,0,8.20,0.00,1516.80,184.98,0.05,5.56,0.59,0.48,122.40,131.20,385.02,655.69,0.00,0.00,0.00,0.05
2018-01-06 04:12:54,50.05,0.00,1.87,0.00,0.05,0.00,0.20,0.00,0.00,47.83,14.00,1396.00,1778.20,0.00,0.00,0.00,386.40,12712.20,0.00,9600.60,0.00,0.00,0.00,0.00,5.80,0.00,5.80,0.00,772.80,14631072,0,1802068,10.97,23608,763236,1676656,10.20,1238100,385564,5956,836672,60896,2696,5792,31404,0,0,0.00,0,0.00,2,326,3.44,4.06,3.90,0,5.80,0.00,772.80,133.24,0.01,1.79,0.14,0.08,852.20,571.00,6221.33,1972.81,0.00,0.00,0.00,0.51
2018-01-06 04:12:59,24.65,0.00,1.26,0.00,0.10,0.00,0.10,0.00,0.00,73.90,12.00,1163.00,1421.40,0.00,0.00,0.80,37.60,7296.00,0.00,7375.00,0.00,0.00,0.00,0.00,1.00,0.20,0.80,1.60,75.20,14448876,0,1984264,12.07,23632,763592,2268800,13.81,1406132,395024,6484,1016232,61616,3088,6752,31404,0,0,0.00,0,0.00,4,374,3.17,4.00,3.88,0,1.00,1.60,75.20,76.80,0.00,0.00,0.00,0.00,827.40,510.60,6215.26,1329.42,0.00,0.00,0.00,0.51
2018-01-06 04:13:04,46.60,0.00,1.36,0.00,0.00,0.00,0.10,0.00,0.00,51.94,8.40,1510.40,1832.80,0.00,0.00,1.60,391.20,7484.00,0.00,11587.40,0.00,0.00,0.00,0.00,4.20,0.40,3.80,3.20,782.40,14284636,0,2148504,13.07,23640,762316,2334276,14.20,1557292,407060,5304,1178400,62024,3360,7408,31404,0,0,0.00,0,0.00,0,406,2.99,3.95,3.87,0,4.20,3.20,782.40,187.05,0.01,2.86,0.38,0.16,1488.20,786.40,12068.63,1054.56,0.00,0.00,0.00,0.99
2018-01-06 04:13:09,1.20,0.00,0.20,0.00,0.05,0.00,0.05,0.00,0.00,98.50,0.00,755.80,664.00,0.00,0.00,0.00,718.40,19.00,0.00,639.40,0.00,0.00,0.00,0.00,7.20,0.00,7.20,0.00,1436.80,14284792,0,2148348,13.07,23652,762172,2334276,14.20,1546244,417976,1856,1178596,61972,3360,7408,31404,0,0,0.00,0,0.00,0,406,2.75,3.88,3.85,0,7.20,0.00,1436.80,199.56,0.01,1.56,0.22,0.16,150.40,289.20,11.62,2221.90,0.00,0.00,0.00,0.18
2018-01-06 04:13:14,84.36,0.00,2.31,0.00,0.00,0.00,0.05,0.00,0.00,13.28,3.80,1406.20,1664.20,0.00,0.00,0.00,86.40,1362.20,0.00,3430.00,0.00,0.00,0.00,0.00,9.80,0.00,9.80,0.00,172.80,14085980,0,2347160,14.28,23660,897200,2334276,14.20,1726928,433516,137504,1239632,64080,3168,7456,31404,0,0,0.00,0,0.00,18,389,3.01,3.92,3.86,0,9.80,0.00,172.80,17.63,0.00,0.00,0.00,0.00,224.80,428.40,16.74,3345.95,0.00,0.00,0.00,0.27
2018-01-06 04:13:19,97.80,0.00,2.10,0.00,0.00,0.00,0.05,0.00,0.00,0.05,2.60,3439.80,1974.40,0.00,0.00,0.80,54.40,10030.00,0.00,8164.60,0.00,0.00,0.00,0.00,1.40,0.20,1.20,1.60,108.80,13978176,0,2454964,14.94,23668,920700,2382996,14.50,1810512,458768,161136,1325356,64508,3304,7736,31404,0,0,0.00,0,0.00,5,402,3.73,4.05,3.90,0,1.40,1.60,108.80,78.86,0.00,0.00,0.00,0.00,44.00,86.80,3.29,652.37,0.00,0.00,0.00,0.05
2018-01-06 04:13:24,97.15,0.00,2.40,0.00,0.00,0.00,0.45,0.00,0.00,0.00,1.60,5971.40,2368.20,0.00,0.00,0.00,20.00,311.00,0.00,3100.00,0.00,0.00,0.00,0.00,1.20,0.00,1.20,0.00,40.00,13890804,0,2542336,15.47,23676,1010168,2382996,14.50,1811716,543392,250580,1321528,66796,3384,7728,31404,0,0,0.00,0,0.00,9,406,4.08,4.12,3.92,0,1.20,0.00,40.00,33.33,0.00,0.00,0.00,0.00,6.60,9.60,0.52,2.35,0.00,0.00,0.00,0.00
2018-01-06 04:13:29,97.65,0.00,2.05,0.00,0.00,0.00,0.30,0.00,0.00,0.00,0.00,5654.40,2364.80,0.00,0.00,0.00,13886.40,108.60,0.00,2668.60,0.00,0.00,0.00,0.00,120.40,0.00,120.40,0.00,27772.80,13801524,0,2631616,16.01,23684,1101544,2382996,14.50,1811836,629436,272688,1316640,69184,3352,7728,31404,0,0,0.00,0,0.00,4,405,4.15,4.13,3.93,0,120.40,0.00,27772.80,230.67,3.83,31.79,0.27,3.28,6.40,9.20,0.59,2.48,0.00,0.00,0.00,0.00
2018-01-06 04:13:34,96.54,0.00,2.65,0.00,0.05,0.00,0.20,0.00,0.00,0.55,2.40,5709.00,2889.20,0.00,0.00,1.60,67317.60,276.60,0.00,6647.00,0.00,0.00,0.00,0.00,532.20,0.40,531.80,3.20,134635.20,13780360,0,2652780,16.14,23692,1120888,2382996,14.50,1739740,721484,24900,1316628,70412,3352,7720,31404,0,0,0.00,0,0.00,5,390,4.30,4.16,3.94,0,532.20,3.20,134635.20,252.98,71.42,134.20,1.01,53.52,134.40,253.00,10.02,1956.35,0.00,0.00,0.00,0.16
2018-01-06 04:13:39,87.70,0.00,3.06,0.00,0.00,0.00,0.05,0.00,0.00,9.19,30.40,2652.20,1925.20,0.00,0.00,0.00,71.20,23347.40,0.00,53270.80,0.00,0.00,0.00,0.00,1.00,0.00,1.00,0.00,142.40,14113640,0,2319500,14.11,23724,1054004,2240764,13.64,1396824,730964,28876,1054488,68216,2944,6964,31404,0,0,0.00,0,0.00,12,357,4.91,4.29,3.98,0,1.00,0.00,142.40,142.40,0.00,2.40,0.80,0.08,90.60,227.20,9.97,1659.03,0.00,0.00,0.00,0.14
2018-01-06 04:13:44,96.15,0.00,3.25,0.00,0.00,0.00,0.50,0.00,0.00,0.10,13.00,3444.40,3738.20,0.00,0.00,28.80,26.40,3953.00,0.00,20140.00,0.00,0.00,0.00,0.00,1.60,1.00,0.60,57.60,52.80,13947308,0,2485832,15.13,23736,1129504,2306204,14.03,1469200,830304,118676,1147196,67472,3072,7344,31404,0,0,0.00,0,0.00,7,370,5.72,4.47,4.04,0,1.60,57.60,52.80,69.00,0.00,0.00,0.00,0.00,4019.80,3721.40,24908.63,20363.10,0.00,0.00,0.00,2.04
2018-01-06 04:13:49,97.35,0.00,2.60,0.00,0.00,0.00,0.00,0.00,0.00,0.05,5.60,3332.80,1599.60,0.00,0.00,0.00,13.60,14531.20,0.00,9474.00,0.00,0.00,0.00,0.00,0.40,0.00,0.40,0.00,27.20,13718184,0,2714956,16.52,23744,1179208,2339912,14.24,1687508,835820,168628,1322916,68172,3296,7652,31404,0,0,0.00,0,0.00,12,398,6.38,4.63,4.10,0,0.40,0.00,27.20,68.00,0.00,0.00,0.00,0.00,48.40,95.40,3.94,654.94,0.00,0.00,0.00,0.05
2018-01-06 04:13:54,97.80,0.00,1.95,0.00,0.00,0.00,0.15,0.00,0.00,0.10,2.40,5270.20,2091.20,0.00,0.00,0.00,8.00,1522.60,0.00,5214.00,0.00,0.00,0.00,0.00,0.40,0.00,0.40,0.00,16.00,13666356,0,2766784,16.84,23752,1249672,2339912,14.24,1672020,902768,239092,1301692,69900,3392,7700,31404,0,0,0.00,0,0.00,4,410,6.43,4.67,4.11,0,0.40,0.00,16.00,40.00,0.00,0.00,0.00,0.00,6.60,9.40,0.54,2.64,0.00,0.00,0.00,0.00
2018-01-06 04:13:59,97.70,0.00,1.90,0.00,0.00,0.00,0.40,0.00,0.00,0.00,0.00,5646.40,2045.80,0.00,0.00,0.00,8.00,402.80,0.00,3817.40,0.00,0.00,0.00,0.00,0.60,0.00,0.60,0.00,16.00,13584788,0,2848352,17.33,23760,1340192,2339912,14.24,1660976,994672,329844,1292104,72124,3360,7704,31404,0,0,0.00,0,0.00,5,406,6.24,4.66,4.11,0,0.60,0.00,16.00,26.67,0.00,1.33,1.33,0.08,81.60,160.40,5.75,1300.99,0.00,0.00,0.00,0.11
2018-01-06 04:14:04,97.85,0.00,2.05,0.00,0.00,0.00,0.10,0.00,0.00,0.00,0.00,5763.40,2028.00,0.00,0.00,23.20,5618.40,49.80,0.00,2806.40,0.00,0.00,0.00,0.00,47.20,0.40,46.80,46.40,11236.80,13491684,0,2941456,17.90,23772,1432488,2339912,14.24,1663692,1081484,394160,1289736,74588,3360,7708,31404,0,0,0.00,0,0.00,4,406,6.06,4.65,4.11,0,47.20,46.40,11236.80,239.05,1.17,24.86,0.25,1.20,55.20,86.20,3.94,653.81,0.00,0.00,0.00,0.05
2018-01-06 04:14:09,40.81,0.00,1.15,0.00,0.10,0.00,0.05,0.00,0.00,57.88,11.00,3100.20,1486.60,0.00,0.00,0.00,151.20,1231.60,0.00,47031.80,0.00,0.00,0.00,0.00,9.40,0.00,9.40,0.00,302.40,14357076,0,2076064,12.63,23784,1335600,1122572,6.83,766004,1118848,296588,525460,73268,2272,4420,31404,0,0,0.00,0,0.00,0,270,5.57,4.57,4.09,0,9.40,0.00,302.40,32.17,0.00,0.43,0.26,0.24,27.20,32.40,3.00,6.92,0.00,0.00,0.00,0.00
2018-01-06 04:14:14,0.10,0.00,0.05,0.05,0.00,0.00,0.00,0.00,0.00,99.80,0.00,256.40,168.60,0.00,0.00,0.00,130.40,9.80,0.00,37.60,0.00,0.00,0.00,0.00,1.60,0.00,1.60,0.00,260.80,14357076,0,2076064,12.63,23796,1335624,1122572,6.83,766008,1118860,296468,525460,73268,2272,4420,31404,0,0,0.00,0,0.00,0,270,5.13,4.49,4.07,0,1.60,0.00,260.80,163.00,0.02,10.00,3.50,0.56,5.00,6.40,0.38,1.14,0.00,0.00,0.00,0.00
2018-01-06 04:14:19,0.00,0.00,0.10,5.32,0.05,0.00,0.00,0.00,0.00,94.53,0.60,317.60,544.40,0.00,0.00,0.00,43395.20,20.60,0.00,118.20,0.00,0.00,0.00,0.00,311.80,0.00,311.80,0.00,79545.60,14354928,0,2078212,12.65,23804,1335956,1122572,6.83,768068,1119100,79996,527508,73252,2272,4420,31404,0,0,0.00,0,0.00,0,270,4.72,4.42,4.05,1,311.80,0.00,79545.60,255.12,33.72,92.48,0.75,23.52,18.60,20.40,54.33,58.00,0.00,0.00,0.00,0.00
2018-01-06 04:14:24,0.05,0.00,0.15,4.16,0.05,0.00,0.00,0.00,0.00,95.59,0.20,265.60,318.20,0.00,0.00,0.00,15872.80,13.20,0.00,12708.80,0.00,0.00,0.00,0.00,153.40,0.00,153.40,0.00,38990.40,14608360,0,1824780,11.10,23816,1083608,1122572,6.83,767940,867060,584,527576,72116,2280,4424,31404,0,0,0.00,0,0.00,0,271,4.34,4.35,4.02,0,153.40,0.00,38990.40,254.17,27.54,211.39,1.38,21.12,3.80,5.00,0.31,0.97,0.00,0.00,0.00,0.00
2018-01-06 04:14:29,86.36,0.00,3.11,0.00,0.00,0.00,0.00,0.00,0.00,10.53,32.40,2310.40,1726.60,0.00,0.00,0.00,0.00,23167.00,0.00,9157.80,0.00,0.00,0.00,0.00,0.00,0.00,0.00,0.00,0.00,14078824,0,2354316,14.33,23836,1084260,2219356,13.51,1292800,867536,1448,1054360,73024,3008,6960,31404,0,0,0.00,0,0.00,12,366,4.95,4.47,4.07,0,0.00,0.00,0.00,0.00,0.00,0.00,0.00,0.00,26.60,28.40,25.04,3.76,0.00,0.00,0.00,0.00
2018-01-06 04:14:34,97.30,0.00,2.45,0.00,0.00,0.00,0.15,0.00,0.00,0.10,8.80,4180.80,1994.80,0.00,0.00,0.00,62.40,3515.00,0.00,1781.40,0.00,0.00,0.00,0.00,1.40,0.00,1.40,0.00,124.80,13611032,0,2822108,17.17,23848,1084748,2268304,13.80,1758020,868032,2092,1517456,73952,3264,8036,31404,0,0,0.00,0,0.00,5,394,5.28,4.55,4.09,0,1.40,0.00,124.80,89.14,0.00,0.57,0.57,0.08,14.40,19.00,5.03,2.75,0.00,0.00,0.00,0.00
2018-01-06 04:14:39,97.80,0.00,2.10,0.00,0.00,0.00,0.10,0.00,0.00,0.00,0.00,3145.80,1778.20,0.00,0.00,0.00,23.20,556.00,0.00,802.20,0.00,0.00,0.00,0.00,0.60,0.00,0.60,0.00,46.40,13612128,0,2821012,17.17,23856,1084776,2268304,13.80,1757696,868052,2112,1517136,73664,3216,8040,31404,0,0,0.00,0,0.00,5,388,5.90,4.69,4.14,0,0.60,0.00,46.40,77.33,0.00,0.00,0.00,0.00,5.40,7.80,0.43,1.85,0.00,0.00,0.00,0.00
2018-01-06 04:14:44,97.95,0.00,1.95,0.00,0.00,0.00,0.00,0.00,0.00,0.10,0.00,782.60,1274.80,0.00,0.00,0.00,49.60,39.60,0.00,471.60,0.00,0.00,0.00,0.00,1.40,0.00,1.40,0.00,99.20,13419672,0,3013468,18.34,23864,1282776,2268304,13.80,1949388,868096,199920,1511204,75340,3184,8032,31404,0,0,0.00,0,0.00,5,384,5.74,4.68,4.14,0,1.40,0.00,99.20,70.86,0.00,0.00,0.00,0.00,7.00,11.00,0.58,2.83,0.00,0.00,0.00,0.00
2018-01-06 04:14:49,97.40,0.00,2.50,0.05,0.00,0.00,0.00,0.00,0.00,0.05,3.20,1543.40,1385.40,0.00,0.00,0.00,88.00,286.00,0.00,216.80,0.00,0.00,0.00,0.00,8.60,0.00,8.60,0.00,176.00,13194288,0,3238852,19.71,23872,1500440,2284968,13.90,2169204,868140,417180,1513340,81024,3256,8056,31404,0,0,0.00,0,0.00,5,392,5.68,4.68,4.14,0,8.60,0.00,176.00,20.47,0.00,0.00,0.00,0.00,6.20,9.40,0.53,2.74,0.00,0.00,0.00,0.00
2018-01-06 04:14:54,84.85,0.00,4.31,0.00,0.05,0.00,0.00,0.00,0.00,10.78,27.80,2398.80,1907.20,0.00,0.00,0.00,96.80,14394.60,0.00,67805.80,0.00,0.00,0.00,0.00,2.40,0.00,2.40,0.00,193.60,14008032,0,2425108,14.76,23900,1364752,2183716,13.29,1357708,867712,281244,836764,79656,2848,6396,31404,0,0,0.00,0,0.00,12,344,5.31,4.62,4.13,0,2.40,0.00,193.60,80.67,0.00,0.00,0.00,0.00,30.40,32.80,5.19,5.04,0.00,0.00,0.00,0.00
2018-01-06 04:14:59,96.80,0.00,2.95,0.00,0.00,0.00,0.05,0.00,0.00,0.20,13.40,2779.60,1703.00,0.00,0.00,0.00,827.20,11046.80,0.00,6509.80,0.00,0.00,0.00,0.00,7.60,0.00,7.60,0.00,1654.40,13345148,0,3087992,18.79,23912,1365256,2266844,13.79,2015880,871564,278248,1498248,80236,3168,7972,31404,0,0,0.00,0,0.00,6,389,5.68,4.71,4.16,0,7.60,0.00,1654.40,217.68,0.01,1.37,0.21,0.16,52.00,104.60,7.95,701.52,0.00,0.00,0.00,0.06
2018-01-06 04:15:04,97.85,0.00,1.65,0.00,0.00,0.00,0.50,0.00,0.00,0.00,0.40,5173.00,2628.40,0.00,0.00,0.80,6229.60,263.80,0.00,2367.00,0.00,0.00,0.00,0.00,53.00,0.20,52.80,1.60,12459.20,13332448,0,3100692,18.87,23924,1365276,2266844,13.79,1995108,902544,247188,1508492,80608,3224,8036,31404,0,0,0.00,0,0.00,11,389,5.55,4.70,4.16,0,53.00,1.60,12459.20,235.11,0.14,2.60,0.38,2.00,397.20,728.80,26.61,6228.98,0.00,0.00,0.00,0.51
2018-01-06 04:15:09,98.55,0.00,1.35,0.00,0.00,0.00,0.05,0.00,0.00,0.05,0.00,1270.06,1386.63,0.00,0.00,0.00,24.75,49.90,0.00,89.02,0.00,0.00,0.00,0.00,0.60,0.00,0.60,0.00,49.50,13287700,0,3145440,19.14,23932,1411452,2266844,13.79,2041388,902584,293392,1508792,80288,3216,8040,31404,0,0,0.00,0,0.00,5,385,5.43,4.69,4.16,0,0.60,0.00,49.50,82.67,0.00,0.00,0.00,0.00,6.79,10.38,0.55,2.57,0.00,0.00,0.00,0.00
2018-01-06 04:15:14,97.20,0.00,2.70,0.00,0.00,0.00,0.05,0.00,0.00,0.05,1.60,1161.80,1484.20,0.00,0.00,0.00,3426.40,102.20,0.00,989.40,0.00,0.00,0.00,0.00,28.40,0.00,28.40,0.00,6852.80,13037296,0,3395844,20.66,23940,1658532,2266844,13.79,2269928,919544,523656,1507440,85316,3216,8048,31404,0,0,0.00,0,0.00,5,390,5.55,4.72,4.17,0,28.40,0.00,6852.80,241.30,0.07,2.59,0.45,1.28,207.80,408.80,13.98,3450.82,0.00,0.00,0.00,0.28
2018-01-06 04:15:19,82.41,0.00,3.91,0.00,0.05,0.05,0.10,0.00,0.00,13.48,11.20,2320.40,2219.40,0.00,0.00,0.00,8639.20,1149.80,0.00,42314.00,0.00,0.00,0.00,0.00,71.80,0.00,71.80,0.00,17278.40,13548736,0,2884404,17.55,23948,1644040,1674664,10.19,1718124,960712,466620,1010924,85808,3008,6248,31404,0,0,0.00,0,0.00,0,323,5.43,4.71,4.17,0,71.80,0.00,17278.40,240.65,0.20,2.82,0.46,3.28,593.60,1048.20,41.59,8667.65,0.00,0.00,0.00,0.71
2018-01-06 04:15:24,57.89,0.00,2.23,4.81,0.15,0.00,0.15,0.00,0.00,34.77,14.60,1586.80,2974.40,0.00,0.00,28.00,50327.20,13009.60,0.00,35512.00,0.00,0.00,0.00,0.00,412.00,7.00,405.00,56.00,100654.40,13654552,0,2778588,16.91,24064,1644232,1641044,9.99,1575908,997348,215516,905020,84412,2680,5968,31404,0,0,0.00,0,0.00,4,322,5.31,4.70,4.17,0,412.00,56.00,100654.40,244.44,37.22,90.35,0.72,29.60,1066.60,1004.00,4500.56,7224.89,0.00,0.00,0.00,0.59
2018-01-06 04:15:29,76.60,0.00,1.92,0.00,0.05,0.00,0.20,0.00,0.00,21.23,13.00,1807.60,3215.00,0.00,0.00,0.00,5523.20,11798.80,0.00,17828.20,0.00,0.00,0.00,0.00,47.40,0.00,47.40,0.00,11046.40,13416744,0,3016396,18.36,24084,1635296,2221112,13.52,1763756,1046416,188732,1150940,84464,3088,7192,31404,0,0,0.00,0,0.00,7,373,5.21,4.69,4.17,0,47.40,0.00,11046.40,233.05,0.11,2.24,0.35,1.68,2808.00,1978.60,20708.44,10043.45,0.00,0.00,0.00,1.70
2018-01-06 04:15:34,89.44,0.00,2.06,0.05,0.05,0.00,0.20,0.00,0.00,8.20,5.40,1680.00,2883.40,0.00,0.00,0.00,44.00,4357.60,0.00,12021.40,0.00,0.00,0.00,0.00,1.60,0.00,1.60,0.00,88.00,13080956,0,3352184,20.40,24096,1690248,2253756,13.71,2093904,1046560,243752,1426204,85872,3216,7896,31404,0,0,0.00,0,0.00,8,388,5.03,4.66,4.16,0,1.60,0.00,88.00,55.00,0.00,0.00,0.00,0.00,2192.00,608.00,19148.04,41.44,0.00,0.00,0.00,1.57
2018-01-06 04:15:39,82.91,0.00,1.76,0.00,0.00,0.00,0.20,0.00,0.00,15.13,3.60,1554.20,2480.80,0.00,0.00,0.00,2770.40,404.60,0.00,21843.60,0.00,0.00,0.00,0.00,23.80,0.00,23.80,0.00,5540.80,13250296,0,3182844,19.37,24108,1722652,1977940,12.04,1912080,1059536,262692,1225216,86752,3168,7108,31404,0,0,0.00,0,0.00,6,360,4.95,4.65,4.16,0,23.80,0.00,5540.80,232.81,0.08,3.26,0.54,1.28,1420.20,667.80,10772.72,2608.73,0.00,0.00,0.00,0.88
2018-01-06 04:15:44,82.70,0.00,2.72,0.00,0.05,0.00,0.25,0.00,0.00,14.29,10.20,1504.40,2125.00,0.00,0.00,0.80,4325.60,5563.20,0.00,9278.60,0.00,0.00,0.00,0.00,36.00,0.20,35.80,1.60,8651.20,12929120,0,3504020,21.32,24132,1880440,2257432,13.74,2204100,1088184,401068,1387900,90384,3272,7840,31404,0,0,0.00,0,0.00,5,398,5.03,4.67,4.17,0,36.00,1.60,8651.20,240.36,0.10,2.91,0.33,1.20,1531.80,971.40,11403.88,4190.78,0.00,0.00,0.00,0.93
2018-01-06 04:15:49,68.63,0.00,3.68,1.82,0.10,0.00,0.25,0.00,0.00,25.52,15.20,2245.00,3300.20,0.00,0.00,2.40,45964.00,9807.20,0.00,43091.20,0.00,0.00,0.00,0.00,365.60,0.60,365.00,4.80,91928.00,13162684,0,3270456,19.90,24156,1891536,2265896,13.79,1901252,1159476,188808,1145340,89968,2984,7228,31404,0,0,0.00,0,0.00,7,360,5.03,4.68,4.18,0,365.60,4.80,91928.00,251.46,25.33,69.29,0.65,23.84,1125.60,1935.60,2132.48,15010.38,0.00,0.00,0.00,1.23
2018-01-06 04:15:54,95.85,0.00,3.70,0.00,0.00,0.00,0.30,0.00,0.00,0.15,10.40,2574.00,2546.80,0.00,0.00,0.80,3699.20,3636.20,0.00,16554.60,0.00,0.00,0.00,0.00,35.80,0.20,35.60,1.60,7398.40,12810956,0,3622184,22.04,24180,2037624,2298804,13.99,2191256,1216040,326228,1345684,93580,3248,7720,31404,0,0,0.00,0,0.00,10,386,5.59,4.80,4.22,0,35.80,1.60,7398.40,206.70,0.09,2.39,0.36,1.28,3076.40,2021.20,24436.37,9515.80,0.00,0.00,0.00,2.00
2018-01-06 04:15:59,97.70,0.00,2.30,0.00,0.00,0.00,0.00,0.00,0.00,0.00,4.00,2176.00,1369.20,0.00,0.00,0.00,146.40,2618.00,0.00,2348.40,0.00,0.00,0.00,0.00,11.00,0.00,11.00,0.00,292.80,12655824,0,3777316,22.99,24192,2109812,2298804,13.99,2340440,1217600,397652,1426036,95716,3344,7908,31404,0,0,0.00,0,0.00,7,404,5.78,4.85,4.24,0,11.00,0.00,292.80,26.62,0.01,0.95,0.73,0.80,10.60,16.40,1.15,3.90,0.00,0.00,0.00,0.00
2018-01-06 04:16:04,95.69,0.00,2.56,0.00,0.00,0.00,0.10,0.00,0.00,1.65,14.80,2729.20,1846.00,0.00,0.00,0.00,1565.60,9132.80,0.00,35883.40,0.00,0.00,0.00,0.00,13.80,0.00,13.80,0.00,3131.20,13080588,0,3352552,20.40,24224,1969724,2251892,13.70,1893692,1244784,254208,1147100,92168,3104,7092,31404,0,0,0.00,0,0.00,6,375,5.64,4.84,4.24,0,13.80,0.00,3131.20,226.90,0.03,2.14,0.41,0.56,249.20,675.40,18.97,5715.56,0.00,0.00,0.00,0.47
2018-01-06 04:16:09,95.25,0.00,3.75,0.00,0.00,0.00,0.65,0.00,0.00,0.35,23.20,3446.40,3858.40,0.00,0.00,0.80,14388.80,14563.00,0.00,51236.00,0.00,0.00,0.00,0.00,117.40,0.20,117.20,1.60,28777.60,13340108,0,3093032,18.82,24252,1803336,2252656,13.71,1463848,1422656,54040,1059740,85716,2960,6984,31404,0,0,0.00,0,0.00,10,368,5.99,4.92,4.27,0,117.40,1.60,28777.60,245.14,1.62,13.83,0.33,3.92,2797.20,5163.60,12299.58,41340.14,0.00,0.00,0.00,3.39
2018-01-06 04:16:14,95.45,0.00,4.10,0.00,0.00,0.00,0.45,0.00,0.00,0.00,9.80,2719.40,2997.20,0.00,0.00,0.80,6018.40,4378.80,0.00,16967.60,0.00,0.00,0.00,0.00,50.20,0.20,50.00,1.60,12036.80,12920004,0,3513136,21.38,24264,1978100,2285240,13.91,1770916,1535300,211616,1304328,85784,3128,7628,31404,0,0,0.00,0,0.00,14,389,5.99,4.94,4.28,0,50.20,1.60,12036.80,239.81,0.15,3.01,0.38,1.92,3353.80,3296.80,24142.78,21053.46,0.00,0.00,0.00,1.98
2018-01-06 04:16:19,96.60,0.00,2.95,0.00,0.00,0.00,0.40,0.00,0.00,0.05,4.80,2504.40,1911.40,0.00,0.00,0.00,1238.40,3776.60,0.00,10516.60,0.00,0.00,0.00,0.00,11.20,0.00,11.20,0.00,2476.80,12750164,0,3682976,22.41,24272,2059376,2285240,13.91,1912796,1560588,289552,1389744,87824,3344,7852,31404,0,0,0.00,0,0.00,8,404,6.07,4.98,4.29,0,11.20,0.00,2476.80,221.14,0.06,5.21,0.29,0.32,1503.00,841.40,12149.56,3633.31,0.00,0.00,0.00,1.00
2018-01-06 04:16:24,88.29,0.00,1.95,0.00,0.05,0.00,0.00,0.00,0.00,9.71,6.20,2667.40,1725.00,0.00,0.00,276.80,47.20,1738.00,0.00,36082.80,0.00,0.00,0.00,0.00,4.40,2.80,1.60,553.60,94.40,13401932,0,3031208,18.45,24280,1853204,1685536,10.26,1261704,1565088,84536,948912,84832,3016,6136,31404,0,0,0.00,0,0.00,1,336,6.22,5.03,4.31,0,4.40,553.60,94.40,147.27,0.01,1.45,0.73,0.32,116.60,259.40,8.51,2066.01,0.00,0.00,0.00,0.17
2018-01-06 04:16:29,9.83,0.00,0.30,0.05,0.05,0.00,0.05,0.00,0.00,89.72,5.20,905.40,925.80,0.00,0.00,0.00,841.60,642.00,0.00,26457.20,0.00,0.00,0.00,0.00,8.80,0.00,8.80,0.00,1683.20,13911740,0,2521400,15.34,24292,1784632,1080304,6.57,755096,1566088,11912,512252,81828,2272,4416,31404,0,0,0.00,0,0.00,0,270,5.73,4.94,4.29,0,8.80,0.00,1683.20,191.27,0.05,5.73,2.73,2.40,11.20,14.40,1.24,3.04,0.00,0.00,0.00,0.00
