timestamp,cpu.%usr,cpu.%nice,cpu.%sys,cpu.%iowait,cpu.%steal,cpu.%irq,cpu.%soft,cpu.%guest,cpu.%gnice,cpu.%idle,task.proc/s,task.cswch/s,intr.intr/s,swap.pswpin/s,swap.pswpout/s,paging.pgpgin/s,paging.pgpgout/s,paging.fault/s,paging.majflt/s,paging.pgfree/s,paging.pgscank/s,paging.pgscand/s,paging.pgsteal/s,paging.%vmeff,io.tps,io.rtps,io.wtps,io.bread/s,io.bwrtn/s,memory.kbmemfree,memory.kbavail,memory.kbmemused,memory.%memused,memory.kbbuffers,memory.kbcached,memory.kbcommit,memory.%commit,memory.kbactive,memory.kbinact,memory.kbdirty,memory.kbanonpg,memory.kbslab,memory.kbkstack,memory.kbpgtbl,memory.kbvmused,swap.kbswpfree,swap.kbswpused,swap.%swpused,swap.kbswpcad,swap.%swpcad,load.runq-sz,load.plist-sz,load.ldavg-1,load.ldavg-5,load.ldavg-15,load.blocked,disk.tps,disk.rd_sec/s,disk.wr_sec/s,disk.avgrq-sz,disk.avgqu-sz,disk.await,disk.svctm,disk.%util,network.rxpck/s,network.txpck/s,network.rxkB/s,network.txkB/s,network.rxcmp/s,network.txcmp/s,network.rxmcst/s,network.%ifutil
2018-01-05 23:52:11,0.15,0.00,0.10,11.38,0.00,0.00,0.00,0.00,0.00,88.37,0.20,285.40,278.20,0.00,0.00,0.80,16624.00,619.00,0.00,1700.60,0.00,0.00,0.00,0.00,98.80,0.20,98.60,1.60,25158.40,9894060,0,6539080,39.79,34164,5564456,1170060,7.12,1146040,5073268,1001304,620616,203180,2152,3528,31404,0,0,0.00,0,0.00,0,255,4.25,3.89,3.05,1,98.80,1.60,25158.40,254.66,40.92,339.00,3.55,35.12,3.20,4.60,0.33,0.72,0.00,0.00,0.00,0.00
2018-01-05 23:52:16,0.45,0.00,0.40,26.04,0.15,0.00,0.00,0.00,0.00,72.95,14.60,551.00,895.40,0.00,0.00,0.80,53784.80,5563.80,0.00,1587.40,0.00,0.00,0.00,0.00,425.20,0.20,425.00,1.60,108337.60,9890336,0,6542804,39.81,34180,5564088,1187264,7.22,1150576,5072928,732796,625260,203128,2208,4020,31404,0,0,0.00,0,0.00,1,265,3.99,3.85,3.04,1,425.40,1.60,108388.80,254.80,138.51,299.62,2.35,100.00,36.80,101.40,3.71,762.96,0.00,0.00,0.00,0.06
2018-01-05 23:52:21,28.78,0.00,1.36,29.18,0.10,0.00,0.00,0.00,0.00,40.57,22.60,1289.80,1904.40,0.00,0.00,5.60,26574.40,8429.80,0.00,4635.20,0.00,0.00,0.00,0.00,207.80,1.40,206.40,11.20,52739.20,9693084,0,6740056,41.02,34320,5564948,1612332,9.81,1346396,5073512,601400,820736,203756,2520,4780,31404,0,0,0.00,0,0.00,1,304,4.07,3.86,3.05,1,207.60,11.20,52688.00,253.85,132.52,676.97,4.82,100.00,40.40,43.60,95.44,73.07,0.00,0.00,0.00,0.01
2018-01-05 23:52:26,47.70,0.00,1.62,17.42,0.10,0.00,0.05,0.00,0.00,33.11,31.80,1930.00,2258.40,0.00,0.00,0.00,19208.80,12396.80,0.00,5361.20,0.00,0.00,0.00,0.00,151.80,0.00,151.80,0.00,38776.00,9361632,0,7071508,43.03,34376,5565772,2651812,16.14,1672308,5073736,506456,1147944,204808,3472,6524,31404,0,0,0.00,0,0.00,9,421,4.55,3.97,3.09,1,151.80,0.00,38776.00,255.44,136.80,896.54,6.59,100.00,42.00,55.20,6.11,17.00,0.00,0.00,0.00,0.00
2018-01-05 23:52:31,87.52,0.00,2.63,5.15,0.10,0.00,0.25,0.00,0.00,4.35,10.20,3581.00,2987.80,0.00,0.00,2.40,20508.00,8004.40,0.00,4877.80,0.00,0.00,0.00,0.00,161.40,0.60,160.80,4.80,41067.20,8868112,0,7565028,46.04,34392,5566188,2717200,16.53,2164068,5074068,404300,1637588,206156,3736,7792,31404,0,0,0.00,0,0.00,12,453,4.66,4.00,3.10,1,161.40,4.80,41067.20,254.47,130.14,862.17,6.20,100.00,53.80,44.80,9.80,7.12,0.00,0.00,0.00,0.00
2018-01-05 23:52:36,76.08,0.00,2.72,16.36,0.05,0.00,0.30,0.00,0.00,4.48,0.00,2310.80,2026.00,0.00,0.00,0.80,22144.00,67.40,0.00,609.80,0.00,0.00,0.00,0.00,172.20,0.20,172.00,1.60,43972.80,8575384,0,7857756,47.82,34412,5856512,2717200,16.53,2459680,5071868,585900,1640960,206048,3704,7808,31404,0,0,0.00,0,0.00,4,449,4.61,4.00,3.11,1,172.20,1.60,43972.80,255.37,135.60,758.70,5.81,100.00,17.60,13.80,2.58,2.34,0.00,0.00,0.00,0.00
2018-01-05 23:52:41,53.45,0.00,5.39,16.27,0.10,0.00,0.00,0.00,0.00,24.79,17.20,2079.60,2009.80,0.00,0.00,0.80,17476.00,3734.60,0.00,59647.00,0.00,0.00,0.00,0.00,154.80,0.20,154.60,1.60,39534.40,9205092,0,7228048,43.98,34488,5967876,1824372,11.10,1829860,5066764,615600,894236,211688,3160,5680,31404,0,0,0.00,0,0.00,0,381,4.72,4.03,3.13,6,154.80,1.60,39534.40,255.40,138.25,837.91,6.46,100.00,33.80,26.40,9.65,3.94,0.00,0.00,0.00,0.00
2018-01-05 23:52:46,80.44,0.00,2.97,8.50,0.00,0.00,0.05,0.00,0.00,8.04,18.20,2274.00,2257.80,0.00,0.00,0.00,20996.80,17370.60,0.00,10465.20,0.00,0.00,0.00,0.00,173.80,0.00,173.80,0.00,40857.60,8817588,0,7615552,46.34,34500,5963404,2656888,16.17,2219844,5062484,511280,1284424,212084,3568,7092,31404,0,0,0.00,0,0.00,0,435,4.74,4.05,3.14,5,173.80,0.00,40857.60,235.08,133.79,760.28,5.75,100.00,80.80,84.20,14.36,18.36,0.00,0.00,0.00,0.00
2018-01-05 23:52:51,75.53,0.00,2.77,12.49,0.05,0.00,0.40,0.00,0.00,8.76,7.80,3600.60,3049.80,0.00,0.00,0.80,20264.00,1900.60,0.00,2490.40,0.00,0.00,0.00,0.00,161.80,0.20,161.60,1.60,41097.60,8464424,0,7968716,48.49,34512,5983432,2706020,16.47,2576888,5057780,435532,1617140,212516,3728,7800,31404,0,0,0.00,0,0.00,1,452,4.84,4.08,3.15,6,161.80,1.60,41097.60,254.01,132.69,827.26,6.18,100.00,57.20,53.40,10.76,10.38,0.00,0.00,0.00,0.00
2018-01-05 23:52:56,71.23,0.00,5.33,10.76,0.10,0.00,0.20,0.00,0.00,12.37,2.60,2091.80,2092.40,0.00,0.00,0.00,91.20,1325.80,0.00,1528.40,0.00,0.00,0.00,0.00,18.00,0.00,18.00,0.00,3803.20,7915296,0,8517844,51.83,34524,6523312,2722460,16.57,3126924,5053160,980068,1622352,216248,3784,7824,31404,0,0,0.00,0,0.00,3,459,4.70,4.06,3.15,0,18.00,0.00,3803.20,211.29,5.18,1185.07,6.09,10.96,31.00,23.60,5.48,3.87,0.00,0.00,0.00,0.00
2018-01-05 23:53:01,77.34,0.00,5.28,0.00,0.05,0.00,0.05,0.00,0.00,17.29,25.40,2399.40,1926.00,0.00,0.00,0.00,70.40,16848.80,0.00,64415.20,0.00,0.00,0.00,0.00,2.00,0.00,2.00,0.00,140.80,8442968,0,7990172,48.62,34568,6356964,2680688,16.31,2601216,5048236,818828,1258024,220196,3488,6764,31404,0,0,0.00,0,0.00,4,427,4.72,4.08,3.16,0,2.00,0.00,140.80,70.40,0.00,0.80,0.40,0.08,35.60,32.20,7.58,5.12,0.00,0.00,0.00,0.00
2018-01-05 23:53:06,81.94,0.00,3.07,0.00,0.10,0.00,0.65,0.00,0.00,14.24,14.00,3534.40,3467.80,0.00,0.00,0.00,3452.80,5058.00,0.00,13315.00,0.00,0.00,0.00,0.00,28.00,0.00,28.00,0.00,6905.60,8005376,0,8427764,51.29,34576,6443448,2713960,16.52,3023236,5060608,893440,1605904,220996,3800,7788,31404,0,0,0.00,0,0.00,2,461,4.50,4.04,3.15,0,28.00,0.00,6905.60,246.63,10.54,376.34,5.51,15.44,2117.00,713.20,17823.54,57.01,0.00,0.00,0.00,1.46
2018-01-05 23:53:11,54.59,0.00,4.39,1.21,0.10,0.00,0.15,0.00,0.00,39.56,3.20,2039.40,2273.80,0.00,0.00,0.80,4935.20,170.60,0.00,2913.20,0.00,0.00,0.00,0.00,9.80,0.20,9.60,1.60,2393.60,7486996,0,8946144,54.44,34588,6928800,2745392,16.71,3540680,5056100,1359508,1633412,227256,3832,7860,31404,0,0,0.00,0,0.00,1,465,4.46,4.04,3.16,3,9.80,1.60,2393.60,244.41,7.93,176.98,6.45,6.32,445.00,197.00,3456.39,19.80,0.00,0.00,0.00,0.28
2018-01-05 23:53:16,6.26,0.00,1.21,51.31,0.10,0.00,0.00,0.00,0.00,41.12,10.80,1334.80,1522.80,0.00,0.00,0.00,20107.20,2416.00,0.00,41101.00,0.00,0.00,0.00,0.00,169.40,0.00,169.40,0.00,42763.20,8209880,0,8223260,50.04,34612,6699048,2163380,13.16,2802108,5072848,1040928,1141120,227416,3408,6428,31404,0,0,0.00,0,0.00,0,412,4.35,4.03,3.16,3,169.40,0.00,42763.20,252.44,132.65,736.69,5.90,100.00,318.20,696.00,1744.17,4661.94,0.00,0.00,0.00,0.38
2018-01-05 23:53:21,66.35,0.00,1.86,17.68,0.05,0.00,0.05,0.00,0.00,14.01,13.60,1793.40,2196.80,0.00,0.00,0.80,21712.80,11780.80,0.00,6492.40,0.00,0.00,0.00,0.00,172.80,0.20,172.60,1.60,41710.40,7710308,0,8722832,53.08,34632,6694388,2732596,16.63,3304988,5068516,932940,1644404,227680,3728,7428,31404,0,0,0.00,0,0.00,6,458,5.04,4.18,3.21,1,172.80,1.60,41710.40,241.39,136.87,776.34,5.79,100.00,312.80,171.80,2305.48,16.50,0.00,0.00,0.00,0.19
2018-01-05 23:53:26,55.22,0.00,1.93,23.25,0.20,0.00,0.46,0.00,0.00,18.95,4.20,2970.40,3162.60,0.00,0.00,0.80,22838.40,149.60,0.00,4755.80,0.00,0.00,0.00,0.00,179.80,0.20,179.60,1.60,45128.00,7573144,0,8859996,53.92,34644,6834808,2732596,16.63,3447624,5063788,964756,1641996,227600,3744,7864,31404,0,0,0.00,0,0.00,3,454,4.88,4.16,3.21,1,180.00,1.60,45179.20,251.00,137.23,792.74,5.56,100.00,725.40,350.40,5769.38,32.91,0.00,0.00,0.00,0.47
2018-01-05 23:53:31,38.81,0.00,4.95,28.95,0.10,0.00,0.05,0.00,0.00,27.13,8.40,1654.00,1979.20,0.00,0.00,0.80,25264.80,737.00,0.00,40617.00,0.00,0.00,0.00,0.00,197.20,0.20,197.00,1.60,49920.00,7856516,0,8576624,52.19,34660,7045472,2152956,13.10,3152304,5069848,1053392,1142340,234340,3680,6112,31404,0,0,0.00,0,0.00,6,398,4.64,4.12,3.20,1,197.00,1.60,49868.80,253.15,133.08,669.64,5.08,100.00,225.20,258.00,1160.57,1170.43,0.00,0.00,0.00,0.10
2018-01-05 23:53:36,59.96,0.00,2.27,18.10,0.05,0.00,0.10,0.00,0.00,19.52,15.60,1568.40,2140.00,0.00,0.00,0.80,19369.60,14043.60,0.00,7512.60,0.00,0.00,0.00,0.00,159.40,0.20,159.20,1.60,39798.40,7464624,0,8968516,54.58,34696,7032848,2759684,16.79,3531272,5082216,960732,1546104,234156,3648,7404,31404,0,0,0.00,0,0.00,3,453,4.67,4.14,3.21,1,159.40,1.60,39798.40,249.69,133.82,796.22,6.27,100.00,218.60,725.80,586.38,5686.53,0.00,0.00,0.00,0.47
2018-01-05 23:53:41,64.12,0.00,2.73,14.98,0.15,0.00,0.35,0.00,0.00,17.66,2.60,3195.20,3332.20,0.00,0.00,0.80,21208.00,1265.40,0.00,4691.20,0.00,0.00,0.00,0.00,163.40,0.20,163.20,1.60,41376.00,7155568,0,9277572,56.46,34708,7238700,2759684,16.79,3842932,5077588,1066020,1647360,235480,3736,7888,31404,0,0,0.00,0,0.00,6,453,4.54,4.12,3.21,1,163.40,1.60,41376.00,253.23,136.15,850.87,6.12,99.92,451.00,255.00,3458.77,23.09,0.00,0.00,0.00,0.28
2018-01-05 23:53:46,51.54,0.00,4.65,20.82,0.15,0.00,0.15,0.00,0.00,22.69,17.80,2297.40,2770.60,0.00,0.00,0.80,22201.60,6992.60,0.00,45597.20,0.00,0.00,0.00,0.00,174.80,0.20,174.60,1.60,44377.60,7454816,0,8978324,54.64,34752,7281524,2456704,14.95,3517212,5098676,1016824,1299736,241020,3488,6900,31404,0,0,0.00,0,0.00,1,422,4.42,4.10,3.21,2,174.80,1.60,44377.60,253.89,134.87,771.44,5.72,100.00,702.40,1094.60,3477.43,6925.48,0.00,0.00,0.00,0.57
2018-01-05 23:53:51,56.51,0.00,2.57,24.92,0.15,0.00,0.40,0.00,0.00,15.44,9.80,2532.00,2967.40,0.00,0.00,0.00,23912.80,5116.80,0.00,4277.60,0.00,0.00,0.00,0.00,194.20,0.00,194.20,0.00,48230.40,7024404,0,9408736,57.25,34764,7348940,2755356,16.77,3940596,5105660,969800,1662596,240988,3680,7640,31404,0,0,0.00,0,0.00,5,451,4.46,4.11,3.22,1,194.20,0.00,48230.40,248.35,134.20,735.44,5.15,100.00,443.40,513.80,2892.47,2331.55,0.00,0.00,0.00,0.24
2018-01-05 23:53:56,45.96,0.00,2.67,26.24,0.10,0.00,0.15,0.00,0.00,24.87,1.40,2311.00,2540.20,0.00,0.00,2.40,28304.80,127.40,0.00,1609.40,0.00,0.00,0.00,0.00,222.40,0.60,221.80,4.80,56409.60,6757504,0,9675636,58.88,34800,7605856,2755356,16.77,4206200,5102652,1094716,1668528,245192,3744,7888,31404,0,0,0.00,0,0.00,2,454,4.35,4.09,3.22,1,222.40,4.80,56409.60,253.66,133.30,575.57,4.50,100.00,152.20,206.60,585.08,1160.74,0.00,0.00,0.00,0.10
2018-01-05 23:54:01,55.51,0.00,4.55,23.79,0.10,0.00,0.30,0.00,0.00,15.76,21.80,2197.60,2799.80,0.00,0.00,1.60,28874.40,8875.20,0.00,45981.60,0.00,0.00,0.00,0.00,228.60,0.40,228.20,3.20,58083.20,6993772,0,9439368,57.44,34868,7550900,2718192,16.54,3941424,5131556,915408,1487504,245228,3600,7116,31404,0,0,0.00,0,0.00,7,442,4.32,4.09,3.22,1,228.60,3.20,58083.20,254.10,136.37,616.34,4.37,100.00,882.20,1282.00,4046.08,8795.67,0.00,0.00,0.00,0.72
2018-01-05 23:54:06,63.59,0.00,2.58,15.20,0.20,0.00,0.35,0.00,0.00,18.08,5.20,3074.60,3198.20,0.00,0.00,0.00,21885.60,4469.40,0.00,4660.00,0.00,0.00,0.00,0.00,172.20,0.00,172.20,0.00,44064.00,6657952,0,9775188,59.48,34880,7679044,2751184,16.74,4278464,5127280,939796,1691620,247632,3728,7932,31404,0,0,0.00,0,0.00,4,451,4.77,4.19,3.26,2,172.60,0.00,44166.40,255.89,133.44,758.75,5.80,100.08,253.80,140.60,1742.49,14.86,0.00,0.00,0.00,0.14
2018-01-05 23:54:11,47.68,0.00,3.93,28.30,0.10,0.00,0.10,0.00,0.00,19.89,10.00,2006.20,2355.00,0.00,0.00,0.80,21367.20,2595.40,0.00,22904.20,0.00,0.00,0.00,0.00,169.60,0.20,169.40,1.60,43142.40,6626496,0,9806644,59.68,34924,7913436,2732960,16.63,4286160,5145120,1072388,1482608,253984,3712,7080,31404,0,0,0.00,0,0.00,3,442,4.71,4.19,3.26,2,169.20,1.60,43040.00,254.38,133.68,775.11,5.91,100.00,549.40,658.80,2329.62,4076.50,0.00,0.00,0.00,0.33
2018-01-05 23:54:16,71.13,0.00,3.89,7.13,0.05,0.00,0.20,0.00,0.00,17.59,13.80,2662.20,3171.40,0.00,0.00,0.80,8881.60,9509.80,0.00,29180.40,0.00,0.00,0.00,0.00,97.20,0.20,97.00,1.60,24331.20,6600892,0,9832248,59.83,34964,7846972,2723640,16.57,4270320,5177396,989444,1576164,252440,3648,7640,31404,0,0,0.00,0,0.00,5,445,4.81,4.22,3.28,0,97.20,1.60,24331.20,250.34,58.41,741.61,6.29,61.12,704.40,1506.20,2327.20,11400.89,0.00,0.00,0.00,0.93
2018-01-05 23:54:21,58.63,0.00,3.53,14.78,0.15,0.00,0.30,0.00,0.00,22.60,4.20,2661.00,2708.60,0.00,0.00,0.80,26670.40,1340.00,0.00,2720.60,0.00,0.00,0.00,0.00,183.00,0.20,182.80,1.60,46512.00,6207536,0,10225604,62.23,34976,8104200,2740112,16.67,4671760,5172840,1118988,1705528,259240,3744,7996,31404,0,0,0.00,0,0.00,2,453,4.67,4.20,3.28,1,183.00,1.60,46512.00,254.17,90.24,458.45,4.07,74.56,250.40,165.20,1734.99,16.28,0.00,0.00,0.00,0.14
2018-01-05 23:54:26,40.99,0.00,3.53,29.78,0.10,0.00,0.10,0.00,0.00,25.49,15.20,1911.00,2444.80,0.00,0.00,0.80,30495.20,7347.00,0.00,44481.40,0.00,0.00,0.00,0.00,241.60,0.20,241.40,1.60,59758.40,6554804,0,9878336,60.11,35016,8109556,2444372,14.87,4302060,5195928,976832,1353724,259504,3424,6776,31404,0,0,0.00,0,0.00,2,422,4.62,4.19,3.28,2,241.60,1.60,59758.40,247.35,134.08,534.97,4.14,100.00,535.00,644.60,1179.40,4604.99,0.00,0.00,0.00,0.38
2018-01-05 23:54:31,54.11,0.00,2.48,27.13,0.15,0.00,0.30,0.00,0.00,15.82,9.20,2645.40,3099.00,0.00,0.00,0.80,29801.60,5292.80,0.00,5675.40,0.00,0.00,0.00,0.00,240.20,0.20,240.00,1.60,60752.00,6223768,0,10209372,62.13,35036,8176672,2734332,16.64,4627460,5197276,900428,1613076,261516,3656,7708,31404,0,0,0.00,0,0.00,5,446,4.73,4.22,3.30,2,240.20,1.60,60752.00,252.93,137.95,582.90,4.16,100.00,590.60,503.40,4051.47,1165.79,0.00,0.00,0.00,0.33
2018-01-05 23:54:36,52.85,0.00,3.23,27.99,0.15,0.00,0.30,0.00,0.00,15.46,6.40,2568.40,3012.60,0.00,0.00,1.60,23868.80,910.20,0.00,11533.80,0.00,0.00,0.00,0.00,185.60,0.40,185.20,3.20,47067.20,5990772,0,10442368,63.54,35056,8290752,2767392,16.84,4847444,5206896,917620,1728500,265224,3744,8060,31404,0,0,0.00,0,0.00,1,445,4.73,4.22,3.30,2,185.80,3.20,47118.40,253.61,132.07,661.00,5.38,100.00,595.80,1029.20,2330.06,7057.90,0.00,0.00,0.00,0.58
2018-01-05 23:54:41,42.62,0.00,3.49,31.55,0.10,0.00,0.20,0.00,0.00,22.04,15.00,1682.80,2358.20,0.00,0.00,1.60,26219.20,9033.00,0.00,38977.80,0.00,0.00,0.00,0.00,208.00,0.40,207.60,3.20,52804.80,6148300,0,10284840,62.59,35096,8429508,2764452,16.82,4644228,5251184,942520,1430720,268640,3536,7108,31404,0,0,0.00,0,0.00,6,430,4.59,4.20,3.29,2,207.80,3.20,52753.60,253.88,133.07,671.98,4.81,100.00,679.80,1332.00,1191.04,10765.83,0.00,0.00,0.00,0.88
2018-01-05 23:54:46,73.39,0.00,2.52,13.31,0.20,0.00,0.40,0.00,0.00,10.18,7.60,3091.60,3374.80,0.00,0.00,0.80,24362.40,6725.80,0.00,6017.40,0.00,0.00,0.00,0.00,193.40,0.20,193.20,1.60,49128.00,5822628,0,10610512,64.57,35112,8424892,2781472,16.93,4971476,5246684,821408,1758092,269188,3728,8112,31404,0,0,0.00,0,0.00,2,452,4.78,4.25,3.31,2,193.40,1.60,49128.00,254.03,135.01,691.26,5.17,100.00,324.40,212.60,2312.48,20.54,0.00,0.00,0.00,0.19
2018-01-05 23:54:51,48.08,0.00,3.94,21.04,0.10,0.00,0.10,0.00,0.00,26.74,3.40,1927.60,2430.40,0.00,0.00,0.80,25991.20,128.00,0.00,3201.40,0.00,0.00,0.00,0.00,201.60,0.20,201.40,1.60,51264.00,5368336,0,11064804,67.33,35136,8870216,2798452,17.03,5411844,5250956,1160304,1758176,279940,3760,8128,31404,0,0,0.00,0,0.00,2,456,4.80,4.26,3.32,2,201.60,1.60,51264.00,254.29,132.39,657.80,4.96,100.00,447.80,878.20,2314.26,5797.77,0.00,0.00,0.00,0.47
2018-01-05 23:54:56,67.90,0.00,3.64,11.22,0.10,0.00,0.15,0.00,0.00,16.99,24.00,2452.40,3242.00,0.00,0.00,0.80,22250.40,11919.60,0.00,48424.80,0.00,0.00,0.00,0.00,200.00,0.20,199.80,1.60,50724.80,5598484,0,10834656,65.93,35156,8657648,2794844,17.01,5129148,5308492,853296,1744940,274908,3696,7644,31404,0,0,0.00,0,0.00,3,453,4.81,4.27,3.33,4,200.00,1.60,50724.80,253.63,135.93,724.41,5.00,100.00,977.40,1909.00,3502.02,13821.57,0.00,0.00,0.00,1.13
2018-01-05 23:55:01,63.46,0.00,3.54,5.77,0.10,0.00,0.30,0.00,0.00,26.82,2.60,3080.60,3252.60,0.00,0.00,0.00,15664.00,189.80,0.00,2504.40,0.00,0.00,0.00,0.00,137.40,0.00,137.40,0.00,32635.20,5290484,0,11142656,67.81,35176,8958588,2811320,17.11,5433716,5303948,1081200,1744408,282168,3720,8076,31404,0,0,0.00,0,0.00,4,457,4.99,4.32,3.35,0,137.40,0.00,32635.20,237.52,69.33,533.34,4.30,59.04,253.20,174.20,1732.46,16.82,0.00,0.00,0.00,0.14
2018-01-05 23:55:06,58.91,0.00,3.79,8.68,0.15,0.05,0.10,0.00,0.00,28.32,19.00,2271.60,2873.20,0.00,0.00,1.60,18839.20,11119.80,0.00,46289.80,0.00,0.00,0.00,0.00,145.80,0.40,145.40,3.20,36804.80,5575556,0,10857584,66.07,35212,8920160,2768752,16.85,5105704,5344368,954028,1499212,282004,3600,7536,31404,0,0,0.00,0,0.00,1,437,4.75,4.28,3.34,5,145.80,3.20,36804.80,252.46,72.81,484.26,3.94,57.44,638.80,1100.00,1749.10,8031.79,0.00,0.00,0.00,0.66
2018-01-05 23:55:11,62.09,0.00,1.82,16.98,0.15,0.00,0.41,0.00,0.00,18.55,6.00,2760.60,3158.80,0.00,0.00,0.80,35712.80,1347.20,0.00,4726.00,0.00,0.00,0.00,0.00,269.00,0.20,268.80,1.60,68712.00,5292344,0,11140796,67.79,35228,8960108,2801316,17.05,5382932,5352228,845312,1739360,282496,3728,8064,31404,0,0,0.00,0,0.00,1,452,4.77,4.29,3.35,5,269.00,1.60,68712.00,255.44,138.35,490.00,3.72,100.00,473.20,1060.00,2319.38,7341.74,0.00,0.00,0.00,0.60
2018-01-05 23:55:16,52.20,0.00,5.26,21.42,0.10,0.00,0.30,0.00,0.00,20.72,4.40,2325.40,2835.40,0.00,0.00,1.60,26256.00,155.60,0.00,10692.00,0.00,0.00,0.00,0.00,203.00,0.40,202.60,3.20,51624.00,4880804,0,11552336,70.30,35276,9360708,2801316,17.05,5768136,5367328,1130460,1739312,293812,3760,8076,31404,0,0,0.00,0,0.00,1,455,4.79,4.31,3.36,5,203.20,3.20,51675.20,254.32,135.50,671.71,4.92,100.00,670.60,997.40,4050.24,6275.45,0.00,0.00,0.00,0.51
2018-01-05 23:55:21,55.75,0.00,2.48,28.10,0.15,0.00,0.30,0.00,0.00,13.22,19.20,2579.60,3193.40,0.00,0.00,0.80,27474.40,11962.40,0.00,41013.60,0.00,0.00,0.00,0.00,207.20,0.20,207.00,1.60,52512.00,5138172,0,11294968,68.73,35332,9234560,2761768,16.81,5468300,5413860,871948,1612188,290876,3632,7624,31404,0,0,0.00,0,0.00,1,442,4.81,4.32,3.37,1,207.00,1.60,52460.80,253.44,137.38,658.28,4.83,100.00,804.00,1145.80,624.89,9186.78,0.00,0.00,0.00,0.75
2018-01-05 23:55:26,60.81,0.00,3.03,20.51,0.15,0.00,0.45,0.00,0.00,15.05,5.60,2721.40,3369.00,0.00,0.00,1.60,27733.60,1373.00,0.00,4746.60,0.00,0.00,0.00,0.00,216.40,0.40,216.00,3.20,55235.20,4775880,0,11657260,70.94,35360,9460364,2777812,16.90,5791120,5447844,981888,1743396,295428,3752,8048,31404,0,0,0.00,0,0.00,5,455,4.74,4.31,3.37,1,216.40,3.20,55235.20,255.26,132.02,604.62,4.62,100.00,563.20,1553.40,2331.42,11791.17,0.00,0.00,0.00,0.97
2018-01-05 23:55:31,29.12,0.00,2.82,41.31,0.10,0.00,0.10,0.00,0.00,26.55,6.40,1720.00,2195.40,0.00,0.00,0.80,21498.40,1267.00,0.00,23538.80,0.00,0.00,0.00,0.00,192.60,0.20,192.40,1.60,49030.40,4895696,0,11537444,70.21,35384,9596428,2479896,15.09,5642808,5475440,1025392,1486012,298608,3560,7344,31404,0,0,0.00,0,0.00,1,431,4.92,4.36,3.39,1,192.60,1.60,49030.40,254.58,126.82,690.34,5.19,100.00,597.40,1015.60,1189.96,7855.13,0.00,0.00,0.00,0.64
2018-01-05 23:55:36,74.37,0.00,2.72,1.26,0.10,0.00,0.20,0.00,0.00,21.35,18.20,2673.80,3134.80,0.00,0.00,0.80,9028.80,13531.00,0.00,28933.20,0.00,0.00,0.00,0.00,86.40,0.20,86.20,1.60,19166.40,4780896,0,11652244,70.91,35416,9465320,2775304,16.89,5733844,5498964,854184,1732176,296392,3680,7820,31404,0,0,0.00,0,0.00,4,452,4.69,4.32,3.39,1,86.40,1.60,19166.40,221.85,17.91,251.07,4.53,39.12,656.20,764.60,1773.85,5140.96,0.00,0.00,0.00,0.42
2018-01-05 23:55:41,60.65,0.00,3.54,18.51,0.10,0.00,0.25,0.00,0.00,16.94,4.00,2833.80,3179.80,0.00,0.00,0.80,39425.60,695.60,0.00,3740.20,0.00,0.00,0.00,0.00,280.80,0.20,280.60,1.60,70787.20,4404008,0,12029132,73.20,35440,9829388,2791692,16.99,6106524,5494260,1026876,1735628,305196,3736,8060,31404,0,0,0.00,0,0.00,2,456,4.79,4.34,3.40,1,280.80,1.60,70787.20,252.10,131.85,440.48,3.56,100.00,524.80,321.20,4033.41,30.45,0.00,0.00,0.00,0.33
2018-01-05 23:55:46,12.28,0.00,2.12,54.17,0.15,0.00,0.05,0.00,0.00,31.23,10.00,1532.40,2076.00,0.00,0.00,0.80,37465.60,2404.00,0.00,43793.20,0.00,0.00,0.00,0.00,295.80,0.20,295.60,1.60,75435.20,5009892,0,11423248,69.51,35480,9716644,2192916,13.34,5438056,5560348,742936,1246204,302592,3344,6652,31404,0,0,0.00,0,0.00,0,404,4.65,4.32,3.40,3,295.80,1.60,75435.20,255.03,138.23,313.55,3.38,100.00,901.80,1836.80,642.74,15278.40,0.00,0.00,0.00,1.25
2018-01-05 23:55:51,62.71,0.00,2.96,22.81,0.05,0.00,0.15,0.00,0.00,11.31,12.60,1708.60,2330.60,0.00,0.00,0.80,28743.20,9013.40,0.00,6979.40,0.00,0.00,0.00,0.00,230.00,0.20,229.80,1.60,58488.00,4662620,0,11770520,71.63,35508,9785128,2776744,16.90,5748488,5597416,691112,1525172,303232,3616,7572,31404,0,0,0.00,0,0.00,5,447,4.52,4.30,3.40,1,230.00,1.60,58488.00,254.30,134.93,717.76,4.35,100.00,568.00,1627.00,2325.26,12294.84,0.00,0.00,0.00,1.01
2018-01-05 23:55:56,62.49,0.00,2.17,8.83,0.20,0.00,0.25,0.00,0.00,26.05,2.40,3097.60,3219.00,0.00,0.00,0.80,16385.60,281.20,0.00,2631.20,0.00,0.00,0.00,0.00,155.20,0.20,155.00,1.60,39331.20,4308396,0,12124744,73.78,35520,9928696,2776744,16.90,6101608,5592916,757688,1730288,307516,3720,8044,31404,0,0,0.00,0,0.00,4,451,4.40,4.28,3.39,0,155.20,1.60,39331.20,253.43,82.84,685.86,4.36,67.60,256.80,160.60,1736.68,16.80,0.00,0.00,0.00,0.14
2018-01-05 23:56:01,64.62,0.00,4.87,2.99,0.05,0.00,0.10,0.00,0.00,27.37,20.00,2377.00,2919.40,0.00,0.00,0.80,20441.60,11219.80,0.00,46849.00,0.00,0.00,0.00,0.00,134.20,0.20,134.00,1.60,34054.40,4435952,0,11997188,73.01,35552,10047936,2749684,16.73,5913584,5650280,780196,1480700,311240,3560,7388,31404,0,0,0.00,0,0.00,6,437,4.52,4.31,3.41,1,134.20,1.60,34054.40,253.77,66.62,339.38,3.55,47.68,873.20,1477.80,2350.78,11424.52,0.00,0.00,0.00,0.94
2018-01-05 23:56:06,65.89,0.00,2.37,17.23,0.15,0.00,0.20,0.00,0.00,14.16,5.80,2697.40,3099.20,0.00,0.00,0.80,31932.00,4253.80,0.00,4812.80,0.00,0.00,0.00,0.00,279.40,0.20,279.20,1.60,70692.80,4056628,0,12376512,75.31,35572,10169708,2766152,16.83,6293460,5645752,747560,1734376,314592,3728,8060,31404,0,0,0.00,0,0.00,3,452,4.72,4.35,3.43,0,279.40,1.60,70692.80,253.02,112.98,479.78,3.10,86.72,194.60,133.40,1169.19,14.36,0.00,0.00,0.00,0.10
2018-01-05 23:56:11,44.99,0.00,3.84,7.38,0.15,0.00,0.15,0.00,0.00,43.48,9.40,2425.80,2799.00,0.00,0.00,0.00,10812.00,741.40,0.00,43711.20,0.00,0.00,0.00,0.00,62.00,0.00,62.00,0.00,15726.40,4406652,0,12026488,73.18,35584,10310328,2181600,13.28,5886096,5699712,839480,1239888,318288,3264,6244,31404,0,0,0.00,0,0.00,0,394,4.50,4.31,3.42,2,62.00,0.00,15726.40,253.65,30.11,327.43,3.55,22.00,978.80,1501.60,2927.80,10872.71,0.00,0.00,0.00,0.89
2018-01-05 23:56:16,71.97,0.00,2.47,13.59,0.10,0.00,0.10,0.00,0.00,11.77,16.00,2201.20,2600.40,0.00,0.00,7784.80,38405.60,11949.00,0.00,5059.00,0.00,0.00,0.00,0.00,358.80,55.00,303.80,13931.20,75950.40,3876360,0,12556780,76.41,35628,10344352,2768884,16.85,6380336,5737156,648192,1737720,318504,3728,8048,31404,0,0,0.00,0,0.00,1,452,4.46,4.31,3.42,2,358.80,13931.20,75950.40,250.51,141.29,401.20,2.79,100.00,165.00,150.80,593.23,582.44,0.00,0.00,0.00,0.05
2018-01-05 23:56:21,59.37,0.00,3.99,2.07,0.15,0.00,0.25,0.00,0.00,34.16,6.80,2639.60,2920.20,0.00,0.00,11673.60,6868.80,459.60,0.00,22286.00,0.00,0.00,0.00,0.00,173.40,97.60,75.80,24985.60,19304.00,3777976,0,12655164,77.01,35644,10677220,2479804,15.09,6410100,5797368,893692,1494332,325928,3744,7248,31404,0,0,0.00,0,0.00,1,425,4.27,4.27,3.42,0,173.40,24985.60,19304.00,255.42,34.16,236.99,1.60,27.76,588.20,420.60,3464.01,1393.22,0.00,0.00,0.00,0.28
2018-01-05 23:56:26,67.57,0.00,2.98,8.72,0.10,0.00,0.20,0.00,0.00,20.42,17.80,2259.00,2871.20,0.00,0.00,0.80,26319.20,11155.40,0.00,27502.40,0.00,0.00,0.00,0.00,214.00,0.20,213.80,1.60,53830.40,3689716,0,12743424,77.55,35684,10632796,2749224,16.73,6455120,5841472,722976,1627836,324900,3672,7768,31404,0,0,0.00,0,0.00,5,447,4.00,4.22,3.40,0,214.00,1.60,53830.40,251.55,74.26,348.02,3.33,71.28,817.40,1137.60,1205.28,8674.21,0.00,0.00,0.00,0.71
2018-01-05 23:56:31,68.82,0.00,4.04,4.54,0.10,0.00,0.40,0.00,0.00,22.10,5.20,2802.20,2961.20,0.00,0.00,0.00,17953.60,745.60,0.00,2442.00,0.00,0.00,0.00,0.00,111.80,0.00,111.80,0.00,28262.40,3189188,0,13243952,80.59,35700,11007668,2765852,16.83,6950072,5836740,1013164,1743340,334180,3760,8048,31404,0,0,0.00,0,0.00,2,459,3.84,4.18,3.39,1,111.80,0.00,28262.40,252.79,50.10,293.06,3.13,34.96,262.40,182.00,1742.30,18.59,0.00,0.00,0.00,0.14
2018-01-05 23:56:36,54.37,0.00,3.49,16.57,0.10,0.05,0.10,0.00,0.00,25.32,18.20,2126.00,2815.80,0.00,0.00,1.60,33290.40,12873.40,0.00,44904.60,0.00,0.00,0.00,0.00,293.40,0.40,293.00,3.20,74225.60,3498892,0,12934248,78.71,35760,10923664,2725400,16.58,6600516,5879044,768436,1519744,332760,3584,7472,31404,0,0,0.00,0,0.00,3,439,3.78,4.16,3.39,0,293.40,3.20,74225.60,253.00,126.48,490.16,3.30,96.96,796.40,1122.60,1206.34,8682.13,0.00,0.00,0.00,0.71
2018-01-05 23:56:41,69.11,0.00,3.28,2.12,0.15,0.00,0.25,0.00,0.00,25.09,7.40,2907.40,3066.60,0.00,0.00,0.80,7636.80,1994.00,0.00,3934.80,0.00,0.00,0.00,0.00,32.20,0.20,32.00,1.60,8105.60,3039600,0,13393540,81.50,35780,11147976,2758696,16.79,7058288,5874468,960032,1749188,338684,3728,8068,31404,0,0,0.00,0,0.00,5,456,4.04,4.21,3.41,1,32.20,1.60,8105.60,251.78,14.47,215.20,4.02,12.96,464.60,316.60,3464.72,29.02,0.00,0.00,0.00,0.28
2018-01-05 23:56:46,14.63,0.00,2.57,24.72,0.15,0.00,0.05,0.00,0.00,57.87,7.20,1670.20,2074.60,0.00,0.00,0.80,34609.60,669.60,0.00,40193.60,0.00,0.00,0.00,0.00,278.40,0.20,278.20,1.60,70822.40,3579176,0,12853964,78.22,35804,11121208,2170000,13.21,6477240,5916728,765212,1236992,338420,3264,6228,31404,0,0,0.00,0,0.00,0,394,4.11,4.22,3.42,3,278.80,1.60,70924.80,254.40,138.84,435.13,3.59,100.00,798.60,1170.00,1769.19,8688.01,0.00,0.00,0.00,0.71
2018-01-05 23:56:51,0.60,0.00,0.05,16.46,0.05,0.00,0.05,0.00,0.00,82.79,0.60,661.60,674.60,0.00,0.00,0.80,12538.40,21.40,0.00,1042.40,0.00,0.00,0.00,0.00,129.20,0.20,129.00,1.60,30641.60,3581612,0,12851528,78.20,35816,11116164,2170000,13.21,6479508,5912252,702672,1239696,338280,3264,6228,31404,0,0,0.00,0,0.00,1,394,4.10,4.22,3.42,0,128.80,1.60,30539.20,237.12,55.82,627.95,3.40,43.84,118.20,79.20,591.40,9.39,0.00,0.00,0.00,0.05
2018-01-05 23:56:56,0.71,0.00,0.30,20.25,0.05,0.00,0.05,0.00,0.00,78.64,2.00,891.40,964.60,0.00,0.00,0.80,26118.40,42.80,0.00,1898.00,0.00,0.00,0.00,0.00,181.20,0.20,181.00,1.60,45768.00,3586816,0,12846324,78.17,35832,11111228,2170000,13.21,6479376,5907268,568504,1239708,338180,3272,6228,31404,0,0,0.00,0,0.00,0,395,3.77,4.15,3.41,1,181.20,1.60,45768.00,252.59,88.49,447.53,3.63,65.76,396.00,266.60,2883.75,25.29,0.00,0.00,0.00,0.24
2018-01-05 23:57:01,1.36,0.00,0.25,8.59,0.05,0.00,0.05,0.00,0.00,89.70,2.20,882.20,936.20,0.00,0.00,0.00,12712.00,253.80,0.00,2577.20,0.00,0.00,0.00,0.00,126.80,0.00,126.80,0.00,31892.80,3590652,0,12842488,78.15,35844,11106212,2170000,13.21,6480064,5902624,508964,1240696,338172,3288,6228,31404,0,0,0.00,0,0.00,0,396,3.55,4.09,3.39,0,126.80,0.00,31892.80,251.52,60.80,537.87,3.72,47.20,329.20,205.80,2305.82,20.87,0.00,0.00,0.00,0.19
2018-01-05 23:57:06,0.80,0.00,0.05,17.66,0.05,0.00,0.00,0.00,0.00,81.44,0.80,709.80,766.60,0.00,0.00,0.80,24342.40,23.00,0.00,791.40,0.00,0.00,0.00,0.00,163.00,0.20,162.80,1.60,41465.60,3595412,0,12837728,78.12,35856,11101084,2170000,13.21,6479868,5897868,387336,1240716,338024,3264,6228,31404,0,0,0.00,0,0.00,0,395,3.27,4.03,3.37,1,163.00,1.60,41465.60,254.40,82.82,451.52,3.90,63.52,124.80,91.20,588.85,10.84,0.00,0.00,0.00,0.05
2018-01-05 23:57:11,0.81,0.00,0.30,28.79,0.10,0.00,0.05,0.00,0.00,69.94,1.80,941.60,1078.60,0.00,0.00,1.60,37260.80,42.40,0.00,2775.60,0.00,0.00,0.00,0.00,293.60,0.40,293.20,3.20,74817.60,3600552,0,12832588,78.09,35884,11096080,2170000,13.21,6479620,5893120,201564,1240656,338004,3288,6228,31404,0,0,0.00,0,0.00,0,395,3.09,3.98,3.36,1,293.60,3.20,74817.60,254.84,135.83,434.16,3.41,100.00,436.80,263.60,3324.41,24.58,0.00,0.00,0.00,0.27
2018-01-05 23:57:16,4.02,0.00,0.75,27.16,0.10,0.00,0.00,0.00,0.00,67.96,0.80,704.00,913.00,0.00,0.00,0.80,36114.40,22.60,0.00,779.20,0.00,0.00,0.00,0.00,280.80,0.20,280.60,1.60,71548.80,3510448,0,12922692,78.64,35904,11184688,2170000,13.21,6572992,5888460,114644,1240740,339820,3272,6228,31404,0,0,0.00,0,0.00,0,395,2.92,3.93,3.35,1,280.80,1.60,71548.80,254.81,136.15,514.23,3.56,100.00,123.20,90.00,585.62,11.16,0.00,0.00,0.00,0.05
2018-01-05 23:57:21,0.60,0.00,0.10,3.22,0.05,0.00,0.00,0.00,0.00,96.03,1.00,776.80,704.20,0.00,0.00,0.00,4118.40,27.40,0.00,1666.00,0.00,0.00,0.00,0.00,62.60,0.00,62.60,0.00,15840.00,3514668,0,12918472,78.61,35912,11180536,2170000,13.21,6573464,5883660,94180,1240688,339824,3264,6228,31404,0,0,0.00,0,0.00,0,394,2.77,3.88,3.34,0,62.60,0.00,15840.00,253.04,24.67,543.25,3.81,23.84,252.40,150.60,1744.74,15.54,0.00,0.00,0.00,0.14
2018-01-05 23:57:26,0.80,0.00,0.15,0.00,0.00,0.00,0.05,0.00,0.00,98.99,1.80,842.80,743.20,0.00,0.00,0.00,84.80,39.40,0.00,1487.00,0.00,0.00,0.00,0.00,7.40,0.00,7.40,0.00,169.60,3519496,0,12913644,78.58,35920,11175516,2170000,13.21,6573220,5878952,93916,1240752,339824,3272,6228,31404,0,0,0.00,0,0.00,0,395,2.54,3.81,3.32,0,7.40,0.00,169.60,22.92,0.00,0.00,0.00,0.00,296.40,204.40,2039.57,20.54,0.00,0.00,0.00,0.17
2018-01-05 23:57:31,0.90,0.00,0.25,0.00,0.05,0.00,0.00,0.00,0.00,98.79,1.40,806.20,705.60,0.00,0.00,0.00,10.40,34.20,0.00,1537.20,0.00,0.00,0.00,0.00,0.60,0.00,0.60,0.00,20.80,3524536,0,12908604,78.55,35928,11170548,2170000,13.21,6573052,5874200,94000,1240824,339824,3272,6228,31404,0,0,0.00,0,0.00,0,395,2.42,3.77,3.31,0,0.60,0.00,20.80,34.67,0.00,0.00,0.00,0.00,258.20,179.60,1728.76,18.27,0.00,0.00,0.00,0.14
2018-01-05 23:57:36,1.21,0.00,0.05,0.00,0.05,0.00,0.05,0.00,0.00,98.64,1.00,765.40,669.20,0.00,0.00,0.00,34.40,27.20,0.00,1313.40,0.00,0.00,0.00,0.00,1.00,0.00,1.00,0.00,68.80,3529604,0,12903536,78.52,35936,11165436,2170000,13.21,6572564,5869532,93956,1240736,339824,3264,6228,31404,0,0,0.00,0,0.00,1,394,2.23,3.70,3.29,0,1.00,0.00,68.80,68.80,0.00,0.80,0.80,0.08,254.60,172.60,1738.03,17.10,0.00,0.00,0.00,0.14
2018-01-05 23:57:41,0.70,0.00,0.20,0.00,0.05,0.00,0.05,0.00,0.00,98.99,1.60,848.60,756.20,0.00,0.00,0.00,20.00,38.00,0.00,2595.40,0.00,0.00,0.00,0.00,1.00,0.00,1.00,0.00,40.00,3540328,0,12892812,78.46,35944,11160416,2170000,13.21,6566832,5864648,94028,1235160,339824,3256,6220,31404,0,0,0.00,0,0.00,0,394,2.05,3.64,3.27,0,1.00,0.00,40.00,40.00,0.00,0.00,0.00,0.00,297.40,210.40,2040.30,20.91,0.00,0.00,0.00,0.17
2018-01-05 23:57:46,0.50,0.00,0.10,0.00,0.00,0.00,0.05,0.00,0.00,99.35,0.80,733.80,608.60,0.00,0.00,0.00,9.60,22.40,0.00,1061.40,0.00,0.00,0.00,0.00,0.60,0.00,0.60,0.00,19.20,3545680,0,12887460,78.42,35952,11155520,2170000,13.21,6565960,5859932,94108,1234716,339824,3224,6220,31404,0,0,0.00,0,0.00,1,389,1.88,3.58,3.25,0,0.60,0.00,19.20,32.00,0.00,0.00,0.00,0.00,188.00,114.80,1167.49,12.79,0.00,0.00,0.00,0.10
2018-01-05 23:57:51,0.91,0.00,0.10,11.78,0.05,0.00,0.00,0.00,0.00,87.17,0.80,695.20,736.40,0.00,0.00,0.80,18777.60,29.00,0.00,2542.40,0.00,0.00,0.00,0.00,147.40,0.20,147.20,1.60,37555.20,3539836,0,12893304,78.46,35964,11150472,2170000,13.21,6576624,5855288,380,1245596,339848,3216,6244,31404,0,0,0.00,0,0.00,0,389,1.73,3.52,3.24,0,147.40,1.60,37555.20,254.80,69.91,474.32,3.75,55.28,186.20,93.60,1168.26,11.08,0.00,0.00,0.00,0.10
2018-01-05 23:57:56,0.55,0.00,0.15,0.05,0.05,0.00,0.05,0.00,0.00,99.15,1.40,775.40,662.80,0.00,0.00,0.00,9.60,32.20,0.00,1469.00,0.00,0.00,0.00,0.00,0.60,0.00,0.60,0.00,19.20,3544776,0,12888364,78.43,35972,11145300,2170000,13.21,6576484,5850460,468,1245672,339848,3232,6244,31404,0,0,0.00,0,0.00,1,390,1.59,3.46,3.22,0,0.60,0.00,19.20,32.00,0.01,9.33,9.33,0.56,293.80,205.40,2045.60,19.35,0.00,0.00,0.00,0.17
2018-01-05 23:58:01,0.60,0.00,0.15,0.00,0.05,0.00,0.00,0.00,0.00,99.19,1.40,779.60,676.80,0.00,0.00,0.00,55.20,33.80,0.00,1336.40,0.00,0.00,0.00,0.00,3.20,0.00,3.20,0.00,110.40,3549596,0,12883544,78.40,35980,11140408,2170000,13.21,6576196,5845800,336,1245736,339848,3232,6244,31404,0,0,0.00,0,0.00,0,389,1.47,3.41,3.20,0,3.20,0.00,110.40,34.50,0.00,0.25,0.25,0.08,258.20,176.00,1734.53,17.77,0.00,0.00,0.00,0.14
2018-01-05 23:58:06,0.81,0.00,0.00,0.00,0.00,0.00,0.00,0.00,0.00,99.19,1.80,816.80,745.20,0.00,0.00,0.00,35.20,39.80,0.00,1875.00,0.00,0.00,0.00,0.00,1.00,0.00,1.00,0.00,70.40,3554656,0,12878484,78.37,35988,11135388,2170000,13.21,6575840,5841096,332,1245688,339848,3216,6244,31404,0,0,0.00,0,0.00,0,388,1.35,3.35,3.18,0,1.00,0.00,70.40,70.40,0.00,0.80,0.80,0.08,391.40,268.00,2877.53,25.26,0.00,0.00,0.00,0.24
2018-01-05 23:58:11,0.45,0.00,0.15,0.05,0.05,0.00,0.00,0.00,0.00,99.30,0.20,598.20,477.80,0.00,0.00,0.00,9.60,14.00,0.00,483.60,0.00,0.00,0.00,0.00,0.80,0.00,0.80,0.00,19.20,3560344,0,12872796,78.33,35996,11130184,2170000,13.21,6575480,5836264,400,1245564,339672,3216,6244,31404,0,0,0.00,0,0.00,1,388,1.24,3.29,3.17,0,0.80,0.00,19.20,24.00,0.00,0.00,0.00,0.00,49.40,32.00,11.67,6.22,0.00,0.00,0.00,0.00
2018-01-05 23:58:16,4.01,0.00,0.65,0.00,0.00,0.00,0.05,0.00,0.00,95.28,1.20,773.40,705.80,0.00,0.00,0.00,21.60,28.20,0.00,1315.40,0.00,0.00,0.00,0.00,1.00,0.00,1.00,0.00,43.20,3471556,0,12961584,78.87,36004,11218232,2170000,13.21,6668064,5831600,93412,1245564,340640,3216,6244,31404,0,0,0.00,0,0.00,1,388,1.14,3.24,3.15,0,1.00,0.00,43.20,43.20,0.00,0.80,0.80,0.08,255.20,173.20,1735.80,17.31,0.00,0.00,0.00,0.14
2018-01-05 23:58:21,0.40,0.00,0.05,1.61,0.05,0.00,0.00,0.00,0.00,97.89,0.60,640.40,558.00,0.00,0.00,0.00,4205.60,22.60,0.00,752.80,0.00,0.00,0.00,0.00,37.00,0.00,37.00,0.00,8411.20,3476644,0,12956496,78.84,36012,11213088,2170000,13.21,6667848,5826916,72592,1245500,340640,3224,6244,31404,0,0,0.00,0,0.00,0,388,1.05,3.19,3.13,0,37.00,0.00,8411.20,227.33,12.95,349.88,3.87,14.32,117.00,77.40,591.90,9.59,0.00,0.00,0.00,0.05
2018-01-05 23:58:26,0.80,0.00,0.15,16.45,0.05,0.00,0.00,0.00,0.00,82.55,1.60,854.60,835.40,0.00,0.00,0.80,14505.60,35.20,0.00,1866.00,0.00,0.00,0.00,0.00,87.60,0.20,87.40,1.60,22198.40,3481404,0,12951736,78.81,36024,11208136,2170000,13.21,6667576,5822172,452,1245756,340656,3208,6244,31404,0,0,0.00,0,0.00,1,389,0.97,3.13,3.12,1,87.60,1.60,22198.40,253.42,47.63,452.41,4.37,38.32,392.00,271.60,2883.30,23.93,0.00,0.00,0.00,0.24
2018-01-05 23:58:31,1.11,0.00,0.10,0.10,0.00,0.00,0.00,0.00,0.00,98.69,1.40,864.40,740.80,0.00,0.00,0.00,8.80,34.60,0.00,1292.20,0.00,0.00,0.00,0.00,27.20,0.00,27.20,0.00,6830.40,3485920,0,12947220,78.79,36032,11203496,2170000,13.21,6667980,5817460,348,1245600,340584,3224,6244,31404,0,0,0.00,0,0.00,1,389,0.89,3.08,3.10,0,27.20,0.00,6830.40,251.12,6.91,548.18,3.47,9.44,254.40,143.60,1738.98,16.16,0.00,0.00,0.00,0.14
2018-01-05 23:58:36,31.03,0.00,0.96,0.05,0.10,0.00,0.05,0.00,0.00,67.81,9.20,1189.00,1629.40,0.00,0.00,0.00,24.00,7720.20,0.00,5909.20,0.00,0.00,0.00,0.00,0.40,0.00,0.40,0.00,48.00,3235920,0,13197220,80.31,36048,11198836,2444520,14.88,6921960,5812908,716,1499944,340752,3464,7144,31404,0,0,0.00,0,0.00,0,419,0.82,3.03,3.08,0,0.40,0.00,48.00,120.00,0.00,2.00,2.00,0.08,459.40,186.60,3356.07,17.35,0.00,0.00,0.00,0.27
2018-01-05 23:58:41,50.43,0.00,1.81,0.20,0.05,0.00,0.35,0.00,0.00,47.16,9.80,1581.60,2750.00,0.00,0.00,0.00,22.40,6126.40,0.00,16549.00,0.00,0.00,0.00,0.00,0.40,0.00,0.40,0.00,44.80,2926588,0,13506552,82.19,36076,11266072,2720780,16.56,7233704,5808300,73216,1739924,342476,3712,8020,31404,0,0,0.00,0,0.00,0,450,0.75,2.98,3.07,0,0.40,0.00,44.80,112.00,0.01,14.00,14.00,0.56,3218.40,633.00,24831.91,47.29,0.00,0.00,0.00,2.03
2018-01-05 23:58:46,43.77,0.00,2.82,0.05,0.05,0.00,0.25,0.00,0.00,53.05,0.80,1280.40,2863.20,0.00,0.00,0.00,16.00,76.00,0.00,13833.20,0.00,0.00,0.00,0.00,0.40,0.00,0.40,0.00,32.00,2629384,0,13803756,84.00,36088,11555540,2720780,16.56,7528940,5803552,368008,1741140,349824,3728,8032,31404,0,0,0.00,0,0.00,3,451,0.69,2.93,3.05,0,0.40,0.00,32.00,80.00,0.00,0.00,0.00,0.00,3284.60,770.20,27724.82,53.05,0.00,0.00,0.00,2.27
2018-01-05 23:58:51,47.03,0.00,3.12,0.00,0.10,0.00,0.30,0.00,0.00,49.45,15.80,2087.60,2902.00,0.00,0.00,0.00,9115.20,7102.20,0.00,50690.60,0.00,0.00,0.00,0.00,74.20,0.00,74.20,0.00,18230.40,2986444,0,13446696,81.83,36136,11456288,2416908,14.71,7115608,5860984,228368,1484220,348068,3496,7128,31404,0,0,0.00,0,0.00,1,423,0.72,2.90,3.04,0,74.20,0.00,18230.40,245.69,20.17,271.86,4.63,34.32,2015.60,1585.20,8834.02,11433.46,0.00,0.00,0.00,0.94
2018-01-05 23:58:56,32.26,0.00,2.02,0.00,0.10,0.00,0.25,0.00,0.00,65.37,6.00,1211.40,2472.40,0.00,0.00,0.00,181.60,2476.20,0.00,10597.40,0.00,0.00,0.00,0.00,7.80,0.00,7.80,0.00,363.20,2706764,0,13726376,83.53,36148,11680012,2690228,16.37,7392264,5856364,456508,1536792,353276,3520,7432,31404,0,0,0.00,0,0.00,4,443,0.74,2.87,3.03,0,7.80,0.00,363.20,46.56,0.04,5.44,2.77,2.16,2323.40,635.40,19841.89,45.91,0.00,0.00,0.00,1.63
2018-01-05 23:59:01,33.75,0.00,1.51,0.25,0.10,0.00,0.30,0.00,0.00,64.08,8.40,1627.40,2502.40,0.00,0.00,0.00,5691.20,3930.40,0.00,32658.60,0.00,0.00,0.00,0.00,46.80,0.00,46.80,0.00,11382.40,2858708,0,13574432,82.60,36160,11582708,2418332,14.72,7218720,5882640,336032,1482644,352008,3504,7136,31404,0,0,0.00,0,0.00,0,424,0.84,2.85,3.02,0,46.80,0.00,11382.40,243.21,8.39,179.35,3.83,17.92,2548.80,1169.60,16415.08,5730.17,0.00,0.00,0.00,1.34
2018-01-05 23:59:06,17.81,0.00,0.61,0.00,0.05,0.00,0.20,0.00,0.00,81.33,1.20,1101.60,1799.60,0.00,0.00,0.00,16.80,226.20,0.00,8149.60,0.00,0.00,0.00,0.00,0.40,0.00,0.40,0.00,33.60,2788992,0,13644148,83.03,36168,11649744,2418332,14.72,7291832,5877812,408432,1483772,352860,3488,7136,31404,0,0,0.00,0,0.00,1,422,1.01,2.85,3.02,0,0.40,0.00,33.60,84.00,0.00,2.00,2.00,0.08,1859.00,364.60,14022.70,28.92,0.00,0.00,0.00,1.15
2018-01-05 23:59:11,13.82,0.00,1.92,0.35,0.05,0.00,0.05,0.00,0.00,83.80,4.60,1187.40,1399.60,0.00,0.00,0.80,6266.40,356.20,0.00,22235.20,0.00,0.00,0.00,0.00,51.40,0.20,51.20,1.60,12532.80,2976032,0,13457108,81.89,36188,11708588,2123124,12.92,7075544,5904188,441260,1234792,355432,3264,6228,31404,0,0,0.00,0,0.00,1,394,1.09,2.84,3.02,0,51.40,1.60,12532.80,243.86,6.55,127.35,3.52,18.08,578.40,782.80,1046.67,5716.67,0.00,0.00,0.00,0.47
2018-01-05 23:59:16,3.92,0.00,0.50,0.00,0.05,0.00,0.00,0.00,0.00,95.53,1.00,726.60,637.40,0.00,0.00,0.00,21.60,25.00,0.00,972.00,0.00,0.00,0.00,0.00,0.80,0.00,0.80,0.00,43.20,2888148,0,13544992,82.42,36200,11795856,2123124,12.92,7167416,5899412,533564,1234792,356772,3264,6228,31404,0,0,0.00,0,0.00,0,394,1.00,2.79,3.00,0,0.80,0.00,43.20,54.00,0.00,0.00,0.00,0.00,170.00,122.20,1032.63,13.66,0.00,0.00,0.00,0.08
2018-01-05 23:59:21,18.61,0.00,0.86,22.26,0.05,0.00,0.00,0.00,0.00,58.22,6.80,1109.40,1488.20,0.00,0.00,0.80,39131.20,5212.80,0.00,3217.00,0.00,0.00,0.00,0.00,301.20,0.20,301.00,1.60,76185.60,2758752,0,13674388,83.21,36220,11790852,2410728,14.67,7302380,5894748,338248,1370016,356912,3432,6868,31404,0,0,0.00,0,0.00,0,416,1.00,2.76,2.99,4,301.20,1.60,76185.60,252.95,136.59,440.81,3.25,98.00,171.20,113.20,1031.42,12.63,0.00,0.00,0.00,0.08
2018-01-05 23:59:26,41.26,0.00,1.31,2.93,0.10,0.00,0.35,0.00,0.00,54.04,8.60,1352.40,2554.40,0.00,0.00,0.00,6454.40,5843.20,0.00,11802.80,0.00,0.00,0.00,0.00,60.80,0.00,60.80,0.00,14985.60,2510552,0,13922588,84.72,36240,11786176,2693316,16.39,7550100,5890288,306492,1617892,357128,3648,7700,31404,0,0,0.00,0,0.00,2,445,1.00,2.73,2.98,0,60.80,0.00,14985.60,246.47,19.77,387.91,3.33,20.24,2298.20,648.00,19225.50,46.44,0.00,0.00,0.00,1.57
2018-01-05 23:59:31,57.44,0.00,3.49,7.54,0.10,0.00,0.25,0.00,0.00,31.17,3.80,1554.80,3705.80,0.00,0.00,0.80,21762.40,694.60,0.00,21332.00,0.00,0.00,0.00,0.00,180.40,0.20,180.20,1.60,43524.80,2119244,0,14313896,87.10,36256,12058864,2727060,16.59,7939616,5885528,475684,1730440,364812,3744,8036,31404,0,0,0.00,0,0.00,1,454,1.24,2.75,2.98,0,180.40,1.60,43524.80,241.28,78.22,433.61,3.41,61.60,4223.20,1138.00,36073.98,78.46,0.00,0.00,0.00,2.96
2018-01-05 23:59:36,58.30,0.00,3.69,2.88,0.05,0.00,0.35,0.00,0.00,34.72,15.80,2066.60,3253.20,0.00,0.00,0.80,12105.60,6208.40,0.00,49322.80,0.00,0.00,0.00,0.00,71.80,0.20,71.60,1.60,17585.60,2379532,0,14053608,85.52,36296,12048752,2414672,14.69,7629356,5934176,410812,1478576,364956,3496,7112,31404,0,0,0.00,0,0.00,0,423,1.22,2.73,2.97,3,71.80,1.60,17585.60,244.95,19.85,174.62,4.17,29.92,2804.20,1896.40,17116.61,11419.92,0.00,0.00,0.00,1.40
2018-01-05 23:59:41,14.54,0.00,0.86,12.98,0.10,0.00,0.20,0.00,0.00,71.31,1.00,1029.60,1702.60,0.00,0.00,0.00,16775.20,66.00,0.00,6565.40,0.00,0.00,0.00,0.00,134.00,0.00,134.00,0.00,33844.80,2317960,0,14115180,85.89,36316,12109916,2414672,14.69,7694976,5932352,398824,1480952,366032,3480,7120,31404,0,0,0.00,0,0.00,0,421,1.61,2.78,2.99,2,134.00,0.00,33844.80,252.57,58.61,433.56,3.39,45.36,1456.20,397.80,11286.21,31.51,0.00,0.00,0.00,0.92
2018-01-05 23:59:46,42.04,0.00,2.72,19.89,0.10,0.00,0.05,0.00,0.00,35.20,7.19,1352.30,1859.08,0.00,0.00,1.60,23079.44,5573.05,0.00,4570.26,0.00,0.00,0.00,0.00,206.99,0.40,206.59,3.19,52477.45,2002172,0,14430968,87.82,36368,12290128,2706596,16.47,8010484,5927600,468908,1611364,370548,3648,7700,31404,0,0,0.00,0,0.00,8,445,1.72,2.78,2.99,0,206.99,3.19,52477.45,253.55,88.96,467.50,3.48,72.10,481.04,166.27,3407.32,15.42,0.00,0.00,0.00,0.28
2018-01-05 23:59:51,28.61,0.00,1.72,0.00,0.05,0.00,0.25,0.00,0.00,69.36,6.40,1336.40,2911.40,0.00,0.00,0.80,6232.00,965.20,0.00,34846.20,0.00,0.00,0.00,0.00,50.40,0.20,50.20,1.60,12464.00,2189200,0,14243940,86.68,36376,12236132,2424080,14.75,7798852,5953956,388920,1480332,369220,3480,7120,31404,0,0,0.00,0,0.00,0,421,1.74,2.77,2.98,0,50.40,1.60,12464.00,247.33,8.58,170.17,3.49,17.60,3553.20,1449.80,26436.68,5753.00,0.00,0.00,0.00,2.17
2018-01-05 23:59:56,25.72,0.00,2.17,0.10,0.10,0.00,0.10,0.00,0.00,71.81,9.20,1523.60,1953.20,0.00,0.00,0.80,6328.00,4316.60,0.00,24757.60,0.00,0.00,0.00,0.00,52.80,0.20,52.60,1.60,12656.00,2296348,0,14136792,86.03,36420,12294556,2385448,14.52,7661952,5979116,421664,1314500,371576,3400,6556,31404,0,0,0.00,0,0.00,4,411,1.60,2.72,2.97,0,52.80,1.60,12656.00,239.73,4.92,93.14,3.50,18.48,860.60,860.80,3021.73,5718.30,0.00,0.00,0.00,0.47
2018-01-06 00:00:01,70.22,0.00,2.38,2.73,0.05,0.00,0.46,0.00,0.00,24.17,12.40,1641.20,3833.00,0.00,0.00,0.00,13232.80,10070.60,0.00,19821.60,0.00,0.00,0.00,0.00,74.20,0.00,74.20,0.00,18683.20,1884040,0,14549100,88.54,36440,12291088,2717572,16.54,8071480,5975128,357288,1719200,372084,3728,8016,31404,0,0,0.00,0,0.00,8,451,1.55,2.70,2.96,1,74.20,0.00,18683.20,251.80,52.16,593.66,4.84,35.92,3342.60,960.00,28753.46,67.62,0.00,0.00,0.00,2.36
2018-01-06 00:00:06,33.82,0.00,2.27,27.11,0.15,0.00,0.40,0.00,0.00,36.24,2.00,1402.00,3092.00,0.00,0.00,0.80,28516.80,117.40,0.00,12844.00,0.00,0.00,0.00,0.00,233.00,0.20,232.80,1.60,57300.80,1631376,0,14801764,90.07,36456,12544980,2717572,16.54,8331380,5970332,473984,1720380,378000,3712,8016,31404,0,0,0.00,0,0.00,1,452,1.83,2.73,2.97,1,233.00,1.60,57300.80,245.93,131.74,567.47,4.29,100.00,2876.40,784.40,23572.70,56.47,0.00,0.00,0.00,1.93
2018-01-06 00:00:11,23.46,0.00,2.67,2.72,0.10,0.00,0.10,0.00,0.00,70.94,6.40,1601.60,2107.60,0.00,0.00,0.00,6805.60,570.00,0.00,31579.40,0.00,0.00,0.00,0.00,84.80,0.00,84.80,0.00,21126.40,1874584,0,14558556,88.59,36468,12552412,2428804,14.78,8060620,5996616,452572,1468180,379792,3496,7120,31404,0,0,0.00,0,0.00,0,420,1.92,2.74,2.97,0,84.80,0.00,21126.40,249.13,17.32,294.22,3.48,29.52,1101.40,846.40,4966.21,5716.15,0.00,0.00,0.00,0.47
2018-01-06 00:00:16,27.77,0.00,1.46,0.00,0.05,0.00,0.10,0.00,0.00,70.62,9.60,1343.20,1739.00,0.00,0.00,0.80,6248.80,5536.00,0.00,17692.40,0.00,0.00,0.00,0.00,51.20,0.20,51.00,1.60,12497.60,1877548,0,14555592,88.57,36492,12547300,2393412,14.56,8033116,6022936,421552,1472224,379208,3472,7116,31404,0,0,0.00,0,0.00,0,420,1.77,2.69,2.95,0,51.20,1.60,12497.60,244.12,6.79,132.67,2.87,14.72,789.40,798.00,2562.59,5703.33,0.00,0.00,0.00,0.47
2018-01-06 00:00:21,6.84,0.00,0.70,17.77,0.05,0.00,0.25,0.00,0.00,74.38,0.80,887.80,1496.20,0.00,0.00,0.80,21071.20,37.20,0.00,6804.40,0.00,0.00,0.00,0.00,166.80,0.20,166.60,1.60,42142.40,1790896,0,14642244,89.10,36508,12633752,2393412,14.56,8119360,6018188,408032,1467380,380108,3448,7108,31404,0,0,0.00,0,0.00,1,419,1.87,2.70,2.95,0,166.80,1.60,42142.40,252.66,76.59,459.16,3.97,66.24,1612.20,377.20,13314.74,29.44,0.00,0.00,0.00,1.09
2018-01-06 00:00:26,29.91,0.00,1.77,9.65,0.10,0.00,0.10,0.00,0.00,58.46,2.00,1243.40,2302.40,0.00,0.00,0.80,17963.20,85.20,0.00,7873.00,0.00,0.00,0.00,0.00,114.40,0.20,114.20,1.60,28996.80,1522144,0,14910996,90.74,36520,12900020,2393412,14.56,8389012,6013324,588928,1465876,387328,3488,7116,31404,0,0,0.00,0,0.00,1,422,1.88,2.69,2.95,1,114.40,1.60,28996.80,253.48,58.89,443.60,3.61,41.28,1651.00,518.60,13996.19,39.31,0.00,0.00,0.00,1.15
2018-01-06 00:00:31,31.21,0.00,1.62,6.99,0.10,0.00,0.20,0.00,0.00,59.88,12.20,1551.80,2553.60,0.00,0.00,0.00,7159.20,6718.80,0.00,29627.60,0.00,0.00,0.00,0.00,86.20,0.00,86.20,0.00,21248.00,1663364,0,14769776,89.88,36532,12760976,2401168,14.61,8224568,6039908,419336,1467040,383892,3480,7100,31404,0,0,0.00,0,0.00,0,421,1.81,2.66,2.94,0,86.20,0.00,21248.00,246.50,23.44,366.31,3.67,31.60,1781.20,1130.60,11886.23,5745.62,0.00,0.00,0.00,0.97
2018-01-06 00:00:36,51.18,0.00,1.86,0.00,0.10,0.00,0.20,0.00,0.00,46.66,9.20,1447.20,2143.20,0.00,0.00,0.00,36.00,7874.60,0.00,10670.00,0.00,0.00,0.00,0.00,1.00,0.00,1.00,0.00,72.00,1310976,0,15122164,92.02,36568,12860064,2706580,16.47,8576880,6035460,523376,1716136,386692,3648,7788,31404,0,0,0.00,0,0.00,5,447,1.66,2.61,2.92,0,1.00,0.00,72.00,72.00,0.00,0.00,0.00,0.00,1406.20,302.20,11263.38,26.18,0.00,0.00,0.00,0.92
2018-01-06 00:00:41,61.60,0.00,3.24,10.44,0.05,0.00,0.66,0.00,0.00,24.01,14.40,2395.20,3973.00,0.00,0.00,0.80,31960.00,6285.40,0.00,44621.60,0.00,0.00,0.00,0.00,232.20,0.20,232.00,1.60,56803.20,1235680,0,15197460,92.48,36600,12941892,2705680,16.46,8584672,6101740,450712,1707804,388544,3648,7788,31404,0,0,0.00,0,0.00,6,453,1.69,2.60,2.92,1,232.20,1.60,56803.20,244.64,116.12,477.86,3.59,83.36,5537.00,1802.40,42678.47,4419.49,0.00,0.00,0.00,3.50
2018-01-06 00:00:46,55.67,0.00,5.80,10.22,0.15,0.00,0.86,0.00,0.00,27.30,10.00,2573.80,4095.80,0.00,0.00,0.00,15202.40,5757.40,0.00,49601.80,0.00,0.00,0.00,0.00,149.00,0.00,149.00,0.00,37521.60,1062980,0,15370160,93.53,36636,13197008,2700768,16.43,8624608,6230104,692532,1620772,392960,3656,7732,31404,0,0,0.00,0,0.00,5,446,1.79,2.61,2.92,0,149.00,0.00,37521.60,251.82,54.34,399.34,3.77,56.24,6418.80,3937.40,47944.96,24413.38,0.00,0.00,0.00,3.93
2018-01-06 00:00:51,64.78,0.00,7.34,0.36,0.15,0.00,2.04,0.00,0.00,25.33,4.00,3997.20,6866.60,0.00,0.00,8.00,4791.20,1896.20,0.00,71917.00,0.00,0.00,0.00,0.00,40.00,0.40,39.60,16.00,9582.40,548808,0,15884332,96.66,36652,13545676,2747436,16.72,8717000,6652564,1236292,1788004,392116,3784,8176,31404,0,0,0.00,0,0.00,2,459,1.97,2.63,2.92,0,40.00,16.00,9582.40,239.96,3.47,86.80,5.08,20.32,14365.60,13401.00,105486.17,94934.82,0.00,0.00,0.00,8.64
2018-01-06 00:00:56,53.19,0.00,8.64,13.61,0.26,0.00,1.57,0.00,0.00,22.72,0.60,6582.60,10744.00,0.00,0.00,141.60,30574.40,73.60,0.00,80061.20,11551.20,0.00,11521.80,99.75,222.80,2.00,220.80,283.20,54244.80,176064,0,16257076,98.93,36672,13905188,2730996,16.62,8996068,6733352,1797324,1788348,404280,3792,8176,31404,0,0,0.00,0,0.00,2,460,2.05,2.64,2.92,1,223.00,283.20,54296.00,244.75,114.34,469.28,3.68,82.16,15516.80,8613.20,126201.08,41418.31,0.00,0.00,0.00,10.34
2018-01-06 00:01:01,46.02,0.00,6.11,28.36,0.37,0.00,0.53,0.00,0.00,18.61,2.00,5553.20,7026.20,0.00,0.00,1146.40,36533.60,61.00,0.00,57465.00,26457.40,0.00,26292.80,99.38,298.60,13.00,285.60,2292.80,72803.20,165472,0,16267668,98.99,36692,13908696,2730996,16.62,8934612,6793492,2196692,1782872,415900,3712,8172,31404,0,0,0.00,0,0.00,3,450,2.21,2.66,2.93,3,298.40,2292.80,72752.00,251.49,135.93,465.09,3.35,100.00,6943.80,4017.60,56867.10,16724.01,0.00,0.00,0.00,4.66
2018-01-06 00:01:06,27.86,0.00,2.96,48.71,0.27,0.00,0.22,0.00,0.00,19.99,1.20,3520.40,3970.40,0.00,0.00,18.40,34450.40,1090.20,0.00,30341.40,6064.40,0.00,5977.40,98.57,271.80,4.20,267.60,33.60,68286.40,262632,0,16170508,98.40,36712,13814276,2714232,16.52,8770520,6863080,2299144,1782268,413100,3752,8184,31404,0,0,0.00,0,0.00,2,455,2.35,2.68,2.94,5,271.80,33.60,68286.40,251.36,136.02,495.19,3.68,100.00,1936.40,2773.40,12051.24,21131.13,0.00,0.00,0.00,1.73
2018-01-06 00:01:11,38.81,0.00,2.85,39.65,0.22,0.00,0.28,0.00,0.00,18.18,2.60,5609.00,4822.00,0.00,0.00,17.60,32161.60,1092.00,0.00,33533.40,0.00,0.00,0.00,0.00,259.80,4.80,255.00,38.40,65193.60,203804,0,16229336,98.76,36728,13874296,2714232,16.52,8580960,7112040,2341708,1782548,412752,3800,8208,31404,0,0,0.00,0,0.00,5,456,2.57,2.72,2.95,2,259.80,38.40,65193.60,251.09,136.32,515.97,3.85,100.00,2005.20,3817.00,11571.22,30469.18,0.00,0.00,0.00,2.50
2018-01-06 00:01:16,21.31,0.00,2.11,51.03,0.22,0.00,0.06,0.00,0.00,25.26,1.20,4734.80,3371.80,0.00,0.00,10.40,44899.20,47.20,0.00,19153.20,8615.20,0.00,8393.40,97.43,355.40,2.60,352.80,20.80,88620.80,161576,0,16271564,99.02,36748,13923860,2714232,16.52,8610484,7121864,2368152,1772916,416360,3760,8208,31404,0,0,0.00,0,0.00,7,456,2.68,2.74,2.95,4,355.40,20.80,88620.80,249.41,137.53,399.20,2.81,100.00,270.40,1228.40,26.54,10508.14,0.00,0.00,0.00,0.86
2018-01-06 00:01:21,15.99,0.00,1.73,60.26,0.17,0.00,0.11,0.00,0.00,21.74,0.00,4160.20,2790.80,0.00,0.00,1.60,36156.80,17.80,0.00,19924.60,11240.60,0.00,11240.60,100.00,287.00,0.40,286.60,3.20,73184.00,167740,0,16265400,98.98,36768,13927968,2696880,16.41,8685352,7040388,2421320,1761708,416636,3760,8208,31404,0,0,0.00,0,0.00,3,456,2.79,2.76,2.96,3,287.00,3.20,73184.00,255.01,135.58,469.88,3.48,100.00,48.20,61.20,11.92,289.77,0.00,0.00,0.00,0.02
2018-01-06 00:01:26,12.74,0.00,1.11,54.70,0.22,0.00,0.06,0.00,0.00,31.16,1.40,3773.80,2710.40,0.00,0.00,0.80,37723.20,39.20,0.00,17573.80,10119.40,0.00,10119.40,100.00,297.20,0.20,297.00,1.60,75958.40,169460,0,16263680,98.97,36780,13929344,2696880,16.41,8707588,7015644,2442348,1757448,416648,3768,8204,31404,0,0,0.00,0,0.00,3,457,3.20,2.85,2.99,4,297.20,1.60,75958.40,255.59,137.00,453.86,3.36,100.00,39.80,27.40,11.10,4.95,0.00,0.00,0.00,0.00
2018-01-06 00:01:31,35.38,0.00,2.30,41.89,0.27,0.00,0.11,0.00,0.00,20.04,4.00,6607.40,4378.20,0.00,0.00,1.60,36710.40,2098.80,0.00,25839.40,2634.00,0.00,2634.00,100.00,289.60,0.20,289.40,1.60,74025.60,151320,0,16281820,99.08,36796,13951944,2680364,16.31,8538572,7202096,2400824,1752752,417044,3816,8504,31404,0,0,0.00,0,0.00,1,463,3.59,2.94,3.01,4,289.60,1.60,74025.60,255.62,136.11,467.74,3.45,100.00,38.40,27.80,11.05,4.93,0.00,0.00,0.00,0.00
2018-01-06 00:01:36,20.15,0.00,1.59,52.55,0.22,0.00,0.05,0.00,0.00,25.43,1.20,5016.40,3037.60,0.00,0.00,0.80,32808.80,82.60,0.00,21776.60,10354.80,0.00,10354.80,100.00,252.80,0.40,252.40,3.20,63790.40,156556,0,16276584,99.05,36808,13957600,2680364,16.31,8541512,7192844,2454236,1741316,418408,3808,8208,31404,0,0,0.00,0,0.00,0,462,3.62,2.95,3.02,4,252.80,3.20,63790.40,252.35,136.13,515.99,3.96,100.00,36.00,24.80,10.40,4.45,0.00,0.00,0.00,0.00
2018-01-06 00:01:41,15.25,0.00,0.87,61.24,0.22,0.00,0.11,0.00,0.00,22.31,0.60,4793.60,3252.80,0.00,0.00,8.80,33575.20,54.40,0.00,19956.20,8525.60,0.00,8525.60,100.00,266.80,2.20,264.60,17.60,67553.60,165264,0,16267876,98.99,36824,13949436,2680364,16.31,8520108,7204452,2473536,1739600,419652,3808,8208,31404,0,0,0.00,0,0.00,0,461,3.65,2.97,3.02,4,266.80,17.60,67553.60,253.27,134.00,523.52,3.75,100.00,268.20,801.80,25.32,6813.12,0.00,0.00,0.00,0.56
2018-01-06 00:01:46,10.72,0.00,0.98,63.64,0.27,0.00,0.05,0.00,0.00,24.33,1.40,4306.80,3181.20,0.00,0.00,0.80,31505.60,132.20,0.00,16222.80,7823.80,0.00,7823.80,100.00,247.80,0.20,247.60,1.60,63318.40,166460,0,16266680,98.99,36836,13950152,2680364,16.31,8528092,7194032,2478420,1736196,420660,3792,8200,31404,0,0,0.00,0,0.00,1,460,3.68,2.99,3.03,4,247.80,1.60,63318.40,255.53,135.68,553.71,4.04,100.00,33.80,27.80,9.37,4.61,0.00,0.00,0.00,0.00
2018-01-06 00:01:51,6.83,0.00,0.69,68.63,0.23,0.00,0.06,0.00,0.00,23.55,0.00,4675.20,3347.40,0.00,0.00,0.80,32281.60,100.60,0.00,16289.00,7902.20,0.00,7886.80,99.81,253.40,0.20,253.20,1.60,64750.40,166556,0,16266584,98.99,35032,13950588,2680364,16.31,8540724,7180856,2478552,1737360,421312,3784,8200,31404,0,0,0.00,0,0.00,0,458,3.70,3.01,3.03,4,253.40,1.60,64750.40,255.53,136.87,536.40,3.95,100.00,33.00,23.60,10.04,3.83,0.00,0.00,0.00,0.00
2018-01-06 00:01:56,6.96,0.00,0.74,66.10,0.28,0.00,0.11,0.00,0.00,25.81,1.80,4653.60,3469.60,0.00,0.00,2.40,31738.40,126.00,0.00,15724.80,6593.20,0.00,6525.60,98.97,258.60,0.60,258.00,4.80,63747.20,170988,0,16262152,98.96,27280,13949264,2680364,16.31,8525340,7188932,2467604,1738408,423624,3776,8200,31404,0,0,0.00,0,0.00,1,459,3.73,3.02,3.04,4,258.60,4.80,63747.20,246.53,131.70,496.38,3.87,100.00,173.60,698.00,19.05,5873.69,0.00,0.00,0.00,0.48
2018-01-06 00:02:01,3.80,0.00,0.23,62.95,0.41,0.00,0.00,0.00,0.00,32.61,0.80,4820.40,3875.00,0.00,0.00,1.60,31410.40,64.60,0.00,14360.20,6585.20,0.00,6555.20,99.54,247.00,0.40,246.60,3.20,62465.60,156580,0,16276560,99.05,19812,13970260,2680364,16.31,8535284,7192152,2460428,1738204,425708,3792,8200,31404,0,0,0.00,0,0.00,1,460,3.75,3.04,3.04,4,247.00,3.20,62465.60,252.91,133.72,552.10,4.05,100.00,30.00,25.00,8.23,4.11,0.00,0.00,0.00,0.00
2018-01-06 00:02:06,6.37,0.00,0.97,56.60,0.34,0.00,0.11,0.00,0.00,35.61,0.00,4940.20,3779.40,0.00,0.00,3.20,34961.60,54.40,0.00,15654.20,7107.00,0.00,7107.00,100.00,274.60,0.80,273.80,6.40,70025.60,156772,0,16276368,99.05,19816,13970288,2680364,16.31,8535724,7192572,2440480,1738908,425928,3776,8196,31404,0,0,0.00,0,0.00,4,458,3.77,3.05,3.05,4,274.60,6.40,70025.60,255.03,138.40,484.26,3.64,100.00,132.00,302.80,16.00,2442.31,0.00,0.00,0.00,0.20
2018-01-06 00:02:11,3.97,0.00,0.58,70.52,0.29,0.00,0.00,0.00,0.00,24.64,2.20,4603.60,3722.00,0.00,0.00,4.80,26081.60,155.00,0.00,15251.20,6583.80,0.00,6583.80,100.00,202.40,1.20,201.20,9.60,51444.80,154736,0,16278404,99.06,19828,13971520,2680364,16.31,8531596,7196372,2457556,1737908,426276,3784,8192,31404,0,0,0.00,0,0.00,0,459,3.79,3.07,3.05,4,202.40,9.60,51444.80,254.22,131.42,681.71,4.94,100.00,120.40,348.60,16.27,2781.23,0.00,0.00,0.00,0.23
2018-01-06 00:02:16,5.98,0.00,0.80,71.20,0.34,0.00,0.11,0.00,0.00,21.57,0.00,4838.20,3401.20,0.00,0.00,0.80,29500.80,101.20,0.00,16848.20,7893.20,0.00,7893.20,100.00,236.40,0.20,236.20,1.60,58644.80,164552,0,16268588,99.00,19860,13957288,2680364,16.31,8546776,7171576,2459316,1742572,426536,3784,8200,31404,0,0,0.00,0,0.00,2,459,3.81,3.09,3.06,4,236.40,1.60,58644.80,248.08,128.91,552.49,4.23,100.00,30.80,23.20,8.61,3.81,0.00,0.00,0.00,0.00
2018-01-06 00:02:21,8.78,0.00,1.62,66.78,0.28,0.00,0.11,0.00,0.00,22.43,3.40,5049.80,3783.80,0.00,0.00,65.60,32207.20,379.00,2.00,80040.40,4555.40,0.00,4555.40,100.00,256.60,4.80,251.80,131.20,64363.20,1422020,0,15011120,91.35,19884,12959200,2405032,14.64,7292664,7189048,2324256,1503064,407252,3544,7312,31404,0,0,0.00,0,0.00,0,425,3.90,3.12,3.07,3,256.60,131.20,64363.20,251.34,136.35,528.51,3.90,100.00,106.40,204.80,14.80,1529.66,0.00,0.00,0.00,0.13
2018-01-06 00:02:26,24.14,0.00,2.74,51.84,0.38,0.00,0.00,0.00,0.00,20.90,13.20,6245.00,4853.80,0.00,0.00,330.40,31954.40,4658.00,6.40,81342.60,0.00,0.00,0.00,0.00,264.80,11.20,253.60,659.20,64862.40,2483420,0,13949720,84.89,19952,12144984,2591764,15.77,6032932,7413152,2283896,1281576,381476,3536,6960,31404,0,0,0.00,0,0.00,2,427,3.83,3.12,3.07,4,264.80,659.20,64862.40,247.44,138.63,516.95,3.78,100.00,115.00,346.80,15.58,2797.46,0.00,0.00,0.00,0.23
2018-01-06 00:02:31,58.34,0.00,4.59,27.21,0.31,0.00,0.21,0.00,0.00,9.34,5.20,7653.20,4971.60,0.00,0.00,552.00,30278.40,6985.40,3.40,69477.00,0.00,0.00,0.00,0.00,250.40,11.20,239.20,1104.00,60729.60,3207880,0,13225260,80.48,19972,11241464,2640084,16.07,5117468,7628276,2155024,1483936,356728,3560,7488,31404,0,0,0.00,0,0.00,9,428,4.00,3.16,3.08,2,250.40,1104.00,60729.60,246.94,138.32,554.14,3.99,100.00,386.00,1486.60,32.46,12775.07,0.00,0.00,0.00,1.05
2018-01-06 00:02:36,72.83,0.00,5.00,14.80,0.05,0.00,0.76,0.00,0.00,6.57,13.40,2685.60,3771.00,0.00,0.00,12.00,31812.80,9684.60,0.20,51091.60,0.00,0.00,0.00,0.00,251.20,3.00,248.20,25.60,63472.00,2904400,0,13528740,82.33,20012,11408624,2706744,16.47,5400472,7651296,2191252,1624072,355292,3696,7860,31404,0,0,0.00,0,0.00,4,449,4.16,3.21,3.10,1,251.20,25.60,63472.00,252.78,135.78,544.21,3.98,100.00,7039.60,1558.80,61304.98,130.08,0.00,0.00,0.00,5.02
2018-01-06 00:02:41,52.93,0.00,5.66,26.76,0.11,0.00,0.63,0.00,0.00,13.91,3.00,2829.40,3800.20,0.00,0.00,17.60,31276.80,1198.40,0.00,35614.20,0.00,0.00,0.00,0.00,262.00,4.40,257.60,35.20,62776.00,2305160,0,14127980,85.97,20024,11833388,2778184,16.91,5737684,7908804,2504072,1793716,358736,3792,8220,31404,0,0,0.00,0,0.00,1,460,4.23,3.24,3.11,4,262.00,35.20,62776.00,239.74,130.58,494.70,3.82,100.00,7378.00,2309.80,63413.38,4069.16,0.00,0.00,0.00,5.19
2018-01-06 00:02:46,14.52,0.00,1.23,62.98,0.11,0.00,0.34,0.00,0.00,20.83,0.00,2050.20,2449.20,0.00,0.00,437.60,36972.80,36.60,0.00,15998.20,0.00,0.00,0.00,0.00,293.00,4.20,288.80,875.20,73262.40,2105644,0,14327496,87.19,20052,12033580,2761408,16.80,5907516,7935520,2542540,1789884,363412,3792,8216,31404,0,0,0.00,0,0.00,1,460,4.21,3.25,3.12,4,293.00,875.20,73262.40,253.03,136.50,454.50,3.41,100.00,3612.40,1429.60,30139.13,5538.07,0.00,0.00,0.00,2.47
2018-01-06 00:02:51,5.96,0.00,0.81,70.41,0.16,0.00,0.16,0.00,0.00,22.50,0.00,1421.60,1811.00,0.00,0.00,12.00,31871.20,16.00,0.00,8725.60,0.00,0.00,0.00,0.00,252.80,2.60,250.20,20.80,63998.40,1988496,0,14444644,87.90,20068,12147572,2761408,16.80,5983512,7973656,2519260,1789840,365244,3792,8216,31404,0,0,0.00,0,0.00,0,460,4.19,3.26,3.12,6,252.80,20.80,63998.40,253.24,134.25,541.74,3.96,100.00,1859.40,1417.80,13962.73,8233.23,0.00,0.00,0.00,1.14
2018-01-06 00:02:56,6.24,0.00,0.75,60.05,0.11,0.00,0.27,0.00,0.00,32.58,0.20,1956.20,2491.40,0.00,0.00,4.00,27620.80,27.80,0.00,17207.20,0.00,0.00,0.00,0.00,218.40,1.40,217.00,11.20,55073.60,1888768,0,14544372,88.51,20084,12245576,2761408,16.80,6075516,7979924,2490488,1790056,367048,3800,8216,31404,0,0,0.00,0,0.00,0,461,4.26,3.29,3.13,4,218.40,11.20,55073.60,252.22,133.34,610.53,4.58,100.00,4157.00,1426.80,35344.81,3224.97,0.00,0.00,0.00,2.90
2018-01-06 00:03:01,7.71,0.00,0.80,63.99,0.11,0.00,0.05,0.00,0.00,27.34,0.00,1546.40,1775.60,0.00,0.00,0.80,26568.00,23.40,0.00,9634.00,0.00,0.00,0.00,0.00,211.20,0.20,211.00,1.60,53712.00,1747244,0,14685896,89.37,20100,12381136,2761408,16.80,6217364,7974996,2498796,1791456,370340,3800,8216,31404,0,0,0.00,0,0.00,1,461,4.24,3.31,3.14,5,211.20,1.60,53712.00,254.33,133.67,616.93,4.73,100.00,2173.60,578.00,18771.97,40.30,0.00,0.00,0.00,1.54
2018-01-06 00:03:06,5.68,0.00,0.70,65.78,0.16,0.00,0.32,0.00,0.00,27.34,0.40,2077.40,2589.20,0.00,0.00,98.40,28854.40,21.80,0.00,19480.80,0.00,0.00,0.00,0.00,226.60,2.20,224.40,196.80,57300.80,1648524,0,14784616,89.97,20116,12479072,2744444,16.70,6305492,7985096,2476652,1791356,372620,3792,8212,31404,0,0,0.00,0,0.00,0,460,4.30,3.33,3.15,4,226.60,196.80,57300.80,253.74,138.16,629.48,4.41,100.00,4539.40,2085.60,37455.60,8649.55,0.00,0.00,0.00,3.07
2018-01-06 00:03:11,7.61,0.00,0.54,49.17,0.05,0.00,0.11,0.00,0.00,42.52,1.20,1961.40,1855.20,0.00,0.00,0.80,28799.20,35.20,0.00,9522.80,0.00,0.00,0.00,0.00,226.20,0.20,226.00,1.60,57803.20,1503308,0,14929832,90.85,20144,12609764,2744444,16.70,6450672,7980224,2468380,1801540,376048,3792,8212,31404,0,0,0.00,0,0.00,0,460,4.28,3.34,3.15,4,226.20,1.60,57803.20,255.55,135.27,583.90,4.42,100.00,2304.60,667.20,19809.79,48.67,0.00,0.00,0.00,1.62
2018-01-06 00:03:16,5.58,0.00,0.86,50.19,0.21,0.00,0.38,0.00,0.00,42.79,0.00,2278.40,3389.20,0.00,0.00,1.60,29409.60,14.40,0.00,21784.40,0.00,0.00,0.00,0.00,231.40,0.40,231.00,3.20,59075.20,1502660,0,14930480,90.86,20160,12611076,2727496,16.60,6454364,7977752,2451460,1801572,375008,3792,8212,31404,0,0,0.00,0,0.00,0,460,4.25,3.36,3.15,3,231.40,3.20,59075.20,255.31,134.08,578.52,4.32,100.00,3789.60,5072.20,26135.82,36782.47,0.00,0.00,0.00,3.01
2018-01-06 00:03:21,9.74,0.00,1.19,50.32,0.16,0.00,0.43,0.00,0.00,38.15,1.20,3042.80,4028.60,0.00,0.00,1.60,31400.00,34.60,0.00,23674.40,0.00,0.00,0.00,0.00,252.80,0.40,252.40,3.20,62851.20,1502076,0,14931064,90.86,20172,12616468,2727496,16.60,6386260,8049336,2427208,1799044,372712,3792,8212,31404,0,0,0.00,0,0.00,0,460,4.39,3.40,3.17,4,253.00,3.20,62902.40,248.64,139.77,568.83,3.95,100.00,4236.40,5848.00,30381.81,42804.83,0.00,0.00,0.00,3.51
2018-01-06 00:03:26,9.54,0.00,1.10,58.33,0.16,0.00,0.49,0.00,0.00,30.37,0.20,2673.20,4082.00,0.00,0.00,372.80,30182.40,18.80,0.00,25228.40,0.00,0.00,0.00,0.00,235.20,3.20,232.00,745.60,59238.40,1431296,0,15001844,91.29,20184,12687284,2727496,16.60,6430940,8075212,2437776,1799128,372580,3800,8212,31404,0,0,0.00,0,0.00,0,461,4.36,3.41,3.17,4,235.00,745.60,59187.20,255.03,136.88,569.43,4.26,100.00,5116.20,4757.00,36079.17,32398.77,0.00,0.00,0.00,2.96
2018-01-06 00:03:31,5.88,0.00,0.94,57.63,0.22,0.06,0.33,0.00,0.00,34.94,0.00,2471.40,4524.80,0.00,0.00,1189.60,31976.00,13.40,0.00,20660.40,0.00,0.00,0.00,0.00,260.00,8.00,252.00,1889.60,64412.80,1363148,0,15069992,91.70,20212,12754708,2727496,16.60,6456132,8117360,2435564,1799152,372964,3800,8212,31404,0,0,0.00,0,0.00,0,460,4.33,3.42,3.18,5,260.00,1889.60,64412.80,255.01,136.83,531.67,3.85,100.00,3909.60,4223.20,22536.68,31341.16,0.00,0.00,0.00,2.57
2018-01-06 00:03:36,8.73,0.00,0.98,52.81,0.16,0.00,0.49,0.00,0.00,36.82,0.00,2874.20,4181.40,0.00,0.00,0.80,24596.80,13.80,0.00,23411.20,0.00,0.00,0.00,0.00,197.80,2.20,195.60,491.20,50012.80,1283580,0,15149560,92.19,20228,12836276,2727496,16.60,6532220,8118916,2444628,1795328,374984,3768,8208,31404,0,0,0.00,0,0.00,1,457,4.31,3.43,3.18,3,197.80,491.20,50012.80,255.33,133.98,685.38,5.06,100.08,5167.20,2508.40,38389.66,11454.44,0.00,0.00,0.00,3.14
2018-01-06 00:03:41,5.66,0.00,0.69,56.81,0.11,0.00,0.05,0.00,0.00,36.68,0.00,1996.40,2472.00,0.00,0.00,163.20,26226.40,15.00,0.00,12731.00,0.00,0.00,0.00,0.00,206.80,1.60,205.20,326.40,52452.80,1174732,0,15258408,92.85,20240,12939520,2727496,16.60,6636052,8122312,2447040,1799264,377324,3760,8208,31404,0,0,0.00,0,0.00,0,456,4.28,3.44,3.19,4,206.80,326.40,52452.80,255.22,134.87,659.72,4.83,99.92,2611.20,1458.60,19801.28,7457.87,0.00,0.00,0.00,1.62
2018-01-06 00:03:46,7.87,0.00,0.54,50.27,0.16,0.00,0.22,0.00,0.00,40.95,0.00,2552.60,2968.80,0.00,0.00,0.80,29025.60,19.20,0.00,16376.80,0.00,0.00,0.00,0.00,223.00,0.20,222.80,1.60,56580.80,1060252,0,15372888,93.55,20252,13052208,2727496,16.60,6747720,8123944,2434084,1799332,380352,3760,8208,31404,0,0,0.00,0,0.00,0,449,4.26,3.45,3.19,5,223.00,1.60,56580.80,253.73,136.29,635.70,4.49,100.08,3842.80,1585.20,32490.24,4298.47,0.00,0.00,0.00,2.66
2018-01-06 00:03:51,5.37,0.00,0.49,64.26,0.11,0.00,0.00,0.00,0.00,29.77,0.40,1816.00,1909.00,0.00,0.00,0.80,28572.80,22.20,0.00,10156.60,0.00,0.00,0.00,0.00,233.20,0.20,233.00,1.60,57950.40,919068,0,15514072,94.41,20264,13187956,2727496,16.60,6888520,8119116,2432076,1799620,383968,3704,8208,31404,0,0,0.00,0,0.00,1,449,4.24,3.46,3.20,4,233.20,1.60,57950.40,248.51,127.87,544.72,4.29,100.00,2272.20,594.00,19514.77,42.33,0.00,0.00,0.00,1.60
2018-01-06 00:03:56,6.84,0.00,0.54,58.13,0.16,0.00,0.27,0.00,0.00,34.07,1.00,2039.20,2457.80,0.00,0.00,131.20,23965.60,31.80,0.00,13310.80,0.00,0.00,0.00,0.00,208.60,1.60,207.00,262.40,52992.00,829004,0,15604136,94.96,20292,13278572,2727496,16.60,6951444,8144476,2444172,1797292,385628,3728,8208,31404,0,0,0.00,0,0.00,0,452,4.22,3.47,3.20,6,208.60,262.40,52992.00,255.29,123.62,575.96,4.79,100.00,2736.60,2577.40,19316.17,17204.71,0.00,0.00,0.00,1.58
2018-01-06 00:04:01,2.93,0.00,0.43,62.77,0.05,0.00,0.05,0.00,0.00,33.75,0.00,1369.20,1365.00,0.00,0.00,0.80,29508.80,12.00,0.00,5150.00,0.00,0.00,0.00,0.00,221.60,0.20,221.40,1.60,56585.60,726368,0,15706772,95.58,20316,13384708,2727496,16.60,7048880,8144620,2420564,1788580,388628,3728,8196,31404,0,0,0.00,0,0.00,0,452,4.20,3.47,3.20,5,221.60,1.60,56585.60,255.36,139.01,609.19,4.51,100.00,988.00,699.80,7629.43,3539.80,0.00,0.00,0.00,0.63
2018-01-06 00:04:06,5.96,0.00,0.71,55.25,0.16,0.00,0.27,0.00,0.00,37.65,0.00,2066.00,2137.60,0.00,0.00,1.60,27868.00,12.00,0.00,11578.20,0.00,0.00,0.00,0.00,218.40,0.40,218.00,3.20,55740.80,576016,0,15857124,96.49,20332,13534504,2727496,16.60,7203072,8139480,2436496,1788004,392604,3664,8196,31404,0,0,0.00,0,0.00,1,444,4.11,3.47,3.20,4,218.60,3.20,55843.20,255.47,134.92,629.22,4.57,100.00,2783.20,776.60,24092.72,53.09,0.00,0.00,0.00,1.97
2018-01-06 00:04:11,2.22,0.00,0.49,68.83,0.05,0.00,0.00,0.00,0.00,28.40,0.00,1249.20,1358.60,0.00,0.00,0.80,27897.60,12.40,0.00,3185.60,0.00,0.00,0.00,0.00,209.20,0.20,209.00,1.60,53400.00,464580,0,15968560,97.17,20344,13642716,2727496,16.60,7291160,8160596,2437204,1788356,394964,3664,8196,31404,0,0,0.00,0,0.00,1,444,4.10,3.47,3.21,6,209.00,1.60,53297.60,255.02,135.82,622.06,4.78,100.00,307.40,1258.80,27.53,10885.91,0.00,0.00,0.00,0.89
2018-01-06 00:04:16,7.34,0.00,0.73,75.49,0.11,0.00,0.06,0.00,0.00,16.26,2.40,1383.80,1436.60,0.00,0.00,0.80,26322.40,154.40,0.00,13295.00,0.00,0.00,0.00,0.00,205.80,0.20,205.60,1.60,52505.60,550480,0,15882660,96.65,20364,13570388,2704280,16.46,7201688,8164580,2320104,1775200,394808,3640,8172,31404,0,0,0.00,0,0.00,6,445,4.41,3.55,3.23,5,205.80,1.60,52505.60,255.14,134.28,673.49,4.86,100.00,549.60,723.20,3381.18,5236.73,0.00,0.00,0.00,0.43
2018-01-06 00:04:21,13.40,0.00,0.92,63.95,0.17,0.00,0.00,0.00,0.00,21.55,0.60,2970.80,2351.00,0.00,0.00,0.80,27036.00,589.80,0.00,3404.00,0.00,0.00,0.00,0.00,220.60,0.00,220.60,0.00,56014.40,342544,0,16090596,97.92,20372,13765688,2704280,16.46,7355576,8214348,2384752,1784276,398044,3688,8200,31404,0,0,0.00,0,0.00,1,447,4.94,3.67,3.28,1,220.60,0.00,56014.40,253.92,134.62,594.57,4.53,100.00,32.60,26.60,9.45,4.12,0.00,0.00,0.00,0.00
2018-01-06 00:04:26,4.39,0.00,0.76,58.10,0.18,0.00,0.06,0.00,0.00,36.51,0.80,3064.20,2519.80,0.00,0.00,0.80,30080.80,26.00,0.00,5466.40,0.00,0.00,0.00,0.00,228.00,0.40,227.60,3.20,58171.20,192060,0,16241080,98.83,20396,13925148,2670040,16.25,7420188,8296572,2413432,1771560,401500,3696,8192,31404,0,0,0.00,0,0.00,1,447,5.02,3.71,3.29,4,228.00,3.20,58171.20,255.15,139.58,629.61,4.39,100.00,251.80,1412.60,25.19,12129.87,0.00,0.00,0.00,0.99
2018-01-06 00:04:31,20.31,0.00,1.66,54.00,0.23,0.00,0.06,0.00,0.00,23.74,2.00,3907.60,3294.00,0.00,0.00,5.60,27054.40,1387.20,0.00,22391.80,3033.80,0.00,3033.80,100.00,212.40,1.40,211.00,11.20,53955.20,271700,0,16161440,98.35,20408,13846076,2670040,16.25,7306908,8331208,2354600,1772124,400584,3744,8200,31404,0,0,0.00,0,0.00,0,454,5.02,3.73,3.30,4,212.40,11.20,53955.20,254.08,135.83,622.31,4.71,100.00,354.80,1339.80,30.58,11520.23,0.00,0.00,0.00,0.94
2018-01-06 00:04:36,28.21,0.00,2.42,45.83,0.17,0.00,0.23,0.00,0.00,23.14,2.20,5961.40,3359.20,0.00,0.00,0.80,32104.00,1389.40,0.00,21307.00,0.00,0.00,0.00,0.00,254.60,0.20,254.40,1.60,65027.20,282800,0,16150340,98.28,20420,13839064,2670040,16.25,7105888,8521020,2360652,1768228,400012,3784,8232,31404,0,0,0.00,0,0.00,1,459,5.10,3.77,3.31,4,254.60,1.60,65027.20,255.42,134.42,557.18,3.93,100.00,168.80,767.60,19.39,6488.98,0.00,0.00,0.00,0.53
2018-01-06 00:04:41,14.69,0.00,1.45,71.43,0.17,0.00,0.17,0.00,0.00,12.08,1.00,5630.20,2790.00,0.00,0.00,4.80,24136.80,209.80,0.00,12657.80,1581.20,0.00,1581.20,100.00,194.20,1.00,193.20,8.00,47352.00,155460,0,16277680,99.05,20436,13983268,2653428,16.15,7095572,8652904,2428980,1746128,404580,3784,8220,31404,0,0,0.00,0,0.00,3,459,5.01,3.78,3.32,5,194.20,8.00,47352.00,243.87,130.20,643.35,5.15,100.00,145.80,291.40,18.56,2262.78,0.00,0.00,0.00,0.19
2018-01-06 00:04:46,8.35,0.00,0.79,72.34,0.18,0.00,0.06,0.00,0.00,18.28,1.00,5150.60,3058.20,0.00,0.00,4.00,30223.20,43.40,0.00,18994.60,7917.20,0.00,7917.20,100.00,239.40,1.20,238.20,9.60,60737.60,176492,0,16256648,98.93,20444,13967816,2653428,16.15,7074940,8648584,2447656,1735988,408268,3784,8196,31404,0,0,0.00,0,0.00,1,459,4.93,3.78,3.32,4,239.40,9.60,60737.60,253.75,142.92,588.36,4.18,100.00,244.20,759.80,23.60,6400.27,0.00,0.00,0.00,0.52
2018-01-06 00:04:51,5.55,0.00,0.74,71.38,0.29,0.00,0.11,0.00,0.00,21.92,2.20,4600.20,3354.40,0.00,0.00,9.60,25028.00,96.80,0.00,13286.60,4768.20,0.00,4768.20,100.00,197.00,2.40,194.60,19.20,49560.00,161412,0,16271728,99.02,20468,13982960,2653428,16.15,7054344,8683104,2454336,1734952,410596,3784,8200,31404,0,0,0.00,0,0.00,2,459,4.86,3.78,3.33,4,197.00,19.20,49560.00,251.67,134.98,663.83,5.08,100.00,282.40,726.00,28.53,5983.63,0.00,0.00,0.00,0.49
2018-01-06 00:04:56,3.71,0.00,0.29,72.05,0.17,0.00,0.06,0.00,0.00,23.73,1.00,3735.20,2476.60,0.00,0.00,4.80,24190.40,55.20,0.00,11557.80,4770.20,0.00,4770.20,100.00,192.80,1.20,191.60,9.60,48995.20,155424,0,16277716,99.05,20480,13987016,2653428,16.15,7052588,8687956,2444788,1733856,412984,3784,8200,31404,0,0,0.00,0,0.00,0,459,4.87,3.80,3.33,4,192.80,9.60,48995.20,254.17,132.09,713.49,5.19,100.00,161.40,244.80,18.90,1819.13,0.00,0.00,0.00,0.15
2018-01-06 00:05:01,5.34,0.00,0.88,66.18,0.35,0.00,0.18,0.00,0.00,27.07,0.80,4878.80,4508.00,0.00,0.00,6.40,29706.40,60.40,0.00,21601.60,4766.40,0.00,4766.40,100.00,239.60,1.40,238.20,11.20,60897.60,197596,0,16235544,98.80,20496,13945208,2653428,16.15,6990836,8705464,2447080,1730876,414836,3784,8196,31404,0,0,0.00,0,0.00,4,459,4.80,3.81,3.34,3,239.60,11.20,60897.60,254.21,137.34,578.84,4.17,100.00,1068.40,3276.00,83.33,28459.11,0.00,0.00,0.00,2.33
2018-01-06 00:05:06,25.52,0.00,1.83,54.24,0.29,0.00,0.46,0.00,0.00,17.66,1.80,6413.40,4916.80,0.00,0.00,64.00,102098.40,368.40,3.20,28341.40,8041.60,0.00,8023.20,99.77,802.80,5.60,797.20,129.60,201841.60,167196,0,16265944,98.98,20540,13969888,2653428,16.15,6895856,8827636,2208740,1733988,417192,3784,8200,31404,0,0,0.00,0,0.00,3,459,4.81,3.83,3.35,4,802.80,129.60,201841.60,251.58,139.60,180.90,1.25,100.00,691.60,2815.00,56.89,24436.84,0.00,0.00,0.00,2.00
2018-01-06 00:05:11,39.43,0.00,2.91,41.06,0.35,0.00,0.29,0.00,0.00,15.96,2.40,8371.80,5389.00,0.00,0.00,1148.00,56666.40,825.80,0.00,45783.60,21014.20,0.00,21000.60,99.94,454.80,10.80,444.00,2296.00,113588.80,164988,0,16268152,99.00,20556,13948652,2653428,16.15,6900156,8816652,2357260,1748548,426684,3784,8204,31404,0,0,0.00,0,0.00,2,459,5.07,3.90,3.37,4,454.80,2296.00,113588.80,254.80,141.77,293.58,2.20,100.00,402.20,1112.40,35.94,9471.15,0.00,0.00,0.00,0.78
2018-01-06 00:05:16,17.60,0.00,1.02,63.28,0.23,0.00,0.06,0.00,0.00,17.82,1.20,5426.80,3635.80,0.00,0.00,568.00,23751.20,386.00,0.00,25649.60,11317.40,0.00,11317.40,100.00,193.40,5.00,188.40,1136.00,48217.60,177796,0,16255344,98.92,20564,13928860,2653428,16.15,6893316,8810860,2472884,1755620,426912,3808,8204,31404,0,0,0.00,0,0.00,0,459,4.98,3.90,3.37,5,193.40,1136.00,48217.60,255.19,123.68,655.77,5.17,100.00,245.80,764.80,26.78,6428.32,0.00,0.00,0.00,0.53
2018-01-06 00:05:21,15.38,0.00,1.59,54.12,0.27,0.00,0.22,0.00,0.00,28.41,1.40,5705.60,4135.80,0.00,0.00,5.60,29080.80,339.40,0.00,20710.60,8091.80,0.00,8091.80,100.00,227.20,1.20,226.00,9.60,57428.80,167380,0,16265760,98.98,20580,13931516,2653428,16.15,6870640,8843588,2531360,1762704,427056,3784,8204,31404,0,0,0.00,0,0.00,0,459,4.99,3.92,3.38,5,227.20,9.60,57428.80,252.81,136.24,597.77,4.40,100.00,334.80,1156.40,31.39,9785.95,0.00,0.00,0.00,0.80
2018-01-06 00:05:26,11.32,0.00,0.58,61.53,0.32,0.00,0.21,0.00,0.00,26.04,0.80,4376.00,3987.20,0.00,0.00,8.80,34267.20,96.60,0.00,17182.60,4872.20,0.00,4872.20,100.00,273.40,2.40,271.00,19.20,68654.40,175664,0,16257476,98.93,20596,13922160,2653428,16.15,6816416,8890308,2505836,1764492,426456,3784,8204,31404,0,0,0.00,0,0.00,0,459,4.91,3.92,3.39,4,273.40,19.20,68654.40,251.18,136.00,489.52,3.66,100.00,552.60,2239.00,47.37,19324.02,0.00,0.00,0.00,1.58
2018-01-06 00:05:31,29.58,0.00,3.06,47.46,0.33,0.00,0.11,0.00,0.00,19.46,9.00,7030.00,5103.20,0.00,0.00,3.20,98514.40,2640.20,0.00,89597.00,6846.60,0.00,6846.60,100.00,783.40,0.80,782.60,6.40,197843.20,1341412,0,15091728,91.84,20636,13012212,2615856,15.92,5552692,9005428,2179388,1526548,410860,3712,7320,31404,0,0,0.00,0,0.00,3,444,4.83,3.92,3.39,3,783.60,6.40,197894.40,252.55,134.23,169.75,1.28,100.00,199.40,416.00,24.65,3302.96,0.00,0.00,0.00,0.27
2018-01-06 00:05:36,80.51,0.00,9.82,2.84,0.15,0.00,1.06,0.00,0.00,5.62,15.00,11811.40,7003.40,0.00,0.00,18.40,92182.40,8475.40,0.00,151866.60,0.00,0.00,0.00,0.00,723.40,4.60,718.80,36.80,183192.00,3212460,0,13220680,80.45,20696,11153180,2639112,16.06,3378292,9355544,1874400,1560088,364884,3656,7624,31404,0,0,0.00,0,0.00,5,435,5.17,4.00,3.42,1,723.20,36.80,183140.80,253.29,139.92,205.81,1.38,99.84,2941.20,3020.00,19821.57,22096.31,0.00,0.00,0.00,1.81
2018-01-06 00:05:41,87.90,0.00,6.38,2.21,0.05,0.00,0.90,0.00,0.00,2.56,14.40,2992.80,5070.00,0.00,0.00,587.20,90929.60,11328.40,0.00,60640.00,0.00,0.00,0.00,0.00,725.80,10.20,715.60,1172.80,183139.20,2880956,0,13552184,82.47,20740,11363956,2670048,16.25,3581724,9489156,1711308,1685544,360352,3752,7808,31404,0,0,0.00,0,0.00,6,460,5.39,4.07,3.44,2,725.80,1172.80,183139.20,253.94,139.88,192.72,1.38,99.92,8530.60,3877.40,69198.79,21104.68,0.00,0.00,0.00,5.67
2018-01-06 00:05:46,76.30,0.00,10.51,6.42,0.10,0.00,1.57,0.00,0.00,5.10,0.00,3382.20,6112.80,0.00,0.00,568.00,91780.00,471.00,0.00,66442.80,0.00,0.00,0.00,0.00,724.00,5.80,718.20,1137.60,183150.40,2012168,0,14420972,87.76,20756,12099472,2725192,16.58,4218740,9689904,2062356,1788800,366548,3792,8204,31404,0,0,0.00,0,0.00,8,460,5.84,4.18,3.49,1,724.00,1137.60,183150.40,254.54,139.57,192.45,1.38,100.00,15590.00,4986.40,132097.38,18441.94,0.00,0.00,0.00,10.82
2018-01-06 00:05:51,56.01,0.00,8.28,12.40,0.91,0.00,2.67,0.00,0.00,19.72,0.00,13331.60,16333.20,0.00,0.00,6.40,91721.60,50.80,0.00,49968.00,0.00,0.00,0.00,0.00,717.40,1.60,715.80,12.80,183187.20,1423372,0,15009768,91.34,20764,12697244,2725192,16.58,4760488,9746488,2226248,1789180,380448,3792,8204,31404,0,0,0.00,0,0.00,6,460,5.70,4.18,3.49,1,717.40,12.80,183187.20,255.37,140.54,196.23,1.39,100.00,11850.00,5547.00,100857.91,6800.74,0.00,0.00,0.00,8.26
2018-01-06 00:05:56,50.05,0.00,7.81,16.94,1.20,0.05,3.06,0.00,0.00,20.87,0.60,20586.80,19984.40,0.00,0.00,5.60,91687.20,38.20,0.00,45391.60,0.00,0.00,0.00,0.00,732.20,1.40,730.80,11.20,183091.20,952376,0,15480764,94.20,20772,13156724,2691704,16.38,5213176,9753044,2266256,1789048,391684,3800,8208,31404,0,0,0.00,0,0.00,1,461,5.64,4.20,3.50,1,732.40,11.20,183142.40,250.07,138.63,187.39,1.37,100.00,10843.20,6616.80,91533.76,10176.22,0.00,0.00,0.00,7.50
2018-01-06 00:06:01,31.39,0.00,4.68,20.09,1.31,0.00,1.60,0.00,0.00,40.92,0.00,22442.20,19172.60,0.00,0.00,4.00,91734.40,23.20,0.00,44178.80,0.00,0.00,0.00,0.00,718.80,1.00,717.80,8.00,183137.60,547280,0,15885860,96.67,20780,13547948,2691704,16.38,5604620,9754064,2215400,1789436,402352,3800,8208,31404,0,0,0.00,0,0.00,9,461,5.51,4.19,3.50,1,718.80,8.00,183137.60,254.79,140.43,194.56,1.39,100.00,10655.80,6047.00,91529.46,4559.35,0.00,0.00,0.00,7.50
2018-01-06 00:06:06,62.21,0.00,8.21,14.77,0.43,0.00,0.96,0.00,0.00,13.43,2.40,11467.40,9394.60,0.00,0.00,0.80,90933.60,67.20,0.00,42362.20,13276.80,0.00,13276.80,100.00,716.60,0.20,716.40,1.60,183187.20,174256,0,16258884,98.94,20804,13921572,2669744,16.25,6221960,9494676,2425796,1774744,418816,3672,8204,31404,0,0,0.00,0,0.00,6,445,5.39,4.19,3.50,1,716.60,1.60,183187.20,255.64,140.24,175.59,1.40,100.00,6712.60,3599.60,56409.94,6654.45,0.00,0.00,0.00,4.62
2018-01-06 00:06:11,77.77,0.00,7.60,10.46,0.05,0.00,0.80,0.00,0.00,3.32,3.60,6689.00,4608.00,0.00,0.00,24.80,91734.40,2331.60,0.00,51206.40,8972.20,0.00,8971.60,99.99,722.40,6.20,716.20,49.60,183121.60,478660,0,15954480,97.09,20812,13606220,2669744,16.25,5948124,9468280,2123068,1790088,414472,3816,8212,31404,0,0,0.00,0,0.00,10,463,5.28,4.19,3.50,1,722.40,49.60,183121.60,253.56,140.51,217.03,1.39,100.08,877.40,3517.80,69.36,30533.83,0.00,0.00,0.00,2.50
2018-01-06 00:06:16,80.04,0.00,9.93,4.07,0.31,0.00,0.76,0.00,0.00,4.89,2.40,22024.40,7786.60,0.00,0.00,10.40,89336.80,91.80,0.00,29947.60,9018.40,0.00,9018.40,100.00,707.80,2.60,705.20,20.80,178547.20,160600,0,16272540,99.02,20824,13958244,2653180,16.15,5870640,9852312,2248104,1744796,427376,3816,8184,31404,0,0,0.00,0,0.00,4,463,5.17,4.18,3.51,1,707.60,20.80,178496.00,252.28,139.21,190.88,1.41,100.00,385.20,1658.60,36.54,14254.99,0.00,0.00,0.00,1.17
2018-01-06 00:06:21,77.89,0.00,10.98,4.27,0.20,0.00,0.81,0.00,0.00,5.85,2.80,22712.40,7856.40,0.00,0.00,0.00,92472.00,399.00,0.00,47776.40,30594.00,0.00,30594.00,100.00,720.40,0.00,720.40,0.00,184016.00,168020,0,16265120,98.98,20824,13947600,2635732,16.04,5913996,9798448,2392368,1745344,429464,3816,8188,31404,0,0,0.00,0,0.00,6,463,5.08,4.18,3.51,1,720.40,0.00,184016.00,255.44,141.12,189.24,1.39,100.00,56.40,38.40,15.07,7.62,0.00,0.00,0.00,0.00
2018-01-06 00:06:26,75.47,0.00,10.88,5.82,0.25,0.00,0.96,0.00,0.00,6.63,3.20,22558.00,7824.00,0.00,0.00,1545.60,93290.40,861.80,0.00,50669.20,30436.00,0.00,30356.80,99.74,747.00,15.80,731.20,3091.20,186910.40,162556,0,16270584,99.01,20824,13930328,2635732,16.04,5945712,9771516,2541264,1766780,430652,3824,8196,31404,0,0,0.00,0,0.00,4,464,5.07,4.19,3.52,1,747.00,3091.20,186910.40,254.35,140.19,198.84,1.34,99.92,409.80,1002.60,38.54,8407.27,0.00,0.00,0.00,0.69
2018-01-06 00:06:31,63.11,0.00,8.42,17.37,0.42,0.00,0.84,0.00,0.00,9.84,2.40,18435.00,7449.80,0.00,0.00,5.60,91500.00,593.20,0.00,47001.80,26861.00,0.00,26861.00,100.00,725.60,1.40,724.20,11.20,183104.00,156824,0,16276316,99.05,20796,13922380,2652680,16.14,5956316,9764792,2646956,1779072,431484,3824,8208,31404,0,0,0.00,0,0.00,1,464,5.07,4.21,3.53,4,725.80,11.20,183155.20,252.36,139.08,187.15,1.38,100.08,292.80,1000.00,30.29,8485.98,0.00,0.00,0.00,0.70
2018-01-06 00:06:36,51.74,0.00,4.24,31.77,0.16,0.00,0.11,0.00,0.00,11.97,9.60,9620.80,4987.60,0.00,0.00,10.40,91655.20,4007.80,0.00,100301.20,10721.20,0.00,10721.20,100.00,719.00,2.60,716.40,20.80,183161.60,1273604,0,15159536,92.25,20796,13035156,2606236,15.86,4698292,9924672,2469132,1567972,413936,3672,7640,31404,0,0,0.00,0,0.00,4,445,5.14,4.24,3.54,2,719.00,20.80,183161.60,254.77,140.44,200.75,1.39,100.00,187.00,737.40,23.15,6159.54,0.00,0.00,0.00,0.50
2018-01-06 00:06:41,70.06,0.00,8.20,11.30,0.31,0.00,0.87,0.00,0.00,9.27,16.00,8819.80,6759.20,0.00,0.00,10403.20,91241.60,9592.60,0.00,166799.40,0.00,0.00,0.00,0.00,801.60,83.40,718.20,19659.20,183195.20,3514344,0,12918796,78.61,20816,11157196,2301220,14.00,2312108,10121204,2034496,1255384,364024,3392,6628,31404,0,0,0.00,0,0.00,8,413,5.21,4.27,3.55,2,801.60,19659.20,183145.60,253.00,141.34,176.10,1.25,100.00,3370.80,2569.20,25456.58,14505.14,0.00,0.00,0.00,2.09
2018-01-06 00:06:46,60.16,0.00,6.25,15.51,0.20,0.00,0.87,0.00,0.00,17.00,3.80,3702.20,6355.80,0.00,0.00,30886.40,91961.60,1431.20,0.00,50682.20,0.00,0.00,0.00,0.00,978.40,261.20,717.20,62920.00,183161.60,2851456,0,13581684,82.65,20836,11602524,2396296,14.58,2821604,10273408,2044408,1472040,365520,3520,7156,31404,0,0,0.00,0,0.00,6,426,5.19,4.28,3.56,1,978.40,62920.00,183211.20,251.57,145.86,149.26,1.02,100.00,9191.20,4687.40,75704.40,21242.55,0.00,0.00,0.00,6.20
2018-01-06 00:06:51,46.80,0.00,5.94,21.18,0.31,0.00,1.55,0.00,0.00,24.23,0.00,4435.40,6543.20,0.00,0.00,0.00,90952.00,73.60,0.00,55777.40,0.00,0.00,0.00,0.00,715.60,0.00,715.60,0.00,183132.80,2187480,0,14245660,86.69,20848,12250164,2379752,14.48,3475024,10268340,2242936,1472648,382080,3520,7160,31404,0,0,0.00,0,0.00,2,426,5.02,4.26,3.56,1,715.60,0.00,183132.80,255.92,140.68,191.06,1.40,100.00,13752.40,3563.40,119165.79,237.30,0.00,0.00,0.00,9.76
2018-01-06 00:06:56,45.13,0.00,5.58,20.53,0.31,0.00,1.67,0.00,0.00,26.78,0.40,4614.60,6749.40,0.00,0.00,5480.80,92215.20,45.00,0.00,57461.60,0.00,0.00,0.00,0.00,777.40,47.00,730.40,10961.60,183150.40,1628864,0,14804276,90.09,20864,12791600,2379752,14.48,4000616,10283828,2341608,1471864,395712,3528,7160,31404,0,0,0.00,0,0.00,7,427,4.86,4.24,3.55,1,777.40,10961.60,183150.40,249.69,141.54,187.16,1.29,100.00,13793.20,4827.40,117217.67,12921.01,0.00,0.00,0.00,9.60
2018-01-06 00:07:01,34.45,0.00,4.12,24.41,0.26,0.00,0.41,0.00,0.00,36.35,2.20,2878.60,4259.20,0.00,0.00,9099.20,91002.40,117.20,0.20,25631.80,0.00,0.00,0.00,0.00,788.80,72.80,716.00,18198.40,183182.40,1202880,0,15230260,92.68,20888,13210388,2379752,14.48,4436016,10266020,2323328,1471496,406324,3448,7160,31404,0,0,0.00,0,0.00,3,418,4.63,4.20,3.55,1,788.60,18198.40,183131.20,255.30,140.27,177.91,1.27,100.00,5483.20,3115.40,43743.32,15817.11,0.00,0.00,0.00,3.58
2018-01-06 00:07:06,57.81,0.00,7.04,17.40,0.36,0.00,0.71,0.00,0.00,16.68,3.20,7383.20,7188.80,0.00,0.00,26214.40,92188.80,3110.80,0.00,36909.20,0.00,0.00,0.00,0.00,925.20,209.00,716.20,51995.20,183148.80,1074976,0,15358164,93.46,20896,13329740,2346048,14.28,4363452,10465260,2036804,1478704,408024,3544,7200,31404,0,0,0.00,0,0.00,8,429,4.58,4.20,3.55,2,925.60,52097.60,183148.80,254.16,144.82,156.42,1.08,100.00,1032.80,4418.40,77.31,38194.55,0.00,0.00,0.00,3.13
2018-01-06 00:07:11,73.14,0.00,9.60,10.53,0.41,0.00,0.62,0.00,0.00,5.70,7.20,17103.80,8392.00,0.00,0.00,12901.60,90844.00,4625.80,0.00,21814.60,0.00,0.00,0.00,0.00,827.60,105.00,722.60,26236.80,183094.40,523476,0,15909664,96.81,20904,13792940,2565448,15.61,4468664,10896920,2048296,1552540,420392,3688,7756,31404,0,0,0.00,0,0.00,5,448,4.61,4.21,3.56,1,827.40,26134.40,183145.60,252.94,140.78,170.21,1.21,100.00,483.00,1983.80,38.91,16998.28,0.00,0.00,0.00,1.39
2018-01-06 00:07:16,75.85,0.00,9.15,8.79,0.20,0.00,1.31,0.00,0.00,4.70,5.60,14886.60,7123.00,0.00,0.00,0.80,56242.40,3541.40,0.00,44983.20,10200.40,4505.60,14706.00,100.00,435.80,0.20,435.60,1.60,111281.60,162072,0,16271068,99.01,20932,13962652,2625316,15.98,4762528,10952936,2236332,1732992,431972,3816,8208,31404,0,0,0.00,0,0.00,7,463,4.80,4.26,3.57,2,435.60,1.60,111230.40,255.35,138.37,307.50,2.30,100.00,3327.80,586.80,28855.28,41.50,0.00,0.00,0.00,2.36
2018-01-06 00:07:21,71.74,0.00,9.01,13.11,0.20,0.00,0.92,0.00,0.00,5.02,1.80,14981.60,6681.40,0.00,0.00,8396.80,39333.60,1518.60,0.00,69799.40,32117.20,0.00,31981.40,99.58,374.00,67.80,306.20,16563.20,78259.20,168888,0,16264252,98.97,20732,13937824,2641536,16.07,4998564,10707604,2653048,1748348,434004,3816,8216,31404,0,0,0.00,0,0.00,0,463,5.38,4.38,3.62,6,374.00,16563.20,78259.20,253.54,146.59,392.41,2.67,100.00,5815.60,1690.40,48960.33,5673.69,0.00,0.00,0.00,4.01
2018-01-06 00:07:26,9.76,0.00,0.70,58.32,0.21,0.00,0.11,0.00,0.00,30.90,1.00,3458.68,2960.28,0.00,0.00,2255.49,40008.78,388.82,0.00,16484.63,8323.95,0.00,8323.95,100.00,346.31,32.14,314.17,4740.92,80257.09,164812,0,16268328,99.00,20584,13934520,2641536,16.07,5065476,10644708,2617272,1755956,434232,3824,8220,31404,0,0,0.00,0,0.00,0,464,5.35,4.39,3.63,4,346.31,4740.92,80257.09,245.44,140.48,406.70,2.88,99.80,349.90,166.27,2643.01,606.35,0.00,0.00,0.00,0.22
2018-01-06 00:07:31,9.69,0.00,0.97,70.13,0.32,0.00,0.16,0.00,0.00,18.73,0.00,3922.80,4071.60,0.00,0.00,21016.80,38024.00,402.20,0.00,27187.60,9454.00,0.00,9299.00,98.36,474.20,168.60,305.60,39947.20,77113.60,170176,0,16262964,98.96,13188,13925524,2641536,16.07,5127680,10575496,2567416,1765460,434820,3824,8220,31404,0,0,0.00,0,0.00,1,463,5.32,4.40,3.63,5,474.20,39947.20,77113.60,246.86,157.24,328.56,2.11,100.00,2320.60,2023.00,16118.67,13207.80,0.00,0.00,0.00,1.32
2018-01-06 00:07:36,7.47,0.00,0.60,55.28,0.22,0.00,0.00,0.00,0.00,36.44,0.80,3535.20,3410.60,0.00,0.00,11450.40,34616.00,298.20,0.00,17056.00,7723.80,0.00,7722.20,99.98,383.60,113.40,270.20,24987.20,69052.80,171732,0,16261408,98.95,10624,13922724,2641536,16.07,5187444,10514824,2540388,1769048,435660,3816,8216,31404,0,0,0.00,0,0.00,0,463,5.21,4.40,3.64,4,383.60,24987.20,69052.80,245.15,147.51,385.62,2.61,100.00,404.40,1391.80,32.62,11564.78,0.00,0.00,0.00,0.95
2018-01-06 00:07:41,11.64,0.00,1.12,53.92,0.32,0.00,0.11,0.00,0.00,32.89,0.60,4002.00,3574.00,0.00,0.00,8694.40,36951.20,129.80,0.00,23428.20,7682.80,0.00,7679.20,99.95,363.40,74.60,288.80,16620.80,73694.40,176740,0,16256400,98.92,6752,13919192,2641536,16.07,5244664,10451852,2501480,1770932,436396,3800,8220,31404,0,0,0.00,0,0.00,0,461,5.28,4.42,3.65,4,363.40,16620.80,73694.40,248.53,148.03,400.79,2.75,100.00,2114.00,1216.60,16117.72,6357.21,0.00,0.00,0.00,1.32
2018-01-06 00:07:46,9.93,0.00,0.96,63.98,0.27,0.00,0.11,0.00,0.00,24.76,1.60,3820.80,3003.00,0.00,0.00,851.20,41528.80,48.60,0.00,14175.40,8021.40,0.00,8020.60,99.99,364.00,30.20,333.80,2470.40,83368.00,159752,0,16273388,99.03,5528,13937904,2641536,16.07,5312584,10401288,2472356,1771220,435612,3800,8220,31404,0,0,0.00,0,0.00,0,462,5.18,4.42,3.65,4,364.00,2470.40,83368.00,235.82,140.63,393.93,2.75,100.00,34.40,29.20,8.63,4.57,0.00,0.00,0.00,0.00
2018-01-06 00:07:51,15.38,0.00,2.17,48.21,0.33,0.00,0.27,0.00,0.00,33.64,3.40,4844.80,4153.00,0.00,0.00,4368.80,40984.00,247.20,0.00,79688.80,8227.00,0.00,8226.60,100.00,354.40,36.40,318.00,7932.80,81353.60,1237352,0,15195788,92.47,5532,12893688,2641536,16.07,4302464,10366240,2226084,1770148,403788,3800,8220,31404,0,0,0.00,0,0.00,2,452,5.40,4.48,3.67,2,354.40,7932.80,81353.60,251.94,141.35,402.44,2.82,100.00,1856.80,527.80,15835.35,37.33,0.00,0.00,0.00,1.30
2018-01-06 00:07:56,24.69,0.00,3.25,28.77,0.21,0.00,0.21,0.00,0.00,42.87,4.00,3304.60,3764.80,0.00,0.00,13811.20,38740.00,415.80,0.00,108372.80,0.00,0.00,0.00,0.00,426.00,119.20,306.80,28427.20,78452.80,2573948,0,13859192,84.34,5548,12150296,2037316,12.40,2957596,10395976,2154052,1197884,384812,3288,6216,31404,0,0,0.00,0,0.00,0,397,5.29,4.47,3.68,1,426.20,28427.20,78504.00,250.89,147.67,348.30,2.35,100.00,5072.20,1419.60,43565.59,96.48,0.00,0.00,0.00,3.57
2018-01-06 00:08:01,17.55,0.00,2.33,27.36,0.15,0.00,0.05,0.00,0.00,52.55,1.60,1402.00,1926.00,0.00,0.00,1232.80,51961.60,44.60,0.00,8710.00,0.00,0.00,0.00,0.00,421.40,10.00,411.40,1657.60,103360.00,2281668,0,14151472,86.12,5564,12438800,2037316,12.40,3243644,10397260,2181824,1197044,390768,3256,6216,31404,0,0,0.00,0,0.00,1,392,4.95,4.41,3.66,1,421.20,1657.60,103308.80,249.21,137.49,318.31,2.37,100.00,1881.80,440.60,15948.89,30.53,0.00,0.00,0.00,1.31
2018-01-06 00:08:06,27.91,0.00,2.45,22.97,0.74,0.00,0.00,0.00,0.00,45.93,1.80,7822.20,7894.20,0.00,0.00,820.00,35248.00,248.60,0.00,15857.40,0.00,0.00,0.00,0.00,288.80,13.20,275.60,2448.00,70496.00,2242728,0,14190412,86.35,5640,12493892,2037316,12.40,3089988,10586900,2163420,1178700,392184,3296,6208,31404,0,0,0.00,0,0.00,2,398,4.71,4.37,3.65,1,288.80,2448.00,70496.00,252.58,138.74,484.35,3.46,100.00,18.80,18.00,4.35,2.99,0.00,0.00,0.00,0.00
2018-01-06 00:08:11,30.60,0.00,2.29,24.01,1.28,0.00,0.11,0.00,0.00,41.71,2.20,12450.40,12421.60,0.00,0.00,810.40,38764.80,1048.40,0.00,10345.20,0.00,0.00,0.00,0.00,313.60,8.20,305.40,1620.80,77683.20,1885116,0,14548024,88.53,5660,12838680,2037316,12.40,3117876,10907924,2316160,1182120,400884,3296,6220,31404,0,0,0.00,0,0.00,3,398,4.49,4.33,3.64,1,313.80,1620.80,77734.40,252.88,134.50,430.15,3.19,100.00,22.40,22.40,5.43,3.87,0.00,0.00,0.00,0.00
2018-01-06 00:08:16,24.62,0.00,1.63,33.73,0.90,0.00,0.06,0.00,0.00,39.07,1.60,9557.80,8832.20,0.00,0.00,1227.20,44238.40,519.20,0.00,14413.60,0.00,0.00,0.00,0.00,360.20,14.60,345.60,2454.40,88374.40,1524272,0,14908868,90.72,5688,13177612,2037316,12.40,3155484,11222920,2432688,1195716,409664,3288,6232,31404,0,0,0.00,0,0.00,1,397,4.29,4.29,3.64,2,360.00,2454.40,88323.20,252.16,144.43,402.10,2.78,100.00,21.60,21.00,5.06,3.64,0.00,0.00,0.00,0.00
2018-01-06 00:08:21,7.40,0.00,1.61,31.65,0.32,0.00,0.00,0.00,0.00,59.01,4.00,3500.60,3081.60,0.00,0.00,808.00,35957.60,504.40,0.00,76634.80,0.00,0.00,0.00,0.00,295.80,8.80,287.00,1616.00,72270.40,2746276,0,13686864,83.29,5708,12257564,1729660,10.53,1810604,11353924,1702900,901400,402188,3016,5204,31404,0,0,0.00,0,0.00,0,363,4.19,4.27,3.63,1,295.80,1616.00,72270.40,249.78,140.24,468.70,3.38,100.00,21.00,21.00,4.15,3.56,0.00,0.00,0.00,0.00
2018-01-06 00:08:26,1.31,0.00,0.55,33.59,0.15,0.00,0.00,0.00,0.00,64.40,4.20,1382.40,1592.00,0.00,0.00,1338.40,45285.60,103.60,0.00,1680.80,0.00,0.00,0.00,0.00,376.60,25.80,350.80,2675.20,89550.40,2739248,0,13693892,83.33,5732,12261824,1729660,10.53,1813004,11358036,1479440,903684,402124,2992,5216,31404,0,0,0.00,0,0.00,0,346,3.93,4.22,3.62,2,376.80,2675.20,89601.60,244.90,137.05,368.80,2.65,100.00,68.80,72.80,11.37,14.92,0.00,0.00,0.00,0.00
2018-01-06 04:48:04,71.24,0.00,0.75,0.89,0.03,0.00,0.06,0.00,0.00,27.04,3.12,2354.06,1673.36,0.00,0.00,1329.29,4302.61,1814.36,0.07,6485.75,422.41,44.69,466.60,99.89,58.49,23.01,35.48,2658.58,8605.49,412060,0,16021080,97.49,10544,14820388,1203144,7.32,1966516,13485392,937736,621184,452164,2216,3832,31404,0,0,0.00,0,0.00,0,257,4.22,4.50,4.30,1,58.49,2658.58,8605.48,192.59,5.67,96.98,0.78,4.54,119.56,102.22,804.06,544.96,0.00,0.00,0.00,0.07
2018-01-06 04:48:09,0.05,0.00,0.30,25.31,0.10,0.00,0.00,0.00,0.00,74.23,0.20,291.80,868.80,0.00,0.00,0.00,91600.80,17.60,0.00,647.40,0.00,0.00,0.00,0.00,715.40,0.00,715.40,0.00,183068.80,412116,0,16021024,97.49,10552,14820396,1203144,7.32,1966372,13485504,480036,620972,452012,2176,3548,31404,0,0,0.00,0,0.00,0,258,3.96,4.44,4.28,1,715.60,0.00,183120.00,255.90,140.56,191.48,1.40,100.00,1.60,3.00,0.16,0.54,0.00,0.00,0.00,0.00
2018-01-06 04:48:14,1.06,0.00,0.55,24.72,0.20,0.00,0.00,0.00,0.00,73.46,15.60,672.40,1299.20,0.00,0.00,145.60,91992.80,7773.20,3.40,2610.60,0.00,0.00,0.00,0.00,725.80,9.80,716.00,291.20,183216.00,407280,0,16025860,97.52,10568,14821232,1172404,7.13,1970776,13486356,20060,625328,451900,2232,4060,31404,0,0,0.00,0,0.00,0,263,3.72,4.38,4.27,1,725.60,291.20,183164.80,252.83,140.64,197.21,1.38,100.00,33.20,70.20,22.24,457.16,0.00,0.00,0.00,0.04
2018-01-06 04:48:19,40.53,0.00,1.36,1.46,0.10,0.05,0.00,0.00,0.00,56.50,30.60,1540.40,2056.20,0.00,0.00,424.80,3996.00,9303.00,5.60,5592.20,0.00,0.00,0.00,0.00,83.40,20.00,63.40,849.60,15755.20,150224,0,16282916,99.09,10584,14824344,1802892,10.97,2225172,13489272,1616,879596,452572,2904,5068,31404,0,0,0.00,0,0.00,5,350,3.51,4.32,4.25,0,83.40,849.60,15755.20,199.10,9.70,163.35,1.13,9.44,42.60,38.40,152.58,4.51,0.00,0.00,0.00,0.01
2018-01-06 04:48:24,61.22,0.00,2.98,0.05,0.10,0.00,0.05,0.00,0.00,35.60,25.55,2267.27,2660.08,0.00,0.00,19.96,47.90,20734.73,0.00,33032.14,14454.69,3883.43,18338.12,100.00,4.19,2.99,1.20,39.92,95.81,148404,0,16284736,99.10,10612,14457940,2712184,16.50,2589876,13122360,2668,1243776,453760,3560,7040,31404,0,0,0.00,0,0.00,8,433,3.22,4.25,4.22,0,4.19,39.92,95.81,32.38,0.00,0.76,0.76,0.32,41.92,51.90,6.01,16.66,0.00,0.00,0.00,0.00
2018-01-06 04:48:29,90.14,0.00,4.53,0.00,0.10,0.00,0.40,0.00,0.00,4.83,7.20,3758.40,3538.40,0.00,0.00,37166.40,39.20,9690.00,0.20,45037.80,23199.60,6784.00,29983.60,100.00,563.60,562.60,1.00,74332.80,78.40,164680,0,16268460,99.00,10620,14052468,2728424,16.60,2984040,12709016,11088,1630028,454580,3720,7852,31404,0,0,0.00,0,0.00,5,451,3.45,4.28,4.23,0,563.60,74332.80,78.40,132.03,1.79,3.17,0.16,9.04,52.00,44.80,10.10,7.05,0.00,0.00,0.00,0.00
2018-01-06 04:48:34,80.85,0.00,5.36,0.00,0.00,0.00,0.15,0.00,0.00,13.64,3.00,2242.60,2203.00,0.00,0.00,13540.80,91.20,221.00,0.00,31382.80,30386.60,0.00,30386.60,100.00,217.60,206.60,11.00,27081.60,182.40,157908,0,16275232,99.04,10620,14066656,2728424,16.60,3531880,12166372,567816,1621420,455540,3784,7864,31404,0,0,0.00,0,0.00,4,459,3.57,4.29,4.24,0,217.60,27081.60,182.40,125.29,0.58,2.67,0.15,3.28,32.00,22.20,8.05,3.26,0.00,0.00,0.00,0.00
2018-01-06 04:48:39,77.74,0.00,5.34,0.00,0.05,0.00,0.05,0.00,0.00,16.82,25.00,2349.00,2039.40,0.00,0.00,1.60,79.20,16829.80,0.00,73952.60,10011.40,0.00,10011.40,100.00,3.00,0.40,2.60,3.20,158.40,889720,0,15543420,94.59,10648,13704844,2706080,16.47,3006964,11960756,411416,1252400,455376,3536,7048,31404,0,0,0.00,0,0.00,8,429,3.69,4.30,4.24,0,3.00,3.20,158.40,53.87,0.00,0.53,0.53,0.16,22.40,19.80,5.21,3.30,0.00,0.00,0.00,0.00
2018-01-06 04:48:44,93.37,0.00,3.41,0.00,0.05,0.00,0.50,0.00,0.00,2.66,15.40,4393.20,3235.60,0.00,0.00,0.00,42.40,4799.00,0.00,17885.00,0.00,0.00,0.00,0.00,0.80,0.00,0.80,0.00,84.80,484392,0,15948748,97.05,10660,13700324,2738544,16.66,3412332,11956340,412152,1661856,455820,3720,7956,31404,0,0,0.00,0,0.00,6,451,4.11,4.38,4.27,0,0.80,0.00,84.80,106.00,0.00,0.00,0.00,0.00,107.60,118.60,22.34,24.93,0.00,0.00,0.00,0.00
2018-01-06 04:48:49,80.45,0.00,5.24,0.00,0.10,0.00,0.30,0.00,0.00,13.90,2.40,2210.40,2245.20,0.00,0.00,0.00,40.80,167.60,0.00,9599.20,7824.00,0.00,7824.00,100.00,1.40,0.00,1.40,0.00,81.60,157728,0,16275412,99.04,10668,14030488,2738544,16.66,3904540,11795164,903968,1658560,456276,3768,7964,31404,0,0,0.00,0,0.00,3,457,4.02,4.36,4.26,0,1.40,0.00,81.60,58.29,0.00,0.00,0.00,0.00,41.00,31.60,5.38,5.48,0.00,0.00,0.00,0.00
2018-01-06 04:48:54,77.55,0.00,5.64,0.40,0.05,0.00,0.05,0.00,0.00,16.31,25.20,2380.40,2193.20,0.00,0.00,0.00,20182.40,14983.20,0.00,74959.00,10413.40,0.00,10413.40,100.00,170.80,0.00,170.80,0.00,40364.80,886172,0,15546968,94.61,10688,13734128,2688260,16.36,3389084,11581736,720276,1226100,455776,3536,6940,31404,0,0,0.00,0,0.00,10,428,4.42,4.44,4.29,0,170.80,0.00,40364.80,236.33,6.17,36.12,0.27,4.64,35.00,25.40,8.99,3.90,0.00,0.00,0.00,0.00
2018-01-06 04:48:59,91.25,0.00,3.97,1.36,0.05,0.00,0.25,0.00,0.00,3.12,10.60,3681.40,3791.00,0.00,0.00,1.60,104548.00,9216.20,0.00,8004.40,0.00,0.00,0.00,0.00,788.80,0.40,788.40,3.20,201468.80,440632,0,15992508,97.32,10700,13729472,2721164,16.56,3837028,11577304,198356,1674212,456660,3720,7908,31404,0,0,0.00,0,0.00,6,450,4.63,4.48,4.30,1,789.00,3.20,201520.00,255.42,126.40,156.46,1.14,90.08,54.40,53.40,13.70,9.09,0.00,0.00,0.00,0.00
2018-01-06 04:49:04,80.57,0.00,5.52,0.35,0.05,0.00,0.15,0.00,0.00,13.35,7.60,2923.40,2465.80,0.00,0.00,0.80,12208.80,235.00,0.00,13783.40,11742.60,0.00,11742.60,100.00,125.80,0.20,125.60,1.60,32044.80,159196,0,16273944,99.03,10712,14022516,2738080,16.66,4357920,11337836,670312,1662776,457152,3744,7924,31404,0,0,0.00,0,0.00,3,454,4.82,4.52,4.32,0,125.60,1.60,31993.60,254.74,22.03,198.82,1.39,17.44,95.40,90.00,15.34,20.82,0.00,0.00,0.00,0.00
2018-01-06 04:49:09,76.00,0.00,5.95,0.05,0.05,0.00,0.05,0.00,0.00,17.90,25.20,2207.60,2066.40,0.00,0.00,5.60,33.60,15244.20,0.00,74131.60,7691.40,409.60,8101.00,100.00,2.40,1.40,1.00,11.20,67.20,878424,0,15554716,94.65,10744,13731292,2666800,16.23,3802560,11170636,546388,1235316,456896,3504,6892,31404,0,0,0.00,0,0.00,7,424,4.99,4.56,4.33,0,2.40,11.20,67.20,32.67,0.00,0.67,0.67,0.16,19.20,17.80,2.94,3.15,0.00,0.00,0.00,0.00
2018-01-06 04:49:14,86.81,0.00,3.62,0.00,0.05,0.00,0.40,0.00,0.00,9.11,9.80,3154.20,3288.40,0.00,0.00,0.00,2324.00,7240.80,0.00,17359.40,0.00,0.00,0.00,0.00,19.20,0.00,19.20,0.00,4648.00,335868,0,16097272,97.96,10756,13818368,2772000,16.87,4329028,11189916,629080,1689876,457396,3768,7928,31404,0,0,0.00,0,0.00,2,457,5.15,4.60,4.34,0,19.20,0.00,4648.00,242.08,0.17,8.62,0.29,0.56,2642.20,489.20,22866.24,34.15,0.00,0.00,0.00,1.87
2018-01-06 04:49:19,61.36,0.00,4.44,0.00,0.15,0.00,0.15,0.00,0.00,33.89,10.60,2748.60,2748.60,0.00,0.00,0.00,22.40,1132.60,0.00,27012.40,13351.00,0.00,13351.00,100.00,0.60,0.00,0.60,0.00,44.80,290580,0,16142560,98.23,10756,13862476,2772000,16.87,4644244,10918144,945324,1688916,458012,3816,7944,31404,0,0,0.00,0,0.00,5,456,4.90,4.56,4.33,0,0.60,0.00,44.80,74.67,0.00,0.00,0.00,0.00,1010.40,581.20,8001.60,50.38,0.00,0.00,0.00,0.66
2018-01-06 04:49:24,79.54,0.00,4.50,1.52,0.00,0.00,0.30,0.00,0.00,14.15,19.20,2481.40,2843.80,0.00,0.00,1.60,27992.00,13460.20,0.00,40552.40,0.00,0.00,0.00,0.00,225.40,0.40,225.00,3.20,55984.00,352864,0,16080276,97.85,10780,13907576,2755180,16.77,4582652,10918796,855968,1583212,457904,3664,7740,31404,0,0,0.00,0,0.00,2,445,4.91,4.57,4.33,0,225.40,3.20,55984.00,248.39,11.10,49.27,0.43,9.60,452.80,235.20,3436.91,24.09,0.00,0.00,0.00,0.28
2018-01-06 04:49:29,49.92,0.00,4.28,0.00,0.10,0.00,0.50,0.00,0.00,45.19,4.00,2139.40,2968.00,0.00,0.00,8.80,3811.20,1310.00,0.00,39465.60,17198.80,1431.00,17894.60,96.05,36.00,2.20,33.80,17.60,7622.40,175740,0,16257400,98.93,10780,13930352,2812216,17.11,5088768,10587676,1228608,1735732,458464,3776,8080,31404,0,0,0.00,0,0.00,2,458,5.08,4.61,4.35,0,36.00,17.60,7622.40,212.22,0.16,4.44,0.27,0.96,4006.20,796.00,34947.24,53.94,0.00,0.00,0.00,2.86
2018-01-06 04:49:34,41.19,0.00,2.63,9.57,0.20,0.00,0.10,0.00,0.00,46.30,11.20,2244.60,3116.40,0.00,0.00,0.80,75876.80,7862.20,0.00,26750.60,1805.60,0.00,1805.60,100.00,576.60,0.20,576.40,1.60,144361.60,284300,0,16148840,98.27,10796,13817008,2820600,17.16,5013812,10552496,777492,1740588,458660,3752,8072,31404,0,0,0.00,0,0.00,6,455,4.75,4.55,4.33,1,576.80,1.60,144412.80,250.37,81.10,133.58,1.00,57.92,164.60,115.00,1148.90,10.29,0.00,0.00,0.00,0.09
2018-01-06 04:49:39,32.04,0.00,2.91,22.04,0.31,0.00,0.36,0.00,0.00,42.35,8.60,2662.00,3815.60,0.00,0.00,0.80,91385.60,581.00,0.00,20932.40,7787.40,409.60,8197.00,100.00,717.60,0.20,717.40,1.60,183134.40,169888,0,16263252,98.97,10820,13913984,2820600,17.16,5298004,10383820,587088,1757028,458992,3776,8120,31404,0,0,0.00,0,0.00,1,458,4.53,4.50,4.32,1,717.40,1.60,183083.20,255.21,140.41,194.49,1.39,100.00,2613.80,1491.80,21814.95,114.67,0.00,0.00,0.00,1.79
2018-01-06 04:49:44,42.44,0.00,1.91,4.47,0.15,0.00,0.05,0.00,0.00,50.98,10.80,2174.40,2529.40,0.00,0.00,0.00,19698.40,5952.60,0.00,22873.20,0.00,0.00,0.00,0.00,182.40,0.00,182.40,0.00,46425.60,291932,0,16141208,98.22,10848,13791928,2811440,17.11,5173368,10384732,371812,1757832,459240,3752,8116,31404,0,0,0.00,0,0.00,2,455,4.33,4.46,4.31,0,182.40,0.00,46425.60,254.53,33.29,209.53,1.39,25.28,38.00,30.20,6.23,5.24,0.00,0.00,0.00,0.00
2018-01-06 04:49:49,28.59,0.00,2.47,0.00,0.10,0.00,0.05,0.00,0.00,68.78,8.40,1810.40,1903.80,0.00,0.00,0.00,1164.00,3178.80,0.00,27705.60,7173.00,0.00,7173.00,100.00,10.00,0.00,10.00,0.00,2328.00,499900,0,15933240,96.96,10856,13767244,2781168,16.92,5104580,10242080,490036,1574792,459292,3672,7676,31404,0,0,0.00,0,0.00,3,445,4.06,4.41,4.29,0,10.00,0.00,2328.00,232.80,0.05,5.04,0.32,0.32,22.80,17.80,4.92,2.87,0.00,0.00,0.00,0.00
2018-01-06 04:49:54,51.77,0.00,2.88,0.00,0.15,0.00,0.35,0.00,0.00,44.85,5.80,2509.80,2820.80,0.00,0.00,0.00,32.80,4331.20,0.00,11636.80,2742.40,0.00,2742.40,100.00,0.80,0.00,0.80,0.00,65.60,163556,0,16269584,99.00,10868,13921256,2796052,17.01,5504592,10182640,703724,1755536,459684,3760,8124,31404,0,0,0.00,0,0.00,5,456,3.97,4.38,4.28,0,0.80,0.00,65.60,82.00,0.00,0.00,0.00,0.00,852.20,562.60,6906.22,42.87,0.00,0.00,0.00,0.57
2018-01-06 04:49:59,29.98,0.00,2.74,0.00,0.10,0.00,0.20,0.00,0.00,66.97,14.00,2151.00,2468.80,0.00,0.00,0.00,1160.80,3110.60,0.00,44279.60,13727.80,217.60,13945.40,100.00,9.80,0.00,9.80,0.00,2321.60,511000,0,15922140,96.89,10872,13744972,2747976,16.72,5434148,9904628,805948,1584892,460008,3624,7552,31404,0,0,0.00,0,0.00,4,444,3.74,4.33,4.26,0,9.80,0.00,2321.60,236.90,0.05,4.98,0.33,0.32,1938.80,1085.20,16097.08,85.25,0.00,0.00,0.00,1.32
2018-01-06 04:50:04,42.87,0.00,1.67,4.26,0.20,0.00,0.20,0.00,0.00,50.79,3.80,2287.80,2920.60,0.00,0.00,2.40,44561.60,4896.00,0.00,5683.40,0.00,0.00,0.00,0.00,351.20,0.60,350.60,4.80,89123.20,260048,0,16173092,98.42,10892,13797576,2780292,16.92,5683888,9905456,655756,1780920,460140,3752,8168,31404,0,0,0.00,0,0.00,3,455,3.60,4.29,4.25,0,351.20,4.80,89123.20,253.78,37.62,107.11,0.82,28.72,148.00,505.60,13.85,4197.72,0.00,0.00,0.00,0.34
2018-01-06 04:50:09,31.95,0.00,2.43,0.05,0.05,0.00,0.05,0.00,0.00,65.47,9.60,1579.20,2008.80,0.00,0.00,4.80,3056.00,5460.00,0.00,29292.20,5411.20,0.00,5411.20,100.00,34.20,1.20,33.00,9.60,6112.00,460368,0,15972772,97.20,10904,13736684,2750492,16.74,5581456,9809480,704756,1643460,460348,3696,7880,31404,0,0,0.00,0,0.00,4,448,3.47,4.25,4.24,0,34.20,9.60,6112.00,178.99,0.16,4.68,0.30,1.04,247.60,658.00,1160.31,4776.17,0.00,0.00,0.00,0.39
2018-01-06 04:50:14,40.16,0.00,1.63,0.92,0.25,0.00,0.41,0.00,0.00,56.63,6.80,2682.80,3174.80,0.00,0.00,0.00,27304.80,1445.60,0.00,7484.20,0.00,204.80,204.80,100.00,215.20,0.00,215.20,0.00,54609.60,211556,0,16221584,98.71,10920,13838180,2766576,16.84,5837428,9803672,679164,1792020,460484,3752,8176,31404,0,0,0.00,0,0.00,1,454,3.27,4.20,4.22,0,215.20,0.00,54609.60,253.76,10.40,48.34,0.43,9.36,1377.00,976.40,10937.90,647.89,0.00,0.00,0.00,0.90
2018-01-06 04:50:19,48.89,0.00,4.78,1.21,0.05,0.00,0.30,0.00,0.00,44.77,14.40,1956.80,2562.60,0.00,0.00,0.00,26716.00,6363.80,0.00,45356.40,14957.40,531.20,15488.60,100.00,210.00,0.00,210.00,0.00,53432.00,366596,0,16066544,97.77,10936,13731812,2844640,17.31,5963740,9497700,754360,1741252,461080,3744,8008,31404,0,0,0.00,0,0.00,3,453,3.33,4.19,4.22,0,210.00,0.00,53432.00,254.44,8.74,41.65,0.40,8.40,1240.80,723.60,9764.90,637.22,0.00,0.00,0.00,0.80
2018-01-06 04:50:24,33.72,0.00,1.57,0.00,0.15,0.00,0.10,0.00,0.00,64.46,1.40,2053.00,2141.80,0.00,0.00,0.00,37.60,195.20,0.00,2656.80,1735.80,0.00,1735.80,100.00,1.40,0.00,1.40,0.00,75.20,155540,0,16277600,99.05,10948,13872248,2844640,17.31,6235864,9458380,934788,1810748,461056,3744,8232,31404,0,0,0.00,0,0.00,1,458,3.14,4.14,4.20,0,1.40,0.00,75.20,53.71,0.00,0.00,0.00,0.00,26.20,18.80,6.17,3.32,0.00,0.00,0.00,0.00
2018-01-06 04:50:29,39.19,0.00,2.64,7.46,0.20,0.00,0.15,0.00,0.00,50.36,12.60,2498.40,3269.40,0.00,0.00,0.80,61491.20,6301.60,0.00,30769.40,5168.00,0.00,5168.00,100.00,454.80,0.20,454.60,1.60,115966.40,309668,0,16123472,98.12,10984,13720400,2827936,17.21,6179228,9359012,583808,1808916,461256,3736,8216,31404,0,0,0.00,0,0.00,4,453,2.97,4.09,4.19,1,454.80,1.60,116017.60,255.10,59.40,124.23,0.92,41.92,695.40,510.20,5180.42,620.61,0.00,0.00,0.00,0.42
2018-01-06 04:50:34,32.99,0.00,2.59,0.46,0.10,0.00,0.36,0.00,0.00,63.50,6.00,2354.60,3121.00,0.00,0.00,221.60,4542.40,161.00,0.00,13158.40,3423.80,0.00,3423.80,100.00,69.60,5.20,64.40,443.20,16100.80,157152,0,16275988,99.04,10996,13878692,2827936,17.21,6379552,9314208,816140,1804344,461168,3760,8224,31404,0,0,0.00,0,0.00,1,456,2.81,4.04,4.17,0,69.60,443.20,16049.60,236.97,7.11,143.74,1.06,7.36,1875.00,2297.80,13257.28,10993.17,0.00,0.00,0.00,1.09
2018-01-06 04:50:39,42.39,0.00,2.07,0.00,0.15,0.00,0.10,0.00,0.00,55.29,11.60,2308.60,2619.40,0.00,0.00,0.80,2372.00,7232.40,0.00,26900.40,1702.80,0.00,1702.80,100.00,20.40,0.20,20.20,1.60,4744.00,305368,0,16127772,98.14,11016,13718468,2854632,17.37,6258356,9284192,686132,1815164,461200,3736,8228,31404,0,0,0.00,0,0.00,1,453,2.67,3.99,4.15,0,20.40,1.60,4744.00,232.63,0.12,5.92,0.47,0.96,535.40,433.80,3449.63,1185.79,0.00,0.00,0.00,0.28
2018-01-06 04:50:44,27.44,0.00,2.84,1.16,0.15,0.00,0.00,0.00,0.00,68.41,9.00,1813.20,2222.40,0.00,0.00,383.20,27479.20,2658.80,0.00,28982.20,6749.20,0.00,6749.20,100.00,225.60,6.60,219.00,766.40,54958.40,498672,0,15934468,96.97,11032,13739124,2812500,17.11,6191028,9157524,708048,1602468,461488,3648,7720,31404,0,0,0.00,0,0.00,5,442,2.54,3.94,4.14,0,225.60,766.40,54958.40,247.01,8.79,38.97,0.37,8.40,384.40,338.20,2306.94,1172.69,0.00,0.00,0.00,0.19
2018-01-06 04:50:49,48.56,0.00,3.53,9.79,0.15,0.00,0.15,0.00,0.00,37.81,5.40,2175.40,2869.00,0.00,0.00,767.20,62080.00,4031.00,0.00,8777.60,3341.80,0.00,3341.80,100.00,504.00,13.20,490.80,1534.40,124160.00,176424,0,16256716,98.93,11060,13859752,2845612,17.32,6583076,9090284,586376,1802212,461472,3744,8220,31404,0,0,0.00,0,0.00,1,454,2.65,3.94,4.13,0,504.00,1534.40,124160.00,249.39,62.78,124.56,0.95,47.92,517.40,352.20,4041.19,28.73,0.00,0.00,0.00,0.33
2018-01-06 04:50:54,24.94,0.00,2.89,0.00,0.15,0.00,0.36,0.00,0.00,71.66,13.40,2391.80,2802.60,0.00,0.00,1151.20,2328.00,1953.60,0.00,39027.20,11177.80,0.00,11177.80,100.00,39.40,19.80,19.60,2302.40,4656.00,523864,0,15909276,96.81,11068,13743984,2807596,17.08,6447932,8878124,682752,1571052,461848,3584,7484,31404,0,0,0.00,0,0.00,2,443,2.60,3.90,4.12,0,39.40,2302.40,4656.00,176.61,0.18,4.45,0.24,0.96,1954.20,1274.20,15508.99,1245.78,0.00,0.00,0.00,1.27
2018-01-06 04:50:59,45.02,0.00,1.62,0.61,0.10,0.00,0.25,0.00,0.00,52.40,4.00,2133.00,2699.20,0.00,0.00,776.00,25016.00,4157.60,0.00,5379.40,0.00,0.00,0.00,0.00,212.60,15.60,197.00,1552.00,50032.00,306288,0,16126852,98.14,11084,13729196,2840104,17.28,6655048,8888020,564520,1802976,461936,3736,8208,31404,0,0,0.00,0,0.00,2,453,2.55,3.87,4.11,0,212.60,1552.00,50032.00,242.63,8.21,38.63,0.36,7.60,320.00,847.40,1176.53,6333.61,0.00,0.00,0.00,0.52
2018-01-06 04:51:04,22.83,0.00,2.32,0.10,0.15,0.00,0.10,0.00,0.00,74.49,8.00,1816.80,2138.40,0.00,0.00,1155.20,3442.40,1646.60,0.00,29162.00,6471.20,0.00,6471.20,100.00,49.40,21.40,28.00,2310.40,6884.80,556208,0,15876932,96.62,11100,13720384,2812208,17.11,6510092,8780672,677232,1561464,462364,3496,7300,31404,0,0,0.00,0,0.00,1,437,2.43,3.82,4.10,0,49.40,2310.40,6884.80,186.14,0.24,4.87,0.26,1.28,464.00,798.40,2312.69,5222.47,0.00,0.00,0.00,0.43
2018-01-06 04:51:09,44.88,0.00,1.98,1.06,0.15,0.00,0.20,0.00,0.00,51.72,7.60,2516.80,3093.40,0.00,0.00,1334.40,25572.00,4580.20,0.00,7777.20,0.00,0.00,0.00,0.00,220.20,18.60,201.60,2668.80,51144.00,268848,0,16164292,98.36,11116,13773836,2812208,17.11,6792772,8787928,607512,1795628,462304,3736,8188,31404,0,0,0.00,0,0.00,1,453,2.47,3.81,4.09,0,220.20,2668.80,51144.00,244.38,7.88,35.77,0.35,7.60,1125.20,963.60,8623.21,2876.06,0.00,0.00,0.00,0.71
2018-01-06 04:51:14,39.52,0.00,3.90,0.76,0.15,0.00,0.25,0.00,0.00,55.41,11.80,2239.40,2867.20,0.00,0.00,1151.20,27495.20,4633.60,0.00,40690.60,14661.40,0.00,14661.40,100.00,238.00,20.00,218.00,2302.40,54990.40,459964,0,15973176,97.20,11124,13741500,2812796,17.12,6878196,8508852,731520,1636476,462752,3640,7792,31404,0,0,0.00,0,0.00,2,442,2.36,3.76,4.07,0,238.00,2302.40,54990.40,240.73,7.95,33.42,0.34,8.08,1188.00,915.00,8648.00,1785.38,0.00,0.00,0.00,0.71
2018-01-06 04:51:19,39.31,0.00,1.27,3.60,0.15,0.00,0.10,0.00,0.00,55.57,4.20,2308.80,2822.40,0.00,0.00,767.20,36566.40,2404.20,0.00,4119.80,0.00,0.00,0.00,0.00,307.00,13.40,293.60,1534.40,73132.80,229312,0,16203828,98.60,11140,13812756,2812796,17.12,7111216,8508216,621316,1795488,462976,3728,8204,31404,0,0,0.00,0,0.00,1,453,2.41,3.75,4.07,0,307.00,1534.40,73132.80,243.22,25.24,82.22,0.66,20.16,310.40,215.60,2307.42,18.59,0.00,0.00,0.00,0.19
2018-01-06 04:51:24,34.65,0.00,2.94,0.81,0.15,0.00,0.15,0.00,0.00,61.30,11.00,1755.00,2372.60,0.00,0.00,1150.40,27292.80,6343.40,0.00,31595.60,6187.40,0.00,6187.40,100.00,235.20,20.20,215.00,2300.80,54585.60,395676,0,16037464,97.59,11156,13752588,2809204,17.09,7055068,8398388,549168,1689800,463080,3688,7972,31404,0,0,0.00,0,0.00,6,448,2.29,3.71,4.05,0,235.20,2300.80,54585.60,241.86,7.87,33.47,0.33,7.84,638.20,553.60,4041.35,1753.44,0.00,0.00,0.00,0.33
2018-01-06 04:51:29,36.82,0.00,1.72,0.00,0.20,0.00,0.51,0.00,0.00,60.75,6.20,2745.60,3111.00,0.00,0.00,772.00,37.60,820.80,0.00,9569.40,1536.20,0.00,1519.60,98.92,15.60,14.60,1.00,1544.00,75.20,177132,0,16256008,98.92,11168,13847340,2825332,17.19,7296688,8373084,687336,1811440,463320,3736,8224,31404,0,0,0.00,0,0.00,4,453,2.19,3.66,4.03,0,15.60,1544.00,75.20,103.79,0.03,2.21,0.15,0.24,1468.80,1329.40,11476.05,3612.49,0.00,0.00,0.00,0.94
2018-01-06 04:51:34,40.01,0.00,2.67,0.96,0.15,0.00,0.15,0.00,0.00,56.05,13.00,2176.40,3034.20,0.00,0.00,1165.60,29044.00,6970.40,0.00,34410.80,6095.60,0.00,6095.60,100.00,253.60,23.60,230.00,2331.20,58088.00,337592,0,16095548,97.95,11192,13696056,2833608,17.24,7216868,8293164,540944,1802848,463368,3728,8220,31404,0,0,0.00,0,0.00,2,452,2.10,3.62,4.02,0,253.60,2331.20,58088.00,238.25,7.70,30.35,0.32,8.08,851.40,1867.80,4044.77,13235.28,0.00,0.00,0.00,1.08
2018-01-06 04:51:39,30.66,0.00,1.77,0.00,0.10,0.00,0.20,0.00,0.00,67.27,1.60,2133.60,2316.80,0.00,0.00,767.20,40.80,134.20,0.00,5015.40,3026.80,0.00,3026.80,100.00,14.60,13.40,1.20,1534.40,81.60,161928,0,16271212,99.01,11200,13866548,2833608,17.24,7452452,8231800,772924,1806672,463536,3776,8240,31404,0,0,0.00,0,0.00,1,455,2.09,3.59,4.01,0,14.60,1534.40,81.60,110.68,0.05,3.67,0.16,0.24,306.00,205.60,2314.72,16.92,0.00,0.00,0.00,0.19
2018-01-06 04:51:44,46.76,0.00,2.53,0.61,0.15,0.00,0.20,0.00,0.00,49.75,13.00,2508.40,3098.80,0.00,0.00,1150.40,30470.40,6401.40,0.00,28050.60,1505.00,0.00,1505.00,100.00,231.00,20.20,210.80,2300.80,53532.80,207268,0,16225872,98.74,11220,13832548,2813268,17.12,7419744,8219688,616996,1795768,463696,3728,8204,31404,0,0,0.00,0,0.00,5,452,1.92,3.53,3.99,1,231.00,2300.80,53532.80,241.70,8.08,24.73,0.30,6.96,892.80,745.60,5775.56,2346.24,0.00,0.00,0.00,0.47
2018-01-06 04:51:49,33.69,0.00,3.29,8.65,0.15,0.00,0.15,0.00,0.00,54.07,4.00,2032.20,2636.80,0.00,0.00,768.00,33511.20,494.40,0.00,21407.00,16317.80,0.00,16317.80,100.00,307.60,13.20,294.40,1536.00,74430.40,167580,0,16265560,98.98,11228,13869740,2813268,17.12,7785972,7892616,814264,1797884,464032,3728,8216,31404,0,0,0.00,0,0.00,1,456,2.01,3.52,3.98,0,307.60,1536.00,74430.40,246.96,55.45,187.97,1.32,40.72,993.00,659.00,8032.89,51.69,0.00,0.00,0.00,0.66
2018-01-06 04:51:54,36.98,0.00,1.72,1.01,0.15,0.00,0.35,0.00,0.00,59.79,12.40,2482.80,3047.60,0.00,0.00,1152.80,27343.20,6669.00,0.00,26556.40,0.00,0.00,0.00,0.00,239.00,20.00,219.00,2305.60,54686.40,304276,0,16128864,98.15,11260,13735264,2789220,16.97,7630176,7910052,543416,1795852,464220,3736,8204,31404,0,0,0.00,0,0.00,1,453,1.85,3.46,3.96,0,239.00,2305.60,54686.40,238.46,7.24,30.28,0.32,7.68,756.00,669.40,4638.35,2351.99,0.00,0.00,0.00,0.38
2018-01-06 04:51:59,27.94,0.00,2.32,0.00,0.15,0.00,0.05,0.00,0.00,69.53,3.40,1671.60,2025.00,0.00,0.00,778.40,27.20,403.20,0.00,15900.00,5753.40,204.80,5958.20,100.00,17.40,16.20,1.20,1556.80,54.40,302132,0,16131008,98.16,11272,13727716,2789220,16.97,7740376,7802344,679644,1803796,464644,3768,8156,31404,0,0,0.00,0,0.00,0,446,1.86,3.44,3.95,0,17.40,1556.80,54.40,92.60,0.07,3.77,0.23,0.40,281.80,950.00,1165.49,7397.10,0.00,0.00,0.00,0.61
2018-01-06 04:52:04,44.60,0.00,1.72,1.06,0.10,0.00,0.25,0.00,0.00,52.26,10.80,2491.80,3204.00,0.00,0.00,1157.60,28412.80,6571.80,0.00,20403.20,0.00,0.00,0.00,0.00,246.80,22.00,224.80,2315.20,56825.60,299208,0,16133932,98.18,11292,13728168,2777936,16.90,7713952,7832940,547412,1807636,464336,3712,8228,31404,0,0,0.00,0,0.00,1,452,1.95,3.43,3.94,0,246.80,2315.20,56825.60,239.63,7.42,30.06,0.29,7.28,989.20,1282.20,5777.49,6913.00,0.00,0.00,0.00,0.57
2018-01-06 04:52:09,29.22,0.00,2.64,0.05,0.15,0.00,0.20,0.00,0.00,67.73,11.00,2282.00,2793.20,0.00,0.00,770.40,4024.00,3828.20,0.00,32364.80,6077.00,0.00,6077.00,100.00,47.00,14.20,32.80,1540.80,8048.00,484496,0,15948644,97.05,11304,13722212,2785452,16.95,7626576,7736612,654540,1629936,464480,3640,7776,31404,0,0,0.00,0,0.00,3,441,1.87,3.39,3.93,0,47.00,1540.80,8048.00,204.02,0.21,4.49,0.27,1.28,1159.60,1348.20,7480.17,6271.36,0.00,0.00,0.00,0.61
2018-01-06 04:52:14,40.00,0.00,1.77,3.94,0.20,0.00,0.25,0.00,0.00,53.84,4.40,2351.20,2941.00,0.00,0.00,1151.20,42195.20,4104.20,0.00,5857.40,0.00,0.00,0.00,0.00,351.60,20.00,331.60,2302.40,84390.40,237400,0,16195740,98.56,11324,13795260,2785452,16.95,7868904,7740472,516172,1802832,464488,3728,8224,31404,0,0,0.00,0,0.00,1,452,2.20,3.43,3.94,0,351.60,2302.40,84390.40,246.57,33.80,96.13,0.74,26.08,355.20,277.00,2312.31,578.83,0.00,0.00,0.00,0.19
2018-01-06 04:52:19,40.74,0.00,3.80,2.07,0.15,0.00,0.15,0.00,0.00,53.09,11.20,1822.40,2567.40,0.00,0.00,767.20,43296.00,5392.80,0.00,35707.20,10438.80,0.00,10438.80,100.00,354.80,13.40,341.40,1534.40,86592.00,327400,0,16105740,98.01,11344,13833816,2789092,16.97,7970108,7549832,549312,1674860,464924,3680,7932,31404,0,0,0.00,0,0.00,3,446,2.27,3.43,3.93,0,354.80,1534.40,86592.00,248.38,34.66,97.70,0.75,26.48,865.40,776.60,5204.60,2906.49,0.00,0.00,0.00,0.43
2018-01-06 04:52:24,38.86,0.00,1.62,0.00,0.15,0.00,0.30,0.00,0.00,59.07,5.60,2556.60,2913.20,0.00,0.00,1587.20,125.60,2960.20,0.00,11552.20,4308.60,0.00,4308.60,100.00,35.80,27.60,8.20,3174.40,251.20,169764,0,16263376,98.97,11344,13867420,2789092,16.97,8207168,7468208,664832,1796616,465120,3752,8192,31404,0,0,0.00,0,0.00,1,453,2.33,3.42,3.93,0,35.80,3174.40,251.20,95.69,0.10,2.75,0.09,0.32,996.00,681.20,8038.50,53.76,0.00,0.00,0.00,0.66
2018-01-06 04:52:29,36.96,0.00,3.09,0.96,0.15,0.00,0.20,0.00,0.00,58.63,13.80,2136.00,2788.40,0.00,0.00,1631.20,27306.40,6660.00,0.00,34835.00,7753.60,0.00,7753.60,100.00,242.40,26.80,215.60,3262.40,54612.80,309036,0,16124104,98.12,11368,13735528,2798952,17.03,8201028,7335928,549436,1790308,465372,3720,8176,31404,0,0,0.00,0,0.00,1,452,2.30,3.40,3.92,0,242.40,3262.40,54612.80,238.76,7.78,32.09,0.31,7.44,1078.00,916.40,6901.66,2923.47,0.00,0.00,0.00,0.57
2018-01-06 04:52:34,32.34,0.00,2.22,0.05,0.15,0.00,0.25,0.00,0.00,64.98,1.40,2240.40,2753.20,0.00,0.00,17831.20,37.60,98.80,0.00,9037.80,6466.60,0.00,6428.60,99.41,243.00,241.60,1.40,35662.40,75.20,161668,0,16271472,99.02,11380,13877608,2798952,17.03,8382664,7301060,752868,1794576,465596,3760,8204,31404,0,0,0.00,0,0.00,2,455,2.44,3.41,3.92,0,243.00,35662.40,75.20,147.07,0.65,2.69,0.21,5.20,256.40,720.00,1167.17,5295.10,0.00,0.00,0.00,0.43
2018-01-06 04:52:39,39.55,0.00,2.65,0.56,0.15,0.00,0.46,0.00,0.00,56.63,13.80,2750.60,3409.40,0.00,0.00,1728.80,27434.40,7235.20,0.00,33384.40,3545.00,0.00,3545.00,100.00,213.20,26.40,186.80,3457.60,47339.20,312968,0,16120172,98.10,11404,13722188,2785280,16.95,8271688,7258608,549160,1798804,466012,3728,8200,31404,0,0,0.00,0,0.00,3,452,2.40,3.38,3.91,1,213.60,3457.60,47441.60,238.29,6.73,28.46,0.35,7.44,1409.20,1690.80,8642.18,8637.19,0.00,0.00,0.00,0.71
2018-01-06 04:52:44,33.67,0.00,2.99,0.05,0.15,0.00,0.15,0.00,0.00,62.99,4.80,2009.00,2358.80,0.00,0.00,771.20,1044.00,304.00,0.00,21298.80,10309.40,0.00,10215.60,99.09,53.00,14.20,38.80,1542.40,9617.60,299656,0,16133484,98.18,11416,13734704,2801344,17.05,8483508,7060700,772080,1797980,466012,3752,8212,31404,0,0,0.00,0,0.00,2,451,2.29,3.34,3.89,0,52.60,1542.40,9515.20,210.22,0.84,28.40,0.30,1.60,726.80,844.20,5171.88,3601.62,0.00,0.00,0.00,0.42
2018-01-06 04:52:49,42.04,0.00,1.21,0.05,0.15,0.00,0.20,0.00,0.00,56.34,10.00,2400.40,2958.20,0.00,0.00,960.80,5192.80,6045.20,0.00,19602.80,0.00,0.00,0.00,0.00,55.00,12.40,42.60,1921.60,10385.60,316008,0,16117132,98.08,11428,13720324,2793996,17.00,8437528,7090676,747516,1796660,465988,3736,8200,31404,0,0,0.00,0,0.00,5,453,2.27,3.32,3.88,0,55.00,1921.60,10385.60,223.77,0.29,5.24,0.38,2.08,653.80,1233.20,2333.30,8843.06,0.00,0.00,0.00,0.72
2018-01-06 04:52:54,31.05,0.00,3.60,11.01,0.20,0.00,0.25,0.00,0.00,53.88,11.20,2240.40,4656.00,0.00,0.00,0.00,65112.80,2692.00,0.00,35633.00,10071.20,0.00,10071.20,100.00,513.80,0.00,513.80,0.00,130225.60,478668,0,15954472,97.09,11452,13742656,2773876,16.88,8414980,6948524,651136,1611552,466584,3656,7752,31404,0,0,0.00,0,0.00,1,443,2.40,3.33,3.88,0,513.80,0.00,130225.60,253.46,66.91,130.22,0.96,49.52,1192.60,913.00,8639.26,1832.37,0.00,0.00,0.00,0.71
2018-01-06 04:52:59,43.39,0.00,1.62,0.96,0.20,0.00,0.20,0.00,0.00,53.62,4.80,2347.20,2915.60,0.00,0.00,0.00,25077.60,4845.80,0.00,6384.80,0.00,0.00,0.00,0.00,206.60,0.00,206.60,0.00,50155.20,214720,0,16218420,98.69,11464,13809720,2773876,16.88,8681256,6948496,598296,1808560,466476,3744,8232,31404,0,0,0.00,0,0.00,4,453,2.37,3.31,3.87,0,206.60,0.00,50155.20,242.76,6.76,32.74,0.30,6.16,438.80,412.00,2327.26,1698.50,0.00,0.00,0.00,0.19
2018-01-06 04:53:04,32.07,0.00,2.74,0.00,0.10,0.00,0.20,0.00,0.00,64.89,11.40,2121.40,3050.80,0.00,0.00,8.80,4608.80,5038.80,0.00,35933.80,7443.60,0.00,7329.80,98.47,39.80,2.20,37.60,17.60,9217.60,465920,0,15967220,97.16,11484,13704644,2750728,16.74,8433424,6946920,639648,1664244,466228,3664,7884,31404,0,0,0.00,0,0.00,1,444,2.26,3.27,3.86,0,39.80,17.60,9217.60,232.04,0.25,6.25,0.42,1.68,1402.40,1751.60,8081.85,9538.69,0.00,0.00,0.00,0.78
2018-01-06 04:53:09,39.33,0.00,1.42,0.86,0.20,0.00,0.30,0.00,0.00,57.88,4.60,2517.40,3168.40,0.00,0.00,11.20,23864.00,2120.00,0.00,6841.00,0.00,0.00,0.00,0.00,190.80,2.80,188.00,22.40,47728.00,266956,0,16166184,98.38,11500,13765368,2783528,16.94,8622180,6955044,616924,1800484,466512,3736,8204,31404,0,0,0.00,0,0.00,3,453,2.24,3.25,3.85,0,190.80,22.40,47728.00,250.26,6.95,36.42,0.32,6.16,728.00,1429.40,4027.41,9414.15,0.00,0.00,0.00,0.77
2018-01-06 04:53:14,36.94,0.00,2.38,0.00,0.10,0.00,0.10,0.00,0.00,60.48,13.60,2018.80,2681.40,0.00,0.00,9.60,5728.00,7641.40,0.40,31515.60,3468.20,0.00,3468.20,100.00,48.80,1.80,47.00,19.20,11456.00,417748,0,16015392,97.46,11516,13715412,2770668,16.86,8462124,6964668,628880,1699960,466516,3696,8016,31404,0,0,0.00,0,0.00,1,448,2.14,3.21,3.83,0,48.80,19.20,11456.00,235.15,0.29,5.93,0.39,1.92,1043.40,1503.80,5223.60,9234.77,0.00,0.00,0.00,0.76
2018-01-06 04:53:19,38.59,0.00,2.47,4.34,0.20,0.00,0.30,0.00,0.00,54.09,5.00,2493.40,3013.20,0.00,0.00,0.00,40471.20,1029.00,0.00,10035.00,5837.60,0.00,5837.60,100.00,318.00,0.00,318.00,0.00,80942.40,165652,0,16267488,98.99,11540,13857000,2787284,16.96,8751732,6927196,690812,1810408,466448,3728,8248,31404,0,0,0.00,0,0.00,1,457,2.13,3.19,3.82,0,318.00,0.00,80942.40,254.54,31.82,100.06,0.76,24.16,661.00,446.20,5186.93,36.92,0.00,0.00,0.00,0.42
2018-01-06 04:53:24,42.63,0.00,3.04,3.50,0.15,0.00,0.25,0.00,0.00,50.43,13.00,2523.40,3366.00,0.00,0.00,0.00,46187.20,7986.80,0.00,36584.80,7181.60,0.00,7181.60,100.00,362.00,0.00,362.00,0.00,91576.00,272260,0,16160880,98.34,11564,13763056,2746316,16.71,8622304,6948372,515076,1796088,466900,3744,8208,31404,0,0,0.00,0,0.00,4,454,2.12,3.17,3.81,0,362.20,0.00,91627.20,252.97,33.02,84.58,0.72,25.92,1163.40,992.40,6920.94,4063.16,0.00,0.00,0.00,0.57
2018-01-06 04:53:29,31.58,0.00,2.32,0.00,0.15,0.00,0.15,0.00,0.00,65.79,3.00,2113.20,2343.40,0.00,0.00,0.00,38.40,936.80,0.00,11918.60,7188.20,0.00,7188.20,100.00,4.40,0.00,4.40,0.00,875.20,164988,0,16268152,99.00,11576,13871364,2746316,16.71,8746796,6933048,772316,1797052,466792,3760,8232,31404,0,0,0.00,0,0.00,1,456,2.03,3.14,3.80,0,4.20,0.00,824.00,196.19,0.04,576.19,1.14,0.48,726.20,492.80,5765.93,39.86,0.00,0.00,0.00,0.47
2018-01-06 04:53:34,39.85,0.00,3.21,0.05,0.10,0.00,0.36,0.00,0.00,56.44,13.20,2344.20,3174.40,0.00,0.00,24.80,10228.80,7055.00,0.00,47444.80,845.20,817.20,1255.60,75.53,99.80,6.20,93.60,49.60,20457.60,153932,0,16279208,99.06,11612,13843988,2791060,16.98,8658432,7031064,724784,1834060,466952,3792,8260,31404,0,0,0.00,0,0.00,1,460,1.95,3.10,3.78,0,99.80,49.60,20457.60,205.48,0.92,9.27,0.35,3.52,4497.40,1719.00,36191.30,4094.67,0.00,0.00,0.00,2.96
2018-01-06 04:53:39,30.87,0.00,4.46,2.15,0.26,0.00,1.28,0.00,0.00,60.97,2.40,3205.80,4402.20,0.00,0.00,2878.40,31239.20,327.60,0.00,69474.80,25710.20,0.00,25275.20,98.31,244.20,24.20,220.00,5756.80,55267.20,177012,0,16256128,98.92,11616,13819224,2807792,17.09,8753292,6911748,1042992,1834444,467928,3792,8296,31404,0,0,0.00,0,0.00,1,460,1.87,3.07,3.77,1,244.20,5756.80,55267.20,249.89,14.58,40.07,0.44,10.80,10854.00,3204.20,94632.52,225.55,0.00,0.00,0.00,7.75
2018-01-06 04:53:44,20.73,0.00,2.90,23.63,0.26,0.00,0.62,0.00,0.00,51.86,1.20,3014.60,4370.00,0.00,0.00,0.00,91711.20,52.00,0.00,47267.00,15257.80,0.00,15257.80,100.00,717.20,0.00,717.20,0.00,183158.40,171376,0,16261764,98.96,11644,13830432,2790920,16.98,8762220,6907796,906288,1827948,468524,3792,8280,31404,0,0,0.00,0,0.00,0,460,1.88,3.05,3.76,1,717.20,0.00,183158.40,255.38,140.32,190.93,1.39,100.00,7836.40,2299.40,68229.45,159.96,0.00,0.00,0.00,5.59
2018-01-06 04:53:49,8.17,0.00,1.66,4.14,0.10,0.00,0.10,0.00,0.00,85.82,2.00,1282.20,1404.80,0.00,0.00,0.00,15684.80,45.20,0.00,13174.80,8845.20,0.00,8845.20,100.00,153.00,0.00,153.00,0.00,38844.80,175436,0,16257704,98.93,11652,13832352,2773008,16.87,8761996,6903816,1011968,1821880,468840,3800,8272,31404,0,0,0.00,0,0.00,1,461,1.73,3.00,3.74,0,153.00,0.00,38844.80,253.89,27.56,233.58,1.39,21.20,925.80,619.40,7507.31,47.49,0.00,0.00,0.00,0.61
2018-01-06 04:53:54,5.20,0.00,0.86,0.00,0.05,0.00,0.10,0.00,0.00,93.79,2.80,1497.60,1503.60,0.00,0.00,0.00,8.80,57.20,0.00,10142.00,4206.40,0.00,4206.40,100.00,0.40,0.00,0.40,0.00,17.60,173016,0,16260124,98.95,11656,13834264,2773008,16.87,8768404,6899436,1103132,1821952,468992,3792,8272,31404,0,0,0.00,0,0.00,0,461,1.59,2.95,3.72,0,0.40,0.00,17.60,44.00,0.00,0.00,0.00,0.00,1401.00,954.20,11533.83,72.14,0.00,0.00,0.00,0.94
2018-01-06 04:53:59,1.11,0.00,0.15,0.00,0.05,0.00,0.05,0.00,0.00,98.64,1.40,1152.20,1028.80,0.00,0.00,0.00,13.60,32.80,0.00,3822.20,0.00,0.00,0.00,0.00,0.40,0.00,0.40,0.00,27.20,177860,0,16255280,98.92,11664,13829432,2773008,16.87,8768532,6894356,1103248,1821828,469000,3800,8272,31404,0,0,0.00,0,0.00,0,460,1.47,2.90,3.70,0,0.40,0.00,27.20,68.00,0.00,0.00,0.00,0.00,855.80,565.40,6922.77,43.90,0.00,0.00,0.00,0.57
2018-01-06 04:54:04,1.36,0.00,0.25,0.00,0.05,0.00,0.05,0.00,0.00,98.29,1.20,1058.40,954.60,0.00,0.00,0.00,8.00,29.40,0.00,2374.40,0.00,0.00,0.00,0.00,0.40,0.00,0.40,0.00,16.00,183100,0,16250040,98.89,11672,13824392,2773008,16.87,8768572,6889376,1103324,1821844,468992,3800,8272,31404,0,0,0.00,0,0.00,0,460,1.35,2.85,3.68,0,0.40,0.00,16.00,40.00,0.00,2.00,2.00,0.08,519.40,352.60,4032.67,28.78,0.00,0.00,0.00,0.33
2018-01-06 04:54:09,2.64,0.00,0.61,20.98,0.25,0.00,0.41,0.00,0.00,75.11,3.20,1715.60,2439.00,0.00,0.00,0.00,97090.40,71.60,0.00,7853.80,0.00,0.00,0.00,0.00,736.00,0.00,736.00,0.00,186483.20,187164,0,16245976,98.86,11696,13819616,2773008,16.87,8768776,6884428,618268,1821816,468976,3808,8272,31404,0,0,0.00,0,0.00,0,460,1.32,2.82,3.66,1,736.20,0.00,186534.40,253.37,115.18,152.47,1.11,81.84,1800.60,1201.40,14956.58,89.29,0.00,0.00,0.00,1.23
2018-01-06 04:54:14,1.77,0.00,0.35,20.27,0.15,0.00,0.10,0.00,0.00,77.35,1.00,1153.40,1718.00,0.00,0.00,8.80,68649.60,26.00,0.00,3958.80,0.00,0.00,0.00,0.00,569.80,2.20,567.60,17.60,144996.80,212600,0,16220540,98.71,11716,13794224,2773008,16.87,8745292,6882420,275256,1821768,468900,3792,8272,31404,0,0,0.00,0,0.00,0,460,1.29,2.79,3.65,0,569.60,17.60,144945.60,254.50,107.90,194.57,1.39,79.12,661.60,1083.20,3474.70,6805.32,0.00,0.00,0.00,0.56
2018-01-06 04:54:19,1.47,0.00,0.56,3.81,0.10,0.00,0.00,0.00,0.00,94.06,1.60,1477.20,2036.60,0.00,0.00,480.80,36777.60,37.00,0.00,9543.40,0.00,204.80,204.80,100.00,296.00,8.20,287.80,961.60,73555.20,266544,0,16166596,98.38,11728,13738872,2773008,16.87,8663340,6911304,91564,1823836,468924,3800,8264,31404,0,0,0.00,0,0.00,1,461,1.19,2.74,3.63,0,296.00,961.60,73555.20,251.75,26.10,88.16,0.69,20.40,1225.80,2497.60,6911.82,17202.52,0.00,0.00,0.00,1.41
2018-01-06 04:54:24,8.67,0.00,1.31,0.81,0.15,0.00,0.20,0.00,0.00,88.86,2.40,1436.00,1627.40,0.00,0.00,0.00,18212.00,52.40,0.00,9749.40,4377.20,0.00,4377.20,100.00,142.60,0.00,142.60,0.00,36424.00,174936,0,16258204,98.94,11736,13829992,2773008,16.87,8769112,6896656,183852,1823936,469020,3800,8264,31404,0,0,0.00,0,0.00,0,461,1.10,2.70,3.61,0,142.60,0.00,36424.00,255.43,5.83,40.88,0.31,4.48,1263.20,836.20,10365.22,63.57,0.00,0.00,0.00,0.85
2018-01-06 04:54:29,4.80,0.00,0.86,0.05,0.00,0.00,0.10,0.00,0.00,94.19,2.20,1256.60,1174.60,0.00,0.00,5.60,19.20,101.00,0.20,8966.60,3950.40,0.00,3950.40,100.00,1.00,0.60,0.40,11.20,38.40,181388,0,16251752,98.90,11736,13839404,2748940,16.73,8766236,6892328,277420,1807388,469280,3816,8224,31404,0,0,0.00,0,0.00,1,461,1.01,2.65,3.59,0,1.00,11.20,38.40,49.60,0.00,0.00,0.00,0.00,857.80,571.40,6910.28,44.47,0.00,0.00,0.00,0.57
2018-01-06 04:54:34,1.06,0.00,0.15,0.00,0.05,0.00,0.00,0.00,0.00,98.74,1.40,1122.40,1003.60,0.00,0.00,0.00,12.00,31.80,0.00,2938.40,0.00,0.00,0.00,0.00,0.40,0.00,0.40,0.00,24.00,186244,0,16246896,98.87,11744,13834280,2748940,16.73,8766468,6887320,277580,1807300,469204,3784,8224,31404,0,0,0.00,0,0.00,1,459,0.93,2.61,3.57,0,0.40,0.00,24.00,60.00,0.00,0.00,0.00,0.00,657.80,443.60,5208.85,35.24,0.00,0.00,0.00,0.43
2018-01-06 04:54:39,1.82,0.00,0.20,0.00,0.10,0.00,0.00,0.00,0.00,97.88,1.80,1438.00,1357.40,0.00,0.00,0.80,182.40,43.40,0.00,4532.20,0.00,0.00,0.00,0.00,8.00,0.20,7.80,1.60,364.80,190956,0,16242184,98.84,11772,13830332,2748940,16.73,8767136,6882160,276864,1807228,469228,3776,8224,31404,0,0,0.00,0,0.00,0,458,0.85,2.57,3.55,0,8.00,1.60,364.80,45.80,0.01,1.00,0.20,0.16,1067.00,720.80,8682.12,55.15,0.00,0.00,0.00,0.71
2018-01-06 04:54:44,1.31,0.00,0.15,0.00,0.05,0.00,0.15,0.00,0.00,98.33,2.20,1380.60,1329.60,0.00,0.00,0.00,73.60,48.60,0.00,4855.40,0.00,0.00,0.00,0.00,1.40,0.00,1.40,0.00,147.20,201224,0,16231916,98.78,11784,13825468,2748940,16.73,8761580,6877268,277168,1801712,469116,3792,8224,31404,0,0,0.00,0,0.00,0,458,0.78,2.52,3.53,0,1.40,0.00,147.20,105.14,0.00,0.00,0.00,0.00,1063.40,710.40,8641.38,54.69,0.00,0.00,0.00,0.71
2018-01-06 04:54:49,0.76,0.00,0.10,0.00,0.00,0.00,0.00,0.00,0.00,99.14,0.40,889.40,729.80,0.00,0.00,0.00,13.60,17.60,0.00,1366.80,0.00,0.00,0.00,0.00,0.40,0.00,0.40,0.00,27.20,205624,0,16227516,98.75,11792,13820288,2748940,16.73,8761692,6872160,277080,1801680,469116,3784,8216,31404,0,0,0.00,0,0.00,0,459,0.72,2.48,3.52,0,0.40,0.00,27.20,68.00,0.00,0.00,0.00,0.00,247.00,168.20,1734.33,15.15,0.00,0.00,0.00,0.14
2018-01-06 04:54:54,2.68,0.00,0.30,0.86,0.15,0.00,0.20,0.00,0.00,95.80,3.60,1767.20,1876.20,0.00,0.00,0.00,20488.00,91.80,0.00,7861.40,0.00,0.00,0.00,0.00,133.60,0.00,133.60,0.00,34115.20,210608,0,16222532,98.72,11804,13815364,2748940,16.73,8762444,6866848,174876,1802152,469108,3784,8216,31404,0,0,0.00,0,0.00,1,459,0.66,2.44,3.50,1,133.60,0.00,34115.20,255.35,5.62,37.63,0.29,3.92,1880.00,1272.60,15576.33,95.34,0.00,0.00,0.00,1.28
2018-01-06 04:54:59,1.21,0.00,0.25,2.82,0.05,0.00,0.00,0.00,0.00,95.67,0.60,896.40,884.20,0.00,0.00,0.00,16177.60,33.40,0.00,1271.40,0.00,0.00,0.00,0.00,153.60,0.00,153.60,0.00,39216.00,215388,0,16217752,98.69,11812,13810236,2769340,16.85,8762496,6861960,94104,1802280,469164,3792,8216,31404,0,0,0.00,0,0.00,0,458,0.61,2.40,3.48,0,153.60,0.00,39216.00,255.31,20.23,135.53,1.05,16.16,245.80,166.40,1727.47,15.17,0.00,0.00,0.00,0.14
2018-01-06 04:55:04,7.99,0.00,1.62,0.71,0.10,0.00,0.05,0.00,0.00,89.53,2.20,1243.20,1366.60,0.00,0.00,0.00,18702.40,204.00,0.00,10659.80,6864.40,0.00,6864.40,100.00,146.40,0.00,146.40,0.00,37404.80,174792,0,16258348,98.94,11824,13851528,2769340,16.85,8805952,6859620,184380,1802224,469472,3776,8216,31404,0,0,0.00,0,0.00,1,458,0.72,2.39,3.47,0,146.40,0.00,37404.80,255.50,5.73,39.16,0.31,4.56,857.00,574.40,6904.31,44.65,0.00,0.00,0.00,0.57
2018-01-06 04:55:09,9.05,0.00,0.71,0.00,0.00,0.00,0.10,0.00,0.00,90.14,2.40,1536.00,1442.40,0.00,0.00,0.00,12.00,357.40,0.00,10544.20,4180.60,0.00,4180.60,100.00,0.40,0.00,0.40,0.00,24.00,168648,0,16264492,98.97,11828,13853832,2752716,16.75,8814272,6856492,275420,1805160,469688,3776,8220,31404,0,0,0.00,0,0.00,1,458,0.66,2.35,3.45,0,0.40,0.00,24.00,60.00,0.00,2.00,2.00,0.08,1465.20,960.80,12094.36,72.67,0.00,0.00,0.00,0.99
2018-01-06 04:55:14,3.46,0.00,0.20,0.05,0.10,0.00,0.05,0.00,0.00,96.14,1.20,1041.60,970.00,0.00,0.00,0.00,127.20,265.60,0.00,3446.00,0.00,0.00,0.00,0.00,3.20,0.00,3.20,0.00,254.40,178924,0,16254216,98.91,11836,13848796,2752716,16.75,8808304,6851404,275028,1799100,469696,3792,8220,31404,0,0,0.00,0,0.00,0,458,0.61,2.31,3.43,0,3.20,0.00,254.40,79.50,0.00,0.00,0.00,0.00,655.40,437.60,5201.44,34.70,0.00,0.00,0.00,0.43
2018-01-06 04:55:19,1.66,0.00,0.20,0.00,0.05,0.00,0.05,0.00,0.00,98.03,1.80,1236.40,1133.60,0.00,0.00,0.00,108.80,42.20,0.00,3945.00,0.00,0.00,0.00,0.00,7.60,0.00,7.60,0.00,217.60,184108,0,16249032,98.88,11844,13843792,2752716,16.75,8808244,6846276,274748,1798916,469648,3784,8212,31404,0,0,0.00,0,0.00,1,459,0.56,2.28,3.41,0,7.60,0.00,217.60,28.63,0.00,0.32,0.11,0.08,856.20,580.20,6903.95,45.05,0.00,0.00,0.00,0.57
2018-01-06 04:55:24,1.72,0.00,0.20,0.00,0.05,0.00,0.15,0.00,0.00,97.88,2.00,1346.40,1264.80,0.00,0.00,0.00,8.00,46.40,0.00,4574.40,0.00,0.00,0.00,0.00,0.40,0.00,0.40,0.00,16.00,188820,0,16244320,98.85,11852,13838800,2736452,16.65,8808428,6841220,274880,1799016,469704,3784,8212,31404,0,0,0.00,0,0.00,0,459,0.52,2.24,3.40,0,0.40,0.00,16.00,40.00,0.00,0.00,0.00,0.00,1065.40,709.60,8656.34,54.65,0.00,0.00,0.00,0.71
2018-01-06 04:55:29,1.26,0.00,0.25,0.00,0.05,0.05,0.00,0.00,0.00,98.39,1.60,1213.40,1043.00,0.00,0.00,0.00,8.80,37.20,0.00,4377.60,0.00,0.00,0.00,0.00,0.40,0.00,0.40,0.00,17.60,190804,0,16242336,98.84,11860,13834012,2736452,16.65,8811548,6836164,275000,1802004,469656,3776,8212,31404,0,0,0.00,0,0.00,0,457,0.48,2.20,3.38,0,0.40,0.00,17.60,44.00,0.00,0.00,0.00,0.00,851.40,504.20,6906.13,39.80,0.00,0.00,0.00,0.57
2018-01-06 04:55:34,1.21,0.00,0.30,3.63,0.10,0.00,0.05,0.00,0.00,94.70,1.20,1100.40,1266.00,0.00,0.00,0.00,36712.00,119.60,0.00,3011.60,0.00,0.00,0.00,0.00,287.20,0.00,287.20,0.00,73424.00,196040,0,16237100,98.81,11876,13828940,2736452,16.65,8811548,6831284,91628,1802136,469640,3768,8212,31404,0,0,0.00,0,0.00,0,457,0.52,2.18,3.36,0,287.20,0.00,73424.00,255.65,25.91,90.21,0.70,20.08,655.80,441.60,5179.05,35.27,0.00,0.00,0.00,0.42
2018-01-06 04:55:39,9.18,0.00,1.16,0.05,0.05,0.00,0.05,0.00,0.00,89.51,2.40,1449.60,1501.60,0.00,0.00,0.00,16.00,52.60,0.00,14282.20,7583.60,0.00,7583.60,100.00,0.80,0.00,0.80,0.00,32.00,170648,0,16262492,98.96,11884,13855524,2736452,16.65,8838712,6830800,275168,1802100,469968,3784,8212,31404,0,0,0.00,0,0.00,1,457,0.48,2.14,3.35,0,0.80,0.00,32.00,40.00,0.00,0.00,0.00,0.00,1262.60,855.40,10368.81,64.66,0.00,0.00,0.00,0.85
2018-01-06 04:55:44,1.11,0.00,0.20,0.81,0.10,0.00,0.10,0.00,0.00,97.68,1.60,1207.20,1246.00,0.00,0.00,0.00,18274.40,39.80,0.00,4000.80,0.00,0.00,0.00,0.00,144.60,0.00,144.60,0.00,36548.80,179636,0,16253504,98.91,11892,13850520,2736452,16.65,8833684,6825744,184084,1797032,469976,3768,8204,31404,0,0,0.00,0,0.00,1,457,0.44,2.11,3.33,0,144.60,0.00,36548.80,252.76,5.90,40.80,0.32,4.64,859.40,546.40,6910.60,43.28,0.00,0.00,0.00,0.57
2018-01-06 04:55:49,5.46,0.00,0.81,0.00,0.00,0.00,0.05,0.00,0.00,93.68,1.40,1117.80,1065.00,0.00,0.00,0.00,54.40,155.00,0.00,8836.60,2664.40,1433.60,4098.00,100.00,1.20,0.00,1.20,0.00,108.80,170796,0,16262344,98.96,11900,13857140,2719816,16.55,8846056,6822504,277480,1799728,470184,3800,8216,31404,0,0,0.00,0,0.00,2,458,0.40,2.07,3.31,0,1.20,0.00,108.80,90.67,0.00,0.00,0.00,0.00,650.60,440.00,5161.30,34.63,0.00,0.00,0.00,0.42
2018-01-06 04:55:54,2.22,0.00,0.35,0.00,0.10,0.00,0.10,0.00,0.00,97.23,2.80,1553.00,1550.40,0.00,0.00,0.00,98.40,56.40,0.00,6227.80,0.00,0.00,0.00,0.00,5.40,0.00,5.40,0.00,196.80,175744,0,16257396,98.93,11908,13852044,2719816,16.55,8846024,6817460,277244,1799340,470176,3776,8216,31404,0,0,0.00,0,0.00,1,458,0.37,2.04,3.29,0,5.40,0.00,196.80,36.44,0.00,0.00,0.00,0.00,1468.00,988.60,12105.65,74.63,0.00,0.00,0.00,0.99
2018-01-06 04:55:59,0.96,0.00,0.15,0.00,0.05,0.00,0.05,0.00,0.00,98.79,0.80,1001.00,847.80,0.00,0.00,0.00,9.60,25.40,0.00,3111.80,0.00,0.00,0.00,0.00,0.40,0.00,0.40,0.00,19.20,181064,0,16252076,98.90,11916,13847012,2719816,16.55,8846036,6812224,277356,1799356,470176,3776,8216,31404,0,0,0.00,0,0.00,1,457,0.34,2.01,3.28,0,0.40,0.00,19.20,48.00,0.00,0.00,0.00,0.00,454.40,305.60,3468.55,25.33,0.00,0.00,0.00,0.28
2018-01-06 04:56:04,1.71,0.00,0.25,0.00,0.05,0.00,0.10,0.00,0.00,97.88,2.20,1229.60,1156.60,0.00,0.00,0.00,8.00,47.80,0.00,3780.40,0.00,0.00,0.00,0.00,0.40,0.00,0.40,0.00,16.00,185508,0,16247632,98.87,11924,13842008,2719816,16.55,8846164,6807144,277476,1799392,470192,3776,8216,31404,0,0,0.00,0,0.00,2,457,0.31,1.97,3.26,0,0.40,0.00,16.00,40.00,0.00,0.00,0.00,0.00,866.60,580.60,6931.42,45.55,0.00,0.00,0.00,0.57
2018-01-06 04:56:09,1.82,0.00,0.25,0.05,0.10,0.00,0.20,0.00,0.00,97.58,2.40,1455.00,1427.80,0.00,0.00,0.00,8.00,51.20,0.00,7120.20,0.00,0.00,0.00,0.00,0.40,0.00,0.40,0.00,16.00,196140,0,16237000,98.81,11932,13837020,2719816,16.55,8841296,6802012,277608,1794376,470184,3776,8212,31404,0,0,0.00,0,0.00,0,458,0.29,1.94,3.24,0,0.40,0.00,16.00,40.00,0.00,2.00,2.00,0.08,1462.00,979.40,12089.90,73.58,0.00,0.00,0.00,0.99
2018-01-06 04:56:14,8.71,0.00,1.31,3.83,0.05,0.00,0.00,0.00,0.00,86.10,0.80,955.00,1195.00,0.00,0.00,0.00,36768.00,29.80,0.00,9645.80,7549.20,0.00,7549.20,100.00,289.20,0.00,289.20,0.00,73536.00,169764,0,16263376,98.97,11944,13864168,2719816,16.55,8866876,6803308,277208,1794368,470312,3768,8212,31404,0,0,0.00,0,0.00,2,457,0.27,1.91,3.22,0,289.20,0.00,73536.00,254.27,26.27,90.85,0.70,20.24,450.40,296.20,3457.19,24.51,0.00,0.00,0.00,0.28
2018-01-06 04:56:19,1.82,0.00,0.40,0.71,0.15,0.00,0.10,0.00,0.00,96.82,2.59,1449.30,1584.03,0.00,0.00,0.00,18679.44,55.09,0.00,5563.27,0.00,0.00,0.00,0.00,146.31,0.00,146.31,0.00,37358.88,173076,0,16260064,98.95,11956,13859352,2719816,16.55,8868132,6798228,184060,1795056,470544,3808,8208,31404,0,0,0.00,0,0.00,1,458,0.24,1.88,3.21,0,146.31,0.00,37358.88,255.35,5.48,37.44,0.29,4.31,1268.66,855.09,10362.80,65.20,0.00,0.00,0.00,0.85
2018-01-06 04:56:24,3.88,0.00,0.60,0.05,0.00,0.00,0.05,0.00,0.00,95.41,1.40,1133.60,1000.20,0.00,0.00,0.00,81.60,32.40,0.00,6464.40,3562.20,0.00,3562.20,100.00,1.80,0.00,1.80,0.00,163.20,171864,0,16261276,98.95,11964,13860368,2719816,16.55,8870860,6796180,261032,1795180,470688,3784,8208,31404,0,0,0.00,0,0.00,1,458,0.22,1.84,3.19,0,1.80,0.00,163.20,90.67,0.00,0.44,0.44,0.08,651.00,439.40,5184.21,34.77,0.00,0.00,0.00,0.42
2018-01-06 04:56:29,1.87,0.00,0.30,0.00,0.10,0.00,0.10,0.00,0.00,97.63,2.20,1385.80,1303.20,0.00,0.00,0.00,72.80,50.20,0.00,5490.00,663.20,0.00,663.20,100.00,4.80,0.00,4.80,0.00,145.60,173384,0,16259756,98.94,11972,13858428,2719816,16.55,8873748,6791684,277336,1795080,470808,3784,8208,31404,0,0,0.00,0,0.00,1,457,0.21,1.81,3.17,0,4.80,0.00,145.60,30.33,0.00,0.17,0.17,0.08,1126.40,765.60,9197.57,58.67,0.00,0.00,0.00,0.75
2018-01-06 04:56:34,1.57,0.00,0.20,0.00,0.00,0.00,0.05,0.00,0.00,98.18,1.20,1159.80,1064.80,0.00,0.00,0.00,8.00,29.40,0.00,3652.20,0.00,0.00,0.00,0.00,0.40,0.00,0.40,0.00,16.00,182268,0,16250872,98.89,11980,13854420,2719816,16.55,8869700,6786684,277440,1789964,470816,3800,8204,31404,0,0,0.00,0,0.00,0,457,0.19,1.78,3.15,0,0.40,0.00,16.00,40.00,0.00,2.00,2.00,0.08,787.20,529.80,6344.47,40.91,0.00,0.00,0.00,0.52
2018-01-06 04:56:39,1.77,0.00,0.25,0.00,0.10,0.00,0.05,0.00,0.00,97.83,2.00,1277.20,1211.40,0.00,0.00,0.00,8.00,47.00,0.00,4308.40,0.00,0.00,0.00,0.00,0.40,0.00,0.40,0.00,16.00,187740,0,16245400,98.86,11988,13849440,2719816,16.55,8869828,6781576,277576,1789948,470888,3776,8196,31404,0,0,0.00,0,0.00,1,457,0.18,1.75,3.14,0,0.40,0.00,16.00,40.00,0.00,0.00,0.00,0.00,997.20,672.60,8066.57,52.10,0.00,0.00,0.00,0.66
2018-01-06 04:56:44,1.01,0.00,0.20,0.00,0.00,0.00,0.20,0.00,0.00,98.59,1.60,1203.00,1131.20,0.00,0.00,0.00,102.40,40.60,0.00,4007.60,0.00,0.00,0.00,0.00,2.60,0.00,2.60,0.00,204.80,192848,0,16240292,98.83,12000,13844448,2719816,16.55,8869840,6776640,277452,1790056,470816,3776,8196,31404,0,0,0.00,0,0.00,0,457,0.16,1.72,3.12,0,2.60,0.00,204.80,78.77,0.00,0.31,0.31,0.08,925.80,625.20,7494.16,48.24,0.00,0.00,0.00,0.61
2018-01-06 04:56:49,1.61,0.00,0.25,5.74,0.15,0.00,0.00,0.00,0.00,92.24,1.40,1106.20,1272.60,0.00,0.00,0.00,36676.80,39.00,0.00,2647.40,0.00,0.00,0.00,0.00,287.20,0.00,287.20,0.00,73353.60,197368,0,16235772,98.80,12012,13839412,2719816,16.55,8870244,6771636,94260,1790184,470848,3784,8196,31404,0,0,0.00,0,0.00,0,458,0.15,1.70,3.10,0,287.20,0.00,73353.60,255.41,23.08,80.38,0.70,20.08,585.80,381.00,4613.83,30.89,0.00,0.00,0.00,0.38
2018-01-06 04:56:54,8.63,0.00,1.66,0.05,0.05,0.00,0.20,0.00,0.00,89.40,2.80,1504.60,1527.20,0.00,0.00,0.00,76.80,58.80,0.00,13895.60,7432.80,0.00,7432.80,100.00,1.60,0.00,1.60,0.00,153.60,167556,0,16265584,98.98,12016,13869028,2719816,16.55,8896928,6774056,277352,1790240,470944,3776,8196,31404,0,0,0.00,0,0.00,1,458,0.14,1.67,3.09,0,1.60,0.00,153.60,96.00,0.00,0.00,0.00,0.00,1533.40,877.40,12692.15,67.43,0.00,0.00,0.00,1.04
2018-01-06 04:56:59,0.76,0.00,0.15,0.76,0.05,0.00,0.00,0.00,0.00,98.28,0.80,1034.40,1009.40,0.00,0.00,0.00,18772.00,23.40,0.00,2349.00,0.00,0.00,0.00,0.00,153.20,0.00,153.20,0.00,37544.00,177240,0,16255900,98.92,12028,13864088,2719816,16.55,8892772,6768968,183784,1785628,471188,3768,8192,31404,0,0,0.00,0,0.00,0,457,0.13,1.64,3.07,0,153.20,0.00,37544.00,245.07,5.83,38.07,0.29,4.48,454.40,272.60,3468.39,23.34,0.00,0.00,0.00,0.28
2018-01-06 04:57:04,4.27,0.00,0.60,0.00,0.10,0.00,0.05,0.00,0.00,94.97,1.60,1216.20,1147.60,0.00,0.00,0.00,48.00,37.40,0.00,5335.20,2393.20,0.00,2393.20,100.00,1.00,0.00,1.00,0.00,96.00,166496,0,16266644,98.99,12036,13876492,2719816,16.55,8907444,6766320,248876,1785608,471260,3768,8192,31404,0,0,0.00,0,0.00,1,457,0.12,1.61,3.05,0,1.00,0.00,96.00,96.00,0.00,0.00,0.00,0.00,659.20,432.40,5208.26,34.55,0.00,0.00,0.00,0.43
2018-01-06 04:57:09,3.54,0.00,0.35,0.00,0.05,0.00,0.05,0.00,0.00,96.01,2.00,1496.20,1499.20,0.00,0.00,0.00,15.20,46.40,0.00,7168.20,1732.80,0.00,1732.80,100.00,0.40,0.00,0.40,0.00,30.40,177140,0,16256000,98.92,12044,13865244,2719816,16.55,8898208,6763140,277596,1784068,471412,3768,8192,31404,0,0,0.00,0,0.00,1,457,0.11,1.59,3.04,0,0.40,0.00,30.40,76.00,0.00,0.00,0.00,0.00,1261.20,827.20,10368.45,62.96,0.00,0.00,0.00,0.85
2018-01-06 04:57:14,1.21,0.00,0.20,0.00,0.05,0.00,0.00,0.00,0.00,98.54,1.60,1146.60,1016.80,0.00,0.00,0.00,85.60,41.40,0.00,2937.40,0.00,0.00,0.00,0.00,2.60,0.00,2.60,0.00,171.20,182032,0,16251108,98.89,12052,13860232,2719816,16.55,8898332,6758060,277400,1784120,471356,3768,8192,31404,0,0,0.00,0,0.00,0,457,0.10,1.56,3.02,0,2.60,0.00,171.20,65.85,0.00,0.31,0.31,0.08,658.20,437.20,5198.79,34.94,0.00,0.00,0.00,0.43
2018-01-06 04:57:19,2.02,0.00,0.15,0.00,0.10,0.00,0.15,0.00,0.00,97.58,2.20,1448.80,1424.80,0.00,0.00,0.00,13.60,50.40,0.00,5416.20,0.00,0.00,0.00,0.00,0.40,0.00,0.40,0.00,27.20,187628,0,16245512,98.86,12060,13855240,2719816,16.55,8897412,6752980,277580,1783124,471388,3768,8192,31404,0,0,0.00,0,0.00,1,458,0.09,1.53,3.00,0,0.40,0.00,27.20,68.00,0.00,2.00,2.00,0.08,1261.40,784.60,10379.67,60.22,0.00,0.00,0.00,0.85
2018-01-06 04:57:24,1.21,0.00,0.25,3.74,0.10,0.00,0.10,0.00,0.00,94.60,1.60,1228.00,1379.80,0.00,0.00,0.00,36727.20,34.80,0.00,3703.80,0.00,0.00,0.00,0.00,288.40,0.00,288.40,0.00,73454.40,196712,0,16236428,98.80,12072,13850244,2719816,16.55,8892968,6747848,94124,1778512,471324,3776,8188,31404,0,0,0.00,0,0.00,0,458,0.08,1.51,2.99,0,288.40,0.00,73454.40,254.70,26.12,90.58,0.70,20.16,790.40,531.20,6343.53,41.64,0.00,0.00,0.00,0.52
2018-01-06 04:57:29,4.34,0.00,0.45,0.00,0.05,0.00,0.15,0.00,0.00,95.01,1.80,1297.20,1202.60,0.00,0.00,0.00,15.20,44.80,0.00,3751.20,0.00,0.00,0.00,0.00,0.40,0.00,0.40,0.00,30.40,150984,0,16282156,99.08,12080,13898852,2719816,16.55,8946732,6742748,147884,1778520,471220,3768,8188,31404,0,0,0.00,0,0.00,2,457,0.08,1.48,2.97,0,0.40,0.00,30.40,76.00,0.00,2.00,2.00,0.08,858.20,578.40,6909.19,44.99,0.00,0.00,0.00,0.57
2018-01-06 04:57:34,6.66,0.00,1.11,0.76,0.05,0.00,0.10,0.00,0.00,91.32,1.80,1308.00,1414.60,0.00,0.00,0.00,18648.00,37.60,0.00,12231.20,7407.40,0.00,7407.40,100.00,120.00,0.00,120.00,0.00,29667.20,172292,0,16260848,98.95,12084,13875476,2719816,16.55,8919368,6746684,183980,1778500,471480,3768,8188,31404,0,0,0.00,0,0.00,1,457,0.07,1.46,2.96,0,120.20,0.00,29718.40,247.24,4.82,35.40,0.29,3.44,1128.00,757.40,9218.10,57.67,0.00,0.00,0.00,0.76
2018-01-06 04:57:39,3.32,0.00,0.76,0.00,0.05,0.00,0.05,0.00,0.00,95.82,2.00,1254.40,1155.00,0.00,0.00,0.00,165.60,43.80,0.00,6727.80,2959.80,0.00,2959.80,100.00,31.80,0.00,31.80,0.00,7960.00,173240,0,16259900,98.95,12092,13873980,2719816,16.55,8919464,6745072,246584,1778504,471512,3768,8188,31404,0,0,0.00,0,0.00,3,457,0.06,1.43,2.94,0,31.60,0.00,7908.80,250.28,0.73,41.16,0.30,0.96,863.20,573.80,6924.82,45.39,0.00,0.00,0.00,0.57
2018-01-06 04:57:44,2.88,0.00,0.56,0.00,0.10,0.00,0.10,0.00,0.00,96.36,2.40,1453.80,1414.80,0.00,0.00,0.00,17.60,49.40,0.00,7627.80,1397.60,0.00,1397.60,100.00,0.80,0.00,0.80,0.00,35.20,203756,0,16229384,98.76,12100,13869220,2681380,16.32,8892308,6741792,275012,1752816,471508,3768,8144,31404,0,0,0.00,0,0.00,0,457,0.06,1.41,2.92,0,0.80,0.00,35.20,44.00,0.00,0.00,0.00,0.00,1153.80,771.40,9348.85,60.04,0.00,0.00,0.00,0.77
2018-01-06 04:57:49,1.01,0.00,0.25,0.00,0.05,0.00,0.00,0.00,0.00,98.69,1.40,1147.80,1020.60,0.00,0.00,0.00,95.20,39.00,0.00,2931.20,0.00,0.00,0.00,0.00,2.40,0.00,2.40,0.00,190.40,213392,0,16219748,98.70,12108,13864204,2681380,16.32,8887864,6736716,274840,1748324,471420,3760,8136,31404,0,0,0.00,0,0.00,1,458,0.05,1.39,2.91,0,2.40,0.00,190.40,79.33,0.00,0.00,0.00,0.00,598.80,421.40,4679.92,33.76,0.00,0.00,0.00,0.38
2018-01-06 04:57:54,1.57,0.00,0.35,0.05,0.05,0.00,0.15,0.00,0.00,97.83,3.00,1632.40,1522.60,0.00,0.00,0.00,9.60,62.20,0.00,6266.20,0.00,0.00,0.00,0.00,0.40,0.00,0.40,0.00,19.20,218760,0,16214380,98.67,12116,13859244,2681380,16.32,8887984,6731632,275004,1748280,471308,3768,8136,31404,0,0,0.00,0,0.00,2,457,0.05,1.36,2.89,0,0.40,0.00,19.20,48.00,0.00,0.00,0.00,0.00,1479.80,1001.40,12159.65,75.52,0.00,0.00,0.00,1.00
2018-01-06 04:57:59,0.96,0.00,0.10,0.00,0.10,0.00,0.05,0.00,0.00,98.79,0.40,897.40,766.00,0.00,0.00,0.00,67.20,17.20,0.00,1328.40,0.00,0.00,0.00,0.00,1.40,0.00,1.40,0.00,134.40,224128,0,16209012,98.64,12124,13854200,2681380,16.32,8887772,6726512,274844,1747980,471220,3768,8136,31404,0,0,0.00,0,0.00,0,456,0.05,1.34,2.88,0,1.40,0.00,134.40,96.00,0.00,0.00,0.00,0.00,258.60,178.80,1808.72,16.36,0.00,0.00,0.00,0.15
2018-01-06 04:58:04,1.11,0.00,0.35,3.65,0.20,0.00,0.66,0.00,0.00,94.03,1.40,2016.60,3259.60,0.00,0.00,13804.00,36708.80,31.80,0.00,5183.00,0.00,0.00,0.00,0.00,532.40,244.80,287.60,27608.00,73417.60,161884,0,16271256,99.01,12136,13918208,2681380,16.32,8888664,6789764,91496,1748112,471200,3768,8136,31404,0,0,0.00,0,0.00,1,457,0.04,1.32,2.86,0,532.40,27608.00,73417.60,189.76,26.63,50.02,0.46,24.24,1209.60,2499.00,5240.85,18119.22,0.00,0.00,0.00,1.48
2018-01-06 04:58:09,8.40,0.00,1.52,0.05,0.10,0.00,0.20,0.00,0.00,89.73,2.20,1714.40,2102.40,0.00,0.00,5985.60,48.80,48.00,0.00,16709.60,10817.00,0.00,10817.00,100.00,108.20,107.40,0.80,11971.20,97.60,172128,0,16261012,98.95,12144,13911252,2681380,16.32,8843768,6823676,275924,1744072,471296,3752,8128,31404,0,0,0.00,0,0.00,0,456,0.04,1.30,2.85,0,108.20,11971.20,97.60,111.54,0.27,2.50,0.15,1.60,1329.80,1674.20,8681.33,8725.44,0.00,0.00,0.00,0.71
2018-01-06 04:58:14,0.81,0.00,0.30,0.76,0.05,0.00,0.05,0.00,0.00,98.03,0.80,1128.60,1105.20,0.00,0.00,0.00,18208.00,20.80,0.00,2895.40,0.00,0.00,0.00,0.00,146.80,0.00,146.80,0.00,36416.00,177168,0,16255972,98.92,12156,13906228,2681380,16.32,8843700,6818588,185044,1743944,471192,3760,8128,31404,0,0,0.00,0,0.00,1,456,0.04,1.28,2.83,0,146.80,0.00,36416.00,248.07,5.40,36.80,0.28,4.16,650.20,436.40,5209.18,33.85,0.00,0.00,0.00,0.43
2018-01-06 04:58:19,5.36,0.00,0.96,0.00,0.10,0.00,0.10,0.00,0.00,93.48,2.80,1437.00,1429.60,0.00,0.00,0.00,96.00,71.80,0.00,8773.20,4156.00,0.00,4156.00,100.00,2.40,0.00,2.40,0.00,192.00,172052,0,16261088,98.95,12156,13909892,2709652,16.49,8848892,6817168,276564,1744164,471316,3768,8124,31404,0,0,0.00,0,0.00,0,458,0.03,1.25,2.82,0,2.40,0.00,192.00,80.00,0.00,0.00,0.00,0.00,1073.00,707.20,8724.94,55.20,0.00,0.00,0.00,0.71
2018-01-06 04:58:24,0.91,0.00,0.10,0.00,0.05,0.00,0.05,0.00,0.00,98.89,0.40,823.20,697.60,0.00,0.00,0.00,10.40,15.00,0.00,1514.60,0.00,0.00,0.00,0.00,0.40,0.00,0.40,0.00,20.80,182116,0,16251024,98.89,12164,13904696,2709652,16.49,8843896,6812036,276644,1739092,471332,3776,8120,31404,0,0,0.00,0,0.00,0,458,0.03,1.23,2.80,0,0.40,0.00,20.80,52.00,0.00,0.00,0.00,0.00,244.40,165.20,1730.83,15.04,0.00,0.00,0.00,0.14
2018-01-06 04:58:29,1.41,0.00,0.20,0.00,0.05,0.00,0.10,0.00,0.00,98.24,2.20,1361.00,1251.20,0.00,0.00,0.00,18.40,47.80,0.00,4607.60,0.00,0.00,0.00,0.00,0.60,0.00,0.60,0.00,36.80,188452,0,16244688,98.85,12172,13900724,2709652,16.49,8841840,6807040,276744,1736020,471324,3784,8116,31404,0,0,0.00,0,0.00,0,457,0.03,1.21,2.79,0,0.60,0.00,36.80,61.33,0.00,0.00,0.00,0.00,1045.00,679.00,8484.94,52.27,0.00,0.00,0.00,0.70
2018-01-06 04:58:34,0.91,0.00,0.15,0.05,0.00,0.00,0.05,0.00,0.00,98.84,1.20,1012.40,888.80,0.00,0.00,0.00,65.60,29.60,0.00,2133.60,0.00,0.00,0.00,0.00,1.40,0.00,1.40,0.00,131.20,192948,0,16240192,98.83,12180,13895920,2709652,16.49,8841692,6802004,276600,1735892,471324,3776,8116,31404,0,0,0.00,0,0.00,0,456,0.03,1.19,2.77,0,1.40,0.00,131.20,93.71,0.00,0.00,0.00,0.00,458.20,325.00,3483.70,27.82,0.00,0.00,0.00,0.29
2018-01-06 04:58:39,1.17,0.00,0.25,0.00,0.15,0.00,0.05,0.00,0.00,98.37,1.20,1776.00,2503.80,0.00,0.00,10380.80,8.00,83.40,0.00,6141.00,1835.80,0.00,1835.80,100.00,184.00,183.60,0.40,20761.60,16.00,172876,0,16260264,98.95,12188,13905780,2684956,16.34,8815712,6849396,276716,1747196,471324,3768,8136,31404,0,0,0.00,0,0.00,0,457,0.02,1.17,2.76,0,184.00,20761.60,16.00,112.92,0.43,2.35,0.13,2.48,942.60,1976.20,3867.75,14667.75,0.00,0.00,0.00,1.20
2018-01-06 04:58:44,1.37,0.00,0.56,3.77,0.31,0.00,0.61,0.00,0.00,93.38,2.00,2618.60,4592.00,0.00,0.00,25329.60,36948.80,44.20,0.00,13422.20,5907.40,0.00,5907.40,100.00,730.40,441.00,289.40,50659.20,73897.60,170088,0,16263052,98.96,12208,13909188,2684956,16.34,8709196,6959724,92260,1747200,471444,3768,8136,31404,0,0,0.00,0,0.00,0,457,0.10,1.17,2.75,0,730.40,50659.20,73897.60,170.53,29.47,40.35,0.36,26.08,1779.80,4007.20,6975.12,30213.00,0.00,0.00,0.00,2.48
2018-01-06 04:58:49,1.12,0.00,0.41,0.00,0.20,0.05,0.00,0.00,0.00,98.22,1.40,2328.60,3583.60,0.00,0.00,24921.60,120.00,41.40,0.00,11525.00,4849.20,0.00,4849.20,100.00,440.60,433.20,7.40,49843.20,240.00,149872,0,16283268,99.09,12216,13931996,2656936,16.17,8703264,6984612,91948,1746332,471248,3776,8140,31404,0,0,0.00,0,0.00,1,458,0.09,1.15,2.73,0,440.60,49843.20,240.00,113.67,1.28,2.91,0.14,6.16,1281.00,3373.00,3529.99,26949.43,0.00,0.00,0.00,2.21
2018-01-06 04:58:54,1.22,0.00,0.66,0.96,0.30,0.00,0.91,0.00,0.00,95.94,2.20,2856.60,4685.40,0.00,0.00,29621.60,18337.60,50.00,0.00,17509.60,8511.40,0.00,8511.40,100.00,660.40,516.80,143.60,59243.20,36675.20,175960,0,16257180,98.93,12216,13904852,2656936,16.17,8702768,6960436,512,1746164,471256,3768,8144,31404,0,0,0.00,0,0.00,0,457,0.09,1.13,2.72,0,660.40,59243.20,36675.20,145.24,9.46,14.32,0.18,11.92,2144.80,4744.80,8712.68,35396.78,0.00,0.00,0.00,2.90
2018-01-06 04:58:59,39.75,0.00,4.75,0.00,0.05,0.00,0.15,0.00,0.00,55.30,2.20,1278.00,1507.00,0.00,0.00,766.40,39.20,65.20,0.00,32006.00,28246.80,0.00,28246.80,100.00,14.20,13.20,1.00,1532.80,78.40,176652,0,16256488,98.93,12216,13936156,2624132,15.97,8706036,6955944,597976,1714128,472488,3840,8100,31404,0,0,0.00,0,0.00,3,465,0.16,1.13,2.71,0,14.20,1532.80,78.40,113.46,0.07,4.90,0.11,0.16,454.40,333.20,3469.88,332.58,0.00,0.00,0.00,0.28
2018-01-06 04:59:04,46.35,0.00,7.25,0.05,0.26,0.00,0.36,0.00,0.00,45.73,1.20,3440.40,5443.60,0.00,0.00,38459.20,10.40,34.60,0.00,48236.60,39590.40,0.00,39590.40,100.00,672.20,671.80,0.40,76918.40,20.80,163308,0,16269832,99.01,12212,13969776,2624132,15.97,8687480,6987512,1236596,1692524,473796,3832,8092,31404,0,0,0.00,0,0.00,2,465,0.31,1.14,2.70,0,672.20,76918.40,20.80,114.46,2.11,3.15,0.16,10.48,1791.40,5281.20,3556.51,43816.20,0.00,0.00,0.00,3.59
2018-01-06 04:59:09,43.78,0.00,6.81,15.29,0.15,0.00,0.36,0.00,0.00,33.62,1.60,1747.20,3183.20,0.00,0.00,9240.00,93643.20,193.60,0.00,41194.20,35366.40,0.00,35366.40,100.00,874.00,162.40,711.60,18480.00,180067.20,173648,0,16259492,98.94,12208,13966552,2624132,15.97,8676716,6984636,1434468,1682976,475404,3824,8084,31404,0,0,0.00,0,0.00,3,464,0.52,1.17,2.71,1,874.20,18480.00,180118.40,227.18,87.30,96.54,0.74,64.40,1143.40,1621.60,6934.74,9502.70,0.00,0.00,0.00,0.78
2018-01-06 04:59:14,9.38,0.00,2.92,26.24,0.36,0.00,0.21,0.00,0.00,60.89,1.00,2747.60,5107.80,0.00,0.00,34247.20,91804.80,62.60,0.00,101669.00,3919.40,0.00,3917.80,99.96,1256.40,540.60,715.80,68427.20,183148.80,1808888,0,14624252,88.99,12188,12337256,2607180,15.87,7146656,6883208,1092080,1680484,473412,3832,8084,31404,0,0,0.00,0,0.00,1,465,0.80,1.22,2.71,1,1256.20,68427.20,183097.60,200.23,155.80,123.91,0.80,100.00,1164.40,4812.60,1797.34,38978.24,0.00,0.00,0.00,3.19
2018-01-06 04:59:19,6.67,0.00,1.44,26.22,0.36,0.00,0.36,0.00,0.00,64.96,2.20,2831.40,5143.80,0.00,0.00,26215.20,91770.40,56.40,0.00,6659.20,0.00,0.00,0.00,0.00,1137.80,422.20,715.60,52497.60,183131.20,1571528,0,14861612,90.44,12208,12574104,2607180,15.87,7258944,7008156,743684,1680960,473540,3864,8096,31404,0,0,0.00,0,0.00,1,470,0.82,1.22,2.70,1,1138.00,52497.60,183182.40,207.10,149.52,131.54,0.88,100.00,1515.20,4026.40,4107.87,32645.17,0.00,0.00,0.00,2.67
2018-01-06 04:59:24,23.54,0.00,3.46,13.35,0.31,0.00,0.56,0.00,0.00,58.79,1.80,2616.00,4775.60,0.00,0.00,25470.40,48332.00,44.00,0.00,9021.80,0.00,0.00,0.00,0.00,855.20,445.80,409.40,50940.80,104753.60,1119948,0,15313192,93.18,12224,13056884,2563596,15.60,7588596,7128392,862652,1648184,473544,3872,8036,31404,0,0,0.00,0,0.00,1,470,0.91,1.23,2.70,0,855.00,50940.80,104702.40,182.04,88.30,106.64,0.70,59.92,1746.20,3722.60,8115.87,27030.59,0.00,0.00,0.00,2.21
2018-01-06 04:59:29,23.05,0.00,3.42,15.04,0.20,0.00,0.10,0.00,0.00,58.18,2.20,2329.60,4055.40,0.00,0.00,19800.80,64734.40,225.80,0.00,7563.40,0.00,0.00,0.00,0.00,821.20,341.00,480.20,38780.80,122857.60,675088,0,15758052,95.89,12240,13506868,2545860,15.49,7942608,7220168,895124,1644852,473352,3864,8020,31404,0,0,0.00,0,0.00,1,469,0.92,1.23,2.69,2,821.20,38780.80,122857.60,196.83,72.16,84.19,0.60,49.12,1456.60,3115.40,7599.69,21135.94,0.00,0.00,0.00,1.73
2018-01-06 04:59:34,12.04,0.00,2.53,3.44,0.15,0.00,0.25,0.00,0.00,81.58,0.80,1665.40,2566.60,0.00,0.00,12034.40,13515.20,34.20,0.00,49295.00,0.00,0.00,0.00,0.00,382.40,250.40,132.00,24889.60,33641.60,1357948,0,15075192,91.74,12252,12826180,2584528,15.73,7473804,7005880,913256,1641432,472416,3880,8016,31404,0,0,0.00,0,0.00,1,468,0.92,1.22,2.68,0,382.40,24889.60,33641.60,153.06,26.15,76.30,0.53,20.24,778.80,1899.20,2926.47,14316.20,0.00,0.00,0.00,1.17
2018-01-06 04:59:39,1.22,0.00,0.36,0.05,0.20,0.00,0.20,0.00,0.00,97.96,1.60,2334.20,3580.20,0.00,0.00,21520.80,9.60,118.20,0.00,6827.40,0.00,0.00,0.00,0.00,377.60,377.20,0.40,43041.60,19.20,1253476,0,15179664,92.37,12260,12928464,2584528,15.73,7478328,7107280,913416,1645016,472388,3872,8020,31404,0,0,0.00,0,0.00,0,468,0.85,1.20,2.67,0,377.60,43041.60,19.20,114.04,1.05,2.78,0.14,5.36,1485.60,3501.60,5315.57,26781.38,0.00,0.00,0.00,2.19
2018-01-06 04:59:44,1.06,0.00,0.15,0.00,0.05,0.00,0.05,0.00,0.00,98.69,1.00,974.80,894.80,0.00,0.00,756.00,258.40,69.80,0.00,2092.60,0.00,0.00,0.00,0.00,24.00,13.40,10.60,1512.00,516.80,1249556,0,15183584,92.40,12268,12927364,2603492,15.84,7483420,7105972,912460,1649776,472376,3856,8028,31404,0,0,0.00,0,0.00,0,467,0.78,1.18,2.65,0,24.00,1512.00,516.80,84.53,0.07,3.00,0.17,0.40,448.20,293.00,3460.38,24.25,0.00,0.00,0.00,0.28
2018-01-06 04:59:49,1.17,0.00,0.61,0.00,0.25,0.00,0.10,0.00,0.00,97.86,1.80,2306.00,3815.40,0.00,0.00,25080.80,10.40,40.80,0.00,6335.60,0.00,0.00,0.00,0.00,435.60,435.20,0.40,50161.60,20.80,1129208,0,15303932,93.13,12276,13047768,2603492,15.84,7484596,7225136,912596,1649904,472380,3848,8028,31404,0,0,0.00,0,0.00,1,468,0.72,1.16,2.64,0,435.60,50161.60,20.80,115.20,1.12,2.57,0.14,6.16,1490.80,3499.00,5328.32,26795.69,0.00,0.00,0.00,2.20
2018-01-06 04:59:54,1.42,0.00,0.61,22.28,0.25,0.00,0.10,0.00,0.00,75.33,1.20,1627.60,2726.60,0.00,0.00,13744.80,99983.20,114.00,0.00,3870.80,0.00,0.00,0.00,0.00,973.80,222.00,751.80,26148.80,192337.60,1061464,0,15371676,93.54,12308,13111180,2635108,16.04,7489596,7288224,413016,1654264,472532,3864,8036,31404,0,0,0.00,0,0.00,0,469,0.74,1.16,2.63,2,973.80,26148.80,192337.60,224.36,125.02,125.20,0.87,85.04,792.00,1947.20,3573.48,13864.90,0.00,0.00,0.00,1.14
2018-01-06 04:59:59,9.09,0.00,1.54,23.97,0.36,0.00,0.15,0.00,0.00,64.89,1.20,2479.40,4396.20,0.00,0.00,27852.00,82493.60,30.00,0.00,5123.20,0.00,0.00,0.00,0.00,1164.80,490.20,674.60,57044.80,172616.00,742932,0,15690208,95.48,12328,13430112,2635108,16.04,7675252,7421236,185292,1654268,472460,3872,8036,31404,0,0,0.00,0,0.00,0,468,0.76,1.16,2.62,0,1164.80,57044.80,172616.00,197.17,142.41,124.93,0.81,94.40,1188.80,4041.60,3509.00,31166.67,0.00,0.00,0.00,2.55
2018-01-06 05:00:04,1.18,0.00,0.46,0.05,0.36,0.00,0.51,0.00,0.00,97.44,1.60,3384.80,5818.40,0.00,0.00,44613.60,13.60,39.20,0.00,9128.00,0.00,0.00,0.00,0.00,784.40,784.00,0.40,89227.20,27.20,513980,0,15919160,96.87,12336,13648192,2635108,16.04,7687436,7636996,185192,1664528,472488,3864,8048,31404,0,0,0.00,0,0.00,0,468,0.70,1.14,2.61,0,784.40,89227.20,27.20,113.79,2.58,3.29,0.15,12.08,2092.00,6344.20,3574.12,53534.54,0.00,0.00,0.00,4.39
2018-01-06 05:00:09,1.13,0.00,0.51,0.00,0.26,0.00,0.10,0.00,0.00,98.01,2.40,2864.40,4282.00,0.00,0.00,26955.20,8.80,53.20,0.00,7839.80,0.00,0.00,0.00,0.00,469.00,468.60,0.40,53910.40,17.60,378116,0,16055024,97.70,12344,13778020,2635108,16.04,7694664,7765920,185332,1670672,472456,3864,8060,31404,0,0,0.00,0,0.00,1,469,0.65,1.12,2.59,0,469.00,53910.40,17.60,114.99,1.52,3.26,0.15,7.04,1813.00,3698.20,7860.88,27674.05,0.00,0.00,0.00,2.27
2018-01-06 05:00:14,1.85,0.00,0.51,0.00,0.36,0.00,0.10,0.00,0.00,97.17,0.80,3296.00,6117.20,0.00,0.00,46807.20,156.00,82.60,0.00,9942.20,0.00,0.00,0.00,0.00,820.40,812.80,7.60,93614.40,312.00,152108,0,16281032,99.07,12352,14007012,2592620,15.78,7693680,7993104,184712,1667496,472444,3856,8052,31404,0,0,0.00,0,0.00,1,468,0.59,1.10,2.58,0,820.40,93614.40,312.00,114.49,2.28,2.78,0.14,11.76,1864.20,6138.20,1845.56,52597.76,0.00,0.00,0.00,4.31
2018-01-06 05:00:19,4.67,0.00,1.30,0.05,0.41,0.00,0.21,0.00,0.00,93.36,2.40,3951.80,6493.80,0.00,0.00,47028.80,58.40,53.60,0.00,27247.80,15967.80,0.00,15967.80,100.00,822.00,821.20,0.80,94057.60,116.80,150312,0,16282828,99.09,12316,14009244,2592620,15.78,7786948,7901776,276316,1667460,472304,3864,8052,31404,0,0,0.00,0,0.00,0,469,0.63,1.10,2.57,0,822.00,94057.60,116.80,114.57,2.49,3.03,0.15,12.08,2707.00,6706.20,8829.62,53387.49,0.00,0.00,0.00,4.37
2018-01-06 05:00:24,1.23,0.00,0.61,0.00,0.36,0.00,0.61,0.00,0.00,97.19,1.80,3088.80,5606.80,0.00,0.00,40471.20,12.80,150.20,0.00,19371.00,11060.80,0.00,11060.80,100.00,632.00,631.60,0.40,80942.40,25.60,166196,0,16266944,98.99,12312,13986356,2592620,15.78,7795780,7877144,276460,1674300,472416,3872,8060,31404,0,0,0.00,0,0.00,1,470,0.58,1.08,2.56,0,632.00,80942.40,25.60,128.11,2.05,3.25,0.17,10.56,1837.20,5399.60,3625.10,44921.28,0.00,0.00,0.00,3.68
2018-01-06 05:00:29,2.10,0.00,0.46,1.53,0.31,0.00,0.36,0.00,0.00,95.24,1.60,2812.40,4888.40,0.00,0.00,33887.20,28746.40,45.20,0.00,17318.60,9039.60,0.00,9036.40,99.96,746.20,552.00,194.20,67774.40,49635.20,187044,0,16246096,98.86,12184,13970104,2570212,15.64,7791544,7859200,133016,1668588,472324,3864,8048,31404,0,0,0.00,0,0.00,0,468,0.77,1.11,2.56,1,746.20,67774.40,49635.20,157.34,11.78,12.78,0.21,15.68,1662.40,4387.60,4446.46,35649.66,0.00,0.00,0.00,2.92
2018-01-06 05:00:34,1.54,0.00,0.46,2.20,0.31,0.00,0.56,0.00,0.00,94.93,1.80,2945.60,5333.40,0.00,0.00,36500.80,8172.00,47.00,0.00,16495.60,7505.20,0.00,7485.80,99.74,718.80,623.80,95.00,73001.60,24201.60,160780,0,16272360,99.02,10196,13999940,2610548,15.89,7793060,7885552,92236,1668640,472284,3856,8048,31404,0,0,0.00,0,0.00,0,468,0.71,1.09,2.55,0,718.80,73001.60,24201.60,135.23,18.05,28.24,0.31,22.40,2147.60,4986.40,7896.05,38637.09,0.00,0.00,0.00,3.17
2018-01-06 05:00:39,0.92,0.00,0.87,0.05,0.31,0.00,0.56,0.00,0.00,97.30,1.20,3037.80,5531.00,0.00,0.00,40287.20,8.80,133.40,0.00,18435.00,10870.80,0.00,10870.60,100.00,699.20,698.80,0.40,80574.40,17.60,174032,0,16259108,98.94,4168,13984812,2610548,15.89,7803044,7862812,92312,1676900,471604,3864,8060,31404,0,0,0.00,0,0.00,0,469,0.65,1.08,2.53,0,699.20,80574.40,17.60,115.26,2.14,3.07,0.15,10.72,1652.60,5037.20,2724.54,42262.81,0.00,0.00,0.00,3.46
2018-01-06 05:00:44,1.18,0.00,0.87,0.05,0.46,0.00,0.10,0.00,0.00,97.33,1.40,3459.20,6554.00,0.00,0.00,51999.20,21.60,32.40,0.00,21029.40,11540.80,0.00,11538.60,99.98,881.40,880.80,0.60,103752.00,43.20,160180,0,16272960,99.03,2084,14011244,2610548,15.89,7805060,7884880,92452,1676900,462060,3864,8060,31404,0,0,0.00,0,0.00,0,469,0.60,1.06,2.52,0,882.00,103824.00,43.20,117.76,2.91,3.30,0.16,14.32,2143.60,6551.80,3577.18,55129.03,0.00,0.00,0.00,4.52
2018-01-06 05:00:49,1.74,0.00,0.46,0.00,0.26,0.00,0.77,0.00,0.00,96.78,1.40,2905.40,4877.80,0.00,0.00,39399.20,116.00,156.60,0.00,17659.80,8665.80,0.00,8663.40,99.97,449.20,446.20,3.00,79044.80,232.00,154692,0,16278448,99.06,2068,14029820,2610548,15.89,7804636,7903076,92172,1675964,449476,3856,8056,31404,0,0,0.00,0,0.00,0,469,0.55,1.04,2.50,0,448.60,78972.80,232.00,176.56,1.36,3.04,0.22,10.08,1899.60,5022.20,5293.39,40796.86,0.00,0.00,0.00,3.34
2018-01-06 05:00:54,1.04,0.00,0.67,0.99,0.42,0.00,0.21,0.00,0.00,96.68,1.60,3850.40,6996.60,0.00,0.00,65892.00,18412.00,36.00,0.00,27462.60,15448.80,0.00,15445.60,99.98,708.60,559.20,149.40,131784.00,36824.00,174176,0,16258964,98.94,2060,14045348,2610548,15.89,7805076,7918492,248,1676164,413420,3872,8056,31404,0,0,0.00,0,0.00,0,470,0.51,1.02,2.49,0,708.60,131784.00,36824.00,237.95,7.57,10.69,0.28,19.76,2439.20,7655.40,3595.40,64881.59,0.00,0.00,0.00,5.32
2018-01-06 05:00:59,9.12,0.00,2.42,0.05,0.36,0.00,0.52,0.00,0.00,87.53,1.40,3542.80,6493.20,0.00,0.00,54904.80,16.80,111.80,0.00,31771.20,21326.00,0.00,21323.80,99.99,445.00,444.60,0.40,109809.60,33.60,172828,0,16260312,98.95,2012,14072912,2610548,15.89,7993324,7761036,184984,1679688,384808,3872,8060,31404,0,0,0.00,0,0.00,0,469,0.63,1.04,2.49,0,445.00,109809.60,33.60,246.84,1.36,3.07,0.31,14.00,2120.60,6455.80,3559.86,54522.62,0.00,0.00,0.00,4.47
2018-01-06 05:01:04,2.36,0.00,0.95,0.05,0.53,0.00,0.21,0.00,0.00,95.90,1.80,5052.40,9563.60,0.00,0.00,96541.60,11.20,48.80,0.00,38611.60,22608.20,0.00,22607.60,100.00,768.00,767.60,0.40,193083.20,22.40,167260,0,16265880,98.98,1868,14098836,2660032,16.19,7993612,7786852,185084,1679824,363632,3864,8060,31404,0,0,0.00,0,0.00,1,469,0.58,1.02,2.48,0,768.00,193083.20,22.40,251.44,2.70,3.51,0.31,24.00,3608.00,11403.20,5374.89,96631.96,0.00,0.00,0.00,7.92
2018-01-06 05:01:09,1.18,0.00,0.72,0.05,0.36,0.00,0.57,0.00,0.00,97.11,1.80,3626.40,6119.80,0.00,0.00,51146.40,10.40,144.60,0.00,24243.40,11416.40,1024.00,12440.40,100.00,413.40,413.00,0.40,102292.80,20.80,163824,0,16269316,99.00,1816,14100644,2660032,16.19,8003460,7788636,185200,1689548,354852,3864,8084,31404,0,0,0.00,0,0.00,0,469,0.53,1.01,2.46,0,413.40,102292.80,20.80,247.49,1.32,3.20,0.30,12.24,2399.40,6262.40,7004.29,50158.27,0.00,0.00,0.00,4.11
2018-01-06 05:01:14,5.33,0.00,1.19,0.05,0.36,0.00,0.26,0.00,0.00,92.81,1.60,3751.40,6233.00,0.00,0.00,65076.80,13.60,36.60,0.00,31383.60,18516.40,204.80,18721.20,100.00,529.80,529.40,0.40,130153.60,27.20,155360,0,16277780,99.05,1680,14138092,2624916,15.97,8078772,7734492,276520,1673516,343476,3848,8056,31404,0,0,0.00,0,0.00,0,468,0.57,1.01,2.45,0,529.80,130153.60,27.20,245.72,1.76,3.32,0.29,15.60,2469.40,7782.60,3590.24,65770.30,0.00,0.00,0.00,5.39
2018-01-06 05:01:19,1.75,0.00,0.67,0.05,0.31,0.05,0.21,0.00,0.00,96.96,1.80,3560.80,5652.80,0.00,0.00,52047.20,84.00,49.40,0.00,23997.40,12827.60,204.80,13032.40,100.00,408.80,406.80,2.00,103684.80,168.00,167544,0,16265596,98.98,1628,14132708,2624916,15.97,8079116,7728848,276416,1673740,336096,3856,8056,31404,0,0,0.00,0,0.00,0,469,0.52,0.99,2.44,0,409.20,103787.20,168.00,254.04,1.40,3.42,0.31,12.88,2443.20,6473.40,7013.73,52050.62,0.00,0.00,0.00,4.26
2018-01-06 05:01:24,1.09,0.00,0.67,0.00,0.31,0.00,0.10,0.00,0.00,97.83,1.20,3671.40,5960.60,0.00,0.00,55297.60,37.60,30.20,0.00,23008.40,13582.60,0.00,13582.60,100.00,435.60,434.80,0.80,111004.80,75.20,175392,0,16257748,98.93,1564,14132588,2624916,15.97,8076708,7728636,276384,1671248,329984,3864,8056,31404,0,0,0.00,0,0.00,1,469,0.48,0.97,2.43,0,435.20,110902.40,75.20,255.00,1.38,3.18,0.29,12.80,2141.20,6565.00,3570.39,55117.89,0.00,0.00,0.00,4.52
2018-01-06 05:01:29,1.09,0.00,0.67,0.10,0.36,0.00,0.00,0.00,0.00,97.78,2.00,3796.60,6330.80,0.00,0.00,54911.20,104.00,44.60,0.00,22674.60,12762.40,0.00,12762.40,100.00,437.00,432.40,4.60,109822.40,208.00,166316,0,16266824,98.99,1516,14146928,2624916,15.97,8076940,7742728,276084,1671380,325272,3880,8056,31404,0,0,0.00,0,0.00,0,470,0.44,0.96,2.41,0,437.00,109822.40,208.00,251.79,1.45,3.32,0.31,13.44,2309.40,6561.80,5296.07,53914.63,0.00,0.00,0.00,4.42
2018-01-06 05:01:34,0.83,0.00,0.68,3.90,0.42,0.00,0.21,0.00,0.00,93.97,1.00,3841.60,6875.20,0.00,0.00,60655.20,36916.00,25.80,0.00,24926.00,14930.80,0.00,14930.80,100.00,763.60,474.80,288.80,121310.40,73832.00,170572,0,16262568,98.96,1500,14146556,2624916,15.97,8076924,7742252,91696,1671232,321388,3864,8056,31404,0,0,0.00,0,0.00,1,469,0.49,0.96,2.41,0,763.60,121310.40,73832.00,255.56,28.56,37.40,0.42,32.00,2340.40,7319.60,3589.68,61695.48,0.00,0.00,0.00,5.05
2018-01-06 05:01:39,1.40,0.00,0.73,0.05,0.42,0.00,0.10,0.00,0.00,97.30,2.20,4051.80,6985.00,0.00,0.00,64864.00,10.40,49.00,0.00,29239.60,16906.80,0.00,16906.80,100.00,508.80,508.40,0.40,129728.00,20.80,188572,0,16244568,98.85,1476,14127804,2624916,15.97,8082284,7723436,91816,1676476,315848,3864,8072,31404,0,0,0.00,0,0.00,0,470,0.45,0.94,2.39,0,508.80,129728.00,20.80,255.01,1.70,3.34,0.30,15.44,2783.00,7746.40,7040.33,63022.67,0.00,0.00,0.00,5.16
2018-01-06 05:01:44,1.89,0.00,0.92,1.23,0.31,0.00,0.41,0.00,0.00,95.25,1.40,2760.40,4805.80,0.00,0.00,37120.80,18255.20,345.60,0.00,17264.80,7756.80,819.20,8576.00,100.00,436.20,293.20,143.00,74241.60,36510.40,170376,0,16262764,98.96,1456,14136872,2632552,16.02,8096692,7732388,696,1690824,312412,3864,8104,31404,0,0,0.00,0,0.00,0,470,0.41,0.93,2.38,0,436.20,74241.60,36510.40,253.90,9.60,22.00,0.30,13.20,1563.60,4386.80,3545.34,36035.18,0.00,0.00,0.00,2.95
2018-01-06 05:01:49,1.04,0.00,0.73,0.05,0.47,0.00,0.94,0.00,0.00,96.77,1.80,4901.60,9123.40,0.00,0.00,93724.80,85.60,45.20,0.00,37799.60,23344.00,0.00,23344.00,100.00,737.20,734.80,2.40,187449.60,171.20,181900,0,16251240,98.89,1428,14133452,2632552,16.02,8096852,7728524,552,1690828,303088,3872,8104,31404,0,0,0.00,0,0.00,0,470,0.38,0.91,2.37,0,737.20,187449.60,171.20,254.50,2.48,3.37,0.31,22.96,3365.40,11095.40,3642.84,94859.29,0.00,0.00,0.00,7.77
2018-01-06 05:01:54,12.84,0.00,2.12,0.05,0.36,0.05,0.31,0.00,0.00,84.27,1.80,4129.60,6863.60,0.00,0.00,65614.40,42.40,183.00,0.00,35669.00,21707.80,819.20,22527.00,100.00,514.80,513.80,1.00,131228.80,84.80,150256,0,16282884,99.09,1416,14167788,2632552,16.02,8267360,7601424,162248,1699756,293276,3872,8120,31404,0,0,0.00,0,0.00,2,470,0.35,0.89,2.36,0,514.80,131228.80,84.80,255.08,1.64,3.18,0.30,15.36,2849.40,7969.60,7033.13,65298.19,0.00,0.00,0.00,5.35
2018-01-06 05:01:59,2.26,0.00,1.18,0.05,0.46,0.00,1.34,0.00,0.00,94.71,2.00,4465.20,7457.60,0.00,0.00,74703.20,40.00,46.80,0.00,33937.60,20404.80,0.00,20404.80,100.00,586.80,585.40,1.40,149406.40,80.00,176876,0,16256264,98.92,1404,14149908,2632552,16.02,8288248,7561532,183808,1698808,283896,3880,8120,31404,0,0,0.00,0,0.00,1,470,0.32,0.88,2.34,0,586.80,149406.40,80.00,254.75,1.96,3.34,0.32,18.64,3132.40,9027.20,7053.85,74390.06,0.00,0.00,0.00,6.09
2018-01-06 05:02:04,1.55,0.00,1.35,0.05,0.41,0.00,0.16,0.00,0.00,96.48,1.20,3769.00,7049.00,0.00,0.00,57371.20,78.40,530.00,0.00,26124.20,11641.00,1228.80,12869.80,100.00,454.80,449.40,5.40,114742.40,156.80,166532,0,16266608,98.99,1396,14174188,2577540,15.69,8276116,7585768,183572,1686560,282732,3864,8096,31404,0,0,0.00,0,0.00,1,469,0.37,0.88,2.34,0,454.80,114742.40,156.80,252.64,1.48,3.25,0.33,14.80,2210.20,6811.60,3576.35,57271.23,0.00,0.00,0.00,4.69
2018-01-06 05:02:09,1.34,0.00,0.46,0.05,0.31,0.00,0.36,0.00,0.00,97.47,1.60,3774.80,6417.60,0.00,0.00,56162.40,10.40,37.60,0.00,24192.20,14227.40,0.00,14227.40,100.00,441.00,440.60,0.40,112324.80,20.80,175808,0,16257332,98.93,1384,14165368,2577540,15.69,8276156,7577076,183672,1686492,281780,3872,8096,31404,0,0,0.00,0,0.00,0,469,0.43,0.88,2.33,0,441.00,112324.80,20.80,254.75,1.39,3.15,0.30,13.36,2365.40,6812.00,5295.76,56136.96,0.00,0.00,0.00,4.60
2018-01-06 05:02:14,4.38,0.00,1.24,0.05,0.31,0.00,0.26,0.00,0.00,93.76,1.60,3405.80,5427.40,0.00,0.00,51510.40,13.60,35.20,0.00,25944.40,16932.40,0.00,16932.40,100.00,406.80,406.40,0.40,103020.80,27.20,173896,0,16259244,98.94,1360,14174048,2577540,15.69,8366828,7491940,277464,1683420,278368,3864,8092,31404,0,0,0.00,0,0.00,1,469,0.39,0.87,2.32,0,406.80,103020.80,27.20,253.31,1.33,3.28,0.30,12.32,2080.40,6100.60,4137.35,50673.43,0.00,0.00,0.00,4.15
2018-01-06 05:02:19,1.14,0.00,0.83,0.05,0.47,0.00,0.67,0.00,0.00,96.85,1.80,4058.60,7428.40,0.00,0.00,68145.60,38.40,43.80,0.00,27837.40,16769.80,0.00,16769.80,100.00,535.80,534.00,1.80,136291.20,76.80,175928,0,16257212,98.93,1332,14174756,2577540,15.69,8367016,7492048,277552,1683496,276312,3872,8092,31404,0,0,0.00,0,0.00,0,471,0.36,0.85,2.30,0,535.80,136291.20,76.80,254.51,1.64,3.06,0.31,16.40,2623.80,7954.80,4774.77,66635.39,0.00,0.00,0.00,5.46
2018-01-06 05:02:24,1.61,0.00,0.47,0.05,0.31,0.00,0.31,0.00,0.00,97.25,1.80,3872.00,6656.80,0.00,0.00,61072.00,65.60,41.00,0.00,25453.40,13122.40,0.00,13122.40,100.00,480.40,479.40,1.00,122144.00,131.20,170516,0,16262624,98.96,1336,14211844,2555148,15.55,8335812,7529556,277424,1652160,274904,3872,8036,31404,0,0,0.00,0,0.00,1,471,0.33,0.84,2.29,0,480.40,122144.00,131.20,254.53,1.55,3.22,0.29,13.76,2557.80,7430.80,5321.85,61569.54,0.00,0.00,0.00,5.04
2018-01-06 05:02:29,1.66,0.00,0.78,3.68,0.47,0.00,0.57,0.00,0.00,92.85,1.40,4351.40,7701.40,0.00,0.00,70184.80,36677.60,42.40,0.00,28567.40,16917.00,0.00,16917.00,100.00,837.80,550.20,287.60,140369.60,73355.20,163868,0,16269272,99.00,1340,14219976,2589344,15.76,8335048,7537184,94240,1651292,274588,3872,8036,31404,0,0,0.00,0,0.00,0,469,0.30,0.83,2.28,0,837.80,140369.60,73355.20,255.10,28.66,34.21,0.41,34.24,2776.60,8307.60,5337.44,69616.53,0.00,0.00,0.00,5.70
2018-01-06 05:02:34,1.34,0.00,0.67,0.05,0.41,0.00,0.62,0.00,0.00,96.90,1.60,4052.40,7168.40,0.00,0.00,64804.80,37.60,36.80,0.00,28686.80,16815.40,0.00,16798.80,99.90,509.80,508.00,1.80,129609.60,75.20,182564,0,16250576,98.89,1340,14202928,2589344,15.76,8335144,7519908,94268,1651252,273748,3864,8036,31404,0,0,0.00,0,0.00,0,469,0.28,0.81,2.27,0,509.80,129609.60,75.20,254.38,1.62,3.19,0.33,16.80,2849.00,7961.80,7043.62,65150.47,0.00,0.00,0.00,5.34
2018-01-06 05:02:39,0.86,0.00,0.56,0.05,0.15,0.00,0.00,0.00,0.00,98.38,1.20,1855.80,2564.20,0.00,0.00,15662.40,71.20,72.40,0.00,8405.80,3453.20,0.00,3453.20,100.00,127.40,122.80,4.60,31324.80,142.40,176512,0,16256628,98.93,1336,14207124,2589344,15.76,8335884,7524452,94060,1651932,273544,3848,8036,31404,0,0,0.00,0,0.00,0,467,0.26,0.80,2.26,0,127.40,31324.80,142.40,247.00,0.40,3.15,0.34,4.32,1150.60,2277.80,5217.27,16261.02,0.00,0.00,0.00,1.33
2018-01-06 05:02:44,0.55,0.00,0.10,0.00,0.00,0.00,0.05,0.00,0.00,99.29,0.60,933.60,717.80,0.00,0.00,819.20,19.20,19.80,0.00,1920.00,0.00,0.00,0.00,0.00,7.00,6.40,0.60,1638.40,38.40,178516,0,16254624,98.91,1348,14206308,2589344,15.76,8334952,7523480,94136,1650908,273544,3848,8040,31404,0,0,0.00,0,0.00,0,467,0.24,0.79,2.24,0,7.00,1638.40,38.40,239.54,0.03,4.11,0.46,0.32,242.40,154.80,1734.18,14.68,0.00,0.00,0.00,0.14
2018-01-06 05:02:49,8.86,0.00,1.81,0.65,0.10,0.00,0.10,0.00,0.00,88.47,1.60,1172.60,1263.80,0.00,0.00,1254.40,18778.40,223.00,0.00,12839.20,9241.20,409.60,9650.80,100.00,158.00,9.80,148.20,2508.80,37556.80,175392,0,16257748,98.93,1352,14198216,2625712,15.98,8530632,7331600,184444,1662724,273416,3848,8060,31404,0,0,0.00,0,0.00,0,468,0.22,0.77,2.23,0,158.00,2508.80,37556.80,253.58,5.49,34.77,0.29,4.64,661.80,454.00,5266.10,36.18,0.00,0.00,0.00,0.43
2018-01-06 05:02:54,1.36,0.00,0.30,0.05,0.10,0.00,0.15,0.00,0.00,98.03,1.80,1773.80,2270.20,0.00,0.00,14590.40,58.40,40.40,0.00,8172.80,3850.40,0.00,3850.40,100.00,115.60,114.80,0.80,29180.80,116.80,183332,0,16249808,98.88,1360,14189156,2625712,15.98,8530764,7322584,184364,1662852,273480,3864,8056,31404,0,0,0.00,0,0.00,0,469,0.20,0.76,2.22,0,115.60,29180.80,116.80,253.44,0.40,3.48,0.34,3.92,996.40,1970.20,4477.46,13934.06,0.00,0.00,0.00,1.14
2018-01-06 05:02:59,0.82,0.00,0.36,0.05,0.31,0.00,0.05,0.00,0.00,98.40,2.20,3000.20,5101.00,0.00,0.00,43173.60,36.80,49.20,0.00,17977.20,10571.80,0.00,10571.80,100.00,340.60,339.80,0.80,86347.20,73.60,189008,0,16244132,98.85,1364,14186492,2625712,15.98,8528852,7319816,184356,1660868,273284,3872,8052,31404,0,0,0.00,0,0.00,0,469,0.18,0.75,2.21,0,340.60,86347.20,73.60,253.73,1.08,3.16,0.30,10.08,1691.80,5096.00,2795.42,42318.94,0.00,0.00,0.00,3.47
2018-01-06 05:03:04,1.28,0.00,0.61,0.67,0.26,0.00,0.20,0.00,0.00,96.98,2.60,2692.60,4759.20,0.00,0.00,45911.20,34.40,53.80,0.00,18284.80,7174.20,0.00,7137.00,99.48,384.20,383.20,1.00,91822.40,68.80,173072,0,16260068,98.95,1372,14203184,2625712,15.98,8506040,7359236,184392,1660756,272584,3856,8052,31404,0,0,0.00,0,0.00,0,468,0.17,0.74,2.20,0,384.20,91822.40,68.80,239.18,1.38,3.59,0.29,11.20,1809.20,6104.00,2803.93,50950.66,0.00,0.00,0.00,4.17
2018-01-06 05:03:09,2.31,0.00,0.93,1.49,0.31,0.00,0.41,0.00,0.00,94.55,1.80,3222.20,5973.60,0.00,0.00,78364.00,14.40,44.80,0.00,30265.60,10621.20,0.00,10302.00,96.99,631.60,631.00,0.60,156728.00,28.80,166812,0,16266328,98.98,1372,14211472,2625712,15.98,8462580,7408868,184484,1658344,271396,3864,8052,31404,0,0,0.00,0,0.00,0,469,0.32,0.76,2.19,0,631.60,156728.00,28.80,248.19,2.29,3.62,0.27,17.28,2518.40,9861.80,2857.04,83886.37,0.00,0.00,0.00,6.87
2018-01-06 05:03:14,1.94,0.00,0.61,1.28,0.15,0.00,0.20,0.00,0.00,95.81,0.60,1924.40,3882.40,0.00,0.00,43213.60,72.00,20.40,0.00,19300.40,0.00,0.00,0.00,0.00,355.80,349.60,6.20,86427.20,144.00,176520,0,16256620,98.93,1380,14204736,2625712,15.98,8321484,7543504,184264,1659252,267880,3856,8056,31404,0,0,0.00,0,0.00,1,468,0.29,0.74,2.18,0,355.80,86427.20,144.00,243.31,1.40,3.95,0.29,10.24,1835.00,8642.00,1028.80,74808.99,0.00,0.00,0.00,6.13
2018-01-06 05:03:19,57.01,0.00,7.77,3.51,0.15,0.00,0.30,0.00,0.00,31.25,0.60,2210.00,4405.00,0.00,0.00,72316.00,36809.60,580.40,0.00,57586.60,37700.40,1178.60,38358.00,98.66,897.20,607.80,289.40,144632.00,73619.20,164500,0,16268640,99.00,1364,14232476,2578512,15.69,8765808,7115268,612784,1647212,265760,3640,8044,31404,0,0,0.00,0,0.00,4,442,0.51,0.78,2.19,0,897.20,144632.00,73619.20,243.26,30.22,33.68,0.38,34.32,1315.00,6554.80,990.84,56457.57,0.00,0.00,0.00,4.63
2018-01-06 05:03:24,69.06,0.00,9.24,0.61,0.05,0.00,0.15,0.00,0.00,20.90,0.80,1785.40,2924.20,0.00,0.00,56148.80,76.00,175.20,0.00,94141.80,44212.40,0.00,43930.40,99.36,467.80,466.60,1.20,109931.20,152.00,946928,0,15486212,94.24,1368,13470120,2561504,15.59,8325448,6761756,1368852,1615380,276988,3680,8016,31404,0,0,0.00,0,0.00,4,446,0.71,0.82,2.19,2,468.40,110049.60,152.00,235.27,1.93,3.96,0.28,12.96,581.20,3111.00,47.93,27048.33,0.00,0.00,0.00,2.22
2018-01-06 05:03:29,84.17,0.00,9.78,0.40,0.15,0.00,0.81,0.00,0.00,4.69,4.00,16322.80,7053.40,0.00,0.00,17010.40,95549.60,3930.40,0.00,44346.60,0.00,0.00,0.00,0.00,887.80,161.60,726.20,36385.60,184289.60,889144,0,15543996,94.59,1468,13480088,2595388,15.79,7957552,7187856,1342460,1663824,276004,3792,8072,31404,0,0,0.00,0,0.00,2,459,1.05,0.89,2.21,2,887.20,36267.20,184289.60,248.60,33.84,35.30,0.34,30.56,517.80,2621.60,44.36,22672.47,0.00,0.00,0.00,1.86
2018-01-06 05:03:34,76.26,0.00,9.35,7.98,0.25,0.00,0.97,0.00,0.00,5.19,2.40,21774.00,7831.40,0.00,0.00,13250.40,92206.40,300.40,0.00,20571.20,0.00,0.00,0.00,0.00,826.40,108.40,718.00,26502.40,183132.80,271860,0,16161280,98.35,1492,14087596,2595388,15.79,8005652,7755832,1460080,1672416,277540,3784,8104,31404,0,0,0.00,0,0.00,4,459,1.29,0.94,2.22,1,826.40,26502.40,183132.80,253.67,142.47,170.94,1.21,100.00,303.60,1185.40,31.67,10078.69,0.00,0.00,0.00,0.83
2018-01-06 05:03:39,77.24,0.00,10.34,6.69,0.25,0.00,0.71,0.00,0.00,4.76,3.00,21823.40,7399.60,0.00,0.00,8039.20,91600.80,1219.60,0.00,44916.00,26641.60,409.60,27051.20,100.00,780.80,65.00,715.80,16078.40,183150.40,161364,0,16271776,99.02,1484,14173900,2595388,15.79,8056700,7799780,1594496,1681440,292960,3784,8104,31404,0,0,0.00,0,0.00,6,459,1.91,1.07,2.25,1,781.00,16078.40,183201.60,255.16,141.51,182.49,1.28,100.00,47.80,33.40,12.85,6.44,0.00,0.00,0.00,0.00
2018-01-06 05:03:44,73.44,0.00,11.12,8.18,0.36,0.00,0.86,0.00,0.00,6.04,2.40,22971.80,8352.80,0.00,0.00,7832.80,90813.60,124.80,0.00,51013.60,32439.40,614.40,33053.80,100.00,779.20,63.40,715.80,15665.60,183136.00,157448,0,16275692,99.04,1480,14172000,2595388,15.79,8091860,7753680,1765692,1672436,308556,3784,8104,31404,0,0,0.00,0,0.00,7,459,2.23,1.15,2.27,1,779.20,15665.60,183136.00,255.14,141.55,181.35,1.28,100.00,48.00,32.20,13.39,6.02,0.00,0.00,0.00,0.00
2018-01-06 05:03:49,73.29,0.00,10.67,9.55,0.30,0.00,1.02,0.00,0.00,5.18,3.80,24103.60,8161.20,0.00,0.00,7860.00,92121.60,440.60,0.00,56446.00,35189.80,819.20,36009.00,100.00,788.40,61.80,726.60,15720.00,183144.00,163152,0,16269988,99.01,1492,14138512,2595388,15.79,8146976,7674156,1957576,1681384,325240,3784,8116,31404,0,0,0.00,0,0.00,7,460,2.62,1.25,2.30,1,788.20,15720.00,183092.80,252.24,140.04,177.91,1.27,100.00,50.40,36.80,13.47,6.77,0.00,0.00,0.00,0.00
2018-01-06 05:03:54,73.86,0.00,10.86,3.91,0.36,0.00,1.12,0.00,0.00,9.90,2.40,24131.20,7975.20,0.00,0.00,8716.80,91680.00,319.20,0.00,54717.80,35630.60,0.00,35630.60,100.00,788.60,71.60,717.00,17433.60,183155.20,150132,0,16283008,99.09,1508,14139280,2595388,15.79,8191096,7626808,2174432,1677424,342204,3792,8116,31404,0,0,0.00,0,0.00,7,460,2.81,1.31,2.31,1,788.60,17433.60,183155.20,254.36,141.53,179.45,1.27,100.00,46.60,31.80,12.97,6.15,0.00,0.00,0.00,0.00
2018-01-06 05:03:59,73.14,0.00,10.91,8.15,0.36,0.00,0.92,0.00,0.00,6.52,3.00,22665.20,8184.40,0.00,0.00,8309.60,91693.60,245.20,0.00,55881.20,35617.60,819.20,36436.80,100.00,781.60,66.00,715.60,16619.20,183131.20,163472,0,16269668,99.01,1512,14101352,2595388,15.79,8246148,7542668,2370544,1686036,358968,3792,8124,31404,0,0,0.00,0,0.00,3,459,2.90,1.36,2.32,1,781.60,16619.20,183131.20,255.57,141.90,181.58,1.28,100.00,48.40,34.00,13.61,6.28,0.00,0.00,0.00,0.00
2018-01-06 05:04:04,73.86,0.00,10.66,5.18,0.31,0.00,0.87,0.00,0.00,9.12,3.60,22854.00,7569.80,0.00,0.00,8518.40,91302.40,226.20,0.00,55657.00,35098.00,819.20,35917.20,100.00,787.40,68.00,719.40,17036.80,183166.40,167424,0,16265716,98.98,1496,14081620,2595388,15.79,8291348,7475812,2575120,1684576,375572,3784,8132,31404,0,0,0.00,0,0.00,4,459,2.99,1.40,2.33,1,787.40,17036.80,183166.40,254.26,141.64,179.63,1.27,100.00,43.00,30.80,11.77,6.03,0.00,0.00,0.00,0.00
2018-01-06 05:04:09,54.38,0.00,6.99,26.52,0.48,0.00,0.32,0.00,0.00,11.30,1.80,15695.61,7563.47,0.00,0.00,7033.13,91109.78,243.31,0.00,50060.68,28408.58,408.78,28817.37,100.00,770.86,56.09,714.77,14066.27,182783.23,160692,0,16272448,99.02,1516,14057912,2595388,15.79,8345472,7414848,2641732,1701708,389124,3776,8152,31404,0,0,0.00,0,0.00,1,458,3.07,1.45,2.34,4,770.86,14066.27,182783.23,255.36,141.15,183.32,1.29,99.80,39.12,27.54,11.34,5.08,0.00,0.00,0.00,0.00
2018-01-06 05:04:14,30.17,0.00,2.02,46.26,0.53,0.00,0.06,0.00,0.00,20.96,1.80,8338.00,6396.60,0.00,0.00,5784.80,91362.40,85.80,0.00,43056.20,18027.80,409.60,18437.40,100.00,761.60,46.00,715.60,11569.60,183134.40,158632,0,16274508,99.03,1524,14112252,2531764,15.41,8311376,7441248,2584324,1639392,399244,3776,8044,31404,0,0,0.00,0,0.00,3,458,3.22,1.50,2.35,4,761.60,11569.60,183134.40,255.65,141.53,185.88,1.31,100.00,37.00,25.60,11.01,4.66,0.00,0.00,0.00,0.00
2018-01-06 05:04:19,35.19,0.00,4.49,42.92,0.40,0.00,0.11,0.00,0.00,16.88,3.80,9509.80,5907.20,0.00,0.00,3225.60,91402.40,225.60,2.00,146547.80,18019.00,0.00,18002.40,99.91,750.20,33.40,716.80,6448.00,183136.00,2261092,0,14172048,86.24,1596,12039968,2515504,15.31,6371368,7288536,2534100,1618696,388468,3704,8024,31404,0,0,0.00,0,0.00,1,450,3.29,1.55,2.36,4,750.20,6448.00,183136.00,252.71,141.29,188.31,1.33,100.00,36.00,28.80,9.69,5.22,0.00,0.00,0.00,0.00
2018-01-06 05:04:24,64.96,0.00,7.04,13.77,0.15,0.00,0.00,0.00,0.00,14.08,23.80,2559.80,2993.80,0.00,0.00,1824.00,92307.20,18323.60,9.80,262782.60,0.00,0.00,0.00,0.00,754.60,31.40,723.20,3651.20,183156.80,6913496,0,9519644,57.93,1736,7808648,2559608,15.58,2193068,6922128,2092792,1310992,277080,3480,7244,31404,0,0,0.00,0,0.00,11,424,3.18,1.55,2.36,1,754.80,3651.20,183208.00,247.56,139.11,184.18,1.32,100.00,37.20,28.20,10.27,5.10,0.00,0.00,0.00,0.00
2018-01-06 05:04:29,81.91,0.00,7.76,5.65,0.00,0.00,1.46,0.00,0.00,3.23,10.60,3566.60,5632.80,0.00,0.00,23931.20,91049.60,3101.80,0.40,68999.00,0.00,0.00,0.00,0.00,910.40,194.80,715.60,47862.40,183123.20,6002140,0,10431000,63.48,1772,8251076,2704816,16.46,3042236,6990280,2013300,1780564,277536,3808,8232,31404,0,0,0.00,0,0.00,7,462,3.49,1.64,2.39,1,910.40,47862.40,183123.20,253.72,144.02,158.22,1.10,100.00,13658.40,3138.20,118973.86,215.15,0.00,0.00,0.00,9.75
2018-01-06 05:04:34,69.49,0.00,9.31,11.16,0.42,0.00,2.01,0.00,0.00,7.62,0.00,12368.00,10691.40,0.00,0.00,14989.60,91548.80,427.20,0.00,50449.00,0.00,0.00,0.00,0.00,840.40,123.80,716.60,29979.20,183200.00,5259540,0,11173600,67.99,1796,8995376,2725748,16.59,3718128,7056024,2265064,1777304,276728,3800,8236,31404,0,0,0.00,0,0.00,7,461,3.77,1.73,2.41,1,840.40,29979.20,183200.00,253.66,142.65,169.72,1.19,100.00,11827.20,4466.60,103203.89,302.29,0.00,0.00,0.00,8.45
2018-01-06 05:04:39,53.80,0.00,8.70,16.14,0.82,0.00,1.68,0.00,0.00,18.86,0.00,16515.00,14811.20,0.00,0.00,10042.40,90966.40,117.40,0.00,43668.60,0.00,0.00,0.00,0.00,798.40,81.20,717.20,20084.80,183166.40,4642424,0,11790716,71.75,1828,9596580,2691468,16.38,4288048,7089728,2390100,1779532,287704,3800,8236,31404,0,0,0.00,0,0.00,5,461,3.87,1.79,2.42,1,798.20,20084.80,183115.20,254.57,141.90,146.81,1.25,100.00,10454.80,4885.60,91532.22,328.82,0.00,0.00,0.00,7.50
2018-01-06 05:04:44,45.36,0.00,7.64,17.25,1.02,0.00,1.58,0.00,0.00,27.15,0.00,21856.80,17432.60,0.00,0.00,1251.20,92923.20,131.20,0.00,42207.20,0.00,0.00,0.00,0.00,733.80,10.20,723.60,2502.40,183128.00,4180420,0,12252720,74.56,1852,10050140,2675224,16.28,4738192,7090932,2378116,1777620,299072,3800,8232,31404,0,0,0.00,0,0.00,10,461,3.80,1.81,2.43,1,734.00,2502.40,183179.20,252.97,141.49,226.37,1.36,99.92,10427.00,5635.00,91530.85,375.67,0.00,0.00,0.00,7.50
2018-01-06 05:04:49,44.63,0.00,7.20,18.27,1.29,0.00,2.02,0.00,0.00,26.59,0.00,20926.60,20057.60,0.00,0.00,844.80,91073.60,145.40,0.00,42436.20,0.00,0.00,0.00,0.00,732.00,6.60,725.40,1689.60,183171.20,3739564,0,12693576,77.24,1876,10480020,2675224,16.28,5169268,7090076,2353928,1777772,310168,3800,8232,31404,0,0,0.00,0,0.00,3,461,3.66,1.81,2.42,1,731.80,1689.60,183120.00,252.54,139.18,190.10,1.37,100.00,10438.80,5789.00,91532.53,388.54,0.00,0.00,0.00,7.50
2018-01-06 05:04:54,41.10,0.00,7.12,22.68,1.26,0.00,1.66,0.00,0.00,26.18,0.20,21914.60,19335.20,0.00,0.00,1228.80,91688.00,230.00,0.00,42308.00,0.00,0.00,0.00,0.00,725.20,9.60,715.60,2457.60,183144.00,3256476,0,13176664,80.18,1896,10951736,2675224,16.28,5639980,7091140,2366216,1777692,322352,3808,8232,31404,0,0,0.00,0,0.00,2,462,3.52,1.81,2.42,1,725.20,2457.60,183144.00,255.93,140.28,192.69,1.38,100.00,10429.20,5682.20,91535.85,378.68,0.00,0.00,0.00,7.50
2018-01-06 05:04:59,38.40,0.00,5.88,20.64,1.41,0.00,2.04,0.00,0.00,31.62,0.00,20995.80,20248.80,0.00,0.00,845.60,91878.40,158.80,0.00,42529.40,0.00,0.00,0.00,0.00,723.80,6.80,717.00,1691.20,183156.80,2828652,0,13604488,82.79,1924,11367604,2675224,16.28,6057428,7090284,2323960,1778120,332644,3808,8232,31404,0,0,0.00,0,0.00,2,462,3.48,1.83,2.43,1,723.80,1691.20,183156.80,255.39,140.22,190.61,1.38,100.00,10438.40,5868.00,91528.65,394.13,0.00,0.00,0.00,7.50
2018-01-06 05:05:04,43.67,0.00,6.59,19.48,1.36,0.00,1.87,0.00,0.00,27.03,0.60,21727.60,20205.40,0.00,0.00,1294.40,90979.20,342.00,3.20,42224.40,0.00,0.00,0.00,0.00,731.20,14.60,716.60,2588.80,183153.60,2346436,0,14086704,85.72,1960,11838108,2675224,16.28,6526120,7091696,2338212,1778268,344856,3800,8232,31404,0,0,0.00,0,0.00,8,461,3.52,1.87,2.43,1,731.20,2588.80,183153.60,254.02,140.86,195.48,1.37,100.00,10441.00,5729.20,91536.73,383.79,0.00,0.00,0.00,7.50
2018-01-06 05:05:09,46.34,0.00,8.40,19.59,0.97,0.00,1.08,0.00,0.00,23.62,2.80,21650.00,17407.40,0.00,0.00,819.20,92186.40,125.60,0.00,42475.20,0.00,0.00,0.00,0.00,723.20,6.40,716.80,1638.40,183137.60,1841580,0,14591560,88.79,1984,12332608,2675224,16.28,7019832,7090704,2372952,1776152,357884,3800,8228,31404,0,0,0.00,0,0.00,1,461,3.40,1.87,2.43,1,723.20,1638.40,183137.60,255.50,140.73,193.38,1.38,100.00,10467.20,5807.60,91527.26,394.78,0.00,0.00,0.00,7.50
2018-01-06 05:05:14,43.19,0.00,6.28,16.38,1.07,0.00,1.79,0.00,0.00,31.30,1.00,19184.80,16968.00,0.00,0.00,9165.60,91364.00,141.80,0.00,44055.60,0.00,0.00,0.00,0.00,794.00,72.60,721.40,18331.20,183188.80,1386828,0,15046312,91.56,2008,12776288,2675224,16.28,7443116,7111512,2339096,1776688,368612,3832,8236,31404,0,0,0.00,0,0.00,3,465,3.29,1.87,2.43,1,794.00,18331.20,183188.80,253.80,142.10,180.97,1.26,100.00,10653.80,6320.40,91540.47,7121.50,0.00,0.00,0.00,7.50
2018-01-06 05:05:19,72.31,0.00,10.83,8.51,0.38,0.00,1.83,0.00,0.00,6.14,0.80,20085.40,13404.40,0.00,0.00,30408.80,91172.80,156.60,0.00,49075.80,0.00,0.00,0.00,0.00,959.20,242.00,717.20,60817.60,183124.80,709628,0,15723512,95.68,2036,13434092,2675224,16.28,8031316,7180836,2473504,1777040,384560,3856,8244,31404,0,0,0.00,0,0.00,11,468,3.91,2.02,2.47,1,959.20,60817.60,183124.80,254.32,145.47,151.70,1.04,100.00,11133.80,8589.60,91528.92,28722.29,0.00,0.00,0.00,7.50
2018-01-06 05:05:24,81.22,0.00,10.20,4.19,0.10,0.00,2.73,0.00,0.00,1.56,1.00,12211.60,10380.20,0.00,0.00,46227.20,91803.20,80.00,0.00,62570.00,4563.60,0.00,4441.00,97.31,1083.60,367.00,716.60,91920.00,183136.00,176256,0,16256884,98.93,2060,13956108,2658388,16.18,8580344,7152916,2614588,1776152,397800,3896,8252,31404,0,0,0.00,0,0.00,11,473,4.63,2.21,2.53,1,1084.20,92073.60,183136.00,253.84,149.12,137.46,0.92,100.00,11578.40,12103.00,88726.29,75556.62,0.00,0.00,0.00,7.27
2018-01-06 05:05:29,58.34,0.00,7.47,28.42,0.10,0.00,0.51,0.00,0.00,5.15,0.00,3649.20,9151.80,0.00,0.00,12822.40,91237.60,31.00,0.00,40398.80,24702.00,0.00,24492.60,99.15,824.60,107.20,717.40,26179.20,183140.80,171356,0,16261784,98.96,2048,13947264,2658388,16.18,8755660,6969016,2649560,1775380,409400,3800,8252,31404,0,0,0.00,0,0.00,6,461,4.98,2.32,2.57,3,824.20,26025.60,183192.00,253.84,142.52,173.12,1.21,100.00,3035.00,2888.20,22433.17,19579.78,0.00,0.00,0.00,1.84
2018-01-06 05:05:34,31.16,0.00,3.40,55.48,0.16,0.00,0.33,0.00,0.00,9.47,0.00,2267.80,3167.00,0.00,0.00,5114.40,91841.60,17.60,0.00,34101.80,18238.00,0.00,18181.40,99.69,759.40,43.00,716.40,10228.80,183177.60,164388,0,16268752,99.00,2048,13951572,2658388,16.18,8773728,6954336,2576876,1774996,418560,3728,8256,31404,0,0,0.00,0,0.00,2,452,5.14,2.40,2.59,5,759.20,10228.80,183126.40,254.68,141.06,185.71,1.32,100.00,3331.60,1743.60,26210.10,10119.10,0.00,0.00,0.00,2.15
2018-01-06 05:05:39,25.10,0.00,3.34,56.81,0.22,0.00,0.33,0.00,0.00,14.22,0.00,2101.20,3265.60,0.00,0.00,12208.80,91953.60,16.20,0.00,31575.80,17743.20,0.00,17666.20,99.57,816.00,99.20,716.80,24417.60,183142.40,169352,0,16263788,98.97,2012,13961880,2635236,16.04,8754520,6962552,2472932,1753872,424420,3720,8220,31404,0,0,0.00,0,0.00,3,451,5.21,2.46,2.61,3,816.00,24417.60,183142.40,254.36,142.73,174.89,1.23,100.00,2503.60,2060.40,18562.62,13883.04,0.00,0.00,0.00,1.52
2018-01-06 05:05:44,28.46,0.00,3.67,61.46,0.16,0.00,0.22,0.00,0.00,6.04,0.00,1729.20,2674.20,0.00,0.00,3522.40,91418.40,15.20,0.00,28254.20,17659.20,0.00,17644.20,99.92,749.40,28.20,721.20,7044.80,183104.00,159868,0,16273272,99.03,1992,13972600,2635236,16.04,8767724,6958592,2383324,1752312,424828,3720,8220,31404,0,0,0.00,0,0.00,2,451,5.28,2.52,2.63,4,749.40,7044.80,183104.00,253.73,140.86,187.85,1.33,99.84,2350.60,980.20,18947.73,4690.16,0.00,0.00,0.00,1.55
2018-01-06 05:05:49,26.56,0.00,4.17,54.63,0.22,0.00,0.11,0.00,0.00,14.31,0.00,1470.20,2104.20,0.00,0.00,819.20,91672.80,18.00,0.00,23587.40,20111.00,0.00,20111.00,100.00,724.00,6.40,717.60,1638.40,183163.20,167872,0,16265268,98.98,1908,13963132,2635236,16.04,8756840,6959944,2318636,1751728,426004,3656,8220,31404,0,0,0.00,0,0.00,2,443,5.25,2.56,2.64,3,724.00,1638.40,183163.20,255.25,140.78,193.89,1.38,100.00,787.80,252.00,6510.30,19.20,0.00,0.00,0.00,0.53
2018-01-06 05:05:54,30.71,0.00,3.57,46.83,0.11,0.00,0.00,0.00,0.00,18.79,0.20,1150.80,1926.40,0.00,0.00,1790.40,91476.00,14.80,0.00,22806.20,21391.00,0.00,21391.00,100.00,730.40,14.00,716.40,3580.80,183164.80,169300,0,16263840,98.97,1924,13972472,2619012,15.94,8753424,6961604,2299060,1740508,427024,3664,8216,31404,0,0,0.00,0,0.00,2,444,5.15,2.58,2.65,2,730.40,3580.80,183164.80,255.68,140.38,192.87,1.37,99.84,84.80,155.40,13.45,1133.25,0.00,0.00,0.00,0.09
2018-01-06 05:05:59,33.97,0.00,5.45,47.27,0.16,0.00,0.05,0.00,0.00,13.09,0.00,1197.80,2125.40,0.00,0.00,4906.40,91512.80,19.00,0.00,56990.80,8066.60,0.00,8066.60,100.00,759.60,38.80,720.80,9812.80,183128.00,793516,0,15639624,95.17,1956,13385612,2619012,15.94,8590480,6514292,2319456,1717360,413992,3656,8200,31404,0,0,0.00,0,0.00,2,443,5.06,2.60,2.65,3,759.60,9812.80,183128.00,254.00,139.02,182.98,1.32,99.92,147.60,457.40,17.78,3777.40,0.00,0.00,0.00,0.31
2018-01-06 05:06:04,33.33,0.00,6.05,44.01,0.16,0.00,0.05,0.00,0.00,16.40,0.00,1215.80,2090.00,0.00,0.00,4843.20,90544.00,17.40,0.00,95136.80,0.00,0.00,0.00,0.00,756.40,38.60,717.80,9686.40,183166.40,2183096,0,14250044,86.72,1976,12048012,2602584,15.84,8048172,5696280,2345580,1694752,384392,3632,8184,31404,0,0,0.00,0,0.00,1,440,4.98,2.63,2.66,3,756.40,9686.40,183166.40,254.96,141.40,181.20,1.32,100.00,114.00,458.60,16.16,3785.76,0.00,0.00,0.00,0.31
2018-01-06 05:06:09,35.22,0.00,4.49,50.77,0.16,0.00,0.00,0.00,0.00,9.36,0.40,1165.40,2126.60,0.00,0.00,5327.20,92394.40,24.80,0.00,2480.40,0.00,0.00,0.00,0.00,764.20,41.80,722.40,10654.40,183112.00,1728744,0,14704396,89.48,2000,12515448,2586108,15.74,8490876,5703116,2344876,1676672,388964,3632,8180,31404,0,0,0.00,0,0.00,2,440,4.90,2.65,2.67,2,764.40,10654.40,183163.20,253.56,141.27,189.86,1.31,100.00,126.00,541.40,17.13,4481.03,0.00,0.00,0.00,0.37
2018-01-06 05:06:14,55.20,0.00,6.29,26.52,0.21,0.05,0.32,0.00,0.00,11.41,2.80,4531.20,4298.00,0.00,0.00,16270.40,92152.00,1319.60,0.00,52467.20,0.00,0.00,0.00,0.00,856.00,132.40,723.60,32540.80,183134.40,2071836,0,14361304,87.39,2020,12171332,2552604,15.53,8028348,5831016,2340428,1687460,378804,3728,8212,31404,0,0,0.00,0,0.00,3,452,4.83,2.67,2.68,3,856.00,32540.80,183134.40,251.96,144.18,169.09,1.17,100.00,520.60,2129.40,44.79,18347.45,0.00,0.00,0.00,1.50
2018-01-06 05:06:19,51.08,0.00,5.13,31.37,0.22,0.00,0.38,0.00,0.00,11.83,1.60,8833.00,5027.80,0.00,0.00,11048.80,91257.60,806.40,0.00,16349.60,0.00,0.00,0.00,0.00,812.80,88.80,724.00,22097.60,183180.80,1554908,0,14878232,90.54,2048,12658052,2552604,15.53,8226416,6137508,2355700,1704448,390928,3720,8224,31404,0,0,0.00,0,0.00,1,452,5.00,2.74,2.70,3,812.80,22097.60,183180.80,252.56,142.31,175.11,1.23,100.00,365.60,1116.80,33.69,9448.99,0.00,0.00,0.00,0.77
2018-01-06 05:06:24,54.58,0.00,3.58,28.99,0.28,0.00,0.17,0.00,0.00,12.39,4.20,8050.40,4934.60,0.00,0.00,1951.20,91567.20,2635.80,0.00,46288.60,0.00,0.00,0.00,0.00,732.80,15.80,717.00,3902.40,183188.80,1547052,0,14886088,90.59,2068,12649144,2569988,15.64,7925008,6446656,2348540,1721104,390416,3784,8216,31404,0,0,0.00,0,0.00,3,459,5.24,2.83,2.73,4,732.60,3902.40,183137.60,255.31,140.91,188.29,1.37,100.00,156.20,251.60,21.06,1778.97,0.00,0.00,0.00,0.15
2018-01-06 05:06:29,50.26,0.00,2.88,34.22,0.24,0.00,0.24,0.00,0.00,12.17,3.40,9069.80,5789.60,0.00,0.00,26890.40,91504.00,430.00,0.00,30667.60,0.00,0.00,0.00,0.00,938.00,213.20,724.80,53136.00,183209.60,1025036,0,15408104,93.76,2092,13149836,2569988,15.64,7967576,6914376,2359112,1731148,402324,3784,8228,31404,0,0,0.00,0,0.00,8,459,5.38,2.90,2.75,4,938.40,53187.20,183260.80,251.97,143.67,156.05,1.07,100.08,702.40,3270.60,57.15,28158.92,0.00,0.00,0.00,2.31
2018-01-06 05:06:34,49.77,0.00,3.35,32.79,0.40,0.00,0.52,0.00,0.00,13.16,2.20,10034.20,6779.80,0.00,0.00,41532.00,91593.60,457.80,0.00,33238.80,0.00,0.00,0.00,0.00,1055.40,338.40,717.00,83708.80,183131.20,467908,0,15965232,97.15,2112,13685648,2569988,15.64,8010908,7417032,2373732,1741100,414068,3776,8236,31404,0,0,0.00,0,0.00,2,458,5.43,2.95,2.77,4,1055.00,83657.60,183080.00,252.83,146.27,138.76,0.95,99.92,904.00,4887.40,69.68,42355.70,0.00,0.00,0.00,3.47
2018-01-06 05:06:39,45.28,0.00,3.09,35.96,0.29,0.00,0.41,0.00,0.00,14.98,2.40,9923.20,6519.00,0.00,0.00,26604.80,91218.40,272.40,0.00,42058.60,10311.60,0.00,10226.80,99.18,931.00,213.60,717.40,53209.60,183158.40,169308,0,16263832,98.97,2136,13965812,2569988,15.64,8048336,7664604,2389048,1745200,425936,3776,8240,31404,0,0,0.00,0,0.00,1,458,6.04,3.12,2.82,4,931.00,53209.60,183158.40,253.89,145.34,156.23,1.07,100.00,776.60,4068.40,60.74,35333.48,0.00,0.00,0.00,2.89
2018-01-06 05:06:44,44.06,0.00,3.11,36.56,0.35,0.00,0.29,0.00,0.00,15.63,1.80,10051.60,6545.80,0.00,0.00,17680.00,90931.20,480.60,0.00,53353.80,23993.80,0.00,23717.80,98.85,860.00,143.80,716.20,35360.00,183118.40,167036,0,16266104,98.98,2156,13965240,2586240,15.74,8085268,7629608,2404892,1748676,428140,3776,8244,31404,0,0,0.00,0,0.00,0,458,6.03,3.17,2.84,4,860.20,35360.00,183169.60,254.05,143.09,156.85,1.16,99.92,560.40,2769.00,47.21,23918.47,0.00,0.00,0.00,1.96
2018-01-06 05:06:49,42.15,0.00,2.86,38.49,0.29,0.00,0.23,0.00,0.00,15.98,2.60,10506.60,5869.60,0.00,0.00,5141.60,92328.80,221.40,0.00,49626.20,23046.20,0.00,23028.20,99.92,766.60,42.80,723.80,10283.20,183145.60,166520,0,16266620,98.99,2172,13965344,2586240,15.74,8116856,7596740,2415832,1747044,429244,3776,8236,31404,0,0,0.00,0,0.00,1,458,5.95,3.20,2.85,4,766.60,10283.20,183145.60,252.32,139.78,193.01,1.30,100.00,305.60,1074.20,29.97,9060.26,0.00,0.00,0.00,0.74
2018-01-06 05:06:54,42.29,0.00,2.85,37.22,0.40,0.00,0.23,0.00,0.00,17.02,3.60,10199.40,6038.40,0.00,0.00,1251.20,91640.80,174.40,0.00,46096.60,23489.60,0.00,23489.60,100.00,726.40,10.40,716.00,2502.40,183192.00,159236,0,16273904,99.03,2196,13967528,2602288,15.84,8154256,7565408,2428288,1750612,430212,3784,8236,31404,0,0,0.00,0,0.00,0,459,5.87,3.23,2.86,4,726.20,2502.40,183140.80,255.64,140.96,187.26,1.38,100.00,43.00,34.00,11.23,6.67,0.00,0.00,0.00,0.00
2018-01-06 05:06:59,42.61,0.00,3.07,35.06,0.34,0.00,0.11,0.00,0.00,18.81,1.80,10991.00,6078.20,0.00,0.00,8634.40,91584.00,80.20,0.00,50083.00,25565.00,204.80,25540.40,99.11,788.20,70.00,718.20,17268.80,183104.00,166884,0,16266256,98.98,2208,13946968,2602288,15.84,8199044,7511640,2442416,1762304,431336,3784,8244,31404,0,0,0.00,0,0.00,1,459,5.81,3.26,2.87,4,788.20,17268.80,183104.00,254.22,141.85,186.09,1.27,100.08,184.00,835.20,19.92,7063.33,0.00,0.00,0.00,0.58
2018-01-06 05:07:04,38.51,0.00,2.18,42.46,0.46,0.00,0.23,0.00,0.00,16.16,2.40,9742.00,6549.20,0.00,0.00,6585.60,91219.20,89.60,0.00,47028.80,23238.40,0.00,23231.20,99.97,768.60,52.60,716.00,13171.20,183148.80,166548,0,16266592,98.99,2232,13948852,2602288,15.84,8230208,7480884,2443604,1760888,432376,3784,8244,31404,0,0,0.00,0,0.00,0,458,5.74,3.28,2.89,4,768.60,13171.20,183148.80,255.43,141.14,176.77,1.30,99.92,152.60,639.40,17.36,5337.63,0.00,0.00,0.00,0.44
2018-01-06 05:07:09,39.41,0.00,2.41,41.31,0.46,0.00,0.17,0.00,0.00,16.24,1.80,9317.20,6420.80,0.00,0.00,4706.40,91826.40,106.20,0.00,47616.80,23025.60,204.80,23230.40,100.00,758.40,37.40,721.00,9412.80,183198.40,161508,0,16271632,99.02,2244,13943332,2602288,15.84,8271356,7443476,2441268,1769768,433380,3776,8244,31404,0,0,0.00,0,0.00,1,458,5.76,3.33,2.90,4,758.40,9412.80,183198.40,253.97,141.20,193.22,1.32,100.08,155.60,507.00,18.55,4179.06,0.00,0.00,0.00,0.34
2018-01-06 05:07:14,39.18,0.00,2.57,40.72,0.40,0.00,0.06,0.00,0.00,17.08,1.80,9422.20,6443.00,0.00,0.00,2768.80,92188.80,59.40,0.00,46138.60,22641.20,0.00,22641.20,100.00,737.60,22.00,715.60,5537.60,183097.60,159876,0,16273264,99.03,2272,13942084,2602288,15.84,8306192,7409296,2438212,1772120,434376,3776,8248,31404,0,0,0.00,0,0.00,6,458,5.70,3.36,2.91,3,737.80,5537.60,183148.80,255.74,141.00,191.07,1.36,100.00,151.20,500.80,17.89,4124.93,0.00,0.00,0.00,0.34
2018-01-06 05:07:19,45.10,0.00,9.46,31.99,0.44,0.00,0.39,0.00,0.00,12.62,17.00,10482.00,8004.40,0.00,0.00,35814.40,89146.40,5349.00,0.00,285952.20,15789.60,409.60,16129.00,99.57,1009.40,291.00,718.40,71628.80,183176.00,4755708,0,11677432,71.06,2344,9883724,2540028,15.46,3922876,7264888,2038048,1301684,368836,3512,7116,31404,0,0,0.00,0,0.00,9,425,5.80,3.42,2.94,1,1009.40,71628.80,183176.00,252.43,146.98,146.32,0.99,100.00,885.00,3790.00,68.07,32646.24,0.00,0.00,0.00,2.67
2018-01-06 05:07:24,83.82,0.00,7.18,4.35,0.15,0.00,1.06,0.00,0.00,3.44,10.20,10557.40,7895.60,0.00,0.00,47082.40,93739.20,7753.00,0.00,41422.00,0.00,0.00,0.00,0.00,1101.80,383.00,718.80,94164.80,183158.40,4030708,0,12402432,75.47,2392,10157436,2622368,15.96,4394988,7513088,1788376,1749308,369212,3800,8080,31404,0,0,0.00,0,0.00,8,461,5.98,3.49,2.96,1,1101.60,94164.80,183107.20,251.70,148.60,134.22,0.91,100.00,4162.00,4316.20,26971.51,29118.44,0.00,0.00,0.00,2.39
2018-01-06 05:07:29,77.37,0.00,9.54,6.60,0.10,0.00,1.27,0.00,0.00,5.12,9.00,4975.00,6824.40,0.00,0.00,25340.80,91725.60,6431.00,0.00,168651.00,0.00,0.00,0.00,0.00,920.60,204.40,716.20,50681.60,183142.40,5908196,0,10524944,64.05,2432,8464008,2613036,15.90,2493700,7573884,1673856,1606152,330680,3696,7840,31404,0,0,0.00,0,0.00,5,448,5.82,3.50,2.97,1,920.60,50681.60,183142.40,253.99,145.04,157.49,1.09,100.00,8369.60,3803.40,64748.27,16546.44,0.00,0.00,0.00,5.30
2018-01-06 05:07:34,74.91,0.00,8.26,6.98,0.15,0.00,1.18,0.00,0.00,8.52,3.40,4586.40,6836.80,0.00,0.00,13884.00,91485.60,1960.20,0.00,59863.00,0.00,0.00,0.00,0.00,835.80,113.00,722.80,27768.00,183126.40,5121340,0,11311800,68.84,2456,9082764,2650660,16.13,3280996,7578904,1830720,1774752,330600,3792,8216,31404,0,0,0.00,0,0.00,5,460,6.08,3.59,3.00,1,836.00,27768.00,183177.60,252.33,142.32,170.35,1.20,100.00,12868.60,4148.80,107220.56,6577.41,0.00,0.00,0.00,8.78
2018-01-06 05:07:39,63.96,0.00,7.97,11.72,0.31,0.00,1.25,0.00,0.00,14.79,0.00,7403.20,8743.80,0.00,0.00,8555.20,91556.80,53.80,0.00,62369.00,0.00,0.00,0.00,0.00,797.00,69.60,727.40,17110.40,183113.60,4510824,0,11922316,72.55,2480,9700176,2650660,16.13,3894980,7574536,1995276,1766888,330480,3792,8204,31404,0,0,0.00,0,0.00,0,460,5.91,3.60,3.01,1,796.80,17110.40,183062.40,251.22,140.63,176.45,1.26,100.00,14867.40,5429.20,126532.94,4488.63,0.00,0.00,0.00,10.37
2018-01-06 05:07:44,45.06,0.00,7.79,16.88,1.19,0.00,2.32,0.00,0.00,26.76,0.00,21515.80,19013.60,0.00,0.00,1956.80,91638.40,27.40,0.00,42955.60,0.00,0.00,0.00,0.00,735.00,15.80,719.20,3913.60,183182.40,4017000,0,12416140,75.56,2500,10194328,2634316,16.03,4391356,7572184,2033744,1767020,330564,3792,8204,31404,0,0,0.00,0,0.00,2,460,5.84,3.62,3.02,1,735.00,3913.60,183182.40,254.55,140.71,189.57,1.36,100.00,10581.40,5789.40,91542.39,2107.86,0.00,0.00,0.00,7.50
2018-01-06 05:07:49,37.02,0.00,6.16,19.45,1.14,0.00,1.60,0.00,0.00,34.63,0.00,22317.60,18419.20,0.00,0.00,1229.60,91226.40,26.80,0.00,42234.60,0.00,0.00,0.00,0.00,727.40,9.80,717.60,2459.20,183137.60,3576960,0,12856180,78.23,2528,10625240,2634316,16.03,4820476,7573240,2007748,1766160,340240,3792,8204,31404,0,0,0.00,0,0.00,4,460,5.85,3.66,3.03,1,727.60,2459.20,183188.80,255.15,140.70,195.39,1.37,100.00,10464.80,5813.60,91530.90,390.68,0.00,0.00,0.00,7.50
2018-01-06 05:07:54,42.69,0.00,7.28,21.17,1.24,0.00,2.03,0.00,0.00,25.58,0.20,21843.20,18703.80,0.00,0.00,844.80,91384.80,22.60,0.00,42054.60,0.00,0.00,0.00,0.00,723.20,6.60,716.60,1689.60,183203.20,3104480,0,13328660,81.11,2556,11081740,2634316,16.03,5277912,7572388,2008396,1766292,351984,3800,8204,31404,0,0,0.00,0,0.00,6,461,5.86,3.70,3.05,1,723.00,1689.60,183152.00,255.66,140.63,194.53,1.38,100.00,10479.40,5650.60,91539.70,378.35,0.00,0.00,0.00,7.50
2018-01-06 05:07:59,47.99,0.00,7.25,17.39,0.91,0.00,1.64,0.00,0.00,24.82,0.00,21401.20,16283.20,0.00,0.00,819.20,91463.20,26.60,0.00,42316.40,0.00,0.00,0.00,0.00,727.40,6.40,721.00,1638.40,183128.00,2633588,0,13799552,83.97,2576,11544396,2634316,16.03,5740708,7572412,2013824,1766312,363952,3800,8204,31404,0,0,0.00,0,0.00,2,461,5.55,3.67,3.04,1,727.40,1638.40,183128.00,254.01,138.57,190.44,1.37,100.00,10479.60,5705.60,91527.55,384.53,0.00,0.00,0.00,7.50
2018-01-06 05:08:04,42.34,0.00,7.68,18.28,1.51,0.00,2.97,0.00,0.00,27.20,0.00,20631.00,22094.20,0.00,0.00,1228.80,92121.60,18.80,0.00,42259.80,0.00,0.00,0.00,0.00,727.20,9.60,717.60,2457.60,183113.60,2183132,0,14250008,86.72,2600,11984936,2617976,15.93,6178180,7573476,1992960,1764292,375060,3792,8204,31404,0,0,0.00,0,0.00,5,460,5.51,3.70,3.05,1,727.40,2457.60,183164.80,255.19,141.08,193.06,1.37,100.00,10465.40,5678.00,91531.32,379.67,0.00,0.00,0.00,7.50
2018-01-06 05:08:09,39.52,0.00,7.20,22.20,1.46,0.00,3.04,0.00,0.00,26.59,0.00,20740.00,21025.00,0.00,0.00,820.00,91550.40,22.40,0.00,42131.00,0.00,0.00,0.00,0.00,723.20,6.60,716.60,1640.00,183158.40,1735356,0,14697784,89.44,2628,12421592,2617976,15.93,6615916,7572496,1972984,1764384,386252,3792,8204,31404,0,0,0.00,0,0.00,1,460,5.55,3.73,3.07,1,723.00,1640.00,183107.20,255.53,140.47,195.14,1.38,100.00,10458.80,5657.80,91526.02,378.80,0.00,0.00,0.00,7.50
2018-01-06 05:08:14,44.16,0.00,7.83,28.04,1.09,0.00,1.15,0.00,0.00,17.73,0.80,22012.20,17307.00,0.00,0.00,1254.40,91574.40,42.00,0.00,42538.40,0.00,0.00,0.00,0.00,725.80,9.80,716.00,2508.80,183188.80,1237280,0,15195860,92.47,2652,12914440,2617976,15.93,7100096,7573672,2006764,1757312,399472,3824,8212,31404,0,0,0.00,0,0.00,4,464,5.26,3.70,3.06,1,725.80,2508.80,183188.80,255.85,140.82,193.55,1.38,100.00,10469.00,5448.40,91546.27,363.57,0.00,0.00,0.00,7.50
2018-01-06 05:08:19,77.29,0.00,11.04,4.68,0.21,0.00,2.10,0.00,0.00,4.68,0.80,16927.20,10506.60,0.00,0.00,819.20,91622.40,87.40,0.00,42561.40,0.00,0.00,0.00,0.00,724.20,6.40,717.80,1638.40,183148.80,599388,0,15833752,96.35,2676,13529212,2617976,15.93,7722376,7572756,2165052,1763680,416760,3856,8220,31404,0,0,0.00,0,0.00,5,468,5.32,3.74,3.08,2,724.20,1638.40,183148.80,255.16,141.37,186.72,1.38,100.00,10498.80,4545.60,91531.84,306.01,0.00,0.00,0.00,7.50
2018-01-06 05:08:24,85.62,0.00,9.54,1.66,0.10,0.00,1.31,0.00,0.00,1.77,1.00,6289.00,5942.20,0.00,0.00,1228.80,91800.80,48.40,0.00,54421.20,14503.80,0.00,14503.80,100.00,726.20,9.60,716.60,2457.60,183145.60,149132,0,16284008,99.09,2704,13970548,2597456,15.81,8442884,7283340,2436504,1753220,434656,3808,8212,31404,0,0,0.00,0,0.00,8,462,5.86,3.88,3.13,1,726.20,2457.60,183145.60,255.58,140.64,202.64,1.38,100.00,9768.60,2386.60,84558.56,162.10,0.00,0.00,0.00,6.93
2018-01-06 05:08:29,83.06,0.00,8.65,5.87,0.00,0.00,0.40,0.00,0.00,2.02,0.00,3282.40,6535.20,0.00,0.00,845.60,91635.20,44.60,0.00,52177.40,35274.80,0.00,35274.80,100.00,726.80,6.80,720.00,1691.20,183116.80,165668,0,16267472,98.99,2712,13953736,2597456,15.81,8748332,6960892,2667972,1753120,436296,3744,8212,31404,0,0,0.00,0,0.00,1,454,5.87,3.92,3.14,5,726.80,1691.20,183116.80,254.28,138.65,190.78,1.38,100.00,4013.20,722.80,34639.68,50.04,0.00,0.00,0.00,2.84
2018-01-06 05:08:34,33.26,0.00,3.93,54.48,0.16,0.00,0.32,0.00,0.00,7.85,0.00,1764.20,4284.40,0.00,0.00,1228.80,91395.20,18.40,0.00,27211.80,18087.00,0.00,17726.00,98.00,727.40,9.60,717.80,2457.60,183156.80,165144,0,16267996,99.00,2000,13964652,2597456,15.81,8745088,6964336,2574764,1743096,437232,3720,8196,31404,0,0,0.00,0,0.00,3,451,5.88,3.95,3.16,3,727.60,2457.60,183208.00,255.18,140.96,193.77,1.37,100.00,2172.80,511.40,18631.71,35.72,0.00,0.00,0.00,1.53
2018-01-06 05:08:39,23.29,0.00,3.19,51.05,0.17,0.00,0.06,0.00,0.00,22.25,0.00,1529.00,2097.40,0.00,0.00,820.00,91196.80,16.00,0.00,22133.60,18774.20,0.00,18773.80,100.00,723.20,6.60,716.60,1640.00,183100.80,165168,0,16267972,98.99,1796,13974712,2597456,15.81,8744396,6965384,2505588,1733556,437208,3656,8196,31404,0,0,0.00,0,0.00,1,443,5.81,3.97,3.17,3,723.20,1640.00,183100.80,255.45,140.65,194.25,1.38,100.00,560.80,208.60,4564.16,16.10,0.00,0.00,0.00,0.37
2018-01-06 05:08:44,22.80,0.00,3.02,56.48,0.11,0.00,0.05,0.00,0.00,17.53,0.00,1193.40,1809.40,0.00,0.00,1232.80,91594.40,11.40,0.00,19719.20,18871.00,0.00,18870.00,99.99,726.00,9.80,716.20,2465.60,183190.40,156052,0,16277088,99.05,1620,13992972,2597456,15.81,8751344,6968844,2441776,1726028,436288,3656,8192,31404,0,0,0.00,0,0.00,3,443,5.74,3.98,3.18,2,726.00,2465.60,183190.40,255.72,141.00,194.46,1.38,100.00,31.20,20.40,9.36,3.53,0.00,0.00,0.00,0.00
2018-01-06 05:08:49,24.93,0.00,4.57,51.40,0.22,0.00,0.00,0.00,0.00,18.88,0.00,1165.60,1851.00,0.00,0.00,819.20,91520.80,16.80,0.00,57606.40,10286.00,0.00,10285.40,99.99,728.60,6.40,722.20,1638.40,183131.20,871148,0,15561992,94.70,1636,13299444,2597456,15.81,8189784,6830016,2413776,1718800,421188,3648,8188,31404,0,0,0.00,0,0.00,2,442,5.60,3.99,3.18,2,728.60,1638.40,183131.20,253.60,138.86,187.49,1.37,100.00,26.60,18.40,8.00,3.12,0.00,0.00,0.00,0.00
2018-01-06 05:08:54,28.80,0.00,4.39,51.40,0.11,0.00,0.00,0.00,0.00,15.30,0.20,1132.80,1843.40,0.00,0.00,1229.60,91772.80,20.20,0.00,48659.60,0.00,0.00,0.00,0.00,728.00,9.80,718.20,2459.20,183184.00,1398852,0,15034288,91.49,1668,12813560,2564036,15.60,7833592,6672668,2386568,1691604,405976,3648,8184,31404,0,0,0.00,0,0.00,1,442,5.48,3.99,3.19,3,727.80,2459.20,183132.80,255.00,140.60,195.18,1.37,99.92,27.80,20.60,8.49,3.24,0.00,0.00,0.00,0.00
2018-01-06 05:08:59,34.67,0.00,4.51,47.94,0.17,0.00,0.11,0.00,0.00,12.60,1.20,2352.00,2613.60,0.00,0.00,409.60,91124.80,1980.00,0.00,18778.40,0.00,0.00,0.00,0.00,724.00,3.20,720.80,819.20,183116.80,1264676,0,15168464,92.30,1696,12960724,2564036,15.60,8022476,6615556,2357612,1676184,407268,3696,8212,31404,0,0,0.00,0,0.00,1,448,5.36,3.99,3.19,5,724.00,819.20,183116.80,254.06,138.87,190.28,1.38,100.00,22.20,17.80,6.66,2.85,0.00,0.00,0.00,0.00
2018-01-06 05:09:04,35.20,0.00,4.44,45.20,0.28,0.00,0.00,0.00,0.00,14.88,1.00,4136.00,3159.20,0.00,0.00,1660.80,92120.80,237.20,0.00,54904.40,0.00,0.00,0.00,0.00,733.00,13.60,719.40,3321.60,183134.40,1749428,0,14683712,89.35,1716,12493940,2547960,15.51,7538556,6627944,2349472,1671436,394104,3680,8212,31404,0,0,0.00,0,0.00,3,446,5.25,3.99,3.20,3,733.20,3321.60,183185.60,254.37,141.53,195.60,1.36,100.00,29.40,24.20,8.81,4.39,0.00,0.00,0.00,0.00
2018-01-06 05:09:09,37.92,0.00,4.24,42.33,0.16,0.00,0.00,0.00,0.00,15.34,1.20,4546.60,3242.00,0.00,0.00,1399.20,91537.60,118.40,0.00,8052.80,0.00,0.00,0.00,0.00,735.40,11.00,724.40,2798.40,183187.20,1268796,0,15164344,92.28,1740,12966508,2547960,15.51,7860496,6775224,2363012,1667680,406260,3680,8216,31404,0,0,0.00,0,0.00,1,446,5.15,3.99,3.20,4,735.20,2798.40,183136.00,252.90,139.31,189.30,1.36,100.00,39.00,33.40,9.98,42.56,0.00,0.00,0.00,0.00
2018-01-06 05:09:14,52.64,0.00,5.11,30.33,0.27,0.00,0.33,0.00,0.00,11.32,3.00,7129.20,4918.20,0.00,0.00,16596.00,91870.40,1410.20,0.00,41119.60,0.00,0.00,0.00,0.00,859.00,133.80,725.20,33192.00,183168.00,1228268,0,15204872,92.53,1764,12993252,2547960,15.51,7777696,6897572,2362768,1681144,405780,3728,8224,31404,0,0,0.00,0,0.00,1,452,5.06,3.99,3.20,3,859.00,33192.00,183168.00,251.87,140.70,164.06,1.16,100.00,366.60,1687.00,30.15,14482.44,0.00,0.00,0.00,1.19
2018-01-06 05:09:19,61.01,0.00,4.24,22.63,0.28,0.00,0.33,0.00,0.00,11.51,3.60,9538.00,5652.80,0.00,0.00,5776.80,90683.20,1203.20,0.00,40687.20,0.00,0.00,0.00,0.00,763.40,46.00,717.40,11553.60,183134.40,1104428,0,15328712,93.28,1788,13087976,2547960,15.51,7472456,7324212,2373452,1707144,407892,3776,8232,31404,0,0,0.00,0,0.00,1,458,5.13,4.02,3.22,3,763.60,11553.60,183185.60,255.03,140.63,180.18,1.31,100.00,195.40,794.60,17.94,6762.42,0.00,0.00,0.00,0.55
2018-01-06 05:09:24,45.49,0.00,2.35,36.93,0.29,0.00,0.06,0.00,0.00,14.88,2.00,8239.60,4762.80,0.00,0.00,1228.80,92440.80,485.00,0.00,22346.00,0.00,0.00,0.00,0.00,735.60,9.60,726.00,2457.60,183164.80,622052,0,15811088,96.21,1812,13552848,2547960,15.51,7512516,7756080,2375772,1714088,420080,3784,8232,31404,0,0,0.00,0,0.00,10,459,5.12,4.03,3.23,2,735.60,2457.60,183164.80,252.34,138.91,196.58,1.36,100.00,23.60,20.00,6.51,3.71,0.00,0.00,0.00,0.00
2018-01-06 05:09:29,46.44,0.00,2.93,33.75,0.29,0.00,0.11,0.00,0.00,16.48,1.80,9152.60,4962.20,0.00,0.00,819.20,91293.60,422.20,0.00,26433.00,2989.40,0.00,2989.40,100.00,722.40,6.40,716.00,1638.40,183150.40,175272,0,16257868,98.93,1836,13978872,2547960,15.51,7554272,8147464,2406196,1721436,432240,3784,8236,31404,0,0,0.00,0,0.00,1,459,5.11,4.05,3.24,4,722.20,1638.40,183099.20,255.80,140.53,190.80,1.38,99.92,20.20,17.20,5.45,3.29,0.00,0.00,0.00,0.00
2018-01-06 05:09:34,46.84,0.00,3.07,35.69,0.28,0.00,0.11,0.00,0.00,14.00,1.80,10021.20,5488.20,0.00,0.00,1255.20,91286.40,572.20,0.00,46765.60,23940.60,0.00,23940.60,100.00,727.00,10.00,717.00,2510.40,183140.80,164368,0,16268772,99.00,1852,13981988,2547960,15.51,7597252,8115916,2430792,1730340,432340,3776,8236,31404,0,0,0.00,0,0.00,4,458,5.10,4.07,3.25,3,727.20,2510.40,183192.00,255.37,141.02,191.77,1.38,100.00,22.60,19.00,6.40,3.59,0.00,0.00,0.00,0.00
2018-01-06 05:09:39,43.14,0.00,2.26,36.83,0.41,0.00,0.06,0.00,0.00,17.31,2.60,9463.60,5790.80,0.00,0.00,819.20,91597.60,349.60,0.00,47874.00,24484.20,0.00,24484.20,100.00,723.20,6.40,716.80,1638.40,183139.20,173164,0,16259976,98.95,1868,13964740,2547960,15.51,7638760,8065244,2446256,1737712,432444,3776,8244,31404,0,0,0.00,0,0.00,1,458,5.10,4.08,3.26,4,723.00,1638.40,183088.00,255.50,140.76,196.87,1.38,100.00,26.00,22.40,7.21,4.16,0.00,0.00,0.00,0.00
2018-01-06 05:09:44,39.97,0.00,2.38,38.66,0.40,0.00,0.11,0.00,0.00,18.48,3.00,9771.20,6169.00,0.00,0.00,1228.80,91759.20,345.20,0.00,44466.20,22714.40,0.00,22714.40,100.00,730.20,9.60,720.60,2457.60,183160.00,164468,0,16268672,99.00,1884,13968136,2547960,15.51,7676664,8035452,2444508,1743276,432504,3776,8244,31404,0,0,0.00,0,0.00,1,458,5.01,4.08,3.26,4,730.20,2457.60,183160.00,254.20,138.63,189.91,1.37,100.00,22.00,19.80,6.02,3.78,0.00,0.00,0.00,0.00
2018-01-06 05:09:49,38.46,0.00,2.33,41.24,0.45,0.00,0.11,0.00,0.00,17.41,2.40,9474.20,6455.40,0.00,0.00,844.80,91250.40,226.40,0.00,46463.80,23767.60,0.00,23767.60,100.00,722.40,6.60,715.80,1689.60,183166.40,176436,0,16256704,98.93,1892,13951604,2547960,15.51,7714416,7986728,2448512,1747668,432380,3776,8248,31404,0,0,0.00,0,0.00,1,458,5.01,4.10,3.27,4,722.40,1689.60,183166.40,255.89,140.62,194.66,1.38,100.00,28.60,26.80,7.67,4.58,0.00,0.00,0.00,0.00
2018-01-06 05:09:54,35.30,0.00,2.14,44.77,0.46,0.00,0.00,0.00,0.00,17.33,2.00,8911.40,6447.40,0.00,0.00,820.00,92268.00,95.60,0.00,44606.60,21930.00,0.00,21930.00,100.00,728.00,6.60,721.40,1640.00,183153.60,157740,0,16275400,99.04,1912,13970836,2547960,15.51,7747468,7972412,2444816,1748092,432492,3784,8248,31404,0,0,0.00,0,0.00,1,459,5.09,4.13,3.28,4,728.00,1640.00,183153.60,253.84,138.46,191.27,1.37,100.00,18.40,17.60,4.42,3.33,0.00,0.00,0.00,0.00
2018-01-06 05:09:59,35.94,0.00,4.16,39.76,0.46,0.00,0.11,0.00,0.00,19.57,2.00,8934.00,6389.20,0.00,0.00,1228.80,91000.80,71.40,0.00,143116.60,21842.80,0.00,21842.80,100.00,725.40,9.60,715.80,2457.60,183128.00,2119624,0,14313516,87.10,1928,12033424,2547960,15.51,6100960,7682432,2277952,1748520,407100,3784,8248,31404,0,0,0.00,0,0.00,2,459,5.08,4.14,3.29,3,725.40,2457.60,183128.00,255.84,140.71,192.89,1.38,100.00,19.40,18.20,4.78,3.37,0.00,0.00,0.00,0.00
2018-01-06 05:10:04,50.61,0.00,4.45,31.18,0.72,0.00,0.11,0.00,0.00,12.92,5.40,12762.20,8945.60,0.00,0.00,916.80,91518.40,366.80,2.00,36897.00,0.00,0.00,0.00,0.00,726.60,10.80,715.80,1833.60,183132.80,1897496,0,14535644,88.45,1960,12537232,2251188,13.70,5845848,8162600,2325640,1469632,405856,3512,7244,31404,0,0,0.00,0,0.00,4,425,4.99,4.14,3.30,1,726.60,1833.60,183132.80,254.56,140.74,186.19,1.38,100.08,20.40,19.60,5.01,3.87,0.00,0.00,0.00,0.00
2018-01-06 05:10:09,45.21,0.00,3.72,31.62,0.79,0.00,0.23,0.00,0.00,18.43,2.40,12418.20,8534.60,0.00,0.00,1228.80,91497.60,63.00,0.00,20568.60,0.00,0.00,0.00,0.00,729.00,9.60,719.40,2457.60,183206.40,1398480,0,15034660,91.49,1980,13035196,2251188,13.70,5880352,8625364,2362740,1469124,406532,3512,7244,31404,0,0,0.00,0,0.00,5,425,4.91,4.14,3.30,2,729.00,2457.60,183206.40,254.68,141.10,200.92,1.37,100.00,16.80,16.20,3.88,3.27,0.00,0.00,0.00,0.00
2018-01-06 05:10:14,15.90,0.00,5.06,27.01,0.47,0.00,0.05,0.00,0.00,51.50,7.00,5503.80,5179.20,0.00,0.00,823.20,91842.40,643.60,0.00,252650.60,0.00,0.00,0.00,0.00,722.80,7.20,715.60,1646.40,183121.60,6115180,0,10317960,62.79,2008,8957016,1654416,10.07,1339256,8515424,1721948,895688,343216,2984,5248,31404,0,0,0.00,0,0.00,0,359,4.68,4.10,3.29,1,722.80,1646.40,183121.60,255.63,140.88,194.83,1.38,100.00,25.60,25.60,5.28,4.43,0.00,0.00,0.00,0.00
2018-01-06 05:10:19,0.20,0.00,0.15,14.03,0.10,0.00,0.00,0.00,0.00,85.52,0.00,463.20,758.80,0.00,0.00,1255.20,53283.20,10.00,0.00,531.40,0.00,0.00,0.00,0.00,465.20,10.00,455.20,2510.40,113683.20,6115164,0,10317976,62.79,2024,8958104,1654416,10.07,1339376,8516412,1455480,895756,343216,2984,5248,31404,0,0,0.00,0,0.00,1,359,4.39,4.05,3.28,0,465.20,2510.40,113683.20,249.77,84.80,188.64,1.33,62.08,14.20,12.40,3.43,2.17,0.00,0.00,0.00,0.00
2018-01-06 05:10:24,0.25,0.00,0.10,10.88,0.10,0.00,0.00,0.00,0.00,88.67,0.00,500.40,792.00,0.00,0.00,819.20,60656.80,14.60,0.00,488.40,0.00,0.00,0.00,0.00,452.60,6.40,446.20,1638.40,113734.40,6119024,0,10314116,62.76,2040,8957244,1654416,10.07,1336336,8515612,1152616,892676,343136,2984,5244,31404,0,0,0.00,0,0.00,0,359,4.03,3.98,3.27,1,452.80,1638.40,113785.60,254.91,57.87,118.08,0.93,42.24,13.20,12.00,2.90,2.16,0.00,0.00,0.00,0.00
2018-01-06 05:10:29,0.15,0.00,0.35,25.16,0.20,0.00,0.00,0.00,0.00,74.13,0.40,523.60,1067.40,0.00,0.00,1228.80,91229.60,16.00,0.00,354.40,0.00,0.00,0.00,0.00,725.60,9.60,716.00,2457.60,183177.60,6118708,0,10314432,62.77,2064,8958496,1654416,10.07,1336468,8516588,696484,892740,343132,2976,5244,31404,0,0,0.00,0,0.00,1,359,3.87,3.95,3.26,1,725.40,2457.60,183126.40,255.84,140.75,196.06,1.38,100.00,18.40,16.80,4.22,2.75,0.00,0.00,0.00,0.00
2018-01-06 05:10:34,0.10,0.00,0.35,21.99,0.10,0.00,0.00,0.00,0.00,77.46,0.80,524.60,1009.00,0.00,0.00,819.20,80270.40,20.80,0.00,360.20,0.00,0.00,0.00,0.00,660.60,6.40,654.20,1638.40,167401.60,6118784,0,10314356,62.77,2084,8957392,1654416,10.07,1336556,8515616,295128,892744,343116,2992,5244,31404,0,0,0.00,0,0.00,1,360,3.64,3.90,3.25,0,660.60,1638.40,167401.60,255.89,125.52,194.45,1.38,91.36,19.00,18.80,3.60,3.11,0.00,0.00,0.00,0.00
2018-01-06 05:10:39,0.10,0.00,0.20,3.06,0.05,0.00,0.00,0.00,0.00,96.59,0.00,445.80,530.40,0.00,0.00,1254.40,33553.60,9.60,0.00,408.20,0.00,0.00,0.00,0.00,245.20,9.80,235.40,2508.80,60131.20,6116240,0,10316900,62.78,2096,8958584,1654416,10.07,1334700,8516828,127548,892912,343116,2992,5244,31404,0,0,0.00,0,0.00,0,360,3.35,3.84,3.23,1,245.20,2508.80,60131.20,255.46,18.09,58.10,0.54,13.36,10.60,10.20,1.79,1.96,0.00,0.00,0.00,0.00
2018-01-06 05:10:44,1.71,0.00,0.20,3.63,0.15,0.00,0.00,0.00,0.00,94.31,4.20,1268.00,1363.00,0.00,0.00,1944.80,13408.80,109.20,0.40,868.80,0.00,0.00,0.00,0.00,160.80,27.80,133.00,3889.60,33793.60,6108220,0,10324920,62.83,2216,8968684,1654416,10.07,1336404,8526340,66112,892292,343108,3000,5244,31404,0,0,0.00,0,0.00,2,344,3.08,3.77,3.21,0,160.80,3889.60,33793.60,234.35,23.71,171.34,1.20,19.36,63.40,65.60,9.83,13.88,0.00,0.00,0.00,0.00
