timestamp,cpu.%usr,cpu.%nice,cpu.%sys,cpu.%iowait,cpu.%steal,cpu.%irq,cpu.%soft,cpu.%guest,cpu.%gnice,cpu.%idle,task.proc/s,task.cswch/s,intr.intr/s,swap.pswpin/s,swap.pswpout/s,paging.pgpgin/s,paging.pgpgout/s,paging.fault/s,paging.majflt/s,paging.pgfree/s,paging.pgscank/s,paging.pgscand/s,paging.pgsteal/s,paging.%vmeff,io.tps,io.rtps,io.wtps,io.bread/s,io.bwrtn/s,memory.kbmemfree,memory.kbavail,memory.kbmemused,memory.%memused,memory.kbbuffers,memory.kbcached,memory.kbcommit,memory.%commit,memory.kbactive,memory.kbinact,memory.kbdirty,memory.kbanonpg,memory.kbslab,memory.kbkstack,memory.kbpgtbl,memory.kbvmused,swap.kbswpfree,swap.kbswpused,swap.%swpused,swap.kbswpcad,swap.%swpcad,load.runq-sz,load.plist-sz,load.ldavg-1,load.ldavg-5,load.ldavg-15,load.blocked,disk.tps,disk.rd_sec/s,disk.wr_sec/s,disk.avgrq-sz,disk.avgqu-sz,disk.await,disk.svctm,disk.%util,network.rxpck/s,network.txpck/s,network.rxkB/s,network.txkB/s,network.rxcmp/s,network.txcmp/s,network.rxmcst/s,network.%ifutil
2018-01-07 00:57:27,0.50,0.00,0.20,0.00,0.10,0.00,0.00,0.00,0.00,99.20,0.20,280.40,169.00,0.00,0.00,0.00,23.20,562.80,0.00,6454.00,0.00,0.00,0.00,0.00,0.40,0.00,0.40,0.00,46.40,7062552,0,1113056,13.61,30244,404732,1047544,12.81,730024,272340,73968,567396,43048,2016,3384,18156,0,0,0.00,0,0.00,0,238,1.99,1.59,1.45,0,0.40,0.00,46.40,116.00,0.00,0.00,0.00,0.00,3.00,4.40,0.33,0.67,0.00,0.00,0.00,0.00
2018-01-07 00:57:32,3.73,0.00,1.61,0.00,0.00,0.00,0.00,0.00,0.00,94.66,28.80,607.00,540.40,0.00,0.00,0.00,28.80,15459.60,0.00,4953.20,0.00,0.00,0.00,0.00,1.80,0.00,1.80,0.00,57.60,7051592,0,1124016,13.75,30256,404772,1057560,12.94,740196,272376,73960,577544,43116,2064,4388,18156,0,0,0.00,0,0.00,0,244,1.83,1.57,1.44,0,1.80,0.00,57.60,32.00,0.00,0.00,0.00,0.00,16.00,16.60,3.23,2.86,0.00,0.00,0.00,0.00
2018-01-07 00:57:37,0.00,0.00,0.10,0.50,0.00,0.00,0.00,0.00,0.00,99.40,0.00,239.40,210.60,0.00,0.00,0.00,7296.00,8.00,0.00,34.60,0.00,0.00,0.00,0.00,63.40,0.00,63.40,0.00,14592.00,7051560,0,1124048,13.75,30268,404796,1057560,12.94,740212,272400,37608,577548,43180,2064,4388,18156,0,0,0.00,0,0.00,0,244,1.68,1.54,1.43,0,63.40,0.00,14592.00,230.16,2.33,36.81,0.32,2.00,4.60,5.80,0.34,0.98,0.00,0.00,0.00,0.00
2018-01-07 00:57:42,0.10,0.00,0.00,0.00,0.10,0.00,0.00,0.00,0.00,99.80,0.00,228.20,144.60,0.00,0.00,0.00,7.20,7.80,0.00,35.00,0.00,0.00,0.00,0.00,0.80,0.00,0.80,0.00,14.40,7051344,0,1124264,13.75,30268,404820,1057560,12.94,740220,272416,37596,577548,43180,2064,4388,18156,0,0,0.00,0,0.00,0,244,1.55,1.52,1.43,0,0.80,0.00,14.40,18.00,0.00,0.00,0.00,0.00,5.00,6.40,0.39,1.12,0.00,0.00,0.00,0.00
2018-01-07 00:57:47,1.51,0.00,0.40,0.60,0.10,0.00,0.00,0.00,0.00,97.38,7.78,458.88,392.81,0.00,0.00,0.00,7467.47,827.74,0.00,400.60,0.00,0.00,0.00,0.00,59.48,0.00,59.48,0.00,14934.93,7049300,0,1126308,13.78,30276,405456,1057560,12.94,741040,273044,892,578380,44104,2096,4388,18156,0,0,0.00,0,0.00,8,254,1.42,1.49,1.42,0,59.48,0.00,14934.93,251.09,2.66,44.67,0.44,2.63,26.55,28.14,74.17,56.54,0.00,0.00,0.00,0.01
2018-01-07 00:57:52,96.90,0.00,2.50,0.00,0.00,0.00,0.00,0.00,0.00,0.60,11.20,1082.20,802.60,0.00,0.00,0.00,62.40,11212.40,0.00,4853.80,0.00,0.00,0.00,0.00,1.40,0.00,1.40,0.00,124.80,6838000,0,1337608,16.36,30288,405620,1528608,18.70,949684,273072,1288,786904,43852,2416,5600,18156,0,0,0.00,0,0.00,4,288,1.63,1.53,1.43,0,1.40,0.00,124.80,89.14,0.01,10.29,5.14,0.72,47.20,63.20,3.54,360.98,0.00,0.00,0.00,0.03
2018-01-07 00:57:57,97.50,0.00,2.20,0.00,0.00,0.00,0.10,0.00,0.00,0.20,4.40,1657.00,912.80,0.00,0.00,0.00,59.20,1361.60,0.00,503.40,0.00,0.00,0.00,0.00,1.60,0.00,1.60,0.00,118.40,6545768,0,1629840,19.94,30300,405892,1660120,20.31,1241616,273332,1400,1078792,44152,2528,6200,18156,0,0,0.00,0,0.00,7,300,1.66,1.54,1.43,0,1.60,0.00,118.40,74.00,0.00,0.00,0.00,0.00,13.80,18.80,7.42,2.52,0.00,0.00,0.00,0.00
2018-01-07 00:58:02,72.16,0.00,1.31,0.00,0.00,0.00,0.00,0.00,0.00,26.53,9.80,791.80,720.20,0.00,0.00,0.00,22.40,2971.20,0.00,25766.80,0.00,0.00,0.00,0.00,0.80,0.00,0.80,0.00,44.80,7001564,0,1174044,14.36,30308,437960,1416916,17.33,788808,273144,33456,593652,43740,2208,4884,18156,0,0,0.00,0,0.00,2,264,1.69,1.55,1.44,0,0.80,0.00,44.80,56.00,0.00,1.00,1.00,0.08,15.80,16.80,2.52,2.93,0.00,0.00,0.00,0.00
2018-01-07 00:58:07,97.10,0.00,2.90,0.00,0.00,0.00,0.00,0.00,0.00,0.00,4.80,1014.60,759.40,0.00,0.00,0.00,38.40,7958.60,0.00,3212.20,0.00,0.00,0.00,0.00,0.80,0.00,0.80,0.00,76.80,6792336,0,1383272,16.92,30320,438004,1519176,18.58,996364,273164,33564,801336,43860,2384,5616,18156,0,0,0.00,0,0.00,7,284,1.71,1.55,1.44,0,0.80,0.00,76.80,96.00,0.00,3.00,1.00,0.08,8.60,11.00,0.91,1.67,0.00,0.00,0.00,0.00
2018-01-07 00:58:12,96.80,0.00,2.80,0.00,0.00,0.00,0.10,0.00,0.00,0.30,4.40,1588.20,931.00,0.00,0.00,0.00,268.80,1426.80,0.00,1033.20,0.00,0.00,0.00,0.00,11.00,0.00,11.00,0.00,537.60,6498944,0,1676664,20.51,30332,438252,1681908,20.57,1287600,274408,32532,1093472,44116,2496,6196,18156,0,0,0.00,0,0.00,3,298,1.73,1.56,1.44,0,11.00,0.00,537.60,48.87,0.02,1.89,0.65,0.72,33.80,47.60,6.36,207.28,0.00,0.00,0.00,0.02
2018-01-07 00:58:17,90.98,0.00,2.51,0.00,0.00,0.00,0.10,0.00,0.00,6.41,12.20,1056.40,851.00,0.00,0.00,0.00,388.80,5421.00,0.00,26548.00,0.00,0.00,0.00,0.00,4.40,0.00,4.40,0.00,777.60,6869332,0,1306276,15.98,30340,470204,1446516,17.69,917696,275928,62776,693096,43636,2304,5252,18156,0,0,0.00,0,0.00,5,274,1.92,1.60,1.46,0,4.40,0.00,777.60,176.73,0.02,3.64,3.27,1.44,56.60,72.00,5.94,371.00,0.00,0.00,0.00,0.03
2018-01-07 00:58:22,97.10,0.00,2.60,0.00,0.00,0.00,0.30,0.00,0.00,0.00,3.20,1280.40,1311.80,0.00,0.00,1.60,3181.60,6900.40,0.00,4984.80,0.00,0.00,0.00,0.00,33.60,0.40,33.20,3.20,6363.20,6718520,0,1457088,17.82,30368,469360,1533248,18.75,1053580,289984,47564,844004,43908,2400,5684,18156,0,0,0.00,0,0.00,4,286,2.24,1.68,1.48,0,33.60,3.20,6363.20,189.48,0.05,1.55,0.88,2.96,297.00,415.00,23.22,3019.28,0.00,0.00,0.00,0.25
2018-01-07 00:58:27,48.04,0.00,2.11,0.00,0.00,0.00,0.50,0.00,0.00,49.35,6.00,1400.80,1673.20,0.00,0.00,0.80,2104.00,1263.20,0.00,4766.20,0.00,0.00,0.00,0.00,22.00,0.20,21.80,1.60,4208.00,6660852,0,1514756,18.53,30424,486992,1566660,19.16,1100976,300332,54916,884020,44076,2424,5804,18156,0,0,0.00,0,0.00,3,289,2.62,1.76,1.51,0,22.00,1.60,4208.00,191.35,0.04,1.67,0.76,1.68,1066.60,883.40,6555.35,2003.56,0.00,0.00,0.00,0.54
2018-01-07 00:58:32,97.60,0.00,2.30,0.00,0.00,0.00,0.10,0.00,0.00,0.00,2.80,1147.40,805.40,0.00,0.00,0.00,91.20,5629.00,0.00,3521.40,0.00,0.00,0.00,0.00,1.80,0.00,1.80,0.00,182.40,6585556,0,1590052,19.45,30432,505284,1582776,19.36,1171180,302960,72844,938496,44568,2536,5916,18156,0,0,0.00,0,0.00,6,303,2.57,1.77,1.51,0,1.80,0.00,182.40,101.33,0.00,2.67,2.67,0.48,12.80,19.40,1.26,43.84,0.00,0.00,0.00,0.00
2018-01-07 00:58:37,97.20,0.00,2.60,0.00,0.00,0.00,0.20,0.00,0.00,0.00,1.20,3022.20,1133.60,0.00,0.00,0.00,3962.40,96.20,0.00,2133.40,0.00,0.00,0.00,0.00,33.20,0.00,33.20,0.00,7924.80,6549976,0,1625632,19.88,30440,545100,1582776,19.36,1166188,343980,92912,934728,45624,2584,5920,18156,0,0,0.00,0,0.00,7,309,2.61,1.79,1.52,0,33.20,0.00,7924.80,238.70,6.76,203.57,2.43,8.08,61.60,95.80,4.82,693.04,0.00,0.00,0.00,0.06
2018-01-07 00:58:42,87.07,0.00,3.31,0.10,0.00,0.00,0.30,0.00,0.00,9.22,10.00,2454.40,1050.40,0.00,0.00,0.00,79.20,5644.40,0.00,22613.40,0.00,0.00,0.00,0.00,1.80,0.00,1.80,0.00,158.40,6799264,0,1376344,16.83,30452,537844,1244424,15.22,893576,368876,85456,694192,45444,2192,4956,18156,0,0,0.00,0,0.00,3,260,2.64,1.81,1.53,0,1.80,0.00,158.40,88.00,0.00,1.33,1.33,0.24,25.00,34.20,2.97,86.18,0.00,0.00,0.00,0.01
2018-01-07 00:58:47,96.50,0.00,3.00,0.00,0.00,0.00,0.50,0.00,0.00,0.00,8.80,1470.00,1629.60,0.00,0.00,1.60,1192.80,7550.60,0.00,5390.00,0.00,0.00,0.00,0.00,16.80,0.40,16.40,3.20,2385.60,6628252,0,1547356,18.93,30464,545120,1533136,18.75,1053016,379076,88344,856508,45588,2400,5732,18156,0,0,0.00,0,0.00,4,286,2.91,1.88,1.55,0,16.80,3.20,2385.60,142.19,0.02,1.19,0.76,1.28,640.60,591.00,3284.40,2228.38,0.00,0.00,0.00,0.27
2018-01-07 00:58:52,96.20,0.00,3.30,0.00,0.00,0.00,0.40,0.00,0.00,0.10,5.60,1600.60,1748.40,0.00,0.00,9.60,2121.60,3760.80,0.00,5471.80,0.00,0.00,0.00,0.00,21.00,0.60,20.40,19.20,4243.20,6528448,0,1647160,20.15,30476,569828,1566320,19.16,1135652,396040,104072,931452,45848,2520,5900,18156,0,0,0.00,0,0.00,7,301,2.92,1.90,1.56,0,21.00,19.20,4243.20,202.97,0.10,4.95,0.69,1.44,744.40,752.80,3290.20,3445.64,0.00,0.00,0.00,0.28
2018-01-07 00:58:57,96.90,0.00,2.90,0.00,0.00,0.00,0.20,0.00,0.00,0.00,1.20,2392.60,1167.80,0.00,0.00,0.00,79.20,3213.40,0.00,3033.80,0.00,0.00,0.00,0.00,1.80,0.00,1.80,0.00,158.40,6472376,0,1703232,20.83,30484,595124,1582380,19.35,1163620,423064,129216,961200,46352,2568,5960,18156,0,0,0.00,0,0.00,2,307,3.00,1.93,1.57,0,1.80,0.00,158.40,88.00,0.01,3.56,3.56,0.64,66.80,93.00,5.16,655.49,0.00,0.00,0.00,0.05
2018-01-07 00:59:02,81.59,0.00,2.41,0.00,0.10,0.00,0.40,0.00,0.00,15.49,5.20,3082.60,1476.20,0.00,0.00,0.00,22.40,600.60,0.00,13374.00,0.00,0.00,0.00,0.00,1.00,0.00,1.00,0.00,44.80,6653936,0,1521672,18.61,30492,603776,1321224,16.16,942188,463024,137852,770888,46800,2296,5208,18156,0,0,0.00,0,0.00,1,268,2.92,1.93,1.58,0,1.00,0.00,44.80,44.80,0.00,0.80,0.80,0.08,24.60,30.80,2.32,85.26,0.00,0.00,0.00,0.01
2018-01-07 00:59:07,0.10,0.00,0.20,1.01,0.10,0.00,0.00,0.00,0.00,98.59,0.80,290.40,301.80,0.00,0.00,0.00,13788.00,107.80,0.00,8615.40,0.00,0.00,0.00,0.00,109.40,0.00,109.40,0.00,27576.00,6824384,0,1351224,16.53,30504,603800,1061524,12.98,772368,462988,69104,601056,46408,2056,4416,18156,0,0,0.00,0,0.00,1,243,2.69,1.90,1.57,0,109.40,0.00,27576.00,252.07,4.61,42.11,0.46,5.04,4.40,5.60,0.34,0.97,0.00,0.00,0.00,0.00
2018-01-07 00:59:12,0.30,0.00,0.00,0.00,0.00,0.00,0.00,0.00,0.00,99.70,0.00,233.60,146.40,0.00,0.00,0.00,0.00,100.60,0.00,125.20,0.00,0.00,0.00,0.00,0.00,0.00,0.00,0.00,0.00,6824408,0,1351200,16.53,30504,603824,1061524,12.98,772332,463004,69132,601028,46404,2056,4416,18156,0,0,0.00,0,0.00,1,243,2.47,1.87,1.56,0,0.00,0.00,0.00,0.00,0.00,0.00,0.00,0.00,3.40,4.60,0.26,0.94,0.00,0.00,0.00,0.00
2018-01-07 00:59:17,0.10,0.00,0.20,0.10,0.00,0.00,0.00,0.00,0.00,99.60,0.40,248.00,185.00,0.00,0.00,0.00,3.20,15.40,0.00,113.20,0.00,0.00,0.00,0.00,0.60,0.00,0.60,0.00,6.40,6824680,0,1350928,16.52,30512,603932,1061524,12.98,772372,463044,69412,601032,46360,2056,4416,18156,0,0,0.00,0,0.00,1,244,2.27,1.84,1.55,0,0.60,0.00,6.40,10.67,0.00,1.33,1.33,0.08,17.00,18.20,52.31,55.29,0.00,0.00,0.00,0.00
2018-01-07 00:59:22,38.04,0.00,1.61,0.00,0.00,0.00,0.00,0.00,0.00,60.34,15.60,853.00,635.60,0.00,0.00,0.00,113.60,7054.60,0.00,5470.40,0.00,0.00,0.00,0.00,5.60,0.00,5.60,0.00,227.20,6734236,0,1441372,17.63,30524,543864,1475836,18.05,922164,403068,69604,750904,46604,2384,5360,18156,0,0,0.00,0,0.00,5,284,2.09,1.81,1.54,0,5.60,0.00,227.20,40.57,0.00,0.86,0.14,0.08,31.20,37.20,23.73,156.08,0.00,0.00,0.00,0.01
2018-01-07 00:59:27,96.90,0.00,3.00,0.00,0.00,0.00,0.00,0.00,0.00,0.10,7.20,1257.80,915.60,0.00,0.00,0.00,13770.40,4365.40,0.00,1758.40,0.00,0.00,0.00,0.00,108.80,0.00,108.80,0.00,27540.80,6389632,0,1785976,21.85,30536,544128,1652712,20.22,1265828,403308,1448,1094496,47060,2544,6188,18156,0,0,0.00,0,0.00,5,304,2.41,1.88,1.57,0,108.80,0.00,27540.80,253.13,4.16,38.19,0.54,5.84,17.40,22.00,8.90,2.76,0.00,0.00,0.00,0.00
2018-01-07 00:59:32,98.60,0.00,1.10,0.00,0.00,0.00,0.20,0.00,0.00,0.10,0.00,1446.80,928.20,0.00,0.00,0.00,23.20,128.00,0.00,555.60,0.00,0.00,0.00,0.00,0.60,0.00,0.60,0.00,46.40,6370996,0,1804612,22.07,30548,544152,1681072,20.56,1282820,403336,1504,1111456,47108,2512,6228,18156,0,0,0.00,0,0.00,5,300,2.53,1.91,1.58,0,0.60,0.00,46.40,77.33,0.00,1.33,1.33,0.08,6.60,9.60,0.51,1.62,0.00,0.00,0.00,0.00
2018-01-07 00:59:37,79.08,0.00,2.90,0.00,0.10,0.00,0.00,0.00,0.00,17.92,11.80,1054.20,856.60,0.00,0.00,0.00,22.40,6690.80,0.00,27475.00,0.00,0.00,0.00,0.00,1.00,0.00,1.00,0.00,44.80,6708204,0,1467404,17.95,30556,608624,1452708,17.77,947972,403140,65956,711972,46948,2328,5284,18156,0,0,0.00,0,0.00,5,277,2.57,1.93,1.59,0,1.00,0.00,44.80,44.80,0.00,0.00,0.00,0.00,15.60,16.20,2.50,2.75,0.00,0.00,0.00,0.00
2018-01-07 00:59:42,98.10,0.00,1.80,0.00,0.00,0.00,0.00,0.00,0.00,0.10,4.60,1154.80,807.60,0.00,0.00,0.00,78.40,5106.00,0.00,2507.40,0.00,0.00,0.00,0.00,1.40,0.00,1.40,0.00,156.80,6435344,0,1740264,21.29,30568,608888,1582440,19.36,1219984,403384,66120,983948,47192,2464,5964,18156,0,0,0.00,0,0.00,5,294,2.77,1.98,1.61,0,1.40,0.00,156.80,112.00,0.00,3.43,3.43,0.48,11.80,15.40,3.47,2.19,0.00,0.00,0.00,0.00
2018-01-07 00:59:47,98.20,0.00,1.50,0.10,0.00,0.00,0.10,0.00,0.00,0.10,2.00,1705.40,980.40,0.00,0.00,0.00,264.00,445.40,0.00,494.00,0.00,0.00,0.00,0.00,3.00,0.00,3.00,0.00,528.00,6303944,0,1871664,22.89,30580,608912,1687096,20.64,1348440,404632,64920,1113596,47276,2512,6228,18156,0,0,0.00,0,0.00,4,300,2.78,2.00,1.61,0,3.00,0.00,528.00,176.00,0.01,2.67,1.33,0.40,32.60,46.20,4.22,250.31,0.00,0.00,0.00,0.02
2018-01-07 00:59:52,87.24,0.00,3.72,0.00,0.00,0.00,0.00,0.00,0.00,9.05,13.00,1065.60,980.80,0.00,0.00,0.00,552.80,7449.20,0.00,28474.40,0.00,0.00,0.00,0.00,13.60,0.00,13.60,0.00,1105.60,6620356,0,1555252,19.02,30588,673284,1439184,17.60,1030884,406472,126712,733580,48648,2328,5324,18156,0,0,0.00,0,0.00,5,277,2.72,2.00,1.62,0,13.60,0.00,1105.60,81.29,0.02,1.53,0.35,0.48,53.00,69.60,5.40,412.93,0.00,0.00,0.00,0.03
2018-01-07 00:59:57,93.99,0.00,3.30,0.00,0.00,0.00,0.70,0.00,0.00,2.00,5.60,1635.20,2050.80,0.00,0.00,3.20,6329.60,5103.60,0.00,7906.00,0.00,0.00,0.00,0.00,65.00,0.80,64.20,6.40,12659.20,6488612,0,1686996,20.63,30612,672268,1534424,18.77,1132692,436108,95744,865936,48760,2504,5744,18156,0,0,0.00,0,0.00,2,299,2.90,2.05,1.63,0,65.00,6.40,12659.20,194.86,0.13,2.01,0.73,4.72,1259.60,1236.80,6250.58,6066.69,0.00,0.00,0.00,0.51
2018-01-07 01:00:02,10.75,0.00,1.01,0.41,0.10,0.00,0.51,0.00,0.00,87.22,3.00,1144.20,1664.40,0.00,0.00,0.00,5324.80,330.40,0.00,5275.40,0.00,0.00,0.00,0.00,54.60,0.00,54.60,0.00,10649.60,6459320,0,1716288,20.99,30644,672360,1534424,18.77,1134748,462812,69460,894556,48908,2592,5820,18156,0,0,0.00,0,0.00,1,310,2.67,2.01,1.63,0,54.60,0.00,10649.60,195.05,0.11,2.08,0.72,3.92,1223.00,1181.00,6390.23,5302.64,0.00,0.00,0.00,0.52
2018-01-07 01:00:07,87.89,0.00,2.50,0.00,0.00,0.00,0.10,0.00,0.00,9.51,3.00,979.20,785.60,0.00,0.00,0.00,6857.60,609.40,0.00,528.80,0.00,0.00,0.00,0.00,54.20,0.00,54.20,0.00,13715.20,6382848,0,1792760,21.93,30652,737168,1550384,18.96,1209664,462900,100080,904744,50472,2568,5836,18156,0,0,0.00,0,0.00,5,307,2.54,2.00,1.62,0,54.20,0.00,13715.20,253.05,2.92,53.87,0.72,3.92,32.20,30.40,161.45,4.32,0.00,0.00,0.00,0.01
2018-01-07 01:00:12,90.36,0.00,2.41,0.00,0.00,0.00,0.10,0.00,0.00,7.13,14.00,1433.80,996.60,0.00,0.00,0.00,357.60,7246.80,0.00,21189.80,0.00,0.00,0.00,0.00,4.80,0.00,4.80,0.00,715.20,6639724,0,1535884,18.79,30664,674000,1480400,18.11,951008,467488,35400,713776,48692,2336,5224,18156,0,0,0.00,0,0.00,2,278,2.65,2.03,1.64,0,4.80,0.00,715.20,149.00,0.01,1.33,0.83,0.40,65.00,100.20,6.39,646.89,0.00,0.00,0.00,0.05
2018-01-07 01:00:17,96.29,0.00,3.41,0.00,0.00,0.00,0.30,0.00,0.00,0.00,5.20,1433.20,1504.20,0.00,0.00,0.00,1265.60,6546.60,0.00,7925.40,0.00,0.00,0.00,0.00,14.00,0.00,14.00,0.00,2531.20,6477964,0,1697644,20.76,30676,695936,1536656,18.80,1098864,479280,51508,851596,49204,2424,5704,18156,0,0,0.00,0,0.00,5,288,2.84,2.08,1.65,0,14.00,0.00,2531.20,180.80,0.02,1.43,0.63,0.88,974.20,813.40,6365.64,2282.83,0.00,0.00,0.00,0.52
2018-01-07 01:00:22,95.20,0.00,3.90,0.00,0.00,0.00,0.90,0.00,0.00,0.00,6.00,1810.20,2308.60,0.00,0.00,0.80,5356.00,920.60,0.00,6706.20,0.00,0.00,0.00,0.00,53.40,0.20,53.20,1.60,10712.00,6359948,0,1815660,22.21,30688,737296,1553044,19.00,1169744,526436,68000,928240,49624,2544,5876,18156,0,0,0.00,0,0.00,5,304,2.78,2.08,1.66,0,53.40,1.60,10712.00,200.63,0.20,3.67,0.75,4.00,1528.60,1688.80,6404.24,9680.33,0.00,0.00,0.00,0.79
2018-01-07 01:00:27,57.92,0.00,2.20,0.00,0.10,0.00,0.10,0.00,0.00,39.68,6.20,1178.40,868.40,0.00,0.00,0.00,73.60,1989.60,0.00,21933.40,0.00,0.00,0.00,0.00,7.60,0.00,7.60,0.00,147.20,6751288,0,1424320,17.42,30700,673976,1057712,12.94,775340,531476,4564,602136,48008,2064,4424,18156,0,0,0.00,0,0.00,1,244,2.71,2.08,1.66,0,7.60,0.00,147.20,19.37,0.01,1.16,1.16,0.88,78.80,114.40,6.16,806.47,0.00,0.00,0.00,0.07
2018-01-07 01:00:32,0.10,0.00,0.10,0.10,0.00,0.00,0.00,0.00,0.00,99.70,0.00,245.60,171.00,0.00,0.00,0.00,91.20,7.80,0.00,91.00,0.00,0.00,0.00,0.00,1.80,0.00,1.80,0.00,182.40,6751328,0,1424280,17.42,30712,674000,1057712,12.94,774560,532288,4324,602136,47968,2064,4424,18156,0,0,0.00,0,0.00,1,244,2.50,2.04,1.65,0,1.80,0.00,182.40,101.33,0.00,0.00,0.00,0.00,18.40,25.40,1.33,160.24,0.00,0.00,0.00,0.01
2018-01-07 01:00:37,0.00,0.00,0.00,0.00,0.00,0.00,0.00,0.00,0.00,100.00,0.00,235.40,146.00,0.00,0.00,0.00,0.00,8.40,0.00,33.00,0.00,0.00,0.00,0.00,0.00,0.00,0.00,0.00,0.00,6751328,0,1424280,17.42,30712,674024,1057712,12.94,774572,532304,4348,602140,47968,2064,4424,18156,0,0,0.00,0,0.00,1,244,2.30,2.01,1.64,0,0.00,0.00,0.00,0.00,0.00,0.00,0.00,0.00,4.40,5.60,0.33,0.97,0.00,0.00,0.00,0.00
2018-01-07 01:00:42,0.10,0.00,0.40,0.00,0.00,0.00,0.00,0.00,0.00,99.50,0.80,252.80,167.20,0.00,0.00,0.00,380.80,246.80,0.00,13434.00,0.00,0.00,0.00,0.00,4.60,0.00,4.60,0.00,761.60,7018564,0,1157044,14.15,30720,410840,1057712,12.94,767976,276956,2488,603124,43788,2080,4604,18156,0,0,0.00,0,0.00,1,248,2.11,1.98,1.63,0,4.60,0.00,761.60,165.57,0.01,2.43,0.35,0.16,6.20,7.40,0.62,1.49,0.00,0.00,0.00,0.00
2018-01-07 01:00:47,68.34,0.00,3.01,0.00,0.00,0.00,0.00,0.00,0.00,28.66,16.00,1065.20,794.80,0.00,0.00,0.00,61.60,10262.80,0.00,3562.80,0.00,0.00,0.00,0.00,1.20,0.00,1.20,0.00,123.20,6817944,0,1357664,16.61,30732,411336,1517656,18.56,966828,277160,3232,801944,44280,2400,5756,18156,0,0,0.00,0,0.00,4,286,1.94,1.94,1.62,0,1.20,0.00,123.20,102.67,0.01,10.67,5.33,0.64,25.20,25.40,74.25,3.00,0.00,0.00,0.00,0.01
2018-01-07 01:00:52,97.00,0.00,2.70,0.00,0.00,0.00,0.10,0.00,0.00,0.20,5.60,1503.40,828.60,0.00,0.00,0.00,123.20,1934.60,0.00,475.20,0.00,0.00,0.00,0.00,2.80,0.00,2.80,0.00,246.40,6498308,0,1677300,20.52,30744,411596,1677096,20.51,1280356,277416,3048,1119528,44608,2544,6236,18156,0,0,0.00,0,0.00,2,304,2.03,1.96,1.63,0,2.80,0.00,246.40,88.00,0.01,2.57,0.29,0.08,16.20,20.00,15.24,2.54,0.00,0.00,0.00,0.00
2018-01-07 01:00:57,93.92,0.00,1.79,0.00,0.10,0.00,0.20,0.00,0.00,3.99,3.40,1076.00,829.80,0.00,0.00,0.00,390.40,450.00,0.00,461.80,0.00,0.00,0.00,0.00,4.20,0.00,4.20,0.00,780.80,6469020,0,1706588,20.87,30752,443732,1677096,20.51,1313572,277320,33316,1116404,44464,2392,6156,18156,0,0,0.00,0,0.00,5,282,2.03,1.96,1.63,0,4.20,0.00,780.80,185.90,0.02,3.81,0.38,0.16,12.80,16.60,1.26,2.99,0.00,0.00,0.00,0.00
2018-01-07 01:01:02,79.24,0.00,3.31,0.00,0.00,0.00,0.00,0.00,0.00,17.45,10.80,1077.80,803.60,0.00,0.00,0.00,84.00,10311.40,0.00,29828.40,0.00,0.00,0.00,0.00,6.60,0.00,6.60,0.00,168.00,6773972,0,1401636,17.14,30764,443692,1456248,17.81,1010236,277228,33160,812960,44140,2384,5612,18156,0,0,0.00,0,0.00,6,284,1.94,1.94,1.63,0,6.60,0.00,168.00,25.45,0.01,0.85,0.85,0.56,13.40,14.20,2.32,2.10,0.00,0.00,0.00,0.00
2018-01-07 01:01:07,97.10,0.00,2.60,0.00,0.00,0.00,0.10,0.00,0.00,0.20,4.80,1526.60,972.20,0.00,0.00,0.00,96.80,2465.00,0.00,1780.80,0.00,0.00,0.00,0.00,1.40,0.00,1.40,0.00,193.60,6465648,0,1709960,20.92,30776,443956,1662672,20.34,1316352,277892,33016,1119512,44492,2512,6248,18156,0,0,0.00,0,0.00,2,300,2.03,1.96,1.64,0,1.40,0.00,193.60,138.29,0.00,1.14,1.14,0.16,19.60,27.40,12.84,83.50,0.00,0.00,0.00,0.01
2018-01-07 01:01:12,91.29,0.00,3.00,0.00,0.00,0.00,0.10,0.00,0.00,5.61,11.20,1009.80,844.40,0.00,0.00,0.00,24.80,3593.60,0.00,26431.80,0.00,0.00,0.00,0.00,0.80,0.00,0.80,0.00,49.60,6921004,0,1254604,15.35,30784,476024,1400584,17.13,863952,277712,65072,634852,44104,2280,4996,18156,0,0,0.00,0,0.00,3,271,2.11,1.98,1.64,0,0.80,0.00,49.60,62.00,0.00,1.00,1.00,0.08,15.60,18.80,2.53,3.28,0.00,0.00,0.00,0.00
2018-01-07 01:01:17,97.10,0.00,2.70,0.00,0.00,0.00,0.10,0.00,0.00,0.10,4.00,1073.80,928.00,0.00,0.00,0.00,746.40,7952.40,0.00,3670.00,0.00,0.00,0.00,0.00,8.60,0.00,8.60,0.00,1492.80,6692280,0,1483328,18.14,30796,476168,1500984,18.36,1083884,280856,61856,861964,44292,2400,5696,18156,0,0,0.00,0,0.00,7,287,2.10,1.98,1.64,0,8.60,0.00,1492.80,173.58,0.01,0.84,0.37,0.32,59.80,92.60,5.03,614.89,0.00,0.00,0.00,0.05
2018-01-07 01:01:22,90.85,0.00,4.02,0.00,0.00,0.00,0.60,0.00,0.00,4.52,16.40,1862.20,1664.80,0.00,0.00,2.40,2596.00,7729.60,0.00,28941.00,0.00,0.00,0.00,0.00,28.00,0.60,27.40,4.80,5192.00,6842264,0,1333344,16.31,30812,477484,1425596,17.44,924556,293164,50780,711412,44220,2320,5292,18156,0,0,0.00,0,0.00,3,276,2.25,2.01,1.66,0,28.00,4.80,5192.00,185.60,0.05,1.66,1.17,3.28,338.60,454.60,39.83,2593.60,0.00,0.00,0.00,0.21
2018-01-07 01:01:27,97.80,0.00,2.10,0.00,0.00,0.00,0.00,0.00,0.00,0.10,5.60,1082.60,760.60,0.00,0.00,0.00,161.60,6700.20,0.00,3601.40,0.00,0.00,0.00,0.00,2.60,0.00,2.60,0.00,323.20,6694812,0,1480796,18.11,30824,477676,1511760,18.49,1073012,293736,50504,858252,44596,2496,5728,18156,0,0,0.00,0,0.00,5,292,2.47,2.06,1.68,0,2.60,0.00,323.20,124.31,0.00,0.31,0.31,0.08,15.80,24.20,1.58,83.70,0.00,0.00,0.00,0.01
2018-01-07 01:01:32,44.87,0.00,1.61,0.00,0.10,0.00,0.10,0.00,0.00,53.32,6.80,1307.20,894.80,0.00,0.00,0.00,4924.80,1043.20,0.00,25176.60,0.00,0.00,0.00,0.00,40.60,0.00,40.60,0.00,9849.60,6946164,0,1229444,15.04,30836,479128,1048476,12.82,822620,293420,27504,606080,43900,2080,4432,18156,0,0,0.00,0,0.00,0,246,2.67,2.11,1.69,0,40.60,0.00,9849.60,242.60,1.14,28.16,0.30,1.20,95.20,100.40,16.22,10.11,0.00,0.00,0.00,0.00
2018-01-07 01:01:37,0.10,0.00,0.10,0.00,0.00,0.00,0.00,0.00,0.00,99.80,0.00,233.60,160.20,0.00,0.00,0.00,71.20,7.80,0.00,34.20,0.00,0.00,0.00,0.00,8.00,0.00,8.00,0.00,142.40,6946148,0,1229460,15.04,30848,479140,1048476,12.82,822628,293440,27196,606080,43900,2080,4432,18156,0,0,0.00,0,0.00,0,246,2.46,2.08,1.68,0,8.00,0.00,142.40,17.80,0.00,0.30,0.10,0.08,4.80,6.00,0.36,1.00,0.00,0.00,0.00,0.00
2018-01-07 01:01:42,0.00,0.00,0.10,0.00,0.00,0.00,0.00,0.00,0.00,99.90,0.00,235.40,156.00,0.00,0.00,0.00,1.60,8.40,0.00,41.80,0.00,0.00,0.00,0.00,0.40,0.00,0.40,0.00,3.20,6946280,0,1229328,15.04,30848,479176,1048476,12.82,822640,293456,27268,606080,43900,2072,4432,18156,0,0,0.00,0,0.00,0,245,2.26,2.04,1.67,0,0.40,0.00,3.20,8.00,0.00,0.00,0.00,0.00,5.40,6.80,0.40,1.12,0.00,0.00,0.00,0.00
2018-01-07 01:01:47,0.10,0.00,0.00,2.71,0.00,0.00,0.00,0.00,0.00,97.19,0.00,236.40,186.40,0.00,0.00,0.00,4884.00,7.80,0.00,34.20,0.00,0.00,0.00,0.00,39.60,0.00,39.60,0.00,9768.00,6946296,0,1229312,15.04,30856,479196,1048476,12.82,822584,293480,2904,606012,43888,2072,4432,18156,0,0,0.00,0,0.00,1,245,2.08,2.01,1.67,0,39.60,0.00,9768.00,246.67,9.00,227.37,1.56,6.16,4.80,6.20,0.37,1.09,0.00,0.00,0.00,0.00
2018-01-07 01:01:52,51.86,0.00,1.81,0.20,0.10,0.00,0.00,0.00,0.00,46.02,5.20,617.80,702.60,0.00,0.00,0.00,52.00,5579.20,0.00,2585.80,0.00,0.00,0.00,0.00,2.40,0.00,2.40,0.00,104.00,6826948,0,1348660,16.50,30864,479372,1281832,15.68,941884,293676,3188,725372,44016,2240,5068,18156,0,0,0.00,0,0.00,2,266,1.91,1.98,1.66,0,2.40,0.00,104.00,43.33,0.01,5.00,2.67,0.64,8.40,9.80,1.29,1.47,0.00,0.00,0.00,0.00
2018-01-07 01:01:57,24.42,0.00,0.60,0.00,0.00,0.00,0.00,0.00,0.00,74.97,4.40,623.80,665.00,0.00,0.00,0.00,218.40,886.60,0.00,13415.60,0.00,0.00,0.00,0.00,3.60,0.00,3.60,0.00,436.80,6945696,0,1229912,15.04,30876,480116,1039608,12.72,823480,293516,3036,606016,43920,2072,4432,18156,0,0,0.00,0,0.00,0,245,1.76,1.94,1.65,0,3.60,0.00,436.80,121.33,0.01,2.44,0.44,0.16,89.40,79.40,199.95,7.71,0.00,0.00,0.00,0.02
2018-01-07 01:02:02,0.10,0.00,0.00,0.10,0.00,0.00,0.00,0.00,0.00,99.80,0.00,238.40,153.80,0.00,0.00,0.00,391.20,7.80,0.00,34.40,0.00,0.00,0.00,0.00,4.80,0.00,4.80,0.00,782.40,6945696,0,1229912,15.04,30884,480140,1039608,12.72,823488,293552,1128,606016,43920,2072,4432,18156,0,0,0.00,0,0.00,0,245,1.62,1.91,1.64,0,4.80,0.00,782.40,163.00,0.02,3.50,0.33,0.16,4.80,6.20,0.37,1.09,0.00,0.00,0.00,0.00
2018-01-07 01:02:07,32.20,0.00,1.20,0.00,0.00,0.00,0.00,0.00,0.00,66.60,4.80,508.40,517.40,0.00,0.00,0.00,8.80,4408.40,0.00,1231.80,0.00,0.00,0.00,0.00,0.40,0.00,0.40,0.00,17.60,6844020,0,1331588,16.29,30892,480224,1232840,15.08,925876,293624,1244,708412,43856,2208,4964,18156,0,0,0.00,0,0.00,2,264,1.49,1.88,1.63,0,0.40,0.00,17.60,44.00,0.00,0.00,0.00,0.00,7.60,8.80,1.23,1.39,0.00,0.00,0.00,0.00
2018-01-07 01:02:12,96.30,0.00,2.80,0.40,0.00,0.00,0.10,0.00,0.00,0.40,9.00,1193.80,853.00,0.00,0.00,0.00,50.40,7137.40,0.00,2789.80,0.00,0.00,0.00,0.00,3.40,0.00,3.40,0.00,100.80,6569840,0,1605768,19.64,30904,481012,1567084,19.17,1196396,294720,2152,979192,44156,2392,5860,18156,0,0,0.00,0,0.00,4,282,1.69,1.91,1.64,0,3.40,0.00,100.80,29.65,0.02,7.06,3.53,1.20,67.40,64.80,195.54,248.08,0.00,0.00,0.00,0.02
2018-01-07 01:02:17,94.59,0.00,3.90,0.00,0.00,0.00,0.40,0.00,0.00,1.10,14.20,1728.80,1488.80,0.00,0.00,2.40,51.20,8376.00,0.00,29183.20,0.00,0.00,0.00,0.00,2.00,0.60,1.40,4.80,102.40,6783992,0,1391616,17.02,30916,481296,1465468,17.92,974868,302568,3272,765292,44236,2352,5460,18156,0,0,0.00,0,0.00,6,281,1.88,1.95,1.66,0,2.00,4.80,102.40,53.60,0.00,0.80,0.40,0.08,338.60,395.80,220.76,1738.85,0.00,0.00,0.00,0.14
2018-01-07 01:02:22,96.50,0.00,3.10,0.00,0.00,0.00,0.40,0.00,0.00,0.00,5.60,1662.00,1428.80,0.00,0.00,0.80,39.20,4122.00,0.00,4228.00,0.00,0.00,0.00,0.00,1.60,0.20,1.40,1.60,78.40,6660320,0,1515288,18.53,30928,498200,1521268,18.61,1094120,307080,20728,872072,44264,2464,5768,18156,0,0,0.00,0,0.00,6,294,2.13,2.00,1.67,0,1.60,1.60,78.40,50.00,0.00,0.00,0.00,0.00,570.00,435.60,3376.84,923.28,0.00,0.00,0.00,0.28
2018-01-07 01:02:27,97.00,0.00,2.40,0.00,0.00,0.00,0.40,0.00,0.00,0.20,4.60,1832.00,1433.80,0.00,0.00,0.00,208.80,3783.40,0.00,4339.40,0.00,0.00,0.00,0.00,3.00,0.00,3.00,0.00,417.60,6574012,0,1601596,19.59,30940,522668,1537376,18.80,1170600,316256,44620,933312,44588,2544,5904,18156,0,0,0.00,0,0.00,7,304,2.76,2.13,1.72,0,3.00,0.00,417.60,139.20,0.01,2.13,1.87,0.56,513.20,397.80,3369.74,437.67,0.00,0.00,0.00,0.28
2018-01-07 01:02:32,97.20,0.00,2.60,0.00,0.00,0.00,0.20,0.00,0.00,0.00,1.00,2492.20,1156.20,0.00,0.00,0.80,8.80,3136.00,0.00,3543.00,0.00,0.00,0.00,0.00,0.60,0.20,0.40,1.60,17.60,6531768,0,1643840,20.11,30948,551928,1553440,19.00,1184004,344316,73940,945524,45324,2576,5956,18156,0,0,0.00,0,0.00,2,308,3.02,2.20,1.74,0,0.60,1.60,17.60,32.00,0.00,0.00,0.00,0.00,18.40,22.00,1.48,83.89,0.00,0.00,0.00,0.01
2018-01-07 01:02:37,89.54,0.00,2.52,0.00,0.10,0.00,0.50,0.00,0.00,7.34,7.40,2895.00,1589.60,0.00,0.00,0.00,78.40,4790.00,0.00,12448.20,0.00,0.00,0.00,0.00,1.40,0.00,1.40,0.00,156.80,6603612,0,1571996,19.23,30960,564124,1523712,18.64,1076512,380172,87096,861688,45500,2456,5696,18156,0,0,0.00,0,0.00,4,293,2.93,2.19,1.74,0,1.40,0.00,156.80,112.00,0.00,1.71,0.57,0.08,159.00,251.00,14.27,1696.36,0.00,0.00,0.00,0.14
2018-01-07 01:02:42,94.70,0.00,4.00,0.00,0.00,0.00,0.70,0.00,0.00,0.60,11.20,2486.40,2186.40,0.00,0.00,0.80,390.40,5933.00,0.00,15313.00,0.00,0.00,0.00,0.00,4.60,0.20,4.40,1.60,780.80,6642164,0,1533444,18.76,30972,554624,1469236,17.97,1009708,406696,78008,832996,45468,2392,5756,18156,0,0,0.00,0,0.00,4,285,2.94,2.21,1.75,0,4.60,1.60,780.80,170.09,0.01,1.91,0.70,0.32,862.40,918.00,3398.67,4432.49,0.00,0.00,0.00,0.36
2018-01-07 01:02:47,95.90,0.00,3.50,0.00,0.00,0.00,0.60,0.00,0.00,0.00,5.40,1626.80,1485.60,0.00,0.00,7.20,61.60,5333.40,0.00,4974.20,0.00,0.00,0.00,0.00,8.60,0.80,7.80,14.40,123.20,6528328,0,1647280,20.15,30984,569344,1545384,18.90,1118940,411520,93292,930156,45484,2504,6028,18156,0,0,0.00,0,0.00,7,299,3.02,2.24,1.76,0,8.60,14.40,123.20,16.00,0.01,1.67,1.12,0.96,555.20,446.40,3372.02,927.34,0.00,0.00,0.00,0.28
2018-01-07 01:02:52,97.00,0.00,2.80,0.00,0.00,0.00,0.10,0.00,0.00,0.10,2.00,2092.60,847.00,0.00,0.00,0.00,72.80,3510.40,0.00,3478.60,0.00,0.00,0.00,0.00,1.80,0.00,1.80,0.00,145.60,6474044,0,1701564,20.81,30992,605424,1561432,19.10,1155884,429628,129116,949104,45952,2584,6080,18156,0,0,0.00,0,0.00,6,309,2.94,2.23,1.76,0,1.80,0.00,145.60,80.89,0.00,0.00,0.00,0.00,7.00,10.00,0.66,1.95,0.00,0.00,0.00,0.00
2018-01-07 01:02:57,88.76,0.00,2.71,0.00,0.00,0.00,0.10,0.00,0.00,8.43,3.20,2983.60,1098.80,0.00,0.00,0.00,7470.40,565.80,0.00,11681.80,0.00,0.00,0.00,0.00,59.40,0.00,59.40,0.00,14940.80,6633416,0,1542192,18.86,31000,626772,1299884,15.90,959120,466924,113704,768424,46656,2344,5304,18156,0,0,0.00,0,0.00,1,279,3.03,2.26,1.78,0,59.40,0.00,14940.80,251.53,2.29,38.60,0.35,2.08,33.20,47.20,2.76,260.49,0.00,0.00,0.00,0.02
2018-01-07 01:03:02,20.97,0.00,0.81,0.50,0.10,0.00,0.10,0.00,0.00,77.52,2.60,1294.20,917.20,0.00,0.00,0.00,7456.00,348.60,0.00,9407.40,0.00,0.00,0.00,0.00,59.40,0.00,59.40,0.00,14912.00,6792924,0,1382684,16.91,31012,624864,1046492,12.80,785404,481276,74820,610804,46504,2080,4580,18156,0,0,0.00,0,0.00,1,246,2.87,2.24,1.77,0,59.40,0.00,14912.00,251.04,2.01,33.90,0.32,1.92,9.20,11.60,0.92,2.45,0.00,0.00,0.00,0.00
2018-01-07 01:03:07,0.10,0.00,0.10,0.00,0.00,0.00,0.00,0.00,0.00,99.80,0.00,229.60,143.40,0.00,0.00,0.00,0.00,7.80,0.00,36.20,0.00,0.00,0.00,0.00,0.00,0.00,0.00,0.00,0.00,6792956,0,1382652,16.91,31012,624888,1046492,12.80,785404,481276,74844,610804,46472,2080,4580,18156,0,0,0.00,0,0.00,0,246,2.64,2.20,1.76,0,0.00,0.00,0.00,0.00,0.00,0.00,0.00,0.00,4.80,6.00,0.36,1.00,0.00,0.00,0.00,0.00
2018-01-07 01:03:12,0.10,0.00,0.00,0.00,0.00,0.00,0.00,0.00,0.00,99.90,0.00,237.80,154.60,0.00,0.00,0.00,36.00,8.20,0.00,36.60,0.00,0.00,0.00,0.00,1.00,0.00,1.00,0.00,72.00,6793128,0,1382480,16.91,31020,624908,1046492,12.80,785432,481304,74696,610808,46440,2080,4580,18156,0,0,0.00,0,0.00,0,246,2.42,2.17,1.75,0,1.00,0.00,72.00,72.00,0.00,0.80,0.80,0.08,4.80,6.20,0.36,1.09,0.00,0.00,0.00,0.00
2018-01-07 01:03:17,33.00,0.00,1.40,0.00,0.10,0.00,0.10,0.00,0.00,65.40,14.40,742.60,545.00,0.00,0.00,0.00,76.00,6769.20,0.00,4870.80,0.00,0.00,0.00,0.00,1.60,0.00,1.60,0.00,152.00,6716224,0,1459384,17.85,31032,561224,1454628,17.79,925336,417696,75072,750780,46580,2352,5516,18156,0,0,0.00,0,0.00,7,280,2.23,2.13,1.74,0,1.60,0.00,152.00,95.00,0.00,0.00,0.00,0.00,22.20,22.20,73.92,2.56,0.00,0.00,0.00,0.01
2018-01-07 01:03:22,96.90,0.00,2.80,0.00,0.00,0.00,0.00,0.00,0.00,0.30,6.40,1088.20,941.20,0.00,0.00,0.00,7520.80,6079.40,0.00,2608.80,0.00,0.00,0.00,0.00,62.40,0.00,62.40,0.00,15041.60,6562040,0,1613568,19.74,31044,561488,1506152,18.42,1075064,417916,38092,904656,46960,2496,5808,18156,0,0,0.00,0,0.00,4,299,2.37,2.16,1.76,0,62.40,0.00,15041.60,241.05,1.59,25.53,0.44,2.72,15.80,19.80,8.15,2.48,0.00,0.00,0.00,0.00
2018-01-07 01:03:27,98.00,0.00,1.60,0.00,0.00,0.00,0.30,0.00,0.00,0.10,1.00,1614.60,987.80,0.00,0.00,0.00,7416.00,246.60,0.00,371.80,0.00,0.00,0.00,0.00,58.40,0.00,58.40,0.00,14832.00,6335024,0,1840584,22.51,31056,561512,1664368,20.36,1304452,417940,1176,1129824,47088,2512,6276,18156,0,0,0.00,0,0.00,2,300,2.90,2.28,1.80,0,58.40,0.00,14832.00,253.97,1.51,25.90,0.34,2.00,7.20,10.20,0.78,1.72,0.00,0.00,0.00,0.00
2018-01-07 01:03:32,76.75,0.00,2.61,0.00,0.00,0.00,0.10,0.00,0.00,20.54,12.00,940.40,820.60,0.00,0.00,0.00,26.40,4564.40,0.00,27075.40,0.00,0.00,0.00,0.00,1.20,0.00,1.20,0.00,52.80,6737724,0,1437884,17.59,31064,631352,1404948,17.18,903944,417752,71012,659288,47500,2312,5084,18156,0,0,0.00,0,0.00,5,275,2.83,2.27,1.80,0,1.20,0.00,52.80,44.00,0.02,16.67,16.67,2.00,15.60,16.40,2.50,2.87,0.00,0.00,0.00,0.00
2018-01-07 01:03:37,96.90,0.00,2.90,0.20,0.00,0.00,0.00,0.00,0.00,0.00,3.20,990.80,757.60,0.00,0.00,0.00,49.60,6508.40,0.00,3418.40,0.00,0.00,0.00,0.00,1.20,0.00,1.20,0.00,99.20,6574808,0,1600800,19.58,31076,631616,1495260,18.29,1064936,417992,71312,820212,47716,2408,5640,18156,0,0,0.00,0,0.00,6,287,3.08,2.33,1.82,0,1.20,0.00,99.20,82.67,0.01,8.67,4.67,0.56,8.00,10.40,0.87,1.63,0.00,0.00,0.00,0.00
2018-01-07 01:03:42,97.20,0.00,2.50,0.00,0.00,0.00,0.10,0.00,0.00,0.20,4.00,2020.60,1157.60,0.00,0.00,0.00,541.60,1339.80,0.00,665.20,0.00,0.00,0.00,0.00,5.40,0.00,5.40,0.00,1083.20,6280800,0,1894808,23.18,31088,631644,1628116,19.91,1354644,420612,68748,1112524,48048,2504,6232,18156,0,0,0.00,0,0.00,3,299,3.32,2.39,1.84,0,5.40,0.00,1083.20,200.59,0.01,2.22,1.04,0.56,59.20,83.40,7.54,526.52,0.00,0.00,0.00,0.04
2018-01-07 01:03:47,89.56,0.00,1.81,0.00,0.00,0.00,0.10,0.00,0.00,8.53,5.20,894.40,906.60,0.00,0.00,0.00,760.00,639.40,0.00,25747.20,0.00,0.00,0.00,0.00,8.00,0.00,8.00,0.00,1520.00,6713024,0,1462584,17.89,31100,701300,1034168,12.65,920156,423692,134772,611444,49236,2072,4444,18156,0,0,0.00,0,0.00,1,245,3.21,2.39,1.84,0,8.00,0.00,1520.00,190.00,0.01,1.40,0.70,0.56,61.40,100.00,4.83,699.60,0.00,0.00,0.00,0.06
2018-01-07 01:03:52,48.39,0.00,2.71,0.00,0.10,0.00,0.40,0.00,0.00,48.39,8.00,929.20,1161.60,0.00,0.00,0.80,4460.00,7466.20,0.00,3798.00,0.00,0.00,0.00,0.00,49.00,0.20,48.80,1.60,8920.00,6540988,0,1634620,19.99,31128,701080,1445292,17.68,1071380,444864,112944,784196,49488,2328,5456,18156,0,0,0.00,0,0.00,5,277,2.95,2.35,1.83,0,49.00,1.60,8920.00,182.07,0.08,1.58,0.62,3.04,354.80,537.00,26.60,4327.42,0.00,0.00,0.00,0.35
2018-01-07 01:03:57,88.86,0.00,3.92,0.00,0.00,0.00,0.70,0.00,0.00,6.53,8.40,1974.00,2820.00,0.00,0.00,0.80,7014.40,5628.00,0.00,12678.80,0.00,0.00,0.00,0.00,66.20,0.20,66.00,1.60,14028.80,6414872,0,1760736,21.54,31164,700624,1523528,18.64,1161676,479244,78520,909140,49740,2584,5852,18156,0,0,0.00,0,0.00,1,309,2.88,2.34,1.83,0,66.20,1.60,14028.80,211.94,0.15,2.24,0.79,5.20,2166.60,1900.00,13301.76,6806.80,0.00,0.00,0.00,1.09
2018-01-07 01:04:02,68.14,0.00,1.70,0.00,0.00,0.00,0.10,0.00,0.00,30.06,1.60,756.80,763.00,0.00,0.00,0.00,7678.40,219.00,0.00,883.40,0.00,0.00,0.00,0.00,60.60,0.00,60.60,0.00,15356.80,6337928,0,1837680,22.48,31172,770624,1523528,18.64,1237212,479256,110220,914672,51524,2504,5864,18156,0,0,0.00,0,0.00,4,299,2.65,2.30,1.82,0,60.60,0.00,15356.80,253.41,5.55,91.54,1.39,8.40,82.00,70.80,518.52,7.26,0.00,0.00,0.00,0.04
2018-01-07 01:04:07,98.10,0.00,1.80,0.00,0.00,0.00,0.10,0.00,0.00,0.00,2.40,1170.40,902.00,0.00,0.00,8.00,596.80,3429.40,0.00,2820.60,0.00,0.00,0.00,0.00,6.80,0.20,6.60,16.00,1193.60,6303704,0,1871904,22.90,31172,771600,1540200,18.84,1262752,486940,108940,946932,51544,2600,5932,18156,0,0,0.00,0,0.00,3,311,2.60,2.30,1.82,0,6.80,16.00,1193.60,177.88,0.01,1.88,0.82,0.56,101.40,174.00,7.38,1378.66,0.00,0.00,0.00,0.11
2018-01-07 01:04:12,84.75,0.00,3.11,0.00,0.10,0.00,0.10,0.00,0.00,11.94,14.40,1391.00,1039.40,0.00,0.00,4.80,466.40,10378.60,0.00,24381.80,0.00,0.00,0.00,0.00,5.20,0.20,5.00,9.60,932.80,6482336,0,1693272,20.71,31180,701316,1482492,18.13,1084052,490828,36808,842404,49456,2368,5588,18156,0,0,0.00,0,0.00,6,282,2.55,2.29,1.83,0,5.20,9.60,932.80,181.23,0.00,0.77,0.46,0.24,86.60,127.40,7.99,863.04,0.00,0.00,0.00,0.07
2018-01-07 01:04:17,93.80,0.00,4.70,0.00,0.00,0.00,1.40,0.00,0.00,0.10,7.80,2211.80,3150.20,0.00,0.00,0.80,6860.80,2312.20,0.00,12015.60,0.00,0.00,0.00,0.00,62.60,0.20,62.40,1.60,13721.60,6356516,0,1819092,22.25,31192,752756,1515780,18.54,1154608,544564,58688,915220,49964,2472,5844,18156,0,0,0.00,0,0.00,3,295,2.66,2.32,1.84,0,62.60,1.60,13721.60,219.22,0.36,5.69,0.75,4.72,2578.80,2464.60,13826.93,11418.27,0.00,0.00,0.00,1.13
2018-01-07 01:04:22,97.70,0.00,2.10,0.00,0.00,0.00,0.10,0.00,0.00,0.10,3.20,1172.80,958.20,0.00,0.00,20.00,61.60,2963.60,0.00,2721.00,0.00,0.00,0.00,0.00,3.00,0.80,2.20,40.00,123.20,6309120,0,1866488,22.83,31204,766984,1531968,18.74,1193420,551912,73644,947144,50292,2600,5896,18156,0,0,0.00,0,0.00,3,311,2.61,2.32,1.84,0,3.00,40.00,123.20,54.40,0.00,0.53,0.53,0.16,119.00,197.20,8.67,1551.81,0.00,0.00,0.00,0.13
2018-01-07 01:04:27,32.96,0.00,1.01,0.00,0.00,0.00,0.00,0.00,0.00,66.03,5.00,867.00,611.00,0.00,0.00,0.00,51.20,764.20,0.00,20497.40,0.00,0.00,0.00,0.00,5.80,0.00,5.80,0.00,102.40,6705712,0,1469896,17.98,31212,698112,1034636,12.66,798604,553616,4424,622888,48192,2072,4440,18156,0,0,0.00,0,0.00,1,245,2.56,2.31,1.84,0,5.80,0.00,102.40,17.66,0.00,0.00,0.00,0.00,24.20,38.20,2.22,175.00,0.00,0.00,0.00,0.01
2018-01-07 01:04:32,0.20,0.00,0.00,0.10,0.00,0.00,0.00,0.00,0.00,99.70,0.00,226.40,140.20,0.00,0.00,0.00,91.20,7.80,0.00,32.60,0.00,0.00,0.00,0.00,1.80,0.00,1.80,0.00,182.40,6705720,0,1469888,17.98,31224,698136,1034636,12.66,798608,553640,4328,622888,48184,2072,4440,18156,0,0,0.00,0,0.00,1,245,2.36,2.27,1.83,0,1.80,0.00,182.40,101.33,0.00,0.00,0.00,0.00,4.20,5.60,0.33,1.05,0.00,0.00,0.00,0.00
2018-01-07 01:04:37,0.10,0.00,0.10,0.00,0.00,0.00,0.00,0.00,0.00,99.80,0.40,259.40,184.00,0.00,0.00,0.00,389.60,17.40,0.00,52.00,0.00,0.00,0.00,0.00,4.80,0.00,4.80,0.00,779.20,6705876,0,1469732,17.98,31232,698200,1034636,12.66,798620,553692,2504,622888,48152,2072,4440,18156,0,0,0.00,0,0.00,0,245,2.17,2.23,1.82,0,4.80,0.00,779.20,162.33,0.01,2.67,0.17,0.08,6.60,7.60,7.87,1.19,0.00,0.00,0.00,0.00
2018-01-07 01:04:42,9.64,0.00,1.00,0.20,0.10,0.00,0.00,0.00,0.00,89.06,14.40,541.60,358.40,0.00,0.00,0.00,30.40,4735.40,0.00,7340.60,0.00,0.00,0.00,0.00,1.20,0.00,1.20,0.00,60.80,6791200,0,1384408,16.93,31244,566112,1407468,17.22,846824,421744,3144,671212,46860,2376,5072,18156,0,0,0.00,0,0.00,5,283,1.99,2.20,1.81,0,1.20,0.00,60.80,50.67,0.02,12.67,6.67,0.80,22.20,19.60,73.92,2.33,0.00,0.00,0.00,0.01
2018-01-07 01:04:47,96.70,0.00,3.00,0.00,0.00,0.00,0.00,0.00,0.00,0.30,3.00,994.40,751.00,0.00,0.00,0.00,120.80,7038.60,0.00,11345.00,0.00,0.00,0.00,0.00,2.20,0.00,2.20,0.00,241.60,6772852,0,1402756,17.16,31256,414516,1487536,18.19,1009808,278348,3068,842404,44688,2432,5640,18156,0,0,0.00,0,0.00,7,290,2.24,2.24,1.83,0,2.20,0.00,241.60,109.82,0.00,0.00,0.00,0.00,8.40,11.40,0.94,1.78,0.00,0.00,0.00,0.00
2018-01-07 01:04:52,96.60,0.00,3.10,0.00,0.00,0.00,0.20,0.00,0.00,0.10,5.60,1539.80,990.40,0.00,0.00,0.00,222.40,1526.00,0.00,1036.20,0.00,0.00,0.00,0.00,3.20,0.00,3.20,0.00,444.80,6480776,0,1694832,20.73,31268,414672,1622840,19.85,1299836,278504,2272,1132408,44792,2528,6236,18156,0,0,0.00,0,0.00,2,302,2.38,2.27,1.84,0,3.20,0.00,444.80,139.00,0.01,1.75,0.50,0.16,25.40,27.00,3.90,40.80,0.00,0.00,0.00,0.00
2018-01-07 01:04:57,72.00,0.00,2.00,0.10,0.00,0.00,0.00,0.00,0.00,25.90,11.80,923.40,785.60,0.00,0.00,0.00,267.20,4571.80,0.00,26215.80,0.00,0.00,0.00,0.00,3.60,0.00,3.60,0.00,534.40,6905700,0,1269908,15.53,31280,446732,1408716,17.23,878580,278320,33232,678904,44364,2320,5140,18156,0,0,0.00,0,0.00,3,276,2.35,2.27,1.84,0,3.60,0.00,534.40,148.44,0.00,0.89,0.44,0.16,15.60,16.80,2.51,2.94,0.00,0.00,0.00,0.00
2018-01-07 01:05:02,97.00,0.00,3.00,0.00,0.00,0.00,0.00,0.00,0.00,0.00,4.20,1051.80,825.20,0.00,0.00,0.00,75.20,8028.40,0.00,3819.00,0.00,0.00,0.00,0.00,7.00,0.00,7.00,0.00,150.40,6688964,0,1486644,18.18,31292,446964,1502532,18.38,1093716,278524,33352,894024,44616,2432,5744,18156,0,0,0.00,0,0.00,7,291,2.64,2.33,1.86,0,7.00,0.00,150.40,21.49,0.00,0.23,0.11,0.08,15.00,16.80,1.45,23.02,0.00,0.00,0.00,0.00
2018-01-07 01:05:07,97.80,0.00,2.00,0.00,0.00,0.00,0.10,0.00,0.00,0.10,5.00,1666.80,1061.40,0.00,0.00,0.00,104.00,2233.00,0.00,1938.80,0.00,0.00,0.00,0.00,1.60,0.00,1.60,0.00,208.00,6418848,0,1756760,21.49,31300,447032,1702756,20.83,1360744,278980,32988,1161428,44832,2512,6320,18156,0,0,0.00,0,0.00,4,300,2.83,2.38,1.88,0,1.60,0.00,208.00,130.00,0.00,1.00,1.00,0.16,28.00,33.40,4.15,105.80,0.00,0.00,0.00,0.01
2018-01-07 01:05:12,78.96,0.00,2.20,0.00,0.00,0.00,0.00,0.00,0.00,18.84,12.40,928.20,784.40,0.00,0.00,0.00,302.40,4635.40,0.00,27752.20,0.00,0.00,0.00,0.00,3.00,0.00,3.00,0.00,521.60,6872664,0,1302944,15.94,31308,479088,1400188,17.13,909656,280000,63804,679252,44412,2320,5096,18156,0,0,0.00,0,0.00,3,276,2.76,2.37,1.88,1,3.00,0.00,521.60,173.87,0.02,2.40,3.47,1.04,33.00,49.40,4.08,248.24,0.00,0.00,0.00,0.02
2018-01-07 01:05:17,97.00,0.00,2.90,0.00,0.00,0.00,0.10,0.00,0.00,0.00,4.60,1182.20,1025.60,0.00,0.00,0.00,1689.60,5467.20,0.00,3054.00,0.00,0.00,0.00,0.00,18.20,0.00,18.20,0.00,3462.40,6716280,0,1459328,17.85,31320,479280,1489456,18.22,1055716,288184,55700,833352,44788,2472,5624,18156,0,0,0.00,0,0.00,5,295,3.26,2.48,1.92,0,18.20,0.00,3462.40,190.24,0.06,3.87,1.63,2.96,161.00,233.80,12.82,1653.15,0.00,0.00,0.00,0.14
2018-01-07 01:05:22,31.06,0.00,1.51,0.00,0.10,0.00,0.50,0.00,0.00,66.83,6.80,1530.20,1554.00,0.00,0.00,0.00,1168.00,1228.20,0.00,4244.00,0.00,0.00,0.00,0.00,13.00,0.00,13.00,0.00,2336.00,6635368,0,1540240,18.84,31332,479648,1522072,18.62,1129492,293884,50424,914444,44988,2600,5820,18156,0,0,0.00,0,0.00,0,311,4.36,2.72,2.00,0,13.00,0.00,2336.00,179.69,0.02,1.66,0.92,1.20,992.20,753.40,6392.33,1034.28,0.00,0.00,0.00,0.52
2018-01-07 01:05:27,3.22,0.00,0.20,0.20,0.00,0.00,0.00,0.00,0.00,96.38,0.20,557.40,506.20,0.00,0.00,0.00,4979.20,26.20,0.00,307.60,0.00,0.00,0.00,0.00,40.00,0.00,40.00,0.00,9958.40,6635160,0,1540448,18.84,31340,479708,1522072,18.62,1131432,294316,25696,914700,44972,2600,5820,18156,0,0,0.00,0,0.00,0,311,4.01,2.68,1.99,0,40.00,0.00,9958.40,248.96,1.16,29.06,0.30,1.20,71.00,70.00,181.00,89.89,0.00,0.00,0.00,0.01
2018-01-07 01:05:32,2.12,0.00,0.30,0.00,0.00,0.00,0.00,0.00,0.00,97.58,0.20,525.40,475.00,0.00,0.00,0.00,47.20,15.00,0.00,583.40,0.00,0.00,0.00,0.00,1.40,0.00,1.40,0.00,94.40,6639744,0,1535864,18.79,31348,479796,1522072,18.62,1126332,294340,25608,909540,44972,2600,5812,18156,0,0,0.00,0,0.00,1,312,3.69,2.63,1.98,0,1.40,0.00,94.40,67.43,0.00,0.00,0.00,0.00,76.80,80.40,7.95,13.47,0.00,0.00,0.00,0.00
2018-01-07 01:05:37,1.21,0.00,0.20,0.50,0.10,0.00,0.00,0.00,0.00,97.98,0.00,440.40,321.00,0.00,0.00,0.00,61.60,62.20,0.00,88.00,0.00,0.00,0.00,0.00,8.40,0.00,8.40,0.00,123.20,6638884,0,1536724,18.80,31356,479832,1522072,18.62,1127356,294360,25332,910528,44972,2600,5812,18156,0,0,0.00,0,0.00,3,311,3.39,2.59,1.97,0,8.40,0.00,123.20,14.67,0.01,0.67,0.67,0.56,17.20,21.00,1.82,3.85,0.00,0.00,0.00,0.00
2018-01-07 01:05:42,0.81,0.00,0.30,0.20,0.00,0.00,0.00,0.00,0.00,98.69,0.00,414.60,308.80,0.00,0.00,0.00,4890.40,8.60,0.00,58.00,0.00,0.00,0.00,0.00,39.20,0.00,39.20,0.00,9780.80,6638932,0,1536676,18.80,31368,479856,1522072,18.62,1127368,294372,1032,910544,44924,2600,5812,18156,0,0,0.00,0,0.00,0,311,3.12,2.54,1.96,0,39.20,0.00,9780.80,249.51,2.90,74.02,0.84,3.28,10.00,14.20,1.12,3.17,0.00,0.00,0.00,0.00
2018-01-07 01:05:47,0.70,0.00,0.20,0.00,0.00,0.00,0.00,0.00,0.00,99.09,0.00,406.60,307.80,0.00,0.00,0.00,46.40,9.40,0.00,133.80,0.00,0.00,0.00,0.00,7.20,0.00,7.20,0.00,92.80,6638940,0,1536668,18.80,31376,479888,1522072,18.62,1127340,294400,916,910480,44924,2592,5812,18156,0,0,0.00,0,0.00,0,310,2.87,2.50,1.95,0,7.20,0.00,92.80,12.89,0.00,0.11,0.11,0.08,28.60,31.00,123.59,4.17,0.00,0.00,0.00,0.01
2018-01-07 01:05:52,1.81,0.00,0.40,0.00,0.10,0.00,0.00,0.00,0.00,97.69,2.20,458.40,340.80,0.00,0.00,0.00,168.80,711.80,0.00,1620.20,0.00,0.00,0.00,0.00,3.00,0.00,3.00,0.00,337.60,6605212,0,1570396,19.21,31384,479920,1522072,18.62,1160148,294424,292,943272,44972,2592,5876,18156,0,0,0.00,0,0.00,1,310,2.64,2.46,1.93,0,3.00,0.00,337.60,112.53,0.00,0.27,0.27,0.08,15.60,19.60,1.72,3.71,0.00,0.00,0.00,0.00
2018-01-07 01:05:57,0.91,0.00,0.20,0.00,0.00,0.00,0.00,0.00,0.00,98.89,0.00,433.33,315.77,0.00,0.00,0.00,15.17,9.18,0.00,107.58,0.00,0.00,0.00,0.00,0.40,0.00,0.40,0.00,30.34,6605140,0,1570468,19.21,31392,479960,1522072,18.62,1160180,294440,364,943276,44980,2592,5876,18156,0,0,0.00,0,0.00,1,310,2.43,2.42,1.92,0,0.40,0.00,30.34,76.00,0.00,0.00,0.00,0.00,22.75,25.75,42.88,4.26,0.00,0.00,0.00,0.00
2018-01-07 01:06:02,0.70,0.00,0.10,0.20,0.00,0.00,0.00,0.00,0.00,98.99,0.00,424.20,296.20,0.00,0.00,0.00,5.60,10.20,0.00,82.80,0.00,0.00,0.00,0.00,0.40,0.00,0.40,0.00,11.20,6605016,0,1570592,19.21,31400,479988,1522072,18.62,1160220,294460,392,943292,44980,2592,5876,18156,0,0,0.00,0,0.00,0,310,2.24,2.38,1.91,0,0.40,0.00,11.20,28.00,0.00,6.00,6.00,0.24,16.60,20.40,1.77,3.51,0.00,0.00,0.00,0.00
2018-01-07 01:06:07,1.21,0.00,0.20,0.00,0.00,0.00,0.00,0.00,0.00,98.59,0.20,418.60,292.80,0.00,0.00,0.00,37.60,12.40,0.00,71.80,0.00,0.00,0.00,0.00,0.80,0.00,0.80,0.00,75.20,6604892,0,1570716,19.21,31408,480016,1522072,18.62,1160236,294484,264,943296,44980,2592,5876,18156,0,0,0.00,0,0.00,0,311,2.06,2.34,1.90,0,0.80,0.00,75.20,94.00,0.00,1.00,1.00,0.08,14.00,17.80,1.50,3.47,0.00,0.00,0.00,0.00
2018-01-07 01:06:12,0.91,0.00,0.10,0.00,0.10,0.00,0.10,0.00,0.00,98.79,0.00,444.00,328.40,0.00,0.00,0.00,32.80,9.20,0.00,96.00,0.00,0.00,0.00,0.00,4.40,0.00,4.40,0.00,65.60,6605016,0,1570592,19.21,31416,480056,1522072,18.62,1160208,294500,168,943236,44988,2584,5876,18156,0,0,0.00,0,0.00,0,309,1.89,2.30,1.89,0,4.40,0.00,65.60,14.91,2.18,496.18,25.09,11.04,18.20,22.20,1.89,6.58,0.00,0.00,0.00,0.00
2018-01-07 01:06:17,1.11,0.00,0.30,0.00,0.00,0.00,0.00,0.00,0.00,98.59,0.40,430.80,317.00,0.00,0.00,0.00,13.60,18.60,0.00,204.00,0.00,0.00,0.00,0.00,0.80,0.00,0.80,0.00,27.20,6600912,0,1574696,19.26,31424,480088,1522072,18.62,1164384,294524,212,947400,44988,2592,5884,18156,0,0,0.00,0,0.00,1,310,1.74,2.26,1.88,0,0.80,0.00,27.20,34.00,0.00,0.00,0.00,0.00,20.40,23.60,2.06,8.84,0.00,0.00,0.00,0.00
2018-01-07 01:06:22,1.31,0.00,0.30,0.10,0.00,0.00,0.00,0.00,0.00,98.29,0.20,511.40,423.80,0.00,0.00,0.00,15.20,23.60,0.00,147.60,0.00,0.00,0.00,0.00,1.20,0.00,1.20,0.00,30.40,6601264,0,1574344,19.26,31432,480112,1522072,18.62,1164216,294540,232,947212,44908,2560,5884,18156,0,0,0.00,0,0.00,0,306,1.60,2.22,1.87,0,1.20,0.00,30.40,25.33,0.00,0.00,0.00,0.00,26.60,43.20,2.43,192.35,0.00,0.00,0.00,0.02
2018-01-07 01:06:27,0.81,0.00,0.30,0.00,0.00,0.00,0.00,0.00,0.00,98.89,0.20,429.40,299.60,0.00,0.00,0.00,21.60,12.20,0.00,86.60,0.00,0.00,0.00,0.00,1.40,0.00,1.40,0.00,43.20,6601148,0,1574460,19.26,31440,480144,1522072,18.62,1164176,294560,200,947152,44908,2560,5884,18156,0,0,0.00,0,0.00,1,306,1.47,2.19,1.86,0,1.40,0.00,43.20,30.86,0.00,0.00,0.00,0.00,16.80,20.40,1.75,5.82,0.00,0.00,0.00,0.00
2018-01-07 01:06:32,1.61,0.00,0.10,0.00,0.00,0.00,0.00,0.00,0.00,98.29,0.00,402.00,286.00,0.00,0.00,0.00,57.60,11.60,0.00,74.00,0.00,0.00,0.00,0.00,3.40,0.00,3.40,0.00,115.20,6601272,0,1574336,19.26,31448,480184,1522072,18.62,1164212,294580,56,947160,44908,2560,5884,18156,0,0,0.00,0,0.00,1,306,1.36,2.15,1.85,0,3.40,0.00,115.20,33.88,0.00,0.00,0.00,0.00,14.60,18.60,1.57,3.49,0.00,0.00,0.00,0.00
2018-01-07 01:06:37,0.60,0.00,0.20,0.20,0.10,0.00,0.10,0.00,0.00,98.79,0.00,422.60,300.80,0.00,0.00,0.00,8.80,9.20,0.00,94.40,0.00,0.00,0.00,0.00,0.40,0.00,0.40,0.00,17.60,6601272,0,1574336,19.26,31456,480216,1522072,18.62,1164232,294604,132,947164,44908,2560,5884,18156,0,0,0.00,0,0.00,1,306,1.25,2.12,1.84,0,0.40,0.00,17.60,44.00,0.01,14.00,14.00,0.56,19.40,23.40,2.06,4.11,0.00,0.00,0.00,0.00
2018-01-07 01:06:42,1.20,0.00,0.30,0.10,0.00,0.00,0.00,0.00,0.00,98.39,0.60,540.20,497.40,0.00,0.00,0.00,7.20,23.00,0.00,305.80,0.00,0.00,0.00,0.00,0.40,0.00,0.40,0.00,14.40,6599192,0,1576416,19.28,31464,480264,1522072,18.62,1166392,294620,204,949288,44900,2568,5888,18156,0,0,0.00,0,0.00,0,307,1.15,2.08,1.83,0,0.40,0.00,14.40,36.00,0.00,0.00,0.00,0.00,69.00,113.20,6.06,574.98,0.00,0.00,0.00,0.05
2018-01-07 01:06:47,2.42,0.00,0.40,0.00,0.10,0.00,0.20,0.00,0.00,96.88,0.60,706.40,759.00,0.00,0.00,0.00,5.60,34.00,0.00,844.00,0.00,0.00,0.00,0.00,0.40,0.00,0.40,0.00,11.20,6600020,0,1575588,19.27,31472,480280,1522072,18.62,1161868,298144,284,948264,44900,2560,5892,18156,0,0,0.00,0,0.00,0,306,1.06,2.05,1.82,0,0.40,0.00,11.20,28.00,0.00,0.00,0.00,0.00,137.00,177.80,12.51,745.84,0.00,0.00,0.00,0.06
2018-01-07 01:06:52,72.95,0.00,2.20,0.00,0.00,0.00,0.40,0.00,0.00,24.45,2.80,1016.80,1046.80,0.00,0.00,0.00,12.00,2510.00,0.00,2568.40,0.00,0.00,0.00,0.00,0.40,0.00,0.40,0.00,24.00,6542716,0,1632892,19.97,31480,514756,1522072,18.62,1209964,306656,34900,970408,44900,2528,5936,18156,0,0,0.00,0,0.00,6,302,0.97,2.01,1.81,0,0.40,0.00,24.00,60.00,0.00,0.00,0.00,0.00,160.00,236.00,13.02,1630.00,0.00,0.00,0.00,0.13
2018-01-07 01:06:57,97.50,0.00,2.00,0.00,0.00,0.00,0.20,0.00,0.00,0.30,1.00,2356.00,1082.40,0.00,0.00,0.00,8.00,2602.80,0.00,2087.40,0.00,0.00,0.00,0.00,0.40,0.00,0.40,0.00,16.00,6479828,0,1695780,20.74,31488,541688,1538088,18.81,1243412,336420,61928,1006840,45316,2568,6032,18156,0,0,0.00,0,0.00,2,307,1.37,2.08,1.84,0,0.40,0.00,16.00,40.00,0.00,0.00,0.00,0.00,81.60,123.40,6.38,899.32,0.00,0.00,0.00,0.07
2018-01-07 01:07:02,97.40,0.00,2.20,0.00,0.00,0.00,0.40,0.00,0.00,0.00,0.20,2746.60,936.00,0.00,0.00,0.00,22.40,102.80,0.00,2130.20,0.00,0.00,0.00,0.00,1.40,0.00,1.40,0.00,44.80,6450296,0,1725312,21.10,31496,584372,1538088,18.81,1231616,377272,104608,993072,46416,2560,6020,18156,0,0,0.00,0,0.00,2,306,1.42,2.08,1.84,0,1.40,0.00,44.80,32.00,0.00,0.00,0.00,0.00,13.80,19.00,1.07,83.53,0.00,0.00,0.00,0.01
2018-01-07 01:07:07,79.13,0.00,3.12,0.00,0.00,0.00,0.00,0.00,0.00,17.74,15.00,1453.00,1028.00,0.00,0.00,0.00,112.00,10425.60,0.00,23995.20,0.00,0.00,0.00,0.00,2.80,0.00,2.80,0.00,224.00,6654104,0,1521504,18.61,31508,554032,1445896,17.69,1024196,381116,74492,819824,46228,2360,5552,18156,0,0,0.00,0,0.00,5,281,1.79,2.14,1.86,0,2.80,0.00,224.00,80.00,0.00,0.57,0.29,0.08,29.80,34.20,3.97,85.43,0.00,0.00,0.00,0.01
2018-01-07 01:07:12,95.90,0.00,3.20,0.00,0.00,0.00,0.90,0.00,0.00,0.00,7.40,2313.20,2686.20,0.00,0.00,0.00,16.80,3070.40,0.00,6752.60,0.00,0.00,0.00,0.00,0.60,0.00,0.60,0.00,33.60,6529036,0,1646572,20.14,31520,569464,1505616,18.42,1126600,404116,91000,929832,46276,2448,5864,18156,0,0,0.00,0,0.00,5,292,1.97,2.17,1.87,0,0.60,0.00,33.60,56.00,0.01,18.67,17.33,1.04,1340.00,1182.40,6760.02,4693.79,0.00,0.00,0.00,0.55
2018-01-07 01:07:17,97.60,0.00,2.30,0.00,0.00,0.00,0.10,0.00,0.00,0.00,2.80,1258.40,1057.00,0.00,0.00,0.00,9.60,4116.20,0.00,2293.40,0.00,0.00,0.00,0.00,0.40,0.00,0.40,0.00,19.20,6452264,0,1723344,21.08,31528,589776,1539264,18.83,1194312,413004,111680,986116,46276,2560,5976,18156,0,0,0.00,0,0.00,4,306,2.21,2.22,1.89,0,0.40,0.00,19.20,48.00,0.00,2.00,2.00,0.08,129.60,197.00,10.29,1428.37,0.00,0.00,0.00,0.12
2018-01-07 01:07:22,97.50,0.00,2.30,0.00,0.00,0.00,0.20,0.00,0.00,0.00,1.20,2746.20,1060.80,0.00,0.00,0.00,8.80,232.00,0.00,2294.80,0.00,0.00,0.00,0.00,0.80,0.00,0.80,0.00,17.60,6434332,0,1741276,21.30,31536,626756,1539264,18.83,1176324,448412,148692,966720,46600,2608,5960,18156,0,0,0.00,0,0.00,2,312,2.35,2.25,1.90,0,0.80,0.00,17.60,22.00,0.00,0.00,0.00,0.00,13.60,23.80,1.11,125.09,0.00,0.00,0.00,0.01
2018-01-07 01:07:27,68.67,0.00,2.41,2.01,0.10,0.00,0.20,0.00,0.00,26.61,5.60,2597.80,1280.00,0.00,0.00,0.00,14856.80,683.00,0.00,20002.00,0.00,0.00,0.00,0.00,117.40,0.00,117.40,0.00,29713.60,6768956,0,1406652,17.21,31548,627056,1020892,12.49,808940,481396,74920,631736,46660,2072,4468,18156,0,0,0.00,0,0.00,1,245,2.48,2.28,1.91,0,117.40,0.00,29713.60,253.10,8.38,71.39,0.59,6.96,23.20,31.60,2.29,85.34,0.00,0.00,0.00,0.01
2018-01-07 01:07:32,0.00,0.00,0.10,0.00,0.10,0.00,0.00,0.00,0.00,99.80,0.00,248.00,166.40,0.00,0.00,8.00,8.00,9.00,0.00,71.80,0.00,0.00,0.00,0.00,0.60,0.20,0.40,16.00,16.00,6768956,0,1406652,17.21,31548,627104,1020892,12.49,808952,481436,74928,631736,46660,2072,4468,18156,0,0,0.00,0,0.00,1,245,2.29,2.24,1.90,0,0.60,16.00,16.00,53.33,0.00,1.33,1.33,0.08,13.40,17.00,1.01,82.32,0.00,0.00,0.00,0.01
2018-01-07 01:07:37,0.30,0.00,0.00,0.00,0.00,0.00,0.00,0.00,0.00,99.70,0.60,265.20,182.00,0.00,0.00,0.00,7.20,19.60,0.00,75.40,0.00,0.00,0.00,0.00,1.00,0.00,1.00,0.00,14.40,6768968,0,1406640,17.21,31556,627232,1020892,12.49,809028,481552,75048,631804,46652,2080,4468,18156,0,0,0.00,0,0.00,1,246,2.10,2.20,1.89,0,1.00,0.00,14.40,14.40,0.00,0.80,0.80,0.08,12.60,12.60,20.33,20.94,0.00,0.00,0.00,0.00
2018-01-07 01:07:42,0.20,0.00,0.10,0.10,0.00,0.00,0.00,0.00,0.00,99.60,0.40,258.40,193.00,0.00,0.00,0.00,152.80,19.60,0.00,106.20,0.00,0.00,0.00,0.00,9.20,0.00,9.20,0.00,305.60,6766932,0,1408676,17.23,31568,627516,1020892,12.49,811096,481836,74672,633848,46616,2080,4476,18156,0,0,0.00,0,0.00,1,246,1.93,2.17,1.88,0,9.20,0.00,305.60,33.22,0.00,0.52,0.09,0.08,16.40,18.20,52.18,56.86,0.00,0.00,0.00,0.00
2018-01-07 01:07:47,53.21,0.00,2.71,0.00,0.00,0.00,0.20,0.00,0.00,43.88,23.60,1066.20,1073.00,0.00,0.00,0.00,14913.60,9680.80,0.00,6930.40,0.00,0.00,0.00,0.00,117.60,0.00,117.60,0.00,29827.20,6648292,0,1527316,18.68,31580,564884,1440188,17.62,990044,419224,1248,812844,47188,2688,5548,18156,0,0,0.00,0,0.00,5,322,1.78,2.13,1.87,0,117.60,0.00,29827.20,253.63,7.86,66.82,0.62,7.28,145.60,145.40,12.57,748.27,0.00,0.00,0.00,0.06
2018-01-07 01:07:52,97.10,0.00,2.70,0.00,0.00,0.00,0.10,0.00,0.00,0.10,6.00,1314.60,868.20,0.00,0.00,0.00,22.40,4323.20,0.00,2165.60,0.00,0.00,0.00,0.00,0.60,0.00,0.60,0.00,44.80,6314400,0,1861208,22.77,31592,565148,1651152,20.20,1324448,419476,1544,1147212,47332,2552,6344,18156,0,0,0.00,0,0.00,7,305,2.04,2.18,1.89,0,0.60,0.00,44.80,74.67,0.00,1.33,1.33,0.08,31.20,34.80,9.06,3.49,0.00,0.00,0.00,0.00
2018-01-07 01:07:57,98.60,0.00,1.20,0.00,0.00,0.00,0.10,0.00,0.00,0.10,0.00,1484.00,882.00,0.00,0.00,0.00,8.80,63.00,0.00,436.40,0.00,0.00,0.00,0.00,0.60,0.00,0.60,0.00,17.60,6310728,0,1864880,22.81,31600,565172,1651152,20.20,1326532,419496,1564,1149280,47372,2520,6356,18156,0,0,0.00,0,0.00,3,301,2.27,2.23,1.90,0,0.60,0.00,17.60,29.33,0.00,0.00,0.00,0.00,7.00,10.40,0.55,1.96,0.00,0.00,0.00,0.00
2018-01-07 01:08:02,78.21,0.00,3.41,0.00,0.00,0.00,0.10,0.00,0.00,18.27,12.20,1061.00,812.40,0.00,0.00,0.00,64.00,6902.20,0.00,27789.60,0.00,0.00,0.00,0.00,1.80,0.00,1.80,0.00,128.00,6611968,0,1563640,19.13,31612,635032,1415752,17.32,1026580,419304,71448,779252,47728,2328,5464,18156,0,0,0.00,0,0.00,4,277,2.25,2.22,1.90,0,1.80,0.00,128.00,71.11,0.01,4.89,4.89,0.88,15.80,16.40,2.52,2.65,0.00,0.00,0.00,0.00
2018-01-07 01:08:07,97.00,0.00,2.80,0.00,0.00,0.00,0.10,0.00,0.00,0.10,7.20,1165.80,818.20,0.00,0.00,0.00,104.80,5447.80,0.00,2568.80,0.00,0.00,0.00,0.00,1.40,0.00,1.40,0.00,209.60,6261856,0,1913752,23.41,31624,635296,1616072,19.77,1375548,419984,71276,1128636,48016,2520,6312,18156,0,0,0.00,0,0.00,4,301,2.47,2.27,1.92,0,1.40,0.00,209.60,149.71,0.00,2.29,1.14,0.16,23.80,31.60,7.43,90.21,0.00,0.00,0.00,0.01
2018-01-07 01:08:12,99.10,0.00,0.80,0.00,0.00,0.00,0.10,0.00,0.00,0.00,0.00,1570.00,708.20,0.00,0.00,0.00,264.00,83.40,0.00,546.60,0.00,0.00,0.00,0.00,3.00,0.00,3.00,0.00,528.00,6255616,0,1919992,23.48,31632,635320,1616072,19.77,1379708,420876,70072,1133640,47984,2520,6332,18156,0,0,0.00,0,0.00,3,301,2.43,2.26,1.92,0,3.00,0.00,528.00,176.00,0.00,0.53,0.27,0.08,18.60,31.40,1.43,178.67,0.00,0.00,0.00,0.01
2018-01-07 01:08:17,88.30,0.00,3.60,0.00,0.00,0.00,0.00,0.00,0.00,8.10,12.40,1147.00,852.20,0.00,0.00,0.00,930.40,6907.00,0.00,26716.00,0.00,0.00,0.00,0.00,13.80,0.00,13.80,0.00,1860.80,6529232,0,1646376,20.14,31632,705164,1419484,17.36,1102340,424572,135096,790140,49552,2328,5480,18156,0,0,0.00,0,0.00,5,277,2.48,2.28,1.93,0,13.80,0.00,1860.80,134.84,0.04,3.25,1.57,2.16,83.40,113.60,7.45,789.66,0.00,0.00,0.00,0.06
2018-01-07 01:08:22,95.20,0.00,3.90,0.00,0.00,0.00,0.70,0.00,0.00,0.20,9.20,1856.20,2166.60,0.00,0.00,0.80,10464.80,6300.20,0.00,7574.80,0.00,0.00,0.00,0.00,99.20,0.20,99.00,1.60,20929.60,6393436,0,1782172,21.80,31660,704064,1528752,18.70,1185896,475332,83564,925496,49872,2600,5916,18156,0,0,0.00,0,0.00,15,311,2.60,2.30,1.94,0,99.20,1.60,20929.60,211.00,0.18,1.77,0.69,6.88,1016.40,1371.40,1776.56,10175.63,0.00,0.00,0.00,0.83
2018-01-07 01:08:27,9.15,0.00,0.70,0.00,0.10,0.00,0.60,0.00,0.00,89.45,0.00,786.20,1281.40,0.00,0.00,0.80,1762.40,191.40,0.00,6738.60,0.00,0.00,0.00,0.00,17.20,0.20,17.00,1.60,3524.80,6383192,0,1792416,21.92,31672,704336,1528752,18.70,1186904,484212,75156,935108,49880,2600,5948,18156,0,0,0.00,0,0.00,0,311,2.39,2.27,1.93,0,17.20,1.60,3524.80,205.02,0.03,1.81,0.93,1.60,1586.20,1158.00,11907.32,1815.79,0.00,0.00,0.00,0.98
2018-01-07 01:08:32,52.96,0.00,2.31,0.00,0.00,0.00,0.00,0.00,0.00,44.72,1.00,744.40,667.60,0.00,0.00,0.00,7428.80,220.60,0.00,409.80,0.00,0.00,0.00,0.00,60.20,0.00,60.20,0.00,14857.60,6310828,0,1864780,22.81,31684,771936,1528752,18.70,1257608,485932,105696,940104,51572,2496,5956,18156,0,0,0.00,0,0.00,2,298,2.20,2.23,1.92,0,60.20,0.00,14857.60,246.80,2.17,36.09,0.37,2.24,57.60,74.80,173.42,348.36,0.00,0.00,0.00,0.03
2018-01-07 01:08:37,97.20,0.00,1.80,0.00,0.00,0.00,0.10,0.00,0.00,0.90,5.60,1239.00,855.80,0.00,0.00,0.00,198.40,2027.00,0.00,11234.80,0.00,0.00,0.00,0.00,2.60,0.00,2.60,0.00,396.80,6484648,0,1690960,20.68,31692,740424,1301256,15.92,1080752,488584,73452,797224,50964,2520,5272,18156,0,0,0.00,0,0.00,1,280,2.51,2.29,1.94,0,2.60,0.00,396.80,152.62,0.00,1.23,0.62,0.16,39.60,57.80,3.27,347.83,0.00,0.00,0.00,0.03
2018-01-07 01:08:42,95.49,0.00,3.21,0.00,0.00,0.00,0.00,0.00,0.00,1.30,11.80,1242.20,878.20,0.00,0.00,0.00,219.20,9272.80,0.00,12492.60,0.00,0.00,0.00,0.00,2.60,0.00,2.60,0.00,438.40,6458708,0,1716900,21.00,31704,705972,1452860,17.77,1106988,490792,38300,860080,49856,2376,5692,18156,0,0,0.00,0,0.00,4,283,2.47,2.29,1.94,0,2.60,0.00,438.40,168.62,0.01,5.23,4.31,1.12,37.20,57.60,4.22,345.41,0.00,0.00,0.00,0.03
2018-01-07 01:08:47,93.89,0.00,4.20,0.10,0.00,0.00,1.60,0.00,0.00,0.20,7.80,2160.80,3216.00,0.00,0.00,19.20,7109.60,2442.80,0.00,12220.20,0.00,0.00,0.00,0.00,67.00,1.80,65.20,38.40,14219.20,6354664,0,1820944,22.27,31728,742668,1532608,18.75,1154432,546256,44900,926348,49960,2472,5928,18156,0,0,0.00,0,0.00,6,295,2.91,2.38,1.97,0,67.00,38.40,14219.20,212.80,0.41,6.08,0.72,4.80,2612.00,2513.40,13832.56,11947.27,0.00,0.00,0.00,1.13
2018-01-07 01:08:52,97.20,0.00,2.70,0.00,0.00,0.00,0.10,0.00,0.00,0.00,3.20,1152.80,962.80,0.00,0.00,0.00,111.20,2312.80,0.00,1520.00,0.00,0.00,0.00,0.00,10.60,0.00,10.60,0.00,222.40,6282756,0,1892852,23.15,31740,771704,1548720,18.94,1217692,554468,73500,968728,50560,2600,6016,18156,0,0,0.00,0,0.00,4,311,2.84,2.37,1.97,0,10.60,0.00,222.40,20.98,0.02,2.19,0.08,0.08,125.20,196.40,9.16,1537.96,0.00,0.00,0.00,0.13
2018-01-07 01:08:57,26.51,0.00,1.41,0.00,0.10,0.00,0.00,0.00,0.00,71.99,5.00,864.60,571.60,0.00,0.00,0.00,106.40,783.40,0.00,20815.80,0.00,0.00,0.00,0.00,2.00,0.00,2.00,0.00,212.80,6684648,0,1490960,18.24,31752,702656,1038464,12.70,816788,556072,4316,638452,48576,2072,4548,18156,0,0,0.00,0,0.00,1,245,2.69,2.35,1.97,0,2.00,0.00,212.80,106.40,0.00,1.20,0.80,0.16,29.00,37.40,2.52,175.52,0.00,0.00,0.00,0.01
2018-01-07 01:09:02,0.20,0.00,0.10,0.10,0.00,0.00,0.00,0.00,0.00,99.60,0.00,232.00,147.40,0.00,0.00,0.00,14.40,9.00,0.00,36.00,0.00,0.00,0.00,0.00,1.00,0.00,1.00,0.00,28.80,6684664,0,1490944,18.24,31760,702680,1038464,12.70,816800,556092,4316,638452,48560,2072,4548,18156,0,0,0.00,0,0.00,1,245,2.47,2.31,1.96,0,1.00,0.00,28.80,28.80,0.00,0.00,0.00,0.00,5.00,6.40,0.38,1.10,0.00,0.00,0.00,0.00
