timestamp,cpu.%usr,cpu.%nice,cpu.%sys,cpu.%iowait,cpu.%steal,cpu.%irq,cpu.%soft,cpu.%guest,cpu.%gnice,cpu.%idle,task.proc/s,task.cswch/s,intr.intr/s,swap.pswpin/s,swap.pswpout/s,paging.pgpgin/s,paging.pgpgout/s,paging.fault/s,paging.majflt/s,paging.pgfree/s,paging.pgscank/s,paging.pgscand/s,paging.pgsteal/s,paging.%vmeff,io.tps,io.rtps,io.wtps,io.bread/s,io.bwrtn/s,memory.kbmemfree,memory.kbavail,memory.kbmemused,memory.%memused,memory.kbbuffers,memory.kbcached,memory.kbcommit,memory.%commit,memory.kbactive,memory.kbinact,memory.kbdirty,memory.kbanonpg,memory.kbslab,memory.kbkstack,memory.kbpgtbl,memory.kbvmused,swap.kbswpfree,swap.kbswpused,swap.%swpused,swap.kbswpcad,swap.%swpcad,load.runq-sz,load.plist-sz,load.ldavg-1,load.ldavg-5,load.ldavg-15,load.blocked,disk.tps,disk.rd_sec/s,disk.wr_sec/s,disk.avgrq-sz,disk.avgqu-sz,disk.await,disk.svctm,disk.%util,network.rxpck/s,network.txpck/s,network.rxkB/s,network.txkB/s,network.rxcmp/s,network.txcmp/s,network.rxmcst/s,network.%ifutil
2018-01-07 00:57:27,0.40,0.00,0.20,0.00,0.00,0.00,0.00,0.00,0.00,99.40,0.20,258.80,151.00,0.00,0.00,0.00,36.00,563.40,0.00,3864.40,0.00,0.00,0.00,0.00,1.20,0.00,1.20,0.00,72.00,7073148,0,1102460,13.48,30876,396540,1046984,12.81,727756,264656,75068,565000,41884,2016,3404,18156,0,0,0.00,0,0.00,1,238,1.67,1.21,1.14,0,1.20,0.00,72.00,60.00,0.00,0.00,0.00,0.00,3.00,4.40,0.33,0.67,0.00,0.00,0.00,0.00
2018-01-07 00:57:32,3.52,0.00,1.51,0.00,0.10,0.00,0.00,0.00,0.00,94.87,28.80,600.60,530.20,0.00,0.00,0.00,19.20,15459.00,0.00,4933.00,0.00,0.00,0.00,0.00,1.40,0.00,1.40,0.00,38.40,7064228,0,1111380,13.59,30884,396580,1069848,13.09,736348,264692,75128,573572,41904,2064,4416,18156,0,0,0.00,0,0.00,0,244,1.54,1.19,1.14,0,1.40,0.00,38.40,27.43,0.00,0.00,0.00,0.00,14.80,16.00,3.15,2.82,0.00,0.00,0.00,0.00
2018-01-07 00:57:37,0.10,0.00,0.10,0.40,0.00,0.00,0.00,0.00,0.00,99.40,0.00,230.40,203.40,0.00,0.00,0.00,7496.00,8.60,0.00,35.20,0.00,0.00,0.00,0.00,60.00,0.00,60.00,0.00,14992.00,7064228,0,1111380,13.59,30896,396600,1069848,13.09,736348,264700,37908,573580,41904,2064,4416,18156,0,0,0.00,0,0.00,0,244,1.42,1.17,1.13,0,60.00,0.00,14992.00,249.87,1.89,31.56,0.29,1.76,5.00,6.20,0.37,1.01,0.00,0.00,0.00,0.00
2018-01-07 00:57:42,0.10,0.00,0.10,2.21,0.10,0.00,0.00,0.00,0.00,97.49,0.40,260.40,217.00,0.00,0.00,0.00,3793.60,18.00,0.00,61.40,0.00,0.00,0.00,0.00,38.20,0.00,38.20,0.00,7587.20,7064228,0,1111380,13.59,30904,396652,1069848,13.09,736396,264764,18976,573600,41908,2064,4416,18156,0,0,0.00,0,0.00,0,244,1.30,1.15,1.13,0,38.20,0.00,7587.20,198.62,0.71,18.58,0.80,3.04,8.60,10.20,4.42,5.20,0.00,0.00,0.00,0.00
2018-01-07 00:57:47,6.64,0.00,0.80,0.80,0.10,0.00,0.00,0.00,0.00,91.65,12.40,471.20,367.00,0.00,0.00,0.00,3744.00,4359.80,0.00,561.00,0.00,0.00,0.00,0.00,29.80,0.00,29.80,0.00,7488.00,7018376,0,1157232,14.15,30912,396972,1441908,17.64,780552,265072,588,617756,42376,2264,5056,18156,0,0,0.00,0,0.00,3,278,1.20,1.13,1.12,0,29.80,0.00,7488.00,251.28,0.53,17.72,0.30,0.88,21.00,19.20,73.80,2.29,0.00,0.00,0.00,0.01
2018-01-07 00:57:52,97.80,0.00,2.20,0.00,0.00,0.00,0.00,0.00,0.00,0.00,3.20,1081.40,797.80,0.00,0.00,0.00,44.00,6172.80,0.00,2768.60,0.00,0.00,0.00,0.00,1.20,0.00,1.20,0.00,88.00,6812520,0,1363088,16.67,30924,397356,1513984,18.52,985740,265268,1132,822896,42520,2400,5608,18156,0,0,0.00,0,0.00,2,288,1.42,1.18,1.14,0,1.20,0.00,88.00,73.33,0.00,2.00,0.67,0.08,9.40,11.80,0.95,1.72,0.00,0.00,0.00,0.00
2018-01-07 00:57:57,98.00,0.00,1.80,0.00,0.00,0.00,0.00,0.00,0.00,0.20,5.40,1575.60,940.20,0.00,0.00,0.00,51.20,1126.20,0.00,665.40,0.00,0.00,0.00,0.00,1.00,0.00,1.00,0.00,102.40,6549740,0,1625868,19.89,30932,397460,1681460,20.57,1246324,265408,1252,1083372,42668,2560,6212,18156,0,0,0.00,0,0.00,3,299,1.63,1.23,1.15,0,1.00,0.00,102.40,102.40,0.00,0.00,0.00,0.00,25.80,27.00,3.96,22.99,0.00,0.00,0.00,0.00
2018-01-07 00:58:02,78.34,0.00,3.01,0.00,0.00,0.00,0.00,0.00,0.00,18.66,12.40,1124.60,825.20,0.00,0.00,0.00,16.80,5754.40,0.00,27131.40,0.00,0.00,0.00,0.00,0.60,0.00,0.60,0.00,33.60,6908356,0,1267252,15.50,30932,429536,1445116,17.68,890400,265212,33164,695132,42308,2136,5192,18156,0,0,0.00,0,0.00,7,274,1.50,1.21,1.14,0,0.60,0.00,33.60,56.00,0.00,0.00,0.00,0.00,15.80,17.20,2.53,2.97,0.00,0.00,0.00,0.00
2018-01-07 00:58:07,97.30,0.00,2.50,0.00,0.00,0.00,0.10,0.00,0.00,0.10,7.60,1322.60,842.80,0.00,0.00,0.00,78.40,5511.40,0.00,1930.00,0.00,0.00,0.00,0.00,1.40,0.00,1.40,0.00,156.80,6534880,0,1640728,20.07,30944,429816,1661564,20.32,1262804,265564,33336,1067596,42636,2400,6296,18156,0,0,0.00,0,0.00,3,300,1.86,1.29,1.17,0,1.40,0.00,156.80,112.00,0.02,14.86,14.86,2.08,19.40,25.20,3.72,43.90,0.00,0.00,0.00,0.00
2018-01-07 00:58:12,99.20,0.00,0.80,0.00,0.00,0.00,0.00,0.00,0.00,0.00,1.00,1262.80,867.60,0.00,0.00,0.00,225.60,104.60,0.00,1088.60,0.00,0.00,0.00,0.00,9.00,0.00,9.00,0.00,451.20,6524532,0,1651076,20.20,30956,429848,1661564,20.32,1270404,266484,32364,1076080,42796,2504,6192,18156,0,0,0.00,0,0.00,3,298,1.87,1.30,1.18,0,9.00,0.00,451.20,50.13,0.00,0.18,0.18,0.16,40.80,45.80,3.40,170.61,0.00,0.00,0.00,0.01
2018-01-07 00:58:17,76.91,0.00,2.81,0.00,0.00,0.00,0.00,0.00,0.00,20.28,13.60,1176.60,810.40,0.00,0.00,0.00,400.00,8951.80,0.00,28326.00,0.00,0.00,0.00,0.00,4.60,0.00,4.60,0.00,800.00,6832240,0,1343368,16.43,30968,461904,1483032,18.14,962568,268096,62492,737784,42932,2304,5312,18156,0,0,0.00,0,0.00,5,276,1.88,1.31,1.18,0,4.60,0.00,800.00,173.91,0.02,4.00,2.96,1.36,52.60,68.40,5.57,370.20,0.00,0.00,0.00,0.03
2018-01-07 00:58:22,82.23,0.00,2.61,0.00,0.00,0.00,0.90,0.00,0.00,14.26,8.00,1900.20,2107.80,0.00,0.00,0.80,3244.00,3471.40,0.00,6080.00,0.00,0.00,0.00,0.00,33.40,0.20,33.20,1.60,6488.00,6703908,0,1471700,18.00,30996,462108,1555308,19.02,1075616,283440,47248,865864,43120,2576,5800,18156,0,0,0.00,0,0.00,1,308,2.21,1.39,1.21,0,33.40,1.60,6488.00,194.30,0.04,1.20,0.81,2.72,1116.40,982.40,6072.31,3042.56,0.00,0.00,0.00,0.50
2018-01-07 00:58:27,26.08,0.00,1.10,0.00,0.10,0.00,0.30,0.00,0.00,72.42,0.00,905.60,1090.80,0.00,0.00,0.00,1960.00,41.60,0.00,1369.40,0.00,0.00,0.00,0.00,20.40,0.00,20.40,0.00,3920.00,6691632,0,1483976,18.15,31032,478948,1555308,19.02,1077384,293368,54320,860840,43328,2424,5800,18156,0,0,0.00,0,0.00,3,289,2.03,1.37,1.20,0,20.40,0.00,3920.00,192.16,0.02,0.86,0.59,1.20,268.00,347.80,515.76,1988.50,0.00,0.00,0.00,0.16
2018-01-07 00:58:32,97.80,0.00,2.20,0.00,0.00,0.00,0.00,0.00,0.00,0.00,2.80,1931.20,1036.80,0.00,0.00,0.00,3780.00,6711.40,0.00,4578.60,0.00,0.00,0.00,0.00,32.00,0.00,32.00,0.00,7560.00,6607936,0,1567672,19.17,31040,500920,1587384,19.42,1153792,299944,57772,921644,44000,2536,5896,18156,0,0,0.00,0,0.00,3,303,2.35,1.44,1.22,0,32.00,0.00,7560.00,236.25,0.63,19.80,0.53,1.68,36.00,52.00,3.13,270.48,0.00,0.00,0.00,0.02
2018-01-07 00:58:37,98.40,0.00,1.50,0.00,0.00,0.00,0.10,0.00,0.00,0.00,1.20,3043.20,894.20,0.00,0.00,0.00,341.60,65.20,0.00,2177.60,0.00,0.00,0.00,0.00,4.20,0.00,4.20,0.00,683.20,6574436,0,1601172,19.58,31048,542272,1587384,19.42,1144444,341484,97864,912952,44944,2584,5912,18156,0,0,0.00,0,0.00,2,309,2.32,1.45,1.23,0,4.20,0.00,683.20,162.67,0.00,1.14,0.76,0.32,53.20,83.60,4.36,552.17,0.00,0.00,0.00,0.05
2018-01-07 00:58:42,87.68,0.00,2.71,0.00,0.00,0.00,0.20,0.00,0.00,9.42,12.60,2240.20,832.20,0.00,0.00,0.00,24.00,6881.80,0.00,20639.60,0.00,0.00,0.00,0.00,1.20,0.00,1.20,0.00,48.00,6756424,0,1419184,17.36,31056,529968,1468612,17.96,943984,361468,85552,744416,44488,2296,5300,18156,0,0,0.00,0,0.00,7,273,2.30,1.46,1.23,0,1.20,0.00,48.00,40.00,0.00,0.67,0.67,0.08,20.20,22.80,3.12,4.37,0.00,0.00,0.00,0.00
2018-01-07 00:58:47,95.70,0.00,3.50,0.00,0.00,0.00,0.70,0.00,0.00,0.10,9.20,1977.40,2048.40,0.00,0.00,1.60,3297.60,4399.60,0.00,6264.00,0.00,0.00,0.00,0.00,37.00,0.40,36.60,3.20,6595.20,6617420,0,1558188,19.06,31076,529164,1542116,18.86,1069972,373052,69980,882732,44932,2528,5784,18156,0,0,0.00,0,0.00,6,289,2.51,1.52,1.25,0,37.00,3.20,6595.20,178.34,0.50,13.64,0.45,1.68,1132.20,949.80,6563.94,2513.53,0.00,0.00,0.00,0.54
2018-01-07 00:58:52,97.60,0.00,2.10,0.00,0.00,0.00,0.30,0.00,0.00,0.00,2.80,1343.00,1435.80,0.00,0.00,13.60,79.20,5017.40,0.00,4296.80,0.00,0.00,0.00,0.00,4.40,2.60,1.80,27.20,158.40,6522064,0,1653544,20.23,31088,560712,1574720,19.26,1150232,387208,103680,945796,45232,2536,5900,18156,0,0,0.00,0,0.00,8,303,2.95,1.63,1.29,0,4.40,27.20,158.40,42.18,0.00,0.18,0.18,0.08,319.00,454.60,25.86,3168.27,0.00,0.00,0.00,0.26
2018-01-07 00:58:57,97.50,0.00,2.30,0.00,0.00,0.00,0.20,0.00,0.00,0.00,1.20,2539.20,1034.40,0.00,0.00,0.00,9.60,334.40,0.00,2591.40,0.00,0.00,0.00,0.00,0.40,0.00,0.40,0.00,19.20,6504680,0,1670928,20.44,31096,592452,1574720,19.26,1133548,420448,135852,930680,45844,2576,5948,18156,0,0,0.00,0,0.00,2,309,2.88,1.63,1.29,0,0.40,0.00,19.20,48.00,0.00,12.00,12.00,0.48,64.80,98.80,5.29,655.17,0.00,0.00,0.00,0.05
2018-01-07 00:59:02,77.01,0.00,2.51,1.10,0.10,0.00,0.30,0.00,0.00,18.98,5.00,2645.40,1091.20,0.00,0.00,1.60,13753.60,661.00,0.00,20184.20,0.00,0.00,0.00,0.00,110.00,0.40,109.60,3.20,27507.20,6840128,0,1335480,16.33,31104,594436,1059680,12.96,766192,454056,69112,594688,46056,2232,4472,18156,0,0,0.00,0,0.00,0,243,2.81,1.64,1.30,0,110.00,3.20,27507.20,250.09,4.93,44.79,0.55,6.08,24.60,31.40,2.37,85.59,0.00,0.00,0.00,0.01
2018-01-07 00:59:07,0.00,0.00,0.00,0.00,0.00,0.00,0.00,0.00,0.00,100.00,0.00,227.00,142.00,0.00,0.00,0.00,72.80,8.40,0.00,34.80,0.00,0.00,0.00,0.00,1.40,0.00,1.40,0.00,145.60,6840272,0,1335336,16.33,31116,594440,1059680,12.96,765980,454140,69240,594560,45792,2056,4432,18156,0,0,0.00,0,0.00,0,243,2.58,1.61,1.29,0,1.40,0.00,145.60,104.00,0.00,0.00,0.00,0.00,4.60,5.80,0.35,0.98,0.00,0.00,0.00,0.00
2018-01-07 00:59:12,0.20,0.00,0.10,0.00,0.00,0.00,0.00,0.00,0.00,99.70,0.00,232.20,147.40,0.00,0.00,0.00,0.00,8.60,0.00,446.80,0.00,0.00,0.00,0.00,0.00,0.00,0.00,0.00,0.00,6840388,0,1335220,16.33,31116,594464,1059680,12.96,765992,454152,69092,594560,45788,2056,4432,18156,0,0,0.00,0,0.00,0,243,2.37,1.59,1.28,0,0.00,0.00,0.00,0.00,0.00,0.00,0.00,0.00,5.40,6.60,0.40,1.11,0.00,0.00,0.00,0.00
2018-01-07 00:59:17,0.00,0.00,0.00,0.00,0.00,0.00,0.00,0.00,0.00,100.00,0.20,237.60,152.60,0.00,0.00,0.00,60.80,12.20,0.00,40.00,0.00,0.00,0.00,0.00,1.60,0.00,1.60,0.00,121.60,6840388,0,1335220,16.33,31124,594484,1059680,12.96,765952,454152,68804,594520,45784,2056,4432,18156,0,0,0.00,0,0.00,0,244,2.18,1.56,1.28,0,1.60,0.00,121.60,76.00,0.00,0.50,0.50,0.08,5.20,6.40,0.40,1.10,0.00,0.00,0.00,0.00
2018-01-07 00:59:22,43.67,0.00,2.11,0.00,0.00,0.00,0.00,0.00,0.00,54.22,17.00,847.00,642.00,0.00,0.00,0.00,10746.40,8294.80,0.00,5773.80,0.00,0.00,0.00,0.00,57.80,0.00,57.80,0.00,13956.80,6743300,0,1432308,17.52,31136,535484,1473972,18.03,921080,395272,15800,749628,45996,2352,5316,18156,0,0,0.00,0,0.00,7,280,2.17,1.57,1.28,1,58.20,0.00,14059.20,241.57,6.21,37.94,0.70,4.08,22.20,21.20,73.96,2.47,0.00,0.00,0.00,0.01
2018-01-07 00:59:27,96.40,0.00,3.40,0.00,0.00,0.00,0.10,0.00,0.00,0.10,7.20,1329.60,903.60,0.00,0.00,0.00,3054.40,4800.40,0.00,2468.40,0.00,0.00,0.00,0.00,54.20,0.00,54.20,0.00,13644.80,6409040,0,1766568,21.61,31148,535748,1650984,20.19,1254908,395412,1164,1083420,46380,2496,6128,18156,0,0,0.00,0,0.00,8,304,2.40,1.62,1.30,0,53.80,0.00,13542.40,251.72,4.76,162.80,1.67,8.96,17.00,21.60,9.37,2.73,0.00,0.00,0.00,0.00
2018-01-07 00:59:32,98.00,0.00,1.80,0.00,0.00,0.00,0.10,0.00,0.00,0.10,0.00,1637.20,837.20,0.00,0.00,0.00,11.20,144.40,0.00,241.00,0.00,0.00,0.00,0.00,0.40,0.00,0.40,0.00,22.40,6388884,0,1786724,21.85,31156,535772,1679356,20.54,1273680,395432,1196,1102280,46396,2512,6240,18156,0,0,0.00,0,0.00,3,300,2.45,1.65,1.31,0,0.40,0.00,22.40,56.00,0.00,0.00,0.00,0.00,6.60,10.00,0.53,1.93,0.00,0.00,0.00,0.00
2018-01-07 00:59:37,72.12,0.00,2.31,0.10,0.10,0.00,0.10,0.00,0.00,25.28,11.80,938.60,833.00,0.00,0.00,0.00,42.40,6064.60,0.00,26879.40,0.00,0.00,0.00,0.00,1.40,0.00,1.40,0.00,84.80,6709708,0,1465900,17.93,31168,600236,1471172,17.99,952184,395212,65660,717996,46336,2320,5248,18156,0,0,0.00,0,0.00,4,276,2.25,1.62,1.30,0,1.40,0.00,84.80,60.57,0.00,0.57,0.57,0.08,15.40,15.80,2.48,2.53,0.00,0.00,0.00,0.00
2018-01-07 00:59:42,97.40,0.00,2.50,0.00,0.00,0.00,0.00,0.00,0.00,0.10,6.60,1164.40,818.40,0.00,0.00,0.00,80.00,5581.00,0.00,2559.40,0.00,0.00,0.00,0.00,1.80,0.00,1.80,0.00,160.00,6460144,0,1715464,20.98,31180,600556,1586048,19.40,1203068,395488,65832,966912,46536,2416,6016,18156,0,0,0.00,0,0.00,4,297,2.55,1.69,1.33,0,1.80,0.00,160.00,88.89,0.00,0.00,0.00,0.00,13.80,17.80,5.07,2.41,0.00,0.00,0.00,0.00
2018-01-07 00:59:47,98.10,0.00,1.60,0.00,0.00,0.00,0.20,0.00,0.00,0.10,0.60,1532.40,1124.80,0.00,0.00,0.00,262.40,353.60,0.00,676.20,0.00,0.00,0.00,0.00,3.00,0.00,3.00,0.00,524.80,6324176,0,1851432,22.65,31192,600584,1680856,20.56,1336228,396736,64644,1101184,46832,2512,6252,18156,0,0,0.00,0,0.00,3,300,2.51,1.70,1.33,0,3.00,0.00,524.80,174.93,0.01,2.67,2.13,0.64,30.40,42.40,2.94,249.06,0.00,0.00,0.00,0.02
2018-01-07 00:59:52,81.85,0.00,3.01,0.00,0.00,0.00,0.10,0.00,0.00,15.05,12.20,1086.20,814.40,0.00,0.00,0.00,448.00,5406.20,0.00,26818.80,0.00,0.00,0.00,0.00,5.20,0.00,5.20,0.00,896.00,6651448,0,1524160,18.64,31204,664956,1439460,17.61,1008268,398580,127020,710684,48004,2320,5088,18156,0,0,0.00,0,0.00,4,276,2.39,1.68,1.33,0,5.20,0.00,896.00,172.31,0.01,1.69,1.08,0.56,51.20,67.60,5.22,412.43,0.00,0.00,0.00,0.03
2018-01-07 00:59:57,96.30,0.00,3.20,0.00,0.00,0.00,0.40,0.00,0.00,0.10,9.20,1706.00,1722.60,0.00,0.00,1.60,7189.60,6413.80,0.00,5706.60,0.00,0.00,0.00,0.00,72.80,0.40,72.40,3.20,14379.20,6500976,0,1674632,20.48,31232,662520,1533312,18.75,1124252,431136,91772,861608,48256,2416,5672,18156,0,0,0.00,0,0.00,13,310,2.67,1.76,1.35,0,72.80,3.20,14379.20,197.56,0.28,3.85,0.92,6.72,620.20,920.60,443.09,7123.07,0.00,0.00,0.00,0.58
2018-01-07 01:00:02,10.61,0.00,1.01,0.00,0.00,0.00,0.51,0.00,0.00,87.88,0.00,993.60,1652.20,0.00,0.00,0.80,4500.80,55.20,0.00,7571.80,0.00,0.00,0.00,0.00,54.40,0.20,54.20,1.60,9001.60,6480948,0,1694660,20.73,31260,662392,1533312,18.75,1122544,453296,69304,882200,48324,2592,5828,18156,0,0,0.00,0,0.00,1,310,2.46,1.73,1.35,0,54.40,1.60,9001.60,165.50,0.06,1.16,0.50,2.72,1836.00,1495.80,12238.23,4258.58,0.00,0.00,0.00,1.00
2018-01-07 01:00:07,96.90,0.00,2.60,0.00,0.00,0.00,0.10,0.00,0.00,0.40,3.40,968.40,732.00,0.00,0.00,0.00,15.20,724.40,0.00,311.80,0.00,0.00,0.00,0.00,0.60,0.00,0.60,0.00,30.40,6398532,0,1777076,21.74,31268,727108,1549884,18.96,1203404,453324,134068,898364,49848,2536,5844,18156,0,0,0.00,0,0.00,8,309,2.58,1.77,1.36,0,0.60,0.00,30.40,50.67,0.00,0.00,0.00,0.00,26.80,29.00,122.07,4.31,0.00,0.00,0.00,0.01
2018-01-07 01:00:12,90.95,0.00,2.81,0.00,0.10,0.00,0.10,0.00,0.00,6.03,13.60,1432.80,1005.60,0.00,0.00,1.60,7186.40,8234.60,0.00,21725.00,0.00,0.00,0.00,0.00,58.60,0.40,58.20,3.20,14372.80,6625852,0,1549756,18.96,31268,663864,1466168,17.93,972320,457808,35156,737092,48356,2200,5212,18156,0,0,0.00,0,0.00,4,278,2.62,1.79,1.37,0,58.60,3.20,14372.80,245.32,8.43,143.89,1.53,8.96,68.60,99.60,6.55,651.50,0.00,0.00,0.00,0.05
2018-01-07 01:00:17,96.00,0.00,3.30,0.00,0.00,0.00,0.50,0.00,0.00,0.20,5.80,1580.00,1683.40,0.00,0.00,0.80,1526.40,6650.20,0.00,8117.80,0.00,0.00,0.00,0.00,16.80,0.20,16.60,1.60,3052.80,6476448,0,1699160,20.78,31280,679472,1528464,18.70,1109832,471024,44984,870188,48348,2424,5764,18156,0,0,0.00,0,0.00,4,291,2.73,1.82,1.38,0,16.80,1.60,3052.80,181.81,0.04,2.19,0.81,1.36,1005.60,849.20,6381.02,2774.47,0.00,0.00,0.00,0.52
2018-01-07 01:00:22,95.80,0.00,3.20,0.00,0.00,0.00,0.90,0.00,0.00,0.10,5.80,1763.80,2352.80,0.00,0.00,0.00,4784.80,1316.80,0.00,6601.60,0.00,0.00,0.00,0.00,49.00,0.00,49.00,0.00,9569.60,6381644,0,1793964,21.94,31292,725568,1545112,18.90,1158256,516424,69576,918032,49200,2544,5876,18156,0,0,0.00,0,0.00,3,306,2.99,1.89,1.41,0,49.00,0.00,9569.60,195.30,0.07,1.47,0.64,3.12,1523.20,1650.00,6400.33,9504.76,0.00,0.00,0.00,0.78
2018-01-07 01:00:27,46.93,0.00,1.51,0.00,0.00,0.00,0.10,0.00,0.00,51.46,5.80,1104.60,758.80,0.00,0.00,0.00,350.40,2131.20,0.00,21492.60,0.00,0.00,0.00,0.00,4.40,0.00,4.40,0.00,700.80,6767584,0,1408024,17.22,31304,661976,1063360,13.01,771032,519944,4696,597684,47488,2064,4448,18156,0,0,0.00,0,0.00,0,244,2.75,1.86,1.40,0,4.40,0.00,700.80,159.27,0.01,2.18,0.36,0.16,49.40,76.40,4.09,484.84,0.00,0.00,0.00,0.04
2018-01-07 01:00:32,0.00,0.00,0.00,0.20,0.00,0.00,0.00,0.00,0.00,99.80,0.00,250.80,172.60,0.00,0.00,0.00,88.80,7.80,0.00,78.20,0.00,0.00,0.00,0.00,2.00,0.00,2.00,0.00,177.60,6767724,0,1407884,17.22,31316,662000,1063360,13.01,770244,520760,4436,597684,47464,2064,4448,18156,0,0,0.00,0,0.00,0,244,2.53,1.83,1.39,0,2.00,0.00,177.60,88.80,0.00,2.40,2.40,0.48,15.40,25.40,1.14,161.37,0.00,0.00,0.00,0.01
2018-01-07 01:00:37,0.20,0.00,0.00,0.10,0.00,0.00,0.10,0.00,0.00,99.60,0.60,265.80,193.60,0.00,0.00,0.00,48.00,24.00,0.00,74.40,0.00,0.00,0.00,0.00,7.40,0.00,7.40,0.00,96.00,6767708,0,1407900,17.22,31324,662128,1063360,13.01,770400,520880,4344,597824,47428,2072,4448,18156,0,0,0.00,0,0.00,0,245,2.33,1.80,1.39,0,7.40,0.00,96.00,12.97,0.00,0.11,0.11,0.08,12.20,12.40,20.32,20.93,0.00,0.00,0.00,0.00
2018-01-07 01:00:42,0.20,0.00,0.40,0.00,0.00,0.00,0.00,0.00,0.00,99.40,0.60,267.20,193.80,0.00,0.00,0.00,398.40,22.20,0.00,13320.40,0.00,0.00,0.00,0.00,5.00,0.00,5.00,0.00,796.80,7031792,0,1143816,13.99,31332,403004,1063360,13.01,762852,269444,2784,597956,42436,2080,4448,18156,0,0,0.00,0,0.00,1,246,2.14,1.77,1.38,0,5.00,0.00,796.80,159.36,0.01,1.76,0.32,0.16,16.00,17.20,52.08,56.71,0.00,0.00,0.00,0.00
2018-01-07 01:00:47,75.15,0.00,2.59,0.00,0.10,0.00,0.00,0.00,0.00,22.16,22.60,1137.00,957.60,0.00,0.00,0.00,56.00,10461.60,0.00,4094.00,0.00,0.00,0.00,0.00,1.20,0.00,1.20,0.00,112.00,6825240,0,1350368,16.52,31344,403528,1540608,18.84,966572,269832,3576,801528,43176,2672,5520,18156,0,0,0.00,0,0.00,6,325,2.29,1.81,1.39,0,1.20,0.00,112.00,93.33,0.00,0.00,0.00,0.00,153.60,152.80,13.35,749.35,0.00,0.00,0.00,0.06
2018-01-07 01:00:52,97.40,0.00,2.40,0.00,0.00,0.00,0.10,0.00,0.00,0.10,4.80,1383.20,891.20,0.00,0.00,0.00,117.60,3622.00,0.00,2135.00,0.00,0.00,0.00,0.00,2.40,0.00,2.40,0.00,235.20,6515640,0,1659968,20.30,31356,403788,1686708,20.63,1269680,270068,3372,1110740,43188,2528,6288,18156,0,0,0.00,0,0.00,5,302,2.43,1.84,1.41,0,2.40,0.00,235.20,98.00,0.02,10.33,10.33,2.48,27.60,30.60,17.12,2.96,0.00,0.00,0.00,0.00
2018-01-07 01:00:57,92.70,0.00,1.60,0.00,0.00,0.10,0.10,0.00,0.00,5.50,3.40,1143.40,800.00,0.00,0.00,0.00,196.00,456.80,0.00,13081.20,0.00,0.00,0.00,0.00,2.40,0.00,2.40,0.00,392.00,6738300,0,1437308,17.58,31356,435740,1393604,17.05,1054020,269908,34388,856712,43348,2512,5512,18156,0,0,0.00,0,0.00,0,265,2.39,1.85,1.41,0,2.40,0.00,392.00,163.33,0.00,0.00,0.00,0.00,12.80,16.60,1.26,3.01,0.00,0.00,0.00,0.00
2018-01-07 01:01:02,87.30,0.00,2.70,0.00,0.00,0.00,0.00,0.00,0.00,10.00,11.00,1078.40,735.80,0.00,0.00,0.00,223.20,10619.00,0.00,16751.00,0.00,0.00,0.00,0.00,3.00,0.00,3.00,0.00,446.40,6784428,0,1391180,17.02,31368,435900,1526064,18.67,1008184,269884,33604,810864,43068,2352,5636,18156,0,0,0.00,0,0.00,6,285,2.60,1.90,1.43,0,3.00,0.00,446.40,148.80,0.00,0.00,0.00,0.00,12.60,13.80,2.27,2.05,0.00,0.00,0.00,0.00
2018-01-07 01:01:07,97.50,0.00,2.50,0.00,0.00,0.00,0.00,0.00,0.00,0.00,4.60,1556.00,833.00,0.00,0.00,0.00,177.60,2534.00,0.00,1271.20,0.00,0.00,0.00,0.00,10.20,0.00,10.20,0.00,355.20,6477924,0,1697684,20.77,31380,436164,1671948,20.45,1312784,270544,33228,1115780,43152,2512,6324,18156,0,0,0.00,0,0.00,2,300,2.87,1.97,1.45,0,10.20,0.00,355.20,34.82,0.01,0.55,0.47,0.48,20.40,28.20,13.90,83.35,0.00,0.00,0.00,0.01
2018-01-07 01:01:12,86.95,0.00,2.61,0.00,0.00,0.00,0.00,0.00,0.00,10.44,12.40,982.00,812.00,0.00,0.00,0.00,131.20,4499.40,0.00,26395.40,0.00,0.00,0.00,0.00,2.20,0.00,2.20,0.00,262.40,6917760,0,1257848,15.39,31388,468104,1453156,17.77,875272,270608,64680,646476,43268,2368,5012,18156,0,0,0.00,0,0.00,5,276,2.80,1.97,1.46,0,2.20,0.00,262.40,119.27,0.00,1.09,1.09,0.24,23.20,30.00,3.15,84.43,0.00,0.00,0.00,0.01
2018-01-07 01:01:17,97.40,0.00,2.60,0.00,0.00,0.00,0.00,0.00,0.00,0.00,2.80,1040.60,875.40,0.00,0.00,0.00,767.20,5597.20,0.00,2916.60,0.00,0.00,0.00,0.00,8.20,0.00,8.20,0.00,1534.40,6752648,0,1422960,17.40,31400,468488,1525060,18.65,1034796,274036,61588,809040,43308,2400,5692,18156,0,0,0.00,0,0.00,7,286,2.98,2.02,1.48,0,8.20,0.00,1534.40,187.12,0.02,1.85,1.37,1.12,62.20,98.60,5.15,674.81,0.00,0.00,0.00,0.06
2018-01-07 01:01:22,87.34,0.00,4.02,0.00,0.00,0.00,0.30,0.00,0.00,8.34,16.80,1821.40,1467.00,0.00,0.00,0.80,2341.60,6761.60,0.00,26731.80,0.00,0.00,0.00,0.00,25.20,0.20,25.00,1.60,4683.20,6843472,0,1332136,16.29,31416,469624,1449312,17.73,934188,284880,51604,718116,42900,2320,5164,18156,0,0,0.00,0,0.00,4,276,3.14,2.07,1.50,0,25.20,1.60,4683.20,185.90,0.03,1.37,0.83,2.08,264.60,383.80,28.63,2271.44,0.00,0.00,0.00,0.19
2018-01-07 01:01:27,97.40,0.00,2.40,0.00,0.00,0.00,0.10,0.00,0.00,0.10,6.00,1131.40,817.20,0.00,0.00,0.00,166.40,5669.00,0.00,2166.40,0.00,0.00,0.00,0.00,2.60,0.00,2.60,0.00,332.80,6676128,0,1499480,18.34,31428,469892,1532684,18.75,1094952,285528,51304,883392,43392,2416,5708,18156,0,0,0.00,0,0.00,5,294,3.37,2.13,1.52,0,2.60,0.00,332.80,128.00,0.00,0.00,0.00,0.00,24.40,31.00,5.47,84.33,0.00,0.00,0.00,0.01
2018-01-07 01:01:32,39.86,0.00,1.61,0.00,0.10,0.00,0.00,0.00,0.00,58.43,6.40,1046.00,775.60,0.00,0.00,0.00,4919.20,865.00,0.00,25521.60,0.00,0.00,0.00,0.00,40.60,0.00,40.60,0.00,9838.40,6956624,0,1218984,14.91,31440,471340,1074960,13.15,821200,285208,28288,603616,43004,2080,4516,18156,0,0,0.00,0,0.00,0,246,3.10,2.10,1.51,0,40.60,0.00,9838.40,242.33,0.87,21.52,0.39,1.60,84.00,87.60,9.05,8.95,0.00,0.00,0.00,0.00
2018-01-07 01:01:37,0.10,0.00,0.00,0.20,0.00,0.00,0.00,0.00,0.00,99.70,0.00,239.00,147.40,0.00,0.00,0.00,35.20,8.40,0.00,32.20,0.00,0.00,0.00,0.00,1.40,0.00,1.40,0.00,70.40,6956640,0,1218968,14.91,31452,471364,1074960,13.15,821200,285236,28304,603616,43004,2080,4516,18156,0,0,0.00,0,0.00,0,246,2.85,2.06,1.50,0,1.40,0.00,70.40,50.29,0.01,5.14,2.86,0.40,4.20,5.40,0.32,0.96,0.00,0.00,0.00,0.00
2018-01-07 01:01:42,0.10,0.00,0.20,0.00,0.00,0.00,0.00,0.00,0.00,99.70,0.00,242.20,162.60,0.00,0.00,0.00,57.60,9.60,0.00,142.20,0.00,0.00,0.00,0.00,7.40,0.00,7.40,0.00,115.20,6954644,0,1220964,14.93,31464,471388,1074960,13.15,823144,285260,28088,605548,43012,2080,4516,18156,0,0,0.00,0,0.00,1,245,2.62,2.03,1.50,0,7.40,0.00,115.20,15.57,0.00,0.00,0.00,0.00,4.40,5.80,0.34,1.06,0.00,0.00,0.00,0.00
2018-01-07 01:01:47,0.00,0.00,0.10,0.30,0.00,0.00,0.00,0.00,0.00,99.60,0.00,241.00,190.20,0.00,0.00,0.00,4885.60,8.00,0.00,36.20,0.00,0.00,0.00,0.00,39.00,0.00,39.00,0.00,9771.20,6954800,0,1220808,14.93,31472,471408,1074960,13.15,823156,285272,3740,605548,42984,2072,4520,18156,0,0,0.00,0,0.00,0,245,2.41,1.99,1.49,0,39.00,0.00,9771.20,250.54,0.99,25.33,0.35,1.36,4.80,6.20,0.37,1.09,0.00,0.00,0.00,0.00
2018-01-07 01:01:52,0.00,0.00,0.00,0.00,0.00,0.00,0.00,0.00,0.00,100.00,0.00,231.60,147.00,0.00,0.00,0.00,9.60,7.80,0.00,33.80,0.00,0.00,0.00,0.00,0.80,0.00,0.80,0.00,19.20,6954800,0,1220808,14.93,31480,471432,1074960,13.15,823168,285296,3772,605548,42984,2072,4520,18156,0,0,0.00,0,0.00,0,245,2.22,1.96,1.48,0,0.80,0.00,19.20,24.00,0.00,0.00,0.00,0.00,4.60,5.80,0.34,0.98,0.00,0.00,0.00,0.00
2018-01-07 01:01:57,0.10,0.00,0.10,0.00,0.00,0.00,0.00,0.00,0.00,99.80,0.00,237.60,154.40,0.00,0.00,0.00,359.20,7.80,0.00,33.80,0.00,0.00,0.00,0.00,4.40,0.00,4.40,0.00,718.40,6954800,0,1220808,14.93,31488,471456,1074960,13.15,823180,285312,2028,605548,42984,2072,4520,18156,0,0,0.00,0,0.00,1,245,2.04,1.93,1.47,0,4.40,0.00,718.40,163.27,0.01,2.55,0.18,0.08,4.60,6.00,0.35,1.08,0.00,0.00,0.00,0.00
2018-01-07 01:02:02,0.00,0.00,0.00,0.00,0.00,0.00,0.00,0.00,0.00,100.00,0.00,231.00,146.20,0.00,0.00,0.00,47.20,8.00,0.00,35.40,0.00,0.00,0.00,0.00,2.00,0.00,2.00,0.00,94.40,6954808,0,1220800,14.93,31496,471480,1074960,13.15,823188,285328,1864,605548,42976,2072,4520,18156,0,0,0.00,0,0.00,1,245,1.88,1.90,1.46,0,2.00,0.00,94.40,47.20,0.00,0.00,0.00,0.00,4.80,6.20,0.36,1.08,0.00,0.00,0.00,0.00
2018-01-07 01:02:07,36.31,0.00,1.50,0.10,0.10,0.00,0.00,0.00,0.00,61.99,7.40,577.40,598.80,0.00,0.00,0.00,364.80,6669.40,0.00,2424.20,0.00,0.00,0.00,0.00,3.80,0.00,3.80,0.00,729.60,6842524,0,1333084,16.31,31504,471532,1442972,17.65,934648,285416,236,717036,42932,2200,5316,18156,0,0,0.00,0,0.00,7,274,1.81,1.88,1.46,0,3.80,0.00,729.60,192.00,0.01,2.53,0.21,0.08,9.80,10.80,1.93,1.59,0.00,0.00,0.00,0.00
2018-01-07 01:02:12,96.20,0.00,3.10,0.00,0.00,0.00,0.00,0.00,0.00,0.70,9.40,1331.00,986.40,0.00,0.00,0.00,54.40,6428.00,0.00,15150.60,0.00,0.00,0.00,0.00,2.60,0.00,2.60,0.00,108.80,6829876,0,1345732,16.46,31516,472440,1476848,18.06,946220,286812,1440,729124,43308,2416,5364,18156,0,0,0.00,0,0.00,4,273,1.98,1.92,1.48,0,2.60,0.00,108.80,41.85,0.01,5.54,2.77,0.72,119.00,121.00,201.43,333.12,0.00,0.00,0.00,0.03
2018-01-07 01:02:17,93.78,0.00,3.71,0.00,0.00,0.00,0.40,0.00,0.00,2.11,11.20,1613.00,1377.20,0.00,0.00,1.60,43.20,7285.60,0.00,16052.80,0.00,0.00,0.00,0.00,1.60,0.40,1.20,3.20,86.40,6791020,0,1384588,16.94,31528,471332,1477680,18.07,975892,293872,2280,769072,43268,2312,5392,18156,0,0,0.00,0,0.00,3,281,1.91,1.90,1.47,0,1.60,3.20,86.40,56.00,0.00,0.50,0.50,0.08,283.20,362.00,214.58,1831.28,0.00,0.00,0.00,0.15
2018-01-07 01:02:22,96.60,0.00,2.90,0.00,0.00,0.00,0.40,0.00,0.00,0.10,6.40,1502.60,1476.20,0.00,0.00,0.00,30.40,4569.00,0.00,4430.40,0.00,0.00,0.00,0.00,0.80,0.00,0.80,0.00,60.80,6670668,0,1504940,18.41,31540,488140,1540544,18.84,1092852,298636,19812,871820,43468,2456,5808,18156,0,0,0.00,0,0.00,4,297,2.07,1.94,1.49,0,0.80,0.00,60.80,76.00,0.00,0.00,0.00,0.00,562.00,471.60,3374.48,1007.76,0.00,0.00,0.00,0.28
2018-01-07 01:02:27,96.10,0.00,3.30,0.00,0.00,0.00,0.60,0.00,0.00,0.00,4.20,1939.40,1532.80,0.00,0.00,0.00,17.60,3804.60,0.00,4386.20,0.00,0.00,0.00,0.00,0.60,0.00,0.60,0.00,35.20,6577420,0,1598188,19.55,31552,513424,1589232,19.44,1174188,308512,45256,937724,44020,2536,5992,18156,0,0,0.00,0,0.00,5,306,2.15,1.95,1.50,0,0.60,0.00,35.20,58.67,0.00,0.00,0.00,0.00,494.80,370.60,3367.08,353.90,0.00,0.00,0.00,0.28
2018-01-07 01:02:32,97.50,0.00,2.10,0.00,0.00,0.00,0.30,0.00,0.00,0.10,0.60,2681.00,1377.80,0.00,0.00,0.00,9658.40,1531.60,0.00,2226.80,0.00,0.00,0.00,0.00,87.80,0.00,87.80,0.00,19316.80,6537404,0,1638204,20.04,31560,545844,1589232,19.44,1183616,339200,29700,945888,44740,2584,6028,18156,0,0,0.00,0,0.00,2,308,2.30,1.99,1.51,0,87.80,0.00,19316.80,220.01,2.55,29.06,0.30,2.64,16.20,23.00,1.38,83.41,0.00,0.00,0.00,0.01
2018-01-07 01:02:37,89.35,0.00,2.91,0.00,0.00,0.00,0.40,0.00,0.00,7.34,7.40,3009.20,1668.20,0.00,0.00,0.00,2283.20,4519.20,0.00,12243.40,0.00,0.00,0.00,0.00,18.60,0.00,18.60,0.00,4566.40,6606284,0,1569324,19.20,31568,557372,1522740,18.63,1077748,376804,48832,865800,45044,2448,5752,18156,0,0,0.00,0,0.00,4,293,2.35,2.00,1.52,0,18.60,0.00,4566.40,245.51,0.24,12.77,0.26,0.48,211.60,308.60,18.24,2131.96,0.00,0.00,0.00,0.17
2018-01-07 01:02:42,95.60,0.00,3.60,0.00,0.00,0.00,0.70,0.00,0.00,0.10,11.40,2347.20,2146.80,0.00,0.00,1.60,34.40,6118.40,0.00,14638.80,0.00,0.00,0.00,0.00,1.20,0.40,0.80,3.20,68.80,6629424,0,1546184,18.91,31580,541160,1548040,18.93,1033836,397040,52360,858176,44804,2464,5732,18156,0,0,0.00,0,0.00,6,287,2.64,2.07,1.54,0,1.20,3.20,68.80,60.00,0.00,0.67,0.67,0.08,838.80,883.60,3398.77,3987.34,0.00,0.00,0.00,0.33
2018-01-07 01:02:47,96.60,0.00,2.80,0.00,0.00,0.00,0.50,0.00,0.00,0.10,4.80,1459.20,1435.40,0.00,0.00,0.00,36.00,4330.60,0.00,4898.00,0.00,0.00,0.00,0.00,0.80,0.00,0.80,0.00,72.00,6539796,0,1635812,20.01,31592,568072,1564012,19.13,1118408,402424,79400,921524,44752,2496,5956,18156,0,0,0.00,0,0.00,4,298,3.15,2.19,1.58,0,0.80,0.00,72.00,90.00,0.01,8.00,8.00,0.64,540.20,458.40,3371.18,928.28,0.00,0.00,0.00,0.28
2018-01-07 01:02:52,97.50,0.00,2.30,0.00,0.00,0.00,0.20,0.00,0.00,0.00,2.00,2193.00,934.00,0.00,0.00,0.00,16.80,3722.00,0.00,3637.80,0.00,0.00,0.00,0.00,0.60,0.00,0.60,0.00,33.60,6490608,0,1685000,20.61,31604,597128,1564012,19.13,1146840,422440,108460,940736,45372,2576,6008,18156,0,0,0.00,0,0.00,5,308,3.22,2.22,1.59,0,0.60,0.00,33.60,56.00,0.00,0.00,0.00,0.00,7.00,10.00,0.66,2.04,0.00,0.00,0.00,0.00
2018-01-07 01:02:57,86.06,0.00,2.21,0.00,0.10,0.00,0.40,0.00,0.00,11.23,3.20,3037.00,1360.20,0.00,0.00,0.00,15.20,587.00,0.00,10813.20,0.00,0.00,0.00,0.00,0.60,0.00,0.60,0.00,30.40,6630260,0,1545348,18.90,31612,621940,1321384,16.16,967380,462324,133240,776308,46020,2336,5280,18156,0,0,0.00,0,0.00,2,278,3.12,2.21,1.60,0,0.60,0.00,30.40,50.67,0.00,0.00,0.00,0.00,22.20,26.00,1.98,84.58,0.00,0.00,0.00,0.01
2018-01-07 01:03:02,14.13,0.00,0.91,0.20,0.10,0.00,0.10,0.00,0.00,84.56,2.60,1016.60,708.20,0.00,0.00,0.00,5272.00,335.60,0.00,9539.40,0.00,0.00,0.00,0.00,48.40,0.00,48.40,0.00,10544.00,6799592,0,1376016,16.83,31624,615252,1070760,13.10,788540,472132,100340,613788,45628,2072,4540,18156,0,0,0.00,0,0.00,0,245,2.87,2.18,1.59,0,48.40,0.00,10544.00,217.85,1.36,28.15,0.28,1.36,9.20,11.20,0.90,2.22,0.00,0.00,0.00,0.00
2018-01-07 01:03:07,0.00,0.00,0.10,0.20,0.00,0.00,0.00,0.00,0.00,99.70,0.00,239.20,196.80,0.00,0.00,0.00,5187.20,7.80,0.00,34.60,0.00,0.00,0.00,0.00,42.00,0.00,42.00,0.00,10374.40,6799560,0,1376048,16.83,31636,615276,1070760,13.10,788548,472156,74672,613788,45660,2072,4540,18156,0,0,0.00,0,0.00,0,245,2.64,2.14,1.58,0,42.00,0.00,10374.40,247.01,1.21,28.78,0.30,1.28,4.80,6.00,0.36,0.99,0.00,0.00,0.00,0.00
2018-01-07 01:03:12,0.10,0.00,0.00,0.00,0.00,0.00,0.00,0.00,0.00,99.90,0.20,244.00,154.80,0.00,0.00,0.00,11.20,11.40,0.00,52.60,0.00,0.00,0.00,0.00,1.40,0.00,1.40,0.00,22.40,6799924,0,1375684,16.83,31644,614932,1070760,13.10,788616,471820,74700,613856,45660,2080,4540,18156,0,0,0.00,0,0.00,0,246,2.43,2.10,1.57,0,1.40,0.00,22.40,16.00,0.00,0.00,0.00,0.00,4.80,6.20,0.38,1.09,0.00,0.00,0.00,0.00
2018-01-07 01:03:17,32.70,0.00,2.01,0.10,0.00,0.00,0.00,0.00,0.00,65.19,14.37,788.22,539.52,0.00,0.00,0.00,78.24,6815.17,0.00,4723.75,0.00,0.00,0.00,0.00,1.40,0.00,1.40,0.00,156.49,6723712,0,1451896,17.76,31656,553104,1479824,18.10,926092,410168,75096,751596,45832,2384,5344,18156,0,0,0.00,0,0.00,7,280,2.24,2.07,1.56,0,1.40,0.00,156.49,112.00,0.01,8.00,4.00,0.56,21.96,19.36,73.74,2.35,0.00,0.00,0.00,0.01
2018-01-07 01:03:22,96.10,0.00,3.40,0.00,0.10,0.00,0.20,0.00,0.00,0.20,7.20,1158.60,890.00,0.00,0.00,0.00,7502.40,5707.60,0.00,2955.00,0.00,0.00,0.00,0.00,59.60,0.00,59.60,0.00,15004.80,6364772,0,1810836,22.15,31672,553352,1662336,20.33,1284256,410300,38212,1109520,46088,2448,6460,18156,0,0,0.00,0,0.00,4,304,2.54,2.13,1.59,0,59.60,0.00,15004.80,251.76,1.33,22.39,0.30,1.76,16.80,21.00,9.05,2.62,0.00,0.00,0.00,0.00
2018-01-07 01:03:27,98.30,0.00,1.60,0.00,0.00,0.00,0.10,0.00,0.00,0.00,0.00,1650.00,826.00,0.00,0.00,0.00,7423.20,113.60,0.00,258.00,0.00,0.00,0.00,0.00,58.40,0.00,58.40,0.00,14846.40,6346816,0,1828792,22.37,31684,553376,1690708,20.68,1300776,410324,1240,1126036,46352,2528,6344,18156,0,0,0.00,0,0.00,2,300,2.50,2.13,1.59,0,58.40,0.00,14846.40,254.22,1.67,28.62,0.70,4.08,6.80,9.80,0.52,1.64,0.00,0.00,0.00,0.00
2018-01-07 01:03:32,73.17,0.00,3.00,0.30,0.00,0.00,0.10,0.00,0.00,23.42,10.80,947.40,809.20,0.00,0.00,0.00,32.00,4744.00,0.00,27037.60,0.00,0.00,0.00,0.00,1.20,0.00,1.20,0.00,64.00,6712180,0,1463428,17.90,31692,623184,1434476,17.55,935180,410104,71040,692584,47052,2080,5308,18156,0,0,0.00,0,0.00,5,276,2.30,2.10,1.58,0,1.20,0.00,64.00,53.33,0.00,4.00,4.00,0.48,16.60,17.20,2.58,2.95,0.00,0.00,0.00,0.00
2018-01-07 01:03:37,97.50,0.00,2.40,0.00,0.00,0.00,0.00,0.00,0.00,0.10,3.20,993.60,819.00,0.00,0.00,0.00,76.00,7240.20,0.00,4375.40,0.00,0.00,0.00,0.00,6.20,0.00,6.20,0.00,152.00,6533784,0,1641824,20.08,31704,623424,1502752,18.38,1107676,410256,71136,869132,47248,2400,5768,18156,0,0,0.00,0,0.00,5,288,2.59,2.16,1.60,0,6.20,0.00,152.00,24.52,0.01,1.55,0.77,0.48,8.80,11.20,0.92,1.68,0.00,0.00,0.00,0.00
2018-01-07 01:03:42,97.40,0.00,2.20,0.00,0.00,0.00,0.30,0.00,0.00,0.10,4.00,1989.80,805.40,0.00,0.00,0.00,571.20,1200.00,0.00,633.60,0.00,0.00,0.00,0.00,6.00,0.00,6.00,0.00,1142.40,6260932,0,1914676,23.42,31716,623516,1675348,20.49,1382992,412984,68500,1140740,47404,2512,6368,18156,0,0,0.00,0,0.00,3,300,2.54,2.16,1.61,0,6.00,0.00,1142.40,190.40,0.01,1.07,0.80,0.48,58.40,84.00,10.81,525.32,0.00,0.00,0.00,0.04
2018-01-07 01:03:47,76.08,0.00,2.80,0.00,0.00,0.00,0.00,0.00,0.00,21.12,5.20,842.40,878.20,0.00,0.00,0.00,1063.20,629.60,0.00,26730.20,0.00,0.00,0.00,0.00,10.60,0.00,10.60,0.00,2126.40,6709416,0,1466192,17.93,31724,693228,1059092,12.95,930520,417664,133056,623212,48740,2240,4560,18156,0,0,0.00,0,0.00,0,246,2.66,2.19,1.62,0,10.60,0.00,2126.40,200.60,0.01,0.83,0.45,0.48,100.40,148.00,7.87,1046.94,0.00,0.00,0.00,0.09
2018-01-07 01:03:52,73.12,0.00,2.41,0.00,0.00,0.00,0.50,0.00,0.00,23.97,9.40,1187.60,1376.80,0.00,0.00,0.00,4916.00,9447.20,0.00,4679.40,0.00,0.00,0.00,0.00,47.80,0.00,47.80,0.00,9832.00,6514904,0,1660704,20.31,31748,693272,1480760,18.11,1100188,441668,109064,816752,49012,2352,5612,18156,0,0,0.00,0,0.00,4,283,2.85,2.24,1.64,0,47.80,0.00,9832.00,205.69,0.09,1.81,0.84,4.00,384.40,593.60,28.75,4840.09,0.00,0.00,0.00,0.40
2018-01-07 01:03:57,55.49,0.00,2.62,0.00,0.10,0.00,1.01,0.00,0.00,40.79,7.00,1845.20,2548.00,0.00,0.00,0.00,6171.20,3583.00,0.00,10487.00,0.00,0.00,0.00,0.00,58.00,0.00,58.00,0.00,12342.40,6405804,0,1769804,21.65,31792,693800,1545996,18.91,1177524,472756,78760,924692,49116,2592,5968,18156,0,0,0.00,0,0.00,0,310,2.62,2.20,1.63,0,58.00,0.00,12342.40,212.80,0.11,1.85,0.73,4.24,2122.00,1817.40,13431.82,5937.15,0.00,0.00,0.00,1.10
2018-01-07 01:04:02,86.99,0.00,2.10,0.00,0.00,0.00,0.10,0.00,0.00,10.81,2.80,914.40,733.00,0.00,0.00,0.00,26.40,410.20,0.00,542.00,0.00,0.00,0.00,0.00,1.00,0.00,1.00,0.00,52.80,6325984,0,1849624,22.62,31804,763860,1545996,18.91,1255704,472892,148748,932928,50904,2520,5980,18156,0,0,0.00,0,0.00,4,306,2.97,2.28,1.66,0,1.00,0.00,52.80,52.80,0.00,0.00,0.00,0.00,63.00,53.60,387.15,6.05,0.00,0.00,0.00,0.03
2018-01-07 01:04:07,85.71,0.00,2.31,0.00,0.00,0.00,0.10,0.00,0.00,11.87,9.00,1416.60,1079.00,0.00,0.00,0.00,8512.80,4622.80,0.00,14520.80,0.00,0.00,0.00,0.00,75.00,0.00,75.00,0.00,17025.60,6499884,0,1675724,20.50,31812,695532,1495920,18.30,1075356,481336,38040,829340,49168,2488,5596,18156,0,0,0.00,0,0.00,4,282,2.89,2.27,1.66,0,75.00,0.00,17025.60,227.01,2.45,32.68,0.32,2.40,125.40,186.00,9.94,1387.56,0.00,0.00,0.00,0.11
2018-01-07 01:04:12,95.89,0.00,3.51,0.00,0.10,0.00,0.20,0.00,0.00,0.30,10.40,1436.20,1341.80,0.00,0.00,0.00,659.20,9973.00,0.00,14720.00,0.00,0.00,0.00,0.00,7.00,0.00,7.00,0.00,1318.40,6428656,0,1746952,21.37,31824,695272,1525332,18.66,1139176,486764,35340,898840,49084,2392,5776,18156,0,0,0.00,0,0.00,10,297,3.06,2.32,1.68,0,7.00,0.00,1318.40,188.34,0.03,4.23,2.17,1.52,809.80,594.00,5817.82,1067.53,0.00,0.00,0.00,0.48
2018-01-07 01:04:17,95.50,0.00,3.50,0.00,0.00,0.00,1.00,0.00,0.00,0.00,5.60,1892.00,2484.60,0.00,0.00,26.40,5751.20,1077.20,0.00,8116.40,0.00,0.00,0.00,0.00,55.20,0.40,54.80,52.80,11502.40,6325672,0,1849936,22.63,31836,763612,1557776,19.05,1188044,541336,76976,933760,50040,2488,5976,18156,0,0,0.00,0,0.00,6,303,3.14,2.35,1.69,0,55.20,52.80,11502.40,209.33,0.10,1.84,0.62,3.44,1826.60,1993.00,8021.95,11219.20,0.00,0.00,0.00,0.92
2018-01-07 01:04:22,85.76,0.00,1.60,0.00,0.00,0.00,0.30,0.00,0.00,12.34,5.80,1366.40,1017.00,0.00,0.00,0.00,797.60,2550.60,0.00,14123.00,0.00,0.00,0.00,0.00,7.80,0.00,7.80,0.00,1595.20,6539860,0,1635748,20.01,31848,694520,1311568,16.04,967548,549600,4828,790852,48200,2336,5280,18156,0,0,0.00,0,0.00,1,269,3.21,2.38,1.70,0,7.80,0.00,1595.20,204.51,0.08,10.36,0.62,0.48,132.40,205.40,9.89,1560.33,0.00,0.00,0.00,0.13
2018-01-07 01:04:27,0.20,0.00,0.10,0.00,0.00,0.00,0.00,0.00,0.00,99.70,0.80,281.40,200.00,0.00,0.00,0.00,39.20,104.00,0.00,8440.80,0.00,0.00,0.00,0.00,1.40,0.00,1.40,0.00,78.40,6706620,0,1468988,17.97,31860,694412,1065268,13.03,801148,550472,4708,625344,47792,2072,4548,18156,0,0,0.00,0,0.00,1,245,2.95,2.34,1.69,0,1.40,0.00,78.40,56.00,0.00,1.14,1.14,0.16,17.40,26.80,1.27,173.10,0.00,0.00,0.00,0.01
2018-01-07 01:04:32,0.00,0.00,0.00,0.00,0.00,0.00,0.00,0.00,0.00,100.00,0.00,233.60,156.80,0.00,0.00,0.00,72.00,9.40,0.00,349.20,0.00,0.00,0.00,0.00,1.60,0.00,1.60,0.00,144.00,6702572,0,1473036,18.02,31868,694436,1065268,13.03,805096,550492,4436,629280,47792,2072,4548,18156,0,0,0.00,0,0.00,1,245,2.71,2.30,1.68,0,1.60,0.00,144.00,90.00,0.00,2.00,0.50,0.08,4.60,6.00,0.35,1.08,0.00,0.00,0.00,0.00
2018-01-07 01:04:37,0.00,0.00,0.10,0.00,0.00,0.00,0.00,0.00,0.00,99.90,0.40,253.40,187.40,0.00,0.00,0.00,377.60,16.40,0.00,60.80,0.00,0.00,0.00,0.00,4.20,0.00,4.20,0.00,755.20,6702580,0,1473028,18.02,31868,694500,1065268,13.03,805108,550544,2620,629280,47792,2072,4548,18156,0,0,0.00,0,0.00,1,245,2.50,2.26,1.67,0,4.20,0.00,755.20,179.81,0.01,1.71,0.19,0.08,9.00,10.40,8.25,8.96,0.00,0.00,0.00,0.00
2018-01-07 01:04:42,9.44,0.00,1.51,0.30,0.00,0.00,0.00,0.00,0.00,88.76,14.60,567.20,397.60,0.00,0.00,0.00,51.20,4738.00,0.00,16023.00,0.00,0.00,0.00,0.00,5.60,0.00,5.60,0.00,102.40,6947152,0,1228456,15.03,31876,406168,1435864,17.56,843300,270656,2860,678124,43276,2080,5188,18156,0,0,0.00,0,0.00,3,284,2.30,2.22,1.66,0,5.60,0.00,102.40,18.29,0.01,1.00,1.00,0.56,22.20,21.80,73.97,2.52,0.00,0.00,0.00,0.01
2018-01-07 01:04:47,97.60,0.00,2.30,0.00,0.00,0.00,0.00,0.00,0.00,0.10,3.20,1089.00,780.40,0.00,0.00,0.00,87.20,6401.60,0.00,3481.20,0.00,0.00,0.00,0.00,1.60,0.00,1.60,0.00,174.40,6764488,0,1411120,17.26,31888,406488,1513704,18.51,1027148,270780,3380,859736,43432,2432,5740,18156,0,0,0.00,0,0.00,3,292,2.59,2.28,1.69,0,1.60,0.00,174.40,109.00,0.00,2.00,0.50,0.08,9.00,12.00,0.93,1.81,0.00,0.00,0.00,0.00
2018-01-07 01:04:52,97.90,0.00,1.80,0.00,0.00,0.00,0.10,0.00,0.00,0.20,5.40,1495.20,883.40,0.00,0.00,0.00,271.20,1017.60,0.00,838.00,0.00,0.00,0.00,0.00,4.00,0.00,4.00,0.00,542.40,6490300,0,1685308,20.61,31900,406464,1648084,20.16,1299400,270840,2112,1131924,43824,2584,6348,18156,0,0,0.00,0,0.00,2,302,2.54,2.28,1.69,0,4.00,0.00,542.40,135.60,0.00,0.60,0.20,0.08,27.80,29.00,4.08,45.86,0.00,0.00,0.00,0.00
2018-01-07 01:04:57,72.65,0.00,2.30,0.40,0.10,0.00,0.00,0.00,0.00,24.55,11.80,962.80,752.20,0.00,0.00,0.00,215.20,5280.20,0.00,25984.00,0.00,0.00,0.00,0.00,2.80,0.00,2.80,0.00,430.40,6848744,0,1326864,16.23,31908,438532,1429896,17.49,943328,270660,33232,743536,43464,2248,5256,18156,0,0,0.00,0,0.00,6,276,2.34,2.24,1.68,0,2.80,0.00,430.40,153.71,0.01,4.86,2.29,0.64,15.40,16.20,2.50,2.87,0.00,0.00,0.00,0.00
2018-01-07 01:05:02,96.99,0.00,2.91,0.00,0.00,0.00,0.00,0.00,0.00,0.10,7.60,1254.00,798.60,0.00,0.00,0.00,49.60,6502.20,0.00,3119.60,0.00,0.00,0.00,0.00,1.20,0.00,1.20,0.00,99.20,6573348,0,1602260,19.60,31920,438804,1578324,19.31,1217556,270896,33560,1017716,43648,2424,6104,18156,0,0,0.00,0,0.00,5,300,2.63,2.30,1.70,0,1.20,0.00,99.20,82.67,0.00,0.00,0.00,0.00,14.20,18.00,3.18,6.95,0.00,0.00,0.00,0.00
2018-01-07 01:05:07,99.10,0.00,0.80,0.00,0.00,0.00,0.10,0.00,0.00,0.00,0.40,1210.60,694.40,0.00,0.00,0.00,116.00,204.20,0.00,254.80,0.00,0.00,0.00,0.00,1.80,0.00,1.80,0.00,232.00,6457364,0,1718244,21.02,31932,438840,1642588,20.09,1332240,271320,33176,1132784,43688,2512,6332,18156,0,0,0.00,0,0.00,3,300,2.58,2.30,1.71,0,1.80,0.00,232.00,128.89,0.00,1.33,0.89,0.16,16.00,22.00,1.40,86.87,0.00,0.00,0.00,0.01
2018-01-07 01:05:12,84.37,0.00,2.71,0.00,0.00,0.00,0.00,0.00,0.00,12.93,13.80,1212.20,845.60,0.00,0.00,0.00,268.80,9013.00,0.00,27810.00,0.00,0.00,0.00,0.00,3.20,0.00,3.20,0.00,537.60,6753796,0,1421812,17.39,31940,470896,1466312,17.94,1036744,272324,63996,806276,43440,2320,5500,18156,0,0,0.00,0,0.00,3,279,2.62,2.31,1.71,0,3.20,0.00,537.60,168.00,0.00,0.75,0.50,0.16,37.00,51.40,4.30,246.78,0.00,0.00,0.00,0.02
2018-01-07 01:05:17,96.60,0.00,3.00,0.00,0.00,0.00,0.10,0.00,0.00,0.30,6.40,1393.00,1251.80,0.00,0.00,0.00,1851.20,3471.40,0.00,2947.00,0.00,0.00,0.00,0.00,25.40,0.00,25.40,0.00,3702.40,6422296,0,1753312,21.45,31964,471064,1649612,20.18,1358616,280744,55544,1136332,43624,2528,6328,18156,0,0,0.00,0,0.00,5,303,2.81,2.36,1.73,0,25.40,0.00,3702.40,145.76,0.04,1.48,0.66,1.68,173.20,241.60,15.46,1720.44,0.00,0.00,0.00,0.14
2018-01-07 01:05:22,80.56,0.00,3.22,0.00,0.00,0.00,0.20,0.00,0.00,16.01,15.40,1526.20,1222.80,0.00,0.00,0.00,1105.60,9800.60,0.00,28635.20,0.00,0.00,0.00,0.00,12.80,0.00,12.80,0.00,2211.20,6719336,0,1456272,17.81,31976,472576,1503076,18.38,1057072,285900,51644,838416,43548,2360,5596,18156,0,0,0.00,0,0.00,7,285,2.98,2.40,1.75,0,12.80,0.00,2211.20,172.75,0.02,1.25,0.62,0.80,159.20,210.80,15.70,1064.47,0.00,0.00,0.00,0.09
2018-01-07 01:05:27,81.89,0.00,2.62,0.00,0.10,0.00,0.20,0.00,0.00,15.19,10.40,1550.60,1184.00,0.00,0.00,0.00,5035.20,2413.60,0.00,26358.80,0.00,0.00,0.00,0.00,41.60,0.00,41.60,0.00,10070.40,6918868,0,1256740,15.37,31988,474308,1057800,12.94,857880,286380,28408,637864,43288,2072,4596,18156,0,0,0.00,0,0.00,1,247,3.22,2.46,1.77,0,41.60,0.00,10070.40,242.08,1.45,34.94,0.38,1.60,101.00,108.00,12.38,93.90,0.00,0.00,0.00,0.01
2018-01-07 01:05:32,0.10,0.00,0.10,1.20,0.00,0.00,0.00,0.00,0.00,98.60,0.00,257.00,184.80,0.00,0.00,0.00,42.40,10.20,0.00,63.60,0.00,0.00,0.00,0.00,1.80,0.00,1.80,0.00,84.80,6918884,0,1256724,15.37,32000,474284,1057800,12.94,857628,286256,28300,637596,43220,2088,4572,18156,0,0,0.00,0,0.00,1,247,2.97,2.42,1.76,0,1.80,0.00,84.80,47.11,0.04,24.89,12.44,2.24,12.00,13.40,1.18,1.73,0.00,0.00,0.00,0.00
2018-01-07 01:05:37,0.10,0.00,0.00,0.00,0.00,0.00,0.00,0.00,0.00,99.90,0.00,231.20,147.60,0.00,0.00,0.00,4.00,8.20,0.00,34.40,0.00,0.00,0.00,0.00,1.00,0.00,1.00,0.00,8.00,6918916,0,1256692,15.37,32000,474308,1057800,12.94,857640,286268,28304,637604,43188,2088,4572,18156,0,0,0.00,0,0.00,1,247,2.73,2.38,1.75,0,1.00,0.00,8.00,8.00,0.00,0.00,0.00,0.00,4.40,5.60,0.33,0.97,0.00,0.00,0.00,0.00
2018-01-07 01:05:42,0.10,0.00,0.00,0.10,0.00,0.00,0.00,0.00,0.00,99.80,0.00,240.40,192.00,0.00,0.00,0.80,4888.00,8.40,0.00,42.00,0.00,0.00,0.00,0.00,39.20,0.20,39.00,1.60,9776.00,6918972,0,1256636,15.37,32012,474328,1057800,12.94,857592,286288,3960,637536,43140,2080,4572,18156,0,0,0.00,0,0.00,0,246,2.51,2.34,1.74,0,39.20,1.60,9776.00,249.43,5.22,133.22,1.80,7.04,4.40,5.80,0.34,1.06,0.00,0.00,0.00,0.00
2018-01-07 01:05:47,0.00,0.00,0.00,0.00,0.00,0.00,0.00,0.00,0.00,100.00,0.00,230.80,151.40,0.00,0.00,0.00,53.60,7.80,0.00,34.40,0.00,0.00,0.00,0.00,7.60,0.00,7.60,0.00,107.20,6918980,0,1256628,15.37,32020,474352,1057800,12.94,857604,286308,3712,637536,43128,2080,4572,18156,0,0,0.00,0,0.00,0,246,2.31,2.30,1.73,0,7.60,0.00,107.20,14.11,0.00,0.00,0.00,0.00,4.60,6.00,0.35,1.07,0.00,0.00,0.00,0.00
2018-01-07 01:05:52,0.00,0.00,0.00,0.00,0.00,0.00,0.00,0.00,0.00,100.00,0.00,229.20,145.80,0.00,0.00,0.00,367.20,7.80,0.00,32.60,0.00,0.00,0.00,0.00,4.40,0.00,4.40,0.00,734.40,6918980,0,1256628,15.37,32028,474376,1057800,12.94,857616,286324,1960,637536,43128,2080,4572,18156,0,0,0.00,0,0.00,0,246,2.12,2.26,1.72,0,4.40,0.00,734.40,166.91,0.01,2.36,0.18,0.08,4.40,5.60,0.33,0.97,0.00,0.00,0.00,0.00
2018-01-07 01:05:57,0.20,0.00,0.00,0.00,0.10,0.00,0.00,0.00,0.00,99.70,0.00,229.60,143.60,0.00,0.00,0.00,10.40,7.80,0.00,34.60,0.00,0.00,0.00,0.00,0.80,0.00,0.80,0.00,20.80,6918972,0,1256636,15.37,32036,474400,1057800,12.94,857616,286332,1984,637536,43128,2080,4572,18156,0,0,0.00,0,0.00,0,246,1.95,2.22,1.71,0,0.80,0.00,20.80,26.00,0.00,0.00,0.00,0.00,4.60,6.00,0.35,1.08,0.00,0.00,0.00,0.00
2018-01-07 01:06:02,0.00,0.00,0.10,0.00,0.00,0.00,0.00,0.00,0.00,99.90,0.00,231.00,150.60,0.00,0.00,0.00,396.00,9.40,0.00,34.60,0.00,0.00,0.00,0.00,5.20,0.00,5.20,0.00,792.00,6919112,0,1256496,15.37,32044,474420,1057800,12.94,857636,286368,72,637536,43120,2080,4572,18156,0,0,0.00,0,0.00,0,246,1.80,2.19,1.71,0,5.20,0.00,792.00,152.31,0.01,2.62,0.15,0.08,4.80,6.20,0.37,1.09,0.00,0.00,0.00,0.00
2018-01-07 01:06:07,0.10,0.00,0.00,0.00,0.00,0.00,0.00,0.00,0.00,99.90,0.00,226.40,141.00,0.00,0.00,0.00,8.80,7.80,0.00,31.80,0.00,0.00,0.00,0.00,0.40,0.00,0.40,0.00,17.60,6918972,0,1256636,15.37,32052,474444,1057800,12.94,857636,286372,120,637536,43120,2080,4572,18156,0,0,0.00,0,0.00,0,246,1.65,2.15,1.70,0,0.40,0.00,17.60,44.00,0.00,0.00,0.00,0.00,4.20,5.40,0.32,0.96,0.00,0.00,0.00,0.00
2018-01-07 01:06:12,0.10,0.00,0.10,0.00,0.00,0.00,0.00,0.00,0.00,99.80,0.00,226.20,143.00,0.00,0.00,0.00,0.00,7.80,0.00,33.00,0.00,0.00,0.00,0.00,0.00,0.00,0.00,0.00,0.00,6918996,0,1256612,15.37,32052,474468,1057800,12.94,857648,286388,144,637536,43112,2080,4572,18156,0,0,0.00,0,0.00,0,246,1.52,2.11,1.69,0,0.00,0.00,0.00,0.00,0.00,0.00,0.00,0.00,4.40,5.80,0.34,1.06,0.00,0.00,0.00,0.00
2018-01-07 01:06:17,0.10,0.00,0.00,0.10,0.00,0.00,0.00,0.00,0.00,99.80,0.00,229.60,147.40,0.00,0.00,0.00,16.00,7.80,0.00,33.40,0.00,0.00,0.00,0.00,2.60,0.00,2.60,0.00,32.00,6918980,0,1256628,15.37,32060,474492,1057800,12.94,857668,286424,100,637536,43112,2080,4572,18156,0,0,0.00,0,0.00,0,246,1.40,2.08,1.68,0,2.60,0.00,32.00,12.31,0.00,0.31,0.31,0.08,4.60,6.00,0.35,1.08,0.00,0.00,0.00,0.00
2018-01-07 01:06:22,0.00,0.00,0.00,0.00,0.00,0.00,0.00,0.00,0.00,100.00,0.00,226.40,142.00,0.00,0.00,0.00,24.00,9.40,0.00,37.60,0.00,0.00,0.00,0.00,1.00,0.00,1.00,0.00,48.00,6919012,0,1256596,15.37,32060,474512,1057800,12.94,857616,286432,28,637472,43104,2072,4572,18156,0,0,0.00,0,0.00,0,245,1.29,2.04,1.67,0,1.00,0.00,48.00,48.00,0.00,0.00,0.00,0.00,4.60,5.80,0.34,0.98,0.00,0.00,0.00,0.00
2018-01-07 01:06:27,0.10,0.00,0.10,0.00,0.00,0.00,0.00,0.00,0.00,99.80,0.00,241.40,159.40,0.00,0.00,0.00,5.60,8.80,0.00,58.40,0.00,0.00,0.00,0.00,0.40,0.00,0.40,0.00,11.20,6919316,0,1256292,15.37,32068,474536,1057800,12.94,857412,286452,80,637256,43104,2072,4572,18156,0,0,0.00,0,0.00,0,240,1.18,2.01,1.66,0,0.40,0.00,11.20,28.00,0.00,2.00,2.00,0.08,4.80,6.20,0.37,1.09,0.00,0.00,0.00,0.00
2018-01-07 01:06:32,0.00,0.00,0.10,0.00,0.10,0.00,0.00,0.00,0.00,99.80,0.00,226.80,142.80,0.00,0.00,0.00,0.00,8.00,0.00,33.40,0.00,0.00,0.00,0.00,0.00,0.00,0.00,0.00,0.00,6917440,0,1258168,15.39,32068,474560,1057800,12.94,859332,286464,104,639164,43040,2032,4576,18156,0,0,0.00,0,0.00,0,240,1.09,1.98,1.65,0,0.00,0.00,0.00,0.00,0.00,0.00,0.00,0.00,4.60,6.00,0.35,1.08,0.00,0.00,0.00,0.00
2018-01-07 01:06:37,0.10,0.00,0.10,0.00,0.00,0.00,0.00,0.00,0.00,99.80,0.00,225.20,142.60,0.00,0.00,0.00,3.20,7.80,0.00,34.20,0.00,0.00,0.00,0.00,0.40,0.00,0.40,0.00,6.40,6917456,0,1258152,15.39,32076,474584,1057800,12.94,859340,286488,128,639164,43040,2032,4576,18156,0,0,0.00,0,0.00,0,240,1.00,1.94,1.64,0,0.40,0.00,6.40,16.00,0.00,0.00,0.00,0.00,4.80,6.00,0.36,1.00,0.00,0.00,0.00,0.00
2018-01-07 01:06:42,81.36,0.00,3.01,0.00,0.00,0.00,0.00,0.00,0.00,15.63,11.00,1033.80,836.20,0.00,0.00,0.00,0.00,9569.00,0.00,2975.80,0.00,0.00,0.00,0.00,0.00,0.00,0.00,0.00,0.00,6678328,0,1497280,18.31,32076,474908,1504240,18.40,1097456,287032,512,877672,43408,2360,5692,18156,0,0,0.00,0,0.00,3,284,1.24,1.98,1.66,0,0.00,0.00,0.00,0.00,0.00,0.00,0.00,0.00,21.80,25.60,3.01,85.30,0.00,0.00,0.00,0.01
2018-01-07 01:06:47,91.16,0.00,3.62,0.00,0.00,0.00,0.20,0.00,0.00,5.03,17.00,1689.00,1481.80,0.00,0.00,0.00,53.60,6976.40,0.00,27662.00,0.00,0.00,0.00,0.00,1.60,0.00,1.60,0.00,107.20,6825716,0,1349892,16.51,32088,476172,1426040,17.44,946248,291052,2220,729008,43472,2192,5276,18156,0,0,0.00,0,0.00,3,275,1.38,2.00,1.66,0,1.60,0.00,107.20,67.00,0.01,6.00,3.00,0.48,258.80,286.00,401.69,925.28,0.00,0.00,0.00,0.08
2018-01-07 01:06:52,96.00,0.00,3.30,0.00,0.00,0.00,0.60,0.00,0.00,0.10,6.20,1719.60,1675.00,0.00,0.00,5.60,50.40,5819.00,0.00,5358.60,0.00,0.00,0.00,0.00,1.80,0.40,1.40,11.20,100.80,6670196,0,1505412,18.41,32100,475456,1508720,18.45,1091332,299176,2832,882932,43576,2456,5824,18156,0,0,0.00,0,0.00,8,298,1.59,2.03,1.68,0,1.80,11.20,100.80,62.22,0.00,0.00,0.00,0.00,621.20,573.40,3339.27,1754.22,0.00,0.00,0.00,0.27
2018-01-07 01:06:57,97.10,0.00,2.40,0.00,0.00,0.00,0.40,0.00,0.00,0.10,5.60,1523.60,1454.60,0.00,0.00,0.00,267.20,2366.40,0.00,3471.00,0.00,0.00,0.00,0.00,7.60,0.00,7.60,0.00,534.40,6571364,0,1604244,19.62,32112,510036,1540732,18.85,1183900,304296,36276,946004,44188,2536,5980,18156,0,0,0.00,0,0.00,11,304,1.95,2.10,1.70,0,7.60,0.00,534.40,70.32,0.01,0.84,0.21,0.16,563.80,472.00,3408.83,941.77,0.00,0.00,0.00,0.28
2018-01-07 01:07:02,97.60,0.00,2.20,0.00,0.00,0.00,0.20,0.00,0.00,0.00,1.40,2479.80,855.80,0.00,0.00,0.00,16.00,2330.60,0.00,3072.00,0.00,0.00,0.00,0.00,0.40,0.00,0.40,0.00,32.00,6535888,0,1639720,20.06,32120,538788,1540732,18.85,1191756,331820,65140,952896,44852,2592,6036,18156,0,0,0.00,0,0.00,3,311,1.95,2.09,1.70,0,0.40,0.00,32.00,80.00,0.00,12.00,12.00,0.48,13.80,19.20,1.12,83.27,0.00,0.00,0.00,0.01
2018-01-07 01:07:07,95.08,0.00,1.71,0.00,0.00,0.00,0.20,0.00,0.00,3.01,6.60,3233.60,1075.40,0.00,0.00,0.00,10.40,2142.00,0.00,11168.40,0.00,0.00,0.00,0.00,0.60,0.00,0.60,0.00,20.80,6665624,0,1509984,18.47,32128,549464,1486864,18.19,1019092,374424,75820,812048,45844,2600,5716,18156,0,0,0.00,0,0.00,4,293,1.95,2.09,1.70,0,0.60,0.00,20.80,34.67,0.00,0.00,0.00,0.00,20.60,25.80,2.40,84.36,0.00,0.00,0.00,0.01
2018-01-07 01:07:12,92.32,0.00,4.49,0.00,0.10,0.00,0.60,0.00,0.00,2.50,9.20,1941.40,1976.40,0.00,0.00,1.60,229.60,9199.80,0.00,13571.60,0.00,0.00,0.00,0.00,3.20,0.40,2.80,3.20,459.20,6614120,0,1561488,19.10,32140,547120,1497876,18.32,1047168,398488,75048,866324,45352,2368,5712,18156,0,0,0.00,0,0.00,4,285,2.60,2.22,1.75,0,3.20,3.20,459.20,144.50,0.01,2.50,0.75,0.24,497.80,745.80,42.65,5345.13,0.00,0.00,0.00,0.44
2018-01-07 01:07:17,95.99,0.00,3.31,0.00,0.00,0.00,0.70,0.00,0.00,0.00,8.60,2087.60,1991.40,0.00,0.00,0.00,31.20,2321.80,0.00,5655.20,0.00,0.00,0.00,0.00,1.40,0.00,1.40,0.00,62.40,6508648,0,1666960,20.39,32152,581496,1530928,18.73,1146164,405208,109976,937744,45444,2472,5960,18156,0,0,0.00,0,0.00,8,302,2.55,2.22,1.75,0,1.40,0.00,62.40,44.57,0.00,0.57,0.57,0.08,1039.40,784.20,6737.06,1278.41,0.00,0.00,0.00,0.55
2018-01-07 01:07:22,97.80,0.00,2.10,0.00,0.00,0.00,0.10,0.00,0.00,0.00,1.20,2088.00,935.60,0.00,0.00,0.00,28.80,3542.60,0.00,3018.60,0.00,0.00,0.00,0.00,1.80,0.00,1.80,0.00,57.60,6456432,0,1719176,21.03,32160,600564,1563916,19.13,1178076,424028,129044,969568,45596,2560,6064,18156,0,0,0.00,0,0.00,3,308,2.67,2.25,1.76,0,1.80,0.00,57.60,32.00,0.00,0.44,0.44,0.08,20.20,30.80,1.78,164.94,0.00,0.00,0.00,0.01
2018-01-07 01:07:27,97.90,0.00,1.90,0.00,0.00,0.00,0.20,0.00,0.00,0.00,0.60,3086.80,676.60,0.00,0.00,0.00,109.60,461.40,0.00,1622.20,0.00,0.00,0.00,0.00,1.40,0.00,1.40,0.00,219.20,6410296,0,1765312,21.59,32168,645524,1563916,19.13,1180632,467064,173528,970216,46596,2600,6064,18156,0,0,0.00,0,0.00,3,310,2.69,2.26,1.77,0,1.40,0.00,219.20,156.57,0.01,4.00,4.00,0.56,18.20,22.40,1.50,83.56,0.00,0.00,0.00,0.01
2018-01-07 01:07:32,19.01,0.00,1.51,1.21,0.00,0.00,0.00,0.00,0.00,78.27,5.40,1126.00,602.20,0.00,0.00,4.00,14876.80,603.80,0.00,18866.60,0.00,0.00,0.00,0.00,121.00,0.20,120.80,8.00,29753.60,6761984,0,1413624,17.29,32176,621100,1045008,12.78,821568,476016,74584,644296,46424,2072,4588,18156,0,0,0.00,0,0.00,1,245,2.48,2.22,1.76,0,121.00,8.00,29753.60,245.96,6.78,56.06,0.60,7.20,23.80,29.80,2.31,84.96,0.00,0.00,0.00,0.01
2018-01-07 01:07:37,0.10,0.00,0.10,0.00,0.10,0.00,0.00,0.00,0.00,99.70,0.00,228.40,145.40,0.00,0.00,0.00,32.80,7.80,0.00,34.80,0.00,0.00,0.00,0.00,0.80,0.00,0.80,0.00,65.60,6762016,0,1413592,17.29,32188,621124,1045008,12.78,821572,476036,74764,644296,46424,2072,4588,18156,0,0,0.00,0,0.00,1,245,2.28,2.19,1.75,0,0.80,0.00,65.60,82.00,0.00,0.00,0.00,0.00,4.80,6.00,0.36,1.00,0.00,0.00,0.00,0.00
2018-01-07 01:07:42,0.00,0.00,0.00,0.00,0.00,0.00,0.00,0.00,0.00,100.00,0.40,243.20,172.40,0.00,0.00,0.00,23.20,14.80,0.00,102.20,0.00,0.00,0.00,0.00,1.00,0.00,1.00,0.00,46.40,6762024,0,1413584,17.29,32200,621364,1045008,12.78,821652,476280,75052,644368,46392,2080,4588,18156,0,0,0.00,0,0.00,1,246,2.10,2.15,1.74,0,1.00,0.00,46.40,46.40,0.00,0.00,0.00,0.00,16.60,18.00,52.10,56.75,0.00,0.00,0.00,0.00
2018-01-07 01:07:47,55.72,0.00,2.81,0.00,0.00,0.00,0.10,0.00,0.00,41.37,14.60,954.00,737.60,0.00,0.00,0.00,104.00,9749.60,0.00,6559.80,0.00,0.00,0.00,0.00,1.80,0.00,1.80,0.00,208.00,6644876,0,1530732,18.72,32212,556496,1473472,18.02,1002768,411464,75520,825520,46608,2360,5540,18156,0,0,0.00,0,0.00,4,285,2.17,2.17,1.75,0,1.80,0.00,208.00,115.56,0.01,7.56,3.56,0.64,27.20,31.00,23.45,104.79,0.00,0.00,0.00,0.01
2018-01-07 01:07:52,97.80,0.00,1.90,0.00,0.00,0.00,0.00,0.00,0.00,0.30,5.60,1494.20,1104.00,0.00,0.00,0.00,14863.20,2578.00,0.00,895.40,0.00,0.00,0.00,0.00,117.40,0.00,117.40,0.00,29726.40,6317492,0,1858116,22.73,32212,556776,1632268,19.97,1329488,411712,1496,1152200,46904,2528,6340,18156,0,0,0.00,0,0.00,4,302,2.16,2.16,1.75,0,117.40,0.00,29726.40,253.21,6.11,52.03,0.60,7.04,15.40,19.80,8.71,2.52,0.00,0.00,0.00,0.00
2018-01-07 01:07:57,98.80,0.00,1.20,0.00,0.00,0.00,0.00,0.00,0.00,0.00,0.00,1180.20,821.40,0.00,0.00,0.00,22.40,48.80,0.00,558.00,0.00,0.00,0.00,0.00,0.40,0.00,0.40,0.00,44.80,6320208,0,1855400,22.69,32220,562884,1632268,19.97,1326164,411728,7608,1143016,46936,2512,6352,18156,0,0,0.00,0,0.00,3,300,2.14,2.16,1.75,0,0.40,0.00,44.80,112.00,0.00,2.00,2.00,0.08,6.80,10.00,0.54,1.93,0.00,0.00,0.00,0.00
2018-01-07 01:08:02,82.29,0.00,3.92,0.00,0.00,0.00,0.10,0.00,0.00,13.68,14.20,1123.60,863.60,0.00,0.00,0.00,20.00,9852.20,0.00,28377.60,0.00,0.00,0.00,0.00,0.80,0.00,0.80,0.00,40.00,6569132,0,1606476,19.65,32228,626668,1466452,17.94,1077256,411540,71380,829908,47336,2336,5580,18156,0,0,0.00,0,0.00,7,282,2.29,2.19,1.76,0,0.80,0.00,40.00,50.00,0.00,0.00,0.00,0.00,17.60,18.40,2.78,2.91,0.00,0.00,0.00,0.00
2018-01-07 01:08:07,96.70,0.00,3.00,0.00,0.00,0.00,0.10,0.00,0.00,0.20,5.40,1626.40,1211.40,0.00,0.00,0.00,216.00,3192.60,0.00,1622.00,0.00,0.00,0.00,0.00,11.60,0.00,11.60,0.00,432.00,6253008,0,1922600,23.52,32240,626932,1637792,20.03,1392376,412104,70872,1145296,47580,2488,6332,18156,0,0,0.00,0,0.00,5,300,2.43,2.22,1.77,0,11.60,0.00,432.00,37.24,0.01,0.69,0.07,0.08,20.60,29.40,6.81,90.49,0.00,0.00,0.00,0.01
2018-01-07 01:08:12,97.80,0.00,1.60,0.00,0.00,0.00,0.10,0.00,0.00,0.50,1.80,1445.60,993.80,0.00,0.00,0.00,288.00,266.20,0.00,509.80,0.00,0.00,0.00,0.00,3.40,0.00,3.40,0.00,576.00,6212300,0,1963308,24.01,32252,661880,1637792,20.03,1430264,413112,104468,1149556,48400,2512,6416,18156,0,0,0.00,0,0.00,2,293,2.47,2.23,1.78,0,3.40,0.00,576.00,169.41,0.00,0.94,0.71,0.24,28.20,40.80,2.29,221.47,0.00,0.00,0.00,0.02
2018-01-07 01:08:17,89.88,0.00,2.91,0.50,0.00,0.00,0.10,0.00,0.00,6.61,11.60,1162.20,1039.60,0.00,0.00,0.00,782.40,9991.80,0.00,29026.80,0.00,0.00,0.00,0.00,8.20,0.00,8.20,0.00,1564.80,6489096,0,1686512,20.63,32264,696932,1503160,18.39,1150664,416752,135700,838300,49020,2360,5644,18156,0,0,0.00,0,0.00,6,282,2.60,2.26,1.79,0,8.20,0.00,1564.80,190.83,0.02,3.02,1.37,1.12,69.80,108.00,6.65,743.84,0.00,0.00,0.00,0.06
2018-01-07 01:08:22,56.39,0.00,2.43,0.00,0.20,0.00,1.01,0.00,0.00,39.96,7.80,2135.00,3165.40,0.00,0.00,0.80,10228.80,2991.80,0.00,11406.80,0.00,0.00,0.00,0.00,98.00,0.20,97.80,1.60,20457.60,6384528,0,1791080,21.91,32292,697320,1519884,18.59,1204008,467428,85492,941816,49280,2600,5988,18156,0,0,0.00,0,0.00,0,311,2.39,2.22,1.78,0,98.00,1.60,20457.60,208.77,0.16,1.67,0.64,6.32,2444.00,2301.00,13565.83,9916.34,0.00,0.00,0.00,1.11
2018-01-07 01:08:27,1.92,0.00,0.30,0.00,0.00,0.00,0.10,0.00,0.00,97.68,0.00,559.20,611.60,0.00,0.00,0.00,2062.40,70.20,0.00,825.80,0.00,0.00,0.00,0.00,19.60,0.00,19.60,0.00,4124.80,6384492,0,1791116,21.91,32304,697356,1519884,18.59,1193832,477832,75220,942044,49272,2600,5988,18156,0,0,0.00,0,0.00,0,311,2.20,2.19,1.77,0,19.60,0.00,4124.80,210.45,0.04,2.24,0.65,1.28,190.60,276.80,184.93,2079.18,0.00,0.00,0.00,0.17
2018-01-07 01:08:32,61.12,0.00,2.10,0.20,0.00,0.00,0.00,0.00,0.00,36.57,1.60,779.20,726.40,0.00,0.00,0.00,7600.00,195.00,0.00,356.00,0.00,0.00,0.00,0.00,61.00,0.00,61.00,0.00,15200.00,6311064,0,1864544,22.81,32316,767592,1519884,18.59,1264028,479532,107540,943444,50912,2472,5996,18156,0,0,0.00,0,0.00,6,301,2.18,2.18,1.77,0,61.00,0.00,15200.00,249.18,2.39,39.25,0.75,4.56,58.20,69.60,177.46,349.61,0.00,0.00,0.00,0.03
2018-01-07 01:08:37,98.70,0.00,1.20,0.00,0.00,0.00,0.10,0.00,0.00,0.00,2.40,1140.60,789.20,0.00,0.00,0.00,189.60,1314.80,0.00,1244.20,0.00,0.00,0.00,0.00,2.40,0.00,2.40,0.00,379.20,6290812,0,1884796,23.05,32324,769152,1536072,18.79,1279804,482500,108372,960932,51052,2616,6048,18156,0,0,0.00,0,0.00,3,313,2.17,2.18,1.77,0,2.40,0.00,379.20,158.00,0.01,3.33,3.00,0.72,32.40,51.00,2.49,346.18,0.00,0.00,0.00,0.03
2018-01-07 01:08:42,82.90,0.00,3.32,0.00,0.00,0.00,0.00,0.00,0.00,13.78,14.60,1394.00,894.80,0.00,0.00,0.00,273.60,11271.40,0.00,24310.60,0.00,0.00,0.00,0.00,6.00,0.00,6.00,0.00,547.20,6479728,0,1695880,20.74,32336,698968,1471640,18.00,1092088,484180,37248,845080,49192,2344,5660,18156,0,0,0.00,0,0.00,7,283,2.31,2.21,1.79,0,6.00,0.00,547.20,91.20,0.01,1.07,0.27,0.16,47.60,64.60,5.30,345.79,0.00,0.00,0.00,0.03
2018-01-07 01:08:47,94.80,0.00,3.70,0.00,0.00,0.00,1.40,0.00,0.00,0.10,6.80,2245.00,3006.80,0.00,0.00,1.60,6928.00,1610.80,0.00,11538.60,0.00,0.00,0.00,0.00,57.60,0.40,57.20,3.20,13856.00,6336180,0,1839428,22.50,32364,763076,1504440,18.40,1176188,543552,70688,924536,49312,2440,5992,18156,0,0,0.00,0,0.00,4,291,2.29,2.21,1.79,0,57.60,3.20,13856.00,240.61,1.12,19.51,0.40,2.32,2604.80,2566.80,13821.53,12463.27,0.00,0.00,0.00,1.13
2018-01-07 01:08:52,98.40,0.00,1.50,0.00,0.00,0.00,0.10,0.00,0.00,0.00,4.00,1214.80,914.00,0.00,0.00,0.00,57.60,2850.00,0.00,1841.20,0.00,0.00,0.00,0.00,2.00,0.00,2.00,0.00,115.20,6294088,0,1881520,23.01,32376,765844,1538008,18.81,1211612,549088,73580,962488,49540,2600,6068,18156,0,0,0.00,0,0.00,7,311,2.59,2.27,1.81,0,2.00,0.00,115.20,57.60,0.01,3.20,2.80,0.56,91.60,137.80,6.83,1034.23,0.00,0.00,0.00,0.08
2018-01-07 01:08:57,27.67,0.00,1.11,0.00,0.10,0.00,0.00,0.00,0.00,71.13,5.00,824.00,526.40,0.00,0.00,0.00,72.80,607.00,0.00,20290.00,0.00,0.00,0.00,0.00,1.60,0.00,1.60,0.00,145.60,6687912,0,1487696,18.20,32388,696948,1036160,12.67,819428,550976,4432,641064,47604,2072,4584,18156,0,0,0.00,0,0.00,1,245,2.38,2.23,1.80,0,1.60,0.00,145.60,91.00,0.02,12.00,12.00,1.92,29.00,37.60,2.54,176.74,0.00,0.00,0.00,0.01
2018-01-07 01:09:02,0.20,0.00,0.00,0.00,0.00,0.00,0.00,0.00,0.00,99.80,0.00,228.20,142.60,0.00,0.00,0.00,3.20,7.80,0.00,32.80,0.00,0.00,0.00,0.00,0.40,0.00,0.40,0.00,6.40,6687880,0,1487728,18.20,32396,696972,1036160,12.67,819432,551004,4456,641064,47604,2072,4584,18156,0,0,0.00,0,0.00,1,245,2.19,2.20,1.79,0,0.40,0.00,6.40,16.00,0.00,0.00,0.00,0.00,4.40,5.80,0.34,1.06,0.00,0.00,0.00,0.00
2018-01-07 04:30:27,39.16,0.00,0.99,1.48,0.03,0.00,0.13,0.00,0.00,58.21,6.22,1003.40,799.23,0.00,0.00,546.15,2169.34,2866.55,0.03,4021.70,132.38,12.75,144.16,99.33,26.08,7.65,18.43,1092.31,4338.69,7002152,0,1173456,14.35,17092,442684,1092520,13.36,792152,266136,203620,598620,46780,2008,3956,18156,0,0,0.00,0,0.00,1,241,1.81,1.39,1.44,0,26.08,1092.31,4338.69,208.25,5.60,214.70,1.85,4.82,151.01,186.05,556.46,1233.62,0.00,0.00,0.00,0.10
2018-01-07 04:30:32,0.40,0.00,0.30,0.80,0.00,0.00,0.00,0.00,0.00,98.50,0.40,270.20,246.60,0.00,0.00,0.00,10457.60,579.40,0.00,6456.00,0.00,0.00,0.00,0.00,90.00,0.00,90.00,0.00,20915.20,7129604,0,1046004,12.79,17100,338932,1056196,12.92,764852,166232,151472,575060,46700,2024,3420,18156,0,0,0.00,0,0.00,1,239,1.66,1.37,1.43,0,90.00,0.00,20915.20,232.39,3.24,35.99,0.28,2.48,2.80,4.00,0.31,0.57,0.00,0.00,0.00,0.00
2018-01-07 04:30:37,4.03,0.00,1.31,2.52,0.20,0.00,0.00,0.00,0.00,91.94,28.80,544.20,541.80,0.00,0.00,0.80,15154.40,15465.60,0.00,4939.60,0.00,0.00,0.00,0.00,119.80,0.20,119.60,1.60,30308.80,7120928,0,1054680,12.90,17120,338976,1060920,12.98,773468,166272,75996,583644,46856,2072,4420,18156,0,0,0.00,0,0.00,1,245,1.53,1.34,1.42,0,119.80,1.60,30308.80,253.01,15.76,131.52,1.83,21.92,16.20,17.60,3.24,2.94,0.00,0.00,0.00,0.00
2018-01-07 04:30:42,0.10,0.00,0.00,0.00,0.00,0.00,0.00,0.00,0.00,99.90,0.00,230.60,148.00,0.00,0.00,0.00,19.20,7.80,0.00,32.00,0.00,0.00,0.00,0.00,1.40,0.00,1.40,0.00,38.40,7120928,0,1054680,12.90,17128,339000,1060920,12.98,773468,166272,76004,583644,46856,2072,4420,18156,0,0,0.00,0,0.00,1,245,1.41,1.32,1.41,0,1.40,0.00,38.40,27.43,0.00,0.00,0.00,0.00,4.20,5.60,0.32,1.05,0.00,0.00,0.00,0.00
2018-01-07 04:30:47,0.10,0.00,0.20,1.30,0.00,0.00,0.00,0.00,0.00,98.40,0.00,230.40,260.80,0.00,0.00,0.00,15138.40,8.00,0.00,29.60,0.00,0.00,0.00,0.00,118.80,0.00,118.80,0.00,30276.80,7120928,0,1054680,12.90,17128,339024,1060920,12.98,773480,166292,336,583648,46856,2072,4420,18156,0,0,0.00,0,0.00,1,245,1.30,1.30,1.41,0,118.80,0.00,30276.80,254.86,8.10,68.15,1.22,14.48,3.60,4.80,0.28,0.93,0.00,0.00,0.00,0.00
2018-01-07 04:30:52,0.10,0.00,0.10,0.00,0.00,0.00,0.00,0.00,0.00,99.80,0.00,232.80,149.60,0.00,0.00,0.00,8.00,8.40,0.00,32.80,0.00,0.00,0.00,0.00,0.40,0.00,0.40,0.00,16.00,7120804,0,1054804,12.90,17136,339048,1060920,12.98,773492,166316,372,583648,46856,2072,4420,18156,0,0,0.00,0,0.00,1,245,1.19,1.28,1.40,0,0.40,0.00,16.00,40.00,0.00,2.00,2.00,0.08,4.40,5.80,0.34,1.07,0.00,0.00,0.00,0.00
2018-01-07 04:30:57,30.92,0.00,1.61,0.00,0.00,0.00,0.00,0.00,0.00,67.47,14.40,748.80,524.00,0.00,0.00,0.00,8.00,6695.00,0.00,1567.40,0.00,0.00,0.00,0.00,0.60,0.00,0.60,0.00,16.00,6987900,0,1187708,14.53,17156,339576,1451204,17.75,901864,166828,940,714016,47320,2368,5276,18156,0,0,0.00,0,0.00,8,278,1.26,1.29,1.40,0,0.60,0.00,16.00,26.67,0.00,0.00,0.00,0.00,23.20,22.00,73.99,2.54,0.00,0.00,0.00,0.01
2018-01-07 04:31:02,96.20,0.00,3.30,0.00,0.00,0.00,0.10,0.00,0.00,0.40,7.20,1240.00,873.40,0.00,0.00,0.00,81.60,6260.60,0.00,3012.40,0.00,0.00,0.00,0.00,2.00,0.00,2.00,0.00,163.20,6625304,0,1550304,18.96,17168,339828,1660272,20.31,1265536,166960,1148,1075500,47796,2472,6216,18156,0,0,0.00,0,0.00,5,302,1.64,1.37,1.43,0,2.00,0.00,163.20,81.60,0.00,0.80,0.40,0.08,16.80,21.20,9.63,2.63,0.00,0.00,0.00,0.00
2018-01-07 04:31:07,98.50,0.00,1.20,0.00,0.00,0.00,0.20,0.00,0.00,0.10,0.00,1934.80,910.40,0.00,0.00,0.00,72.80,74.40,0.00,368.20,0.00,0.00,0.00,0.00,9.40,0.00,9.40,0.00,145.60,6614204,0,1561404,19.10,17176,339860,1660272,20.31,1275368,166980,912,1085312,47860,2512,6232,18156,0,0,0.00,0,0.00,7,298,1.67,1.38,1.43,0,9.40,0.00,145.60,15.49,0.00,0.00,0.00,0.00,6.40,9.40,0.50,1.62,0.00,0.00,0.00,0.00
2018-01-07 04:31:12,99.20,0.00,0.80,0.00,0.00,0.00,0.00,0.00,0.00,0.00,0.00,523.40,686.80,0.00,0.00,0.00,8.80,28.60,0.00,588.20,0.00,0.00,0.00,0.00,0.40,0.00,0.40,0.00,17.60,6601104,0,1574504,19.26,17184,348764,1660272,20.31,1289880,166992,9828,1091152,47860,2480,6232,18156,0,0,0.00,0,0.00,3,294,1.69,1.39,1.43,0,0.40,0.00,17.60,44.00,0.00,0.00,0.00,0.00,6.00,8.60,0.47,1.88,0.00,0.00,0.00,0.00
2018-01-07 04:31:17,84.95,0.00,3.51,0.00,0.10,0.00,0.00,0.00,0.00,11.43,13.40,1060.60,947.40,0.00,0.00,0.00,48.80,7799.00,0.00,27335.60,0.00,0.00,0.00,0.00,1.20,0.00,1.20,0.00,97.60,6877436,0,1298172,15.88,17204,405124,1493204,18.26,1013884,166792,66196,758340,47516,2320,5368,18156,0,0,0.00,0,0.00,6,276,1.80,1.42,1.44,0,1.20,0.00,97.60,81.33,0.00,0.00,0.00,0.00,18.40,20.20,2.82,3.11,0.00,0.00,0.00,0.00
2018-01-07 04:31:22,96.90,0.00,3.00,0.00,0.00,0.00,0.00,0.00,0.00,0.10,6.40,1447.80,867.00,0.00,0.00,0.00,0.00,4789.80,0.00,2697.40,0.00,0.00,0.00,0.00,0.00,0.00,0.00,0.00,0.00,6539980,0,1635628,20.01,17204,405400,1663120,20.34,1350764,167044,66576,1095204,47632,2472,5988,18156,0,0,0.00,0,0.00,4,298,1.89,1.44,1.45,0,0.00,0.00,0.00,0.00,0.00,0.00,0.00,0.00,14.20,18.60,4.78,2.53,0.00,0.00,0.00,0.00
2018-01-07 04:31:27,99.00,0.00,1.00,0.00,0.00,0.00,0.00,0.00,0.00,0.00,0.00,1856.80,992.40,0.00,0.00,0.00,592.00,69.60,0.00,803.60,0.00,0.00,0.00,0.00,6.40,0.00,6.40,0.00,1184.00,6540468,0,1635140,20.00,17216,405432,1663120,20.34,1346268,169928,63740,1093556,47696,2496,6212,18156,0,0,0.00,0,0.00,4,298,2.14,1.50,1.47,0,6.40,0.00,1184.00,185.00,0.01,1.75,0.88,0.56,57.00,83.00,4.34,579.61,0.00,0.00,0.00,0.05
2018-01-07 04:31:32,98.90,0.00,1.10,0.00,0.00,0.00,0.00,0.00,0.00,0.00,0.00,508.80,707.80,0.00,0.00,0.00,260.80,22.40,0.00,148.60,0.00,0.00,0.00,0.00,3.40,0.00,3.40,0.00,499.20,6490972,0,1684636,20.61,17228,456824,1663120,20.34,1396580,170512,114040,1093484,47696,2464,6212,18156,0,0,0.00,0,0.00,2,293,2.21,1.53,1.48,2,3.40,0.00,499.20,146.82,0.00,0.71,0.47,0.16,25.00,29.60,1.84,166.41,0.00,0.00,0.00,0.01
2018-01-07 04:31:37,92.51,0.00,3.60,0.00,0.00,0.00,0.20,0.00,0.00,3.70,15.20,1417.40,1181.60,0.00,0.00,0.00,1444.80,11010.80,0.00,29630.00,0.00,0.00,0.00,0.00,15.40,0.00,15.40,0.00,2912.00,6747564,0,1428044,17.47,17244,470164,1510748,18.48,1133768,176996,120768,823396,47648,2352,5552,18156,0,0,0.00,0,0.00,5,281,2.43,1.58,1.50,0,15.40,0.00,2912.00,189.09,0.02,1.45,0.68,1.04,148.20,208.40,12.96,1408.96,0.00,0.00,0.00,0.12
2018-01-07 04:31:42,46.06,0.00,2.42,0.00,0.10,0.00,0.71,0.00,0.00,50.71,6.80,2686.40,2539.20,0.00,0.00,0.00,5316.80,2448.00,0.00,9367.40,0.00,0.00,0.00,0.00,58.20,0.00,58.20,0.00,10633.60,6670500,0,1505108,18.41,17256,470536,1543408,18.88,1184672,203144,94852,900020,47820,2568,5840,18156,0,0,0.00,0,0.00,1,307,2.24,1.56,1.49,0,58.20,0.00,10633.60,182.71,0.09,1.58,0.62,3.60,1890.20,1636.80,12073.23,5019.90,0.00,0.00,0.00,0.99
2018-01-07 04:31:47,2.03,0.00,0.41,0.51,0.00,0.00,0.30,0.00,0.00,96.76,0.00,669.80,909.80,0.00,0.00,0.00,11046.40,21.60,0.00,1367.00,0.00,0.00,0.00,0.00,93.20,0.00,93.20,0.00,22092.80,6673156,0,1502452,18.38,17276,470488,1543408,18.88,1163892,220380,39688,896508,47708,2568,5836,18156,0,0,0.00,0,0.00,1,307,2.06,1.53,1.48,0,93.20,0.00,22092.80,237.05,2.33,24.99,0.45,4.16,287.80,437.80,73.66,3461.38,0.00,0.00,0.00,0.28
2018-01-07 04:31:52,1.81,0.00,0.30,0.00,0.10,0.00,0.10,0.00,0.00,97.69,0.40,498.20,481.80,0.00,0.00,0.00,423.20,258.40,0.00,1254.60,0.00,0.00,0.00,0.00,5.40,0.00,5.40,0.00,846.40,6668888,0,1506720,18.43,17288,470464,1559368,19.07,1163456,224316,37696,899928,47716,2584,6100,18156,0,0,0.00,0,0.00,1,309,1.89,1.51,1.47,0,5.40,0.00,846.40,156.74,0.01,2.07,0.74,0.40,130.20,156.20,418.51,829.29,0.00,0.00,0.00,0.07
2018-01-07 04:31:57,2.01,0.00,0.30,0.10,0.00,0.00,0.10,0.00,0.00,97.49,0.00,528.40,451.20,0.00,0.00,0.00,97.60,76.20,0.00,3501.20,0.00,0.00,0.00,0.00,2.00,0.00,2.00,0.00,195.20,6604148,0,1571460,19.22,17300,470396,1559368,19.07,1227116,225152,37304,964572,47728,2568,5964,18156,0,0,0.00,0,0.00,1,307,1.74,1.48,1.47,0,2.00,0.00,195.20,97.60,0.00,0.00,0.00,0.00,79.20,75.80,414.14,170.21,0.00,0.00,0.00,0.03
2018-01-07 04:32:02,36.22,0.00,0.70,0.00,0.00,0.00,0.00,0.00,0.00,63.08,0.00,564.40,628.20,0.00,0.00,0.80,416.80,25.20,0.00,869.80,0.00,0.00,0.00,0.00,4.60,0.20,4.40,1.60,833.60,6574788,0,1600820,19.58,17308,502532,1559368,19.07,1254604,228604,68064,963280,47728,2424,5964,18156,0,0,0.00,0,0.00,4,289,1.92,1.52,1.48,0,4.60,1.60,833.60,181.57,0.01,2.09,0.87,0.40,106.20,141.00,296.88,827.32,0.00,0.00,0.00,0.07
2018-01-07 04:32:07,97.50,0.00,2.40,0.00,0.00,0.00,0.00,0.00,0.00,0.10,2.80,874.20,790.60,0.00,0.00,0.00,6920.80,6021.20,0.00,2779.80,0.00,0.00,0.00,0.00,58.00,0.00,58.00,0.00,13841.60,6457076,0,1718532,21.02,17316,538156,1591420,19.47,1368132,230320,69228,1043260,48784,2536,6112,18156,0,0,0.00,0,0.00,7,303,2.25,1.60,1.50,0,58.00,0.00,13841.60,238.65,2.25,38.80,0.34,2.00,25.20,33.40,2.06,167.49,0.00,0.00,0.00,0.01
2018-01-07 04:32:12,98.20,0.00,1.70,0.00,0.00,0.00,0.10,0.00,0.00,0.00,3.40,2857.80,1109.40,0.00,0.00,0.00,134.40,858.00,0.00,3154.40,0.00,0.00,0.00,0.00,2.40,0.00,2.40,0.00,268.80,6442356,0,1733252,21.20,17324,572800,1591420,19.47,1349192,264064,103488,1023404,49540,2584,6108,18156,0,0,0.00,0,0.00,4,309,2.31,1.62,1.51,0,2.40,0.00,268.80,112.00,0.00,0.33,0.33,0.08,17.80,27.20,1.37,166.06,0.00,0.00,0.00,0.01
2018-01-07 04:32:17,98.20,0.00,1.60,0.00,0.00,0.00,0.20,0.00,0.00,0.00,0.00,3071.60,1234.20,0.00,0.00,0.00,68.80,194.00,0.00,1322.40,0.00,0.00,0.00,0.00,5.20,0.00,5.20,0.00,137.60,6391036,0,1784572,21.83,17332,618408,1591420,19.47,1355284,308052,148976,1027564,50708,2568,6116,18156,0,0,0.00,0,0.00,2,307,2.37,1.64,1.52,0,5.20,0.00,137.60,26.46,0.00,0.15,0.15,0.08,18.80,28.00,1.37,166.36,0.00,0.00,0.00,0.01
2018-01-07 04:32:22,97.70,0.00,1.90,0.00,0.00,0.00,0.30,0.00,0.00,0.10,0.00,3017.40,1067.20,0.00,0.00,0.00,8.00,30.40,0.00,1874.40,0.00,0.00,0.00,0.00,0.40,0.00,0.40,0.00,16.00,6345512,0,1830096,22.38,17340,663064,1591420,19.47,1357712,350012,193660,1027684,51828,2568,6116,18156,0,0,0.00,0,0.00,2,307,2.34,1.65,1.52,0,0.40,0.00,16.00,40.00,0.00,2.00,2.00,0.08,5.60,7.80,0.45,1.89,0.00,0.00,0.00,0.00
2018-01-07 04:32:27,84.24,0.00,3.31,0.00,0.10,0.00,0.10,0.00,0.00,12.25,13.40,1918.60,1053.60,0.00,0.00,0.00,16.00,9106.60,0.00,28111.20,0.00,0.00,0.00,0.00,0.60,0.00,0.60,0.00,32.00,6652244,0,1523364,18.63,17356,609232,1492128,18.25,1040180,362756,140232,776292,50840,2336,5416,18156,0,0,0.00,0,0.00,6,278,2.23,1.64,1.52,0,0.60,0.00,32.00,53.33,0.00,0.00,0.00,0.00,21.60,24.80,3.38,4.54,0.00,0.00,0.00,0.00
2018-01-07 04:32:32,95.50,0.00,3.20,0.00,0.00,0.00,1.10,0.00,0.00,0.20,6.40,1781.00,2288.80,0.00,0.00,1.60,39.20,4391.20,0.00,8659.60,0.00,0.00,0.00,0.00,1.40,0.40,1.00,3.20,78.40,6515952,0,1659656,20.30,17368,639820,1550428,18.96,1132844,406056,174248,881836,51088,2408,5752,18156,0,0,0.00,0,0.00,5,291,2.37,1.68,1.53,0,1.40,3.20,78.40,58.29,0.00,1.71,1.14,0.16,1541.00,1691.40,6667.99,9289.75,0.00,0.00,0.00,0.76
2018-01-07 04:32:37,97.10,0.00,2.60,0.00,0.00,0.00,0.30,0.00,0.00,0.00,4.00,1962.60,1902.80,0.00,0.00,0.80,13237.60,3792.80,0.00,6651.20,0.00,0.00,0.00,0.00,105.00,0.20,104.80,1.60,26475.20,6421172,0,1754436,21.46,17384,678072,1582472,19.36,1204532,427564,148120,936776,51200,2520,5912,18156,0,0,0.00,0,0.00,6,302,2.34,1.68,1.53,0,105.00,1.60,26475.20,252.16,5.11,48.62,0.41,4.32,1091.60,943.40,6631.54,3345.89,0.00,0.00,0.00,0.54
2018-01-07 04:32:42,98.00,0.00,1.90,0.00,0.00,0.00,0.10,0.00,0.00,0.00,1.20,2643.60,1014.60,0.00,0.00,0.00,31412.00,2671.80,0.00,2828.20,0.00,0.00,0.00,0.00,261.00,0.00,261.00,0.00,62824.00,6369096,0,1806512,22.10,17396,709428,1598608,19.55,1226328,458124,22664,957760,51552,2568,5960,18156,0,0,0.00,0,0.00,4,308,2.55,1.74,1.55,0,261.00,0.00,62824.00,240.70,48.46,185.68,1.42,37.12,17.20,28.00,1.29,167.24,0.00,0.00,0.00,0.01
2018-01-07 04:32:47,98.50,0.00,1.40,0.00,0.00,0.00,0.10,0.00,0.00,0.00,0.20,3119.40,643.40,0.00,0.00,0.00,20.80,89.80,0.00,1283.40,0.00,0.00,0.00,0.00,0.40,0.00,0.40,0.00,41.60,6321136,0,1854472,22.68,17404,755916,1598608,19.55,1228608,502112,69248,957716,52744,2576,5964,18156,0,0,0.00,0,0.00,4,307,2.51,1.74,1.56,0,0.40,0.00,41.60,104.00,0.00,0.00,0.00,0.00,5.40,7.60,0.42,1.65,0.00,0.00,0.00,0.00
2018-01-07 04:32:52,89.46,0.00,2.01,0.00,0.00,0.00,0.00,0.00,0.00,8.53,2.80,3169.00,909.80,0.00,0.00,0.00,4.00,324.80,0.00,11907.40,0.00,0.00,0.00,0.00,0.40,0.00,0.40,0.00,8.00,6486180,0,1689428,20.66,17412,768160,1333904,16.32,1021392,545200,115244,781444,53672,2312,5204,18156,0,0,0.00,0,0.00,1,275,2.47,1.75,1.56,0,0.40,0.00,8.00,20.00,0.00,0.00,0.00,0.00,10.40,13.00,1.03,2.90,0.00,0.00,0.00,0.00
2018-01-07 04:32:57,12.80,0.00,0.81,0.00,0.10,0.00,0.00,0.00,0.00,86.29,2.80,1060.20,686.80,0.00,0.00,0.00,24.00,320.00,0.00,10763.80,0.00,0.00,0.00,0.00,0.60,0.00,0.60,0.00,48.00,6680508,0,1495100,18.29,17424,744252,1070564,13.09,817512,555244,125120,611080,53156,2056,4444,18156,0,0,0.00,0,0.00,0,243,2.27,1.72,1.55,0,0.60,0.00,48.00,80.00,0.00,0.00,0.00,0.00,21.40,31.80,1.82,167.27,0.00,0.00,0.00,0.01
2018-01-07 04:33:02,0.10,0.00,0.00,0.00,0.00,0.00,0.00,0.00,0.00,99.90,0.00,241.00,169.80,0.00,0.00,4.00,24.00,7.80,0.00,94.40,0.00,0.00,0.00,0.00,0.80,0.20,0.60,8.00,48.00,6680508,0,1495100,18.29,17436,744272,1070564,13.09,817524,555264,125144,611080,53156,2056,4444,18156,0,0,0.00,0,0.00,0,243,2.09,1.69,1.54,0,0.80,8.00,48.00,70.00,0.00,1.00,1.00,0.08,19.60,25.60,1.40,165.90,0.00,0.00,0.00,0.01
2018-01-07 04:33:07,0.00,0.00,0.10,0.00,0.00,0.00,0.00,0.00,0.00,99.90,0.00,235.20,148.20,0.00,0.00,0.00,7.20,9.00,0.00,32.60,0.00,0.00,0.00,0.00,0.60,0.00,0.60,0.00,14.40,6680508,0,1495100,18.29,17444,744296,1070564,13.09,817536,555284,125164,611080,53148,2056,4444,18156,0,0,0.00,0,0.00,0,243,1.92,1.66,1.53,0,0.60,0.00,14.40,24.00,0.00,0.00,0.00,0.00,4.20,5.60,0.33,1.06,0.00,0.00,0.00,0.00
2018-01-07 04:33:12,0.00,0.00,0.10,9.36,0.10,0.00,0.00,0.00,0.00,90.44,0.00,247.00,353.40,0.00,0.00,0.00,24982.40,8.40,0.00,33.40,0.00,0.00,0.00,0.00,197.60,0.00,197.60,0.00,49964.80,6680508,0,1495100,18.29,17452,744320,1070564,13.09,817548,555300,344,611080,53148,2056,4444,18156,0,0,0.00,0,0.00,0,243,1.77,1.63,1.52,0,197.60,0.00,49964.80,252.86,31.98,161.82,1.30,25.68,4.60,6.00,0.35,1.08,0.00,0.00,0.00,0.00
2018-01-07 04:33:17,23.09,0.00,1.81,0.00,0.00,0.00,0.00,0.00,0.00,75.10,14.60,680.40,472.60,0.00,0.00,0.00,76.80,5467.20,0.00,7184.20,0.00,0.00,0.00,0.00,4.20,0.00,4.20,0.00,153.60,6683872,0,1491736,18.25,17476,620548,1449648,17.73,933032,431660,656,730852,53408,2368,5224,18156,0,0,0.00,0,0.00,4,278,1.63,1.61,1.52,0,4.20,0.00,153.60,36.57,0.00,0.19,0.19,0.08,22.20,21.80,73.91,2.44,0.00,0.00,0.00,0.01
2018-01-07 04:33:22,96.60,0.00,2.80,0.00,0.00,0.00,0.00,0.00,0.00,0.60,6.80,1219.20,862.60,0.00,0.00,0.00,46.40,5989.80,0.00,2423.60,0.00,0.00,0.00,0.00,1.00,0.00,1.00,0.00,92.80,6402552,0,1773056,21.69,17488,620796,1599812,19.57,1217700,431788,1080,1011236,53616,2432,5948,18156,0,0,0.00,0,0.00,2,300,1.74,1.63,1.52,0,1.00,0.00,92.80,92.80,0.00,2.40,0.80,0.08,16.20,20.80,6.91,2.66,0.00,0.00,0.00,0.00
2018-01-07 04:33:27,97.70,0.00,1.90,0.00,0.00,0.00,0.40,0.00,0.00,0.00,0.40,2446.20,1166.20,0.00,0.00,0.00,9.60,239.80,0.00,363.00,0.00,0.00,0.00,0.00,0.80,0.00,0.80,0.00,19.20,6260020,0,1915588,23.43,17496,620812,1720052,21.04,1358612,431796,1108,1152100,53792,2512,6308,18156,0,0,0.00,0,0.00,3,298,1.76,1.64,1.53,0,0.80,0.00,19.20,24.00,0.00,0.00,0.00,0.00,6.40,9.00,0.60,1.46,0.00,0.00,0.00,0.00
2018-01-07 04:33:32,98.60,0.00,1.30,0.00,0.00,0.00,0.10,0.00,0.00,0.00,0.00,964.00,737.20,0.00,0.00,0.00,9.60,44.60,0.00,60.20,0.00,0.00,0.00,0.00,0.40,0.00,0.40,0.00,19.20,6247912,0,1927696,23.58,17504,620836,1720052,21.04,1371276,431816,1128,1164756,53760,2496,6320,18156,0,0,0.00,0,0.00,3,297,1.78,1.64,1.53,0,0.40,0.00,19.20,48.00,0.00,2.00,2.00,0.08,6.20,8.80,0.49,2.09,0.00,0.00,0.00,0.00
2018-01-07 04:33:37,97.00,0.00,2.90,0.00,0.00,0.00,0.10,0.00,0.00,0.00,1.60,580.60,686.80,0.00,0.00,0.00,17.60,59.40,0.00,272.60,0.00,0.00,0.00,0.00,0.60,0.00,0.60,0.00,35.20,6106252,0,2069356,25.31,17512,755692,1720052,21.04,1512492,431876,135988,1171332,54536,2472,6340,18156,0,0,0.00,0,0.00,4,300,1.79,1.65,1.53,0,0.60,0.00,35.20,58.67,0.00,0.00,0.00,0.00,5.80,8.20,0.46,1.86,0.00,0.00,0.00,0.00
2018-01-07 04:33:42,95.70,0.00,3.70,0.00,0.00,0.00,0.00,0.00,0.00,0.60,2.00,1818.00,1027.00,0.00,0.00,0.00,10.40,247.60,0.00,3483.00,0.00,0.00,0.00,0.00,0.60,0.00,0.60,0.00,20.80,6042280,0,2133328,26.09,17520,816044,1720052,21.04,1573044,431784,196344,1171408,57336,2512,6352,18156,0,0,0.00,0,0.00,3,293,1.89,1.67,1.54,0,0.60,0.00,20.80,34.67,0.00,0.00,0.00,0.00,9.60,12.20,0.89,2.22,0.00,0.00,0.00,0.00
2018-01-07 04:33:47,85.19,0.00,2.70,0.00,0.10,0.00,0.00,0.00,0.00,12.01,13.60,1273.20,935.60,0.00,0.00,0.00,130.40,10339.20,0.00,33060.20,0.00,0.00,0.00,0.00,2.40,0.00,2.40,0.00,260.80,6409240,0,1766368,21.61,17540,751812,1503632,18.39,1208624,431668,131804,870936,56900,2368,5688,18156,0,0,0.00,0,0.00,7,284,1.90,1.68,1.54,0,2.40,0.00,260.80,108.67,0.00,0.00,0.00,0.00,16.40,17.80,2.71,2.57,0.00,0.00,0.00,0.00
2018-01-07 04:33:52,97.20,0.00,2.50,0.00,0.00,0.00,0.20,0.00,0.00,0.10,4.40,2192.60,1463.60,0.00,0.00,0.00,1883.20,1410.40,0.00,1570.20,0.00,0.00,0.00,0.00,25.40,0.00,25.40,0.00,3766.40,6122832,0,2052776,25.11,17540,752084,1674460,20.48,1483664,440728,122688,1154764,57188,2496,6328,18156,0,0,0.00,0,0.00,5,298,1.91,1.68,1.54,0,25.40,0.00,3766.40,148.28,0.08,3.09,1.01,2.56,167.60,234.00,15.00,1812.76,0.00,0.00,0.00,0.15
2018-01-07 04:33:57,97.50,0.00,2.30,0.00,0.00,0.00,0.20,0.00,0.00,0.00,0.00,1734.00,1223.40,0.00,0.00,0.00,180.00,47.40,0.00,122.40,0.00,0.00,0.00,0.00,2.20,0.00,2.20,0.00,360.00,6122896,0,2052712,25.11,17552,752108,1674460,20.48,1483096,441716,121824,1155152,57136,2496,6328,18156,0,0,0.00,0,0.00,3,298,2.00,1.70,1.55,0,2.20,0.00,360.00,163.64,0.00,1.45,0.36,0.08,18.20,28.60,1.34,165.78,0.00,0.00,0.00,0.01
2018-01-07 04:34:02,97.60,0.00,2.40,0.00,0.00,0.00,0.00,0.00,0.00,0.00,0.00,435.80,669.60,0.00,0.00,0.00,10.40,21.00,0.00,160.60,0.00,0.00,0.00,0.00,0.40,0.00,0.40,0.00,20.80,6009452,0,2166156,26.50,17560,865708,1674460,20.48,1596480,441760,235432,1155024,57344,2464,6328,18156,0,0,0.00,0,0.00,3,294,2.00,1.71,1.55,0,0.40,0.00,20.80,52.00,0.00,0.00,0.00,0.00,5.40,7.60,0.42,1.60,0.00,0.00,0.00,0.00
2018-01-07 04:34:07,97.00,0.00,2.90,0.00,0.00,0.00,0.10,0.00,0.00,0.00,1.60,1558.60,1055.60,0.00,0.00,0.00,12376.80,87.60,0.00,240.60,0.00,0.00,0.00,0.00,98.40,0.00,98.40,0.00,24753.60,5884420,0,2291188,28.02,17568,986836,1674460,20.48,1716204,444020,294764,1156076,60408,2512,6336,18156,0,0,0.00,0,0.00,3,300,2.00,1.71,1.56,0,98.40,0.00,24753.60,251.56,3.73,37.94,0.33,3.28,49.20,67.00,3.48,493.77,0.00,0.00,0.00,0.04
2018-01-07 04:34:12,83.77,0.00,3.81,0.00,0.00,0.00,0.10,0.00,0.00,12.32,14.40,1563.00,1369.40,0.00,0.00,0.00,14518.40,9149.20,0.00,35918.00,0.00,0.00,0.00,0.00,120.00,0.00,120.00,0.00,29036.80,6304228,0,1871380,22.89,17588,882600,1517796,18.56,1284732,457344,118544,841940,59860,2336,5544,18156,0,0,0.00,0,0.00,6,278,2.16,1.75,1.57,0,120.00,0.00,29036.80,241.97,3.63,30.27,0.37,4.40,278.40,370.80,21.66,2790.07,0.00,0.00,0.00,0.23
2018-01-07 04:34:17,66.06,0.00,3.31,0.00,0.10,0.00,1.20,0.00,0.00,29.32,7.60,1747.00,2281.60,0.00,0.00,0.00,3950.40,2351.20,0.00,18325.20,0.00,0.00,0.00,0.00,39.80,0.00,39.80,0.00,7900.80,6072964,0,2102644,25.72,17600,879904,1716224,20.99,1478832,493412,99616,1074732,59444,2576,6056,18156,0,0,0.00,0,0.00,0,308,1.98,1.72,1.56,0,39.80,0.00,7900.80,198.51,0.09,2.23,0.60,2.40,3321.40,2595.00,23608.68,7150.71,0.00,0.00,0.00,1.93
2018-01-07 04:34:22,2.42,0.00,0.51,0.00,0.10,0.00,0.20,0.00,0.00,96.77,0.00,810.80,1277.00,0.00,0.00,0.00,4387.20,20.20,0.00,2918.80,0.00,0.00,0.00,0.00,44.00,0.00,44.00,0.00,8774.40,6077720,0,2097888,25.66,17612,877392,1716224,20.99,1432584,534504,77808,1072028,58940,2576,6180,18156,0,0,0.00,0,0.00,0,308,1.83,1.69,1.55,0,44.00,0.00,8774.40,199.42,0.08,1.84,0.49,2.16,650.00,1049.20,44.97,8802.70,0.00,0.00,0.00,0.72
2018-01-07 04:34:27,1.31,0.00,0.20,0.00,0.00,0.00,0.00,0.00,0.00,98.49,0.00,404.00,278.20,0.00,0.00,0.00,80.80,9.00,0.00,46.80,0.00,0.00,0.00,0.00,7.20,0.00,7.20,0.00,161.60,6077760,0,2097848,25.66,17624,877408,1716224,20.99,1432508,534556,77428,1072044,58956,2576,6180,18156,0,0,0.00,0,0.00,1,308,1.68,1.66,1.54,0,7.20,0.00,161.60,22.44,0.00,0.00,0.00,0.00,7.40,11.60,0.85,2.88,0.00,0.00,0.00,0.00
2018-01-07 04:34:32,1.51,0.00,0.10,0.10,0.00,0.00,0.10,0.00,0.00,98.19,0.00,603.40,555.00,0.00,0.00,0.00,328.80,11.80,0.00,1005.20,0.00,0.00,0.00,0.00,3.60,0.00,3.60,0.00,657.60,6078048,0,2097560,25.66,17632,877280,1716224,20.99,1429372,537632,75848,1072092,58820,2576,6180,18156,0,0,0.00,0,0.00,0,308,1.54,1.64,1.54,0,3.60,0.00,657.60,182.67,0.01,2.00,0.67,0.24,244.00,232.00,1471.17,664.32,0.00,0.00,0.00,0.12
2018-01-07 04:34:37,5.85,0.00,0.50,0.00,0.10,0.00,0.10,0.00,0.00,93.44,0.00,669.60,803.20,0.00,0.00,0.00,15020.00,23.80,0.00,1239.20,0.00,0.00,0.00,0.00,114.40,0.00,114.40,0.00,28488.00,6079832,0,2095776,25.63,17644,877008,1716224,20.99,1417328,548188,1328,1071124,58832,2576,6180,18156,0,0,0.00,0,0.00,5,290,1.42,1.61,1.53,0,114.60,0.00,28539.20,249.03,4.56,35.95,0.40,4.64,273.40,345.00,666.59,2286.60,0.00,0.00,0.00,0.19
2018-01-07 04:34:42,96.81,0.00,2.99,0.00,0.00,0.00,0.10,0.00,0.00,0.10,1.60,669.40,710.60,0.00,0.00,0.00,61.60,106.20,0.00,263.60,0.00,0.00,0.00,0.00,14.20,0.00,14.20,0.00,1675.20,5935248,0,2240360,27.40,17656,1008056,1716224,20.99,1562276,548212,132208,1084784,59948,2496,6188,18156,0,0,0.00,0,0.00,5,298,1.47,1.62,1.53,0,14.00,0.00,1624.00,116.00,0.21,46.74,0.97,1.36,8.40,11.80,0.75,2.62,0.00,0.00,0.00,0.00
2018-01-07 04:34:47,98.30,0.00,1.60,0.00,0.00,0.00,0.10,0.00,0.00,0.00,2.40,1125.80,824.40,0.00,0.00,13.60,122.40,1706.40,0.00,1769.40,0.00,0.00,0.00,0.00,1.80,0.20,1.60,27.20,187.20,5914884,0,2260724,27.65,17664,1008772,1716224,20.99,1574352,555204,132996,1103288,59960,2592,6232,18156,0,0,0.00,0,0.00,3,310,1.59,1.64,1.54,0,1.80,27.20,187.20,119.11,0.02,0.00,5.78,1.04,106.40,161.60,7.42,1300.91,0.00,0.00,0.00,0.11
2018-01-07 04:34:52,75.78,0.00,2.01,0.00,0.00,0.00,0.00,0.00,0.00,22.21,9.60,1298.60,1008.00,0.00,0.00,0.00,9.60,4719.60,0.00,31902.80,0.00,0.00,0.00,0.00,0.80,0.00,0.80,0.00,76.80,6431948,0,1743660,21.33,17680,879360,1246456,15.25,1057144,558840,4116,718932,58560,2192,4900,18156,0,0,0.00,0,0.00,4,263,1.46,1.61,1.53,0,0.80,0.00,76.80,96.00,0.03,58.00,16.00,1.28,48.40,60.80,5.03,330.63,0.00,0.00,0.00,0.03
2018-01-07 04:34:57,95.60,0.00,3.60,0.00,0.00,0.00,0.80,0.00,0.00,0.00,8.40,1523.80,1691.20,0.00,0.00,11.20,44.80,8179.40,0.00,10141.20,0.00,0.00,0.00,0.00,1.40,0.20,1.20,22.40,89.60,6187404,0,1988204,24.32,17692,878660,1538460,18.82,1278680,576788,4452,959076,58384,2480,5792,18156,0,0,0.00,0,0.00,3,297,1.67,1.65,1.54,0,1.40,22.40,89.60,80.00,0.00,0.00,0.00,0.00,1613.00,1260.60,11253.20,3563.29,0.00,0.00,0.00,0.92
2018-01-07 04:35:02,93.20,0.00,5.00,0.00,0.00,0.00,1.70,0.00,0.00,0.10,4.20,1800.00,3094.40,0.00,0.00,30.40,91.20,949.40,0.00,14095.60,0.00,0.00,0.00,0.00,8.60,0.60,8.00,60.80,182.40,5981636,0,2193972,26.84,17704,984780,1714452,20.97,1396984,670240,120816,1064880,56308,2432,6144,18156,0,0,0.00,0,0.00,5,294,1.85,1.69,1.56,0,8.60,60.80,182.40,28.28,0.00,0.37,0.09,0.08,3152.60,3459.60,14424.79,20484.62,0.00,0.00,0.00,1.68
2018-01-07 04:35:07,97.50,0.00,2.40,0.00,0.00,0.00,0.10,0.00,0.00,0.00,3.20,1246.60,829.40,0.00,0.00,0.00,19.20,2422.40,0.00,2777.80,0.00,0.00,0.00,0.00,0.60,0.00,0.60,0.00,38.40,5935356,0,2240252,27.40,17712,999336,1714452,20.97,1435248,676820,135668,1095056,56596,2592,6216,18156,0,0,0.00,0,0.00,7,310,1.94,1.71,1.56,0,0.60,0.00,38.40,64.00,0.00,0.00,0.00,0.00,100.40,164.00,7.12,1301.78,0.00,0.00,0.00,0.11
2018-01-07 04:35:12,84.62,0.00,1.31,0.00,0.00,0.00,0.00,0.00,0.00,14.07,5.00,1278.20,810.60,0.00,0.00,0.00,27.20,836.60,0.00,30241.60,0.00,0.00,0.00,0.00,1.40,0.00,1.40,0.00,54.40,6515576,0,1660032,20.30,17720,871660,1050560,12.85,855320,679808,7984,645556,55988,2328,4732,18156,0,0,0.00,0,0.00,1,244,1.95,1.72,1.57,0,1.40,0.00,54.40,38.86,0.00,1.14,1.14,0.16,14.00,17.80,1.48,4.14,0.00,0.00,0.00,0.00
2018-01-07 04:35:17,0.20,0.00,0.10,0.00,0.10,0.00,0.00,0.00,0.00,99.60,0.00,264.40,224.40,0.00,0.00,17.60,767.20,8.60,0.00,230.80,0.00,0.00,0.00,0.00,3.00,0.40,2.60,35.20,516.80,6516060,0,1659548,20.30,17732,871420,1050560,12.85,853388,681128,4396,645316,55504,2064,4512,18156,0,0,0.00,0,0.00,0,244,1.79,1.69,1.56,0,3.20,35.20,568.00,188.50,0.02,0.75,0.25,0.08,49.00,83.20,3.45,653.04,0.00,0.00,0.00,0.05
2018-01-07 04:35:22,0.00,0.00,0.00,0.00,0.00,0.00,0.00,0.00,0.00,100.00,0.00,234.40,150.80,0.00,0.00,0.00,0.00,8.00,0.00,34.80,0.00,0.00,0.00,0.00,4.60,0.00,4.60,0.00,1017.60,6516020,0,1659588,20.30,17732,871448,1050560,12.85,853400,681096,4312,645316,55512,2064,4512,18156,0,0,0.00,0,0.00,0,244,1.65,1.66,1.55,0,4.40,0.00,966.40,219.64,0.01,6.36,0.18,0.08,4.80,6.20,0.37,1.10,0.00,0.00,0.00,0.00
2018-01-07 04:35:27,0.20,0.00,0.00,0.00,0.00,0.00,0.00,0.00,0.00,99.80,0.00,233.20,147.60,0.00,0.00,0.00,8.80,8.60,0.00,32.80,0.00,0.00,0.00,0.00,1.00,0.00,1.00,0.00,17.60,6516020,0,1659588,20.30,17740,871472,1050560,12.85,853412,681120,4332,645320,55512,2064,4512,18156,0,0,0.00,0,0.00,1,244,1.52,1.63,1.54,0,1.00,0.00,17.60,17.60,0.00,0.00,0.00,0.00,4.40,5.80,0.34,1.07,0.00,0.00,0.00,0.00
2018-01-07 04:35:32,0.60,0.00,0.70,0.10,0.00,0.00,0.00,0.00,0.00,98.60,5.60,343.20,263.60,0.00,0.00,0.00,34.40,566.00,0.00,26760.80,0.00,0.00,0.00,0.00,1.20,0.00,1.20,0.00,68.80,7044504,0,1131104,13.84,17752,349632,1050560,12.85,838148,174700,4536,645568,48704,2080,4512,18156,0,0,0.00,0,0.00,2,252,1.40,1.61,1.53,0,1.20,0.00,68.80,57.33,0.00,0.00,0.00,0.00,19.00,18.80,73.15,2.16,0.00,0.00,0.00,0.01
2018-01-07 04:35:37,96.00,0.00,3.10,0.00,0.00,0.00,0.10,0.00,0.00,0.80,10.00,1132.20,815.80,0.00,0.00,0.00,106.40,11638.60,0.00,5223.80,0.00,0.00,0.00,0.00,2.40,0.00,2.40,0.00,212.80,6840344,0,1335264,16.33,17772,349832,1504628,18.40,1041424,174860,4544,848704,48120,2416,5700,18156,0,0,0.00,0,0.00,7,288,1.68,1.66,1.55,0,2.40,0.00,212.80,88.67,0.00,0.33,0.33,0.08,10.80,12.60,1.59,1.89,0.00,0.00,0.00,0.00
2018-01-07 04:35:42,97.50,0.00,2.20,0.00,0.00,0.00,0.10,0.00,0.00,0.20,4.40,1985.80,969.60,0.00,0.00,0.00,842.40,1401.20,0.00,436.80,0.00,0.00,0.00,0.00,16.20,0.00,16.20,0.00,1684.80,6545532,0,1630076,19.94,17784,350108,1634956,20.00,1335396,175120,876,1142624,48324,2528,6300,18156,0,0,0.00,0,0.00,3,301,1.71,1.67,1.55,0,16.20,0.00,1684.80,104.00,0.04,2.57,0.15,0.24,13.40,17.80,16.63,2.31,0.00,0.00,0.00,0.00
2018-01-07 04:35:47,99.20,0.00,0.80,0.00,0.00,0.00,0.00,0.00,0.00,0.00,0.00,794.80,700.00,0.00,0.00,0.00,16.00,28.80,0.00,133.00,0.00,0.00,0.00,0.00,0.60,0.00,0.60,0.00,32.00,6546736,0,1628872,19.92,17792,350132,1634956,20.00,1334004,175144,944,1141224,48316,2512,6300,18156,0,0,0.00,0,0.00,3,300,1.73,1.67,1.56,0,0.60,0.00,32.00,53.33,0.00,0.00,0.00,0.00,5.80,8.20,0.47,1.93,0.00,0.00,0.00,0.00
2018-01-07 04:35:52,72.87,0.00,2.50,0.00,0.10,0.00,0.00,0.00,0.00,24.52,10.80,865.80,788.60,0.00,0.00,0.00,21.60,3857.80,0.00,25462.60,0.00,0.00,0.00,0.00,0.80,0.00,0.80,0.00,43.20,6936508,0,1239100,15.16,17812,415176,1415288,17.31,947036,174816,66020,688856,47832,2080,5176,18156,0,0,0.00,0,0.00,5,276,1.59,1.65,1.55,0,0.80,0.00,43.20,54.00,0.00,1.00,1.00,0.08,18.40,20.00,2.77,3.16,0.00,0.00,0.00,0.00
2018-01-07 04:35:57,98.20,0.00,1.70,0.00,0.00,0.00,0.00,0.00,0.00,0.10,3.20,1085.80,798.80,0.00,0.00,0.00,37.60,7175.40,0.00,3311.40,0.00,0.00,0.00,0.00,0.80,0.00,0.80,0.00,75.20,6756696,0,1418912,17.36,17824,415520,1504492,18.40,1125760,175020,66464,867516,48220,2400,5684,18156,0,0,0.00,0,0.00,4,288,1.95,1.72,1.57,0,0.80,0.00,75.20,94.00,0.00,0.00,0.00,0.00,8.40,11.00,0.90,1.76,0.00,0.00,0.00,0.00
2018-01-07 04:36:02,97.20,0.00,2.40,0.00,0.00,0.00,0.20,0.00,0.00,0.20,4.00,2047.60,1342.80,0.00,0.00,0.00,342.40,1081.80,0.00,647.20,0.00,0.00,0.00,0.00,3.80,0.00,3.80,0.00,684.80,6477600,0,1698008,20.77,17836,415676,1638876,20.05,1401792,176848,64984,1145128,48424,2512,6284,18156,0,0,0.00,0,0.00,2,300,1.95,1.72,1.58,0,3.80,0.00,684.80,180.21,0.00,0.84,0.42,0.16,41.40,58.80,13.99,332.72,0.00,0.00,0.00,0.03
2018-01-07 04:36:07,99.20,0.00,0.70,0.00,0.00,0.00,0.00,0.00,0.00,0.10,0.00,666.40,758.60,0.00,0.00,0.00,178.40,28.60,0.00,81.20,0.00,0.00,0.00,0.00,2.60,0.00,2.60,0.00,356.80,6475336,0,1700272,20.80,17844,418452,1638876,20.05,1404276,177272,66956,1145336,48392,2512,6284,18156,0,0,0.00,0,0.00,3,298,1.96,1.73,1.58,0,2.60,0.00,356.80,137.23,0.00,0.62,0.31,0.08,11.40,19.20,0.90,83.89,0.00,0.00,0.00,0.01
2018-01-07 04:36:12,90.49,0.00,3.60,0.00,0.00,0.00,0.10,0.00,0.00,5.81,13.60,1094.20,964.00,0.00,0.00,0.00,991.20,7648.20,0.00,27572.00,0.00,0.00,0.00,0.00,11.20,0.00,11.20,0.00,1982.40,6750872,0,1424736,17.43,17864,480876,1497628,18.32,1125636,181584,124776,808480,48212,2328,5420,18156,0,0,0.00,0,0.00,6,278,2.20,1.78,1.60,0,11.20,0.00,1982.40,177.00,0.01,1.29,0.64,0.72,92.60,135.40,8.38,912.45,0.00,0.00,0.00,0.07
2018-01-07 04:36:17,97.10,0.00,2.70,0.00,0.00,0.00,0.20,0.00,0.00,0.00,6.40,1366.20,1218.20,0.00,0.00,0.00,3171.20,4791.60,0.00,3507.00,0.00,0.00,0.00,0.00,38.20,0.00,38.20,0.00,6342.40,6417900,0,1757708,21.50,17876,482844,1644896,20.12,1441948,197332,111072,1138600,48264,2480,6384,18156,0,0,0.00,0,0.00,2,298,2.18,1.78,1.60,0,38.20,0.00,6342.40,166.03,0.04,1.11,0.46,1.76,263.00,398.20,26.31,3138.97,0.00,0.00,0.00,0.26
2018-01-07 04:36:22,94.08,0.00,3.31,0.00,0.00,0.00,0.40,0.00,0.00,2.21,14.60,1523.40,1345.20,0.00,0.00,0.00,2026.40,9753.60,0.00,28785.60,0.00,0.00,0.00,0.00,20.60,0.00,20.60,0.00,4052.80,6703048,0,1472560,18.01,17900,484416,1495644,18.29,1147284,207044,102832,852012,48164,2368,5588,18156,0,0,0.00,0,0.00,4,283,2.33,1.82,1.61,0,20.60,0.00,4052.80,196.74,0.38,18.37,4.89,10.08,249.00,337.40,22.60,2002.25,0.00,0.00,0.00,0.16
2018-01-07 04:36:27,86.52,0.00,3.12,0.00,0.00,0.00,0.20,0.00,0.00,10.16,12.40,1557.00,1839.80,0.00,0.00,0.80,10611.20,6279.60,0.00,18287.00,0.00,0.00,0.00,0.00,85.20,0.20,85.00,1.60,21222.40,6679172,0,1496436,18.30,17916,486464,1488372,18.21,1167792,210516,52120,873928,48548,2456,5640,18156,0,0,0.00,0,0.00,3,294,2.22,1.81,1.61,0,85.20,1.60,21222.40,249.11,2.71,31.81,0.31,2.64,890.40,659.80,6243.81,556.92,0.00,0.00,0.00,0.51
2018-01-07 04:36:32,55.85,0.00,1.81,0.00,0.10,0.00,0.10,0.00,0.00,42.14,6.00,972.20,1092.20,0.00,0.00,0.00,34.40,3012.20,0.00,15727.40,0.00,0.00,0.00,0.00,1.40,0.00,1.40,0.00,68.80,6757368,0,1418240,17.35,17928,488212,1296668,15.86,1089280,210492,53744,793632,48120,2328,5196,18156,0,0,0.00,0,0.00,0,277,2.04,1.78,1.60,0,1.40,0.00,68.80,49.14,0.00,0.57,0.57,0.08,147.40,139.00,358.97,13.87,0.00,0.00,0.00,0.03
2018-01-07 04:36:37,1.10,0.00,0.10,0.00,0.00,0.00,0.00,0.00,0.00,98.80,0.00,353.60,254.60,0.00,0.00,0.00,17.60,8.80,0.00,78.40,0.00,0.00,0.00,0.00,1.00,0.00,1.00,0.00,35.20,6757464,0,1418144,17.35,17944,488232,1296668,15.86,1089324,210500,53768,793648,48120,2328,5196,18156,0,0,0.00,0,0.00,1,277,1.88,1.75,1.59,0,1.00,0.00,35.20,35.20,0.00,0.00,0.00,0.00,15.80,18.60,1.59,3.07,0.00,0.00,0.00,0.00
2018-01-07 04:36:42,0.90,0.00,0.10,0.20,0.10,0.00,0.00,0.00,0.00,98.69,0.00,389.00,318.60,0.00,0.00,0.00,4967.20,21.00,0.00,764.20,0.00,0.00,0.00,0.00,39.80,0.00,39.80,0.00,9934.40,6726744,0,1448864,17.72,17952,488268,1296668,15.86,1097532,210532,29044,824372,48100,2328,5256,18156,0,0,0.00,0,0.00,0,277,1.73,1.72,1.58,0,39.80,0.00,9934.40,249.61,1.06,26.67,0.28,1.12,7.40,10.20,0.74,2.13,0.00,0.00,0.00,0.00
2018-01-07 04:36:47,0.40,0.00,0.00,0.20,0.00,0.00,0.00,0.00,0.00,99.40,0.00,315.97,252.69,0.00,0.00,0.00,4972.46,8.78,0.00,62.48,0.00,0.00,0.00,0.00,39.92,0.00,39.92,0.00,9944.91,6726752,0,1448856,17.72,17952,488304,1296668,15.86,1120076,210548,4192,824372,48092,2328,5256,18156,0,0,0.00,0,0.00,0,277,1.59,1.69,1.57,0,39.92,0.00,9944.91,249.12,1.12,28.00,0.30,1.20,11.78,12.77,41.54,2.11,0.00,0.00,0.00,0.00
2018-01-07 04:36:52,0.50,0.00,0.00,0.00,0.00,0.00,0.10,0.00,0.00,99.40,0.00,350.40,262.60,0.00,0.00,0.00,402.40,8.80,0.00,303.00,0.00,0.00,0.00,0.00,11.60,0.00,11.60,0.00,804.80,6726352,0,1449256,17.73,17960,488332,1296668,15.86,1120092,210572,2260,824376,48092,2328,5256,18156,0,0,0.00,0,0.00,0,277,1.46,1.66,1.56,0,11.60,0.00,804.80,69.38,0.33,28.55,2.21,2.56,20.80,20.60,83.47,3.00,0.00,0.00,0.00,0.01
2018-01-07 04:36:57,1.00,0.00,0.20,0.00,0.00,0.00,0.00,0.00,0.00,98.80,0.00,337.80,249.80,0.00,0.00,0.00,56.80,9.20,0.00,97.80,0.00,0.00,0.00,0.00,4.40,0.00,4.40,0.00,113.60,6726368,0,1449240,17.73,17968,488356,1296668,15.86,1120100,210572,2116,824380,48084,2328,5256,18156,0,0,0.00,0,0.00,0,277,1.51,1.67,1.57,0,4.40,0.00,113.60,25.82,0.00,0.00,0.00,0.00,20.40,20.40,83.45,2.99,0.00,0.00,0.00,0.01
2018-01-07 04:37:02,0.30,0.00,0.10,0.10,0.00,0.00,0.00,0.00,0.00,99.50,0.00,318.60,218.00,0.00,0.00,0.00,61.60,8.40,0.00,525.40,0.00,0.00,0.00,0.00,1.40,0.00,1.40,0.00,123.20,6725420,0,1450188,17.74,17976,488388,1296668,15.86,1121028,210608,1912,825272,48084,2328,5256,18156,0,0,0.00,0,0.00,0,277,1.39,1.64,1.56,0,1.40,0.00,123.20,88.00,0.00,0.00,0.00,0.00,10.60,13.00,1.05,2.20,0.00,0.00,0.00,0.00
2018-01-07 04:37:07,0.80,0.00,0.00,0.00,0.00,0.00,0.00,0.00,0.00,99.20,0.00,380.40,272.40,0.00,0.00,0.00,352.00,13.40,0.00,57.80,0.00,0.00,0.00,0.00,3.60,0.00,3.60,0.00,704.00,6725444,0,1450164,17.74,17984,488416,1296668,15.86,1121052,210628,224,825280,48084,2328,5256,18156,0,0,0.00,0,0.00,1,277,1.28,1.61,1.55,0,3.60,0.00,704.00,195.56,0.01,2.44,0.22,0.08,10.60,13.40,1.06,2.48,0.00,0.00,0.00,0.00
2018-01-07 04:37:12,0.80,0.00,0.10,0.00,0.10,0.00,0.00,0.00,0.00,99.00,0.00,341.60,235.00,0.00,0.00,0.00,12.80,9.60,0.00,59.00,0.00,0.00,0.00,0.00,0.60,0.00,0.60,0.00,25.60,6725404,0,1450204,17.74,17992,488444,1296668,15.86,1121068,210652,264,825288,48084,2328,5256,18156,0,0,0.00,0,0.00,0,277,1.17,1.59,1.54,0,0.60,0.00,25.60,42.67,0.00,0.00,0.00,0.00,10.80,13.60,1.08,2.50,0.00,0.00,0.00,0.00
2018-01-07 04:37:17,1.41,0.00,0.50,0.00,0.00,0.00,0.00,0.00,0.00,98.09,3.60,385.80,282.60,0.00,0.00,0.00,13.60,1483.20,0.00,177.60,0.00,0.00,0.00,0.00,0.80,0.00,0.80,0.00,27.20,6709008,0,1466600,17.94,18000,488468,1483060,18.14,1138540,210668,284,842788,48084,2328,5552,18156,0,0,0.00,0,0.00,4,292,1.08,1.56,1.53,0,0.80,0.00,27.20,34.00,0.00,0.00,0.00,0.00,11.40,13.40,1.65,2.29,0.00,0.00,0.00,0.00
2018-01-07 04:37:22,71.70,0.00,2.22,0.00,0.10,0.00,0.10,0.00,0.00,25.88,6.00,952.20,1113.60,0.00,0.00,0.00,68.80,5327.80,0.00,15909.80,0.00,0.00,0.00,0.00,1.40,0.00,1.40,0.00,137.60,6723664,0,1451944,17.76,18008,490204,1293924,15.83,1123040,210724,2012,825544,48120,2472,5284,18156,0,0,0.00,0,0.00,0,277,1.23,1.58,1.54,0,1.40,0.00,137.60,98.29,0.00,0.57,0.57,0.08,99.20,76.40,382.02,8.10,0.00,0.00,0.00,0.03
2018-01-07 04:37:27,51.31,0.00,1.71,0.00,0.00,0.00,0.00,0.00,0.00,46.98,6.60,777.20,884.00,0.00,0.00,0.00,39.20,6534.60,0.00,3250.20,0.00,0.00,0.00,0.00,3.20,0.00,3.20,0.00,78.40,6585064,0,1590544,19.45,18028,490388,1509712,18.47,1261832,210836,2132,964276,48268,2480,5868,18156,0,0,0.00,0,0.00,3,300,1.37,1.61,1.55,0,3.20,0.00,78.40,24.50,0.00,0.25,0.25,0.08,39.20,43.00,5.48,5.40,0.00,0.00,0.00,0.00
2018-01-07 04:37:32,70.26,0.00,2.32,0.00,0.00,0.00,0.30,0.00,0.00,27.12,8.20,1132.40,1351.00,0.00,0.00,0.80,36.80,5896.20,0.00,15877.20,0.00,0.00,0.00,0.00,1.40,0.20,1.20,1.60,73.60,6596728,0,1578880,19.31,18044,491984,1529168,18.70,1245520,214764,3876,950276,48276,2480,5860,18156,0,0,0.00,0,0.00,2,297,1.43,1.61,1.55,0,1.40,1.60,73.60,53.71,0.00,1.71,1.71,0.24,202.40,209.60,389.36,835.89,0.00,0.00,0.00,0.07
2018-01-07 04:37:37,53.66,0.00,1.91,0.00,0.10,0.00,0.50,0.00,0.00,43.83,3.00,1245.80,1613.00,0.00,0.00,0.00,40.80,379.00,0.00,4833.60,0.00,0.00,0.00,0.00,1.40,0.00,1.40,0.00,81.60,6530908,0,1644700,20.12,18056,535944,1529168,18.70,1300832,225532,48056,972368,48368,2432,5956,18156,0,0,0.00,0,0.00,3,290,1.63,1.65,1.57,0,1.40,0.00,81.60,58.29,0.00,1.14,0.57,0.08,1061.40,884.80,6807.83,2050.30,0.00,0.00,0.00,0.56
2018-01-07 04:37:42,97.40,0.00,2.20,0.00,0.00,0.00,0.40,0.00,0.00,0.00,3.00,1691.80,1308.00,0.00,0.00,0.00,360.00,5177.00,0.00,5141.40,0.00,0.00,0.00,0.00,3.40,0.00,3.40,0.00,720.00,6448008,0,1727600,21.13,18064,566580,1561196,19.10,1357908,249252,78304,1022736,49192,2544,6044,18156,0,0,0.00,0,0.00,4,305,1.82,1.69,1.58,0,3.40,0.00,720.00,211.76,0.01,3.06,0.24,0.08,286.20,470.20,21.48,3777.98,0.00,0.00,0.00,0.31
2018-01-07 04:37:47,97.90,0.00,1.80,0.00,0.00,0.00,0.20,0.00,0.00,0.10,1.00,2970.80,1170.80,0.00,0.00,0.00,16.80,200.00,0.00,1790.20,0.00,0.00,0.00,0.00,0.60,0.00,0.60,0.00,33.60,6410952,0,1764656,21.58,18072,607100,1561196,19.10,1355552,288444,118916,1018876,49948,2592,6044,18156,0,0,0.00,0,0.00,4,310,1.83,1.70,1.58,0,0.60,0.00,33.60,56.00,0.00,1.33,1.33,0.08,19.00,26.80,1.42,166.19,0.00,0.00,0.00,0.01
2018-01-07 04:37:52,98.20,0.00,1.40,0.00,0.00,0.00,0.40,0.00,0.00,0.00,0.00,3062.40,1161.60,0.00,0.00,0.00,15.20,64.40,0.00,1792.20,0.00,0.00,0.00,0.00,0.60,0.00,0.60,0.00,30.40,6360560,0,1815048,22.20,18080,651028,1561196,19.10,1362996,330520,162820,1024652,51168,2576,6044,18156,0,0,0.00,0,0.00,2,308,1.85,1.70,1.58,0,0.60,0.00,30.40,50.67,0.01,24.00,24.00,1.44,23.40,32.00,1.79,167.00,0.00,0.00,0.00,0.01
2018-01-07 04:37:57,98.40,0.00,1.40,0.00,0.00,0.00,0.20,0.00,0.00,0.00,0.00,2885.20,1146.20,0.00,0.00,0.00,395.20,25.60,0.00,1146.00,0.00,0.00,0.00,0.00,4.60,0.00,4.60,0.00,790.40,6313304,0,1862304,22.78,18088,694888,1561196,19.10,1365412,372124,204856,1026736,52316,2576,6048,18156,0,0,0.00,0,0.00,2,308,1.86,1.71,1.59,0,4.60,0.00,790.40,171.83,0.01,2.26,0.35,0.16,5.80,8.00,0.46,1.90,0.00,0.00,0.00,0.00
2018-01-07 04:38:02,94.59,0.00,3.71,0.00,0.00,0.00,0.10,0.00,0.00,1.60,14.00,2039.80,1131.80,0.00,0.00,0.00,76.80,8775.40,0.00,25650.80,0.00,0.00,0.00,0.00,8.00,0.00,8.00,0.00,153.60,6554084,0,1621524,19.83,18112,640908,1500052,18.35,1114512,386192,150996,841680,51568,2344,5504,18156,0,0,0.00,0,0.00,6,280,1.95,1.73,1.59,0,8.00,0.00,153.60,19.20,0.00,0.10,0.10,0.08,20.40,23.60,3.28,4.19,0.00,0.00,0.00,0.00
2018-01-07 04:38:07,94.79,0.00,4.00,0.00,0.00,0.00,1.20,0.00,0.00,0.00,7.80,2459.60,2816.00,0.00,0.00,0.00,89.60,2944.20,0.00,9712.20,0.00,0.00,0.00,0.00,1.80,0.00,1.80,0.00,179.20,6428712,0,1746896,21.37,18124,657556,1533256,18.75,1203648,421256,171656,949448,51716,2512,5860,18156,0,0,0.00,0,0.00,10,300,2.04,1.75,1.60,0,1.80,0.00,179.20,99.56,0.06,32.00,16.00,2.88,2070.20,1935.60,11811.48,7706.32,0.00,0.00,0.00,0.97
2018-01-07 04:38:12,96.30,0.00,3.10,0.00,0.00,0.00,0.60,0.00,0.00,0.00,2.40,1364.20,1563.20,0.00,0.00,5.60,29.60,2891.00,0.00,6338.40,0.00,0.00,0.00,0.00,1.40,0.40,1.00,11.20,59.20,6380820,0,1794788,21.95,18136,703424,1533256,18.75,1230644,441652,220928,950920,51716,2512,5876,18156,0,0,0.00,0,0.00,7,303,2.27,1.80,1.62,0,1.40,11.20,59.20,50.29,0.00,0.57,0.57,0.08,623.80,749.80,1844.14,4660.54,0.00,0.00,0.00,0.38
2018-01-07 04:38:17,97.00,0.00,2.60,0.00,0.00,0.00,0.40,0.00,0.00,0.00,1.20,2579.00,1512.40,0.00,0.00,0.00,30081.60,2248.00,0.00,3130.80,0.00,0.00,0.00,0.00,236.40,0.00,236.40,0.00,60163.20,6336508,0,1839100,22.49,18144,730704,1549352,18.95,1241828,474912,98476,967988,51764,2584,5920,18156,0,0,0.00,0,0.00,4,309,2.25,1.81,1.62,0,236.40,0.00,60163.20,254.50,40.35,170.68,1.47,34.72,121.80,196.80,9.46,1488.28,0.00,0.00,0.00,0.12
2018-01-07 04:38:22,97.90,0.00,2.00,0.00,0.00,0.00,0.10,0.00,0.00,0.00,1.00,3089.60,1038.80,0.00,0.00,0.00,13.60,159.40,0.00,1740.00,0.00,0.00,0.00,0.00,0.80,0.00,0.80,0.00,27.20,6298512,0,1877096,22.96,18152,776732,1533248,18.75,1235620,518352,144476,959208,52820,2600,5904,18156,0,0,0.00,0,0.00,2,310,2.23,1.81,1.62,0,0.80,0.00,27.20,34.00,0.00,0.00,0.00,0.00,5.80,8.40,0.46,1.93,0.00,0.00,0.00,0.00
2018-01-07 04:38:27,98.30,0.00,1.50,0.00,0.00,0.00,0.20,0.00,0.00,0.00,0.00,2941.20,1031.40,0.00,0.00,0.00,12.00,26.80,0.00,1218.40,0.00,0.00,0.00,0.00,0.40,0.00,0.40,0.00,24.00,6250356,0,1925252,23.55,18160,823588,1533248,18.75,1238248,562724,191364,959292,53904,2592,5904,18156,0,0,0.00,0,0.00,2,310,2.21,1.81,1.62,0,0.40,0.00,24.00,60.00,0.00,2.00,2.00,0.08,5.20,7.00,0.41,1.53,0.00,0.00,0.00,0.00
2018-01-07 04:38:32,56.45,0.00,2.12,0.00,0.10,0.00,0.10,0.00,0.00,41.23,5.40,2298.40,1070.00,0.00,0.00,0.00,105.60,735.20,0.00,21149.60,0.00,0.00,0.00,0.00,11.40,0.00,11.40,0.00,211.20,6603580,0,1572028,19.23,18168,783596,1035340,12.66,858328,590696,150908,647256,53808,2080,4488,18156,0,0,0.00,0,0.00,0,246,2.04,1.78,1.62,0,11.40,0.00,211.20,18.53,0.01,1.05,0.14,0.16,30.60,39.20,2.74,168.89,0.00,0.00,0.00,0.01
2018-01-07 04:38:37,0.10,0.00,0.00,0.10,0.00,0.00,0.10,0.00,0.00,99.70,0.00,248.00,178.80,0.00,0.00,0.00,79.20,8.00,0.00,91.80,0.00,0.00,0.00,0.00,1.60,0.00,1.60,0.00,158.40,6603580,0,1572028,19.23,18184,783572,1035340,12.66,858340,590676,150820,647260,53808,2080,4488,18156,0,0,0.00,0,0.00,0,246,1.87,1.75,1.61,0,1.60,0.00,158.40,99.00,0.00,0.00,0.00,0.00,18.40,26.40,1.38,166.09,0.00,0.00,0.00,0.01
2018-01-07 04:38:42,0.10,0.00,0.00,0.00,0.00,0.00,0.00,0.00,0.00,99.90,0.00,228.60,147.20,0.00,0.00,0.00,68.80,8.40,0.00,136.60,0.00,0.00,0.00,0.00,1.40,0.00,1.40,0.00,137.60,6603616,0,1571992,19.23,18196,783592,1035340,12.66,858352,590696,150612,647260,53808,2080,4488,18156,0,0,0.00,0,0.00,1,246,1.72,1.72,1.60,0,1.40,0.00,137.60,98.29,0.06,46.29,15.43,2.16,4.60,6.00,0.35,1.08,0.00,0.00,0.00,0.00
2018-01-07 04:38:47,0.00,0.00,0.20,13.88,0.10,0.00,0.00,0.00,0.00,85.81,0.00,233.40,376.60,0.00,0.00,0.00,30080.80,8.40,0.00,34.80,0.00,0.00,0.00,0.00,236.20,0.00,236.20,0.00,60161.60,6603640,0,1571968,19.23,18204,783616,1035340,12.66,858364,590716,288,647260,53800,2080,4488,18156,0,0,0.00,0,0.00,1,246,1.58,1.70,1.59,0,236.20,0.00,60161.60,254.71,44.87,189.98,1.51,35.76,4.20,5.40,0.32,0.97,0.00,0.00,0.00,0.00
2018-01-07 04:38:52,0.20,0.00,0.20,0.00,0.00,0.00,0.00,0.00,0.00,99.60,0.00,240.40,160.80,0.00,0.00,0.00,15.20,9.00,0.00,6611.40,0.00,0.00,0.00,0.00,0.40,0.00,0.40,0.00,30.40,6735204,0,1440404,17.62,18212,652176,1035340,12.66,858224,459444,364,647280,53740,2080,4488,18156,0,0,0.00,0,0.00,0,246,1.46,1.67,1.58,0,0.40,0.00,30.40,76.00,0.00,0.00,0.00,0.00,5.00,6.40,0.38,1.10,0.00,0.00,0.00,0.00
2018-01-07 04:38:57,61.32,0.00,2.40,0.00,0.10,0.00,0.00,0.00,0.00,36.17,16.00,1006.00,711.00,0.00,0.00,0.00,55.20,9555.80,0.00,3011.80,0.00,0.00,0.00,0.00,1.00,0.00,1.00,0.00,110.40,6541344,0,1634264,19.99,18232,652692,1488824,18.21,1050956,459820,1020,839864,54192,2368,5504,18156,0,0,0.00,0,0.00,5,284,1.66,1.71,1.59,0,1.00,0.00,110.40,110.40,0.00,1.60,0.80,0.08,24.20,22.20,74.18,2.68,0.00,0.00,0.00,0.01
2018-01-07 04:39:02,97.50,0.00,2.30,0.00,0.00,0.00,0.00,0.00,0.00,0.20,5.60,1586.20,925.00,0.00,0.00,0.00,0.00,4144.80,0.00,2763.20,0.00,0.00,0.00,0.00,0.00,0.00,0.00,0.00,0.00,6221492,0,1954116,23.90,18232,652960,1652208,20.21,1368640,460072,1292,1157612,54524,2544,6284,18156,0,0,0.00,0,0.00,3,304,2.01,1.78,1.62,0,0.00,0.00,0.00,0.00,0.00,0.00,0.00,0.00,15.20,20.00,9.12,2.53,0.00,0.00,0.00,0.00
2018-01-07 04:39:07,97.30,0.00,2.10,0.00,0.00,0.00,0.60,0.00,0.00,0.00,0.00,2286.20,1056.40,0.00,0.00,0.00,105.60,60.00,0.00,234.80,0.00,0.00,0.00,0.00,9.20,0.00,9.20,0.00,211.20,6220896,0,1954712,23.91,18244,652980,1652208,20.21,1368784,460092,836,1157652,54632,2512,6320,18156,0,0,0.00,0,0.00,4,300,2.57,1.90,1.66,0,9.20,0.00,211.20,22.96,0.00,0.43,0.17,0.16,6.40,9.40,0.50,1.74,0.00,0.00,0.00,0.00
2018-01-07 04:39:12,98.40,0.00,1.60,0.00,0.00,0.00,0.00,0.00,0.00,0.00,0.00,439.80,647.40,0.00,0.00,0.00,14.40,19.80,0.00,83.60,0.00,0.00,0.00,0.00,0.60,0.00,0.60,0.00,28.80,6145632,0,2029976,24.83,18252,730204,1652208,20.21,1445144,460124,78096,1156964,54520,2496,6320,18156,0,0,0.00,0,0.00,2,298,2.52,1.90,1.66,0,0.60,0.00,28.80,48.00,0.00,1.33,1.33,0.08,6.00,8.60,0.47,1.88,0.00,0.00,0.00,0.00
2018-01-07 04:39:17,97.40,0.00,2.60,0.00,0.00,0.00,0.00,0.00,0.00,0.00,1.60,1008.00,663.20,0.00,0.00,0.00,8.80,65.00,0.00,60.20,0.00,0.00,0.00,0.00,0.60,0.00,0.60,0.00,17.60,6018588,0,2157020,26.38,18260,853120,1652208,20.21,1569148,460144,201008,1157816,57276,2544,6328,18156,0,0,0.00,0,0.00,2,302,2.48,1.90,1.66,0,0.60,0.00,17.60,29.33,0.00,0.00,0.00,0.00,5.20,7.20,0.42,1.71,0.00,0.00,0.00,0.00
2018-01-07 04:39:22,79.98,0.00,4.30,0.00,0.00,0.00,0.10,0.00,0.00,15.62,12.80,1545.60,812.00,0.00,0.00,0.00,26.40,5378.20,0.00,33586.20,0.00,0.00,0.00,0.00,0.80,0.00,0.80,0.00,52.80,6471800,0,1703808,20.84,18280,794444,1403052,17.16,1116324,459944,142308,763584,57608,2152,5244,18156,0,0,0.00,0,0.00,6,275,2.28,1.87,1.65,0,0.80,0.00,52.80,66.00,0.00,0.00,0.00,0.00,17.40,19.00,2.69,3.12,0.00,0.00,0.00,0.00
2018-01-07 04:39:27,96.90,0.00,2.80,0.00,0.00,0.00,0.10,0.00,0.00,0.20,6.20,1172.20,814.20,0.00,0.00,0.00,109.60,8451.20,0.00,4434.20,0.00,0.00,0.00,0.00,1.80,0.00,1.80,0.00,219.20,6268184,0,1907424,23.33,18292,794632,1559396,19.07,1297132,460192,142292,964872,57932,2408,5764,18156,0,0,0.00,0,0.00,3,294,2.58,1.94,1.68,0,1.80,0.00,219.20,121.78,0.00,0.00,0.00,0.00,13.40,17.40,5.27,2.39,0.00,0.00,0.00,0.00
2018-01-07 04:39:32,97.90,0.00,1.90,0.00,0.00,0.00,0.20,0.00,0.00,0.00,1.00,2605.20,1282.80,0.00,0.00,0.00,2651.20,203.40,0.00,1177.00,0.00,0.00,0.00,0.00,25.20,0.00,25.20,0.00,5302.40,6067848,0,2107760,25.78,18304,794660,1626108,19.89,1504624,473252,129180,1164912,58128,2504,6312,18156,0,0,0.00,0,0.00,4,299,2.85,2.00,1.70,0,25.20,0.00,5302.40,210.41,0.04,1.59,0.48,1.20,230.80,325.60,16.93,2633.26,0.00,0.00,0.00,0.22
2018-01-07 04:39:37,98.80,0.00,1.10,0.00,0.00,0.00,0.00,0.00,0.00,0.10,0.00,1007.20,779.60,0.00,0.00,0.00,15.20,28.60,0.00,258.20,0.00,0.00,0.00,0.00,0.40,0.00,0.40,0.00,30.40,6071260,0,2104348,25.74,18312,794684,1626108,19.89,1500916,473272,129228,1161192,58084,2504,6312,18156,0,0,0.00,0,0.00,2,298,2.79,2.00,1.70,0,0.40,0.00,30.40,76.00,0.00,0.00,0.00,0.00,5.80,8.20,0.46,1.85,0.00,0.00,0.00,0.00
2018-01-07 04:39:42,97.70,0.00,2.30,0.00,0.00,0.00,0.00,0.00,0.00,0.00,0.00,491.00,678.60,0.00,0.00,0.00,74.40,27.60,0.00,48.80,0.00,0.00,0.00,0.00,6.80,0.00,6.80,0.00,148.80,5945240,0,2230368,27.28,18320,921724,1626108,19.89,1627792,473308,255888,1161316,58724,2488,6312,18156,0,0,0.00,0,0.00,3,297,2.72,2.00,1.70,0,6.80,0.00,148.80,21.88,0.00,0.00,0.00,0.00,6.20,8.80,0.50,2.03,0.00,0.00,0.00,0.00
2018-01-07 04:39:47,94.91,0.00,4.90,0.10,0.00,0.00,0.00,0.00,0.00,0.10,1.60,1512.40,998.60,0.00,0.00,0.00,25701.60,60.60,0.00,220.60,0.00,0.00,0.00,0.00,202.60,0.00,202.60,0.00,51403.20,5802068,0,2373540,29.03,18328,1060400,1626108,19.89,1765464,475080,266228,1161776,62408,2520,6328,18156,0,0,0.00,0,0.00,2,301,2.75,2.02,1.71,0,202.60,0.00,51403.20,253.72,32.83,162.06,1.30,26.24,39.60,48.80,2.77,351.91,0.00,0.00,0.00,0.03
2018-01-07 04:39:52,49.34,0.00,2.72,0.00,0.10,0.00,0.20,0.00,0.00,47.63,12.40,1303.80,1508.60,0.00,0.00,13.60,4900.00,7530.40,0.00,38042.20,0.00,0.00,0.00,0.00,46.00,0.20,45.80,27.20,9800.00,6330080,0,1845528,22.57,18348,935084,1403520,17.17,1206916,505792,117696,759400,61076,2208,5192,18156,0,0,0.00,0,0.00,10,271,2.77,2.04,1.72,0,46.00,27.20,9800.00,213.63,0.10,2.07,0.52,2.40,509.40,787.40,36.77,6463.38,0.00,0.00,0.00,0.53
2018-01-07 04:39:57,96.80,0.00,2.60,0.00,0.00,0.00,0.50,0.00,0.00,0.10,5.40,1359.40,1938.20,0.00,0.00,0.00,4024.00,5232.80,0.00,7362.20,0.00,0.00,0.00,0.00,38.20,0.00,38.20,0.00,8048.00,6055748,0,2119860,25.93,18360,932092,1538724,18.82,1442380,544284,98092,1036212,60848,2440,6044,18156,0,0,0.00,0,0.00,3,292,3.02,2.10,1.74,0,38.20,0.00,8048.00,210.68,0.06,1.51,0.44,1.68,1161.60,1130.60,4517.52,8366.80,0.00,0.00,0.00,0.69
2018-01-07 04:40:02,74.90,0.00,1.81,0.00,0.00,0.00,0.90,0.00,0.00,22.39,3.00,1244.00,2520.40,0.00,0.00,0.00,2433.60,621.00,0.00,12177.60,0.00,0.00,0.00,0.00,23.40,0.00,23.40,0.00,4867.20,5986652,0,2188956,26.77,18372,931076,1636108,20.01,1488096,567420,86112,1106076,60504,2536,6232,18156,0,0,0.00,0,0.00,2,303,2.86,2.08,1.74,0,23.40,0.00,4867.20,208.00,0.15,6.29,1.13,2.64,2973.60,1813.60,22597.44,4614.57,0.00,0.00,0.00,1.85
2018-01-07 04:40:07,56.64,0.00,2.41,0.00,0.10,0.00,0.10,0.00,0.00,40.74,0.80,965.80,1011.80,0.00,0.00,0.00,14.40,50.40,0.00,546.20,0.00,0.00,0.00,0.00,0.60,0.00,0.60,0.00,28.80,5864700,0,2310908,28.27,18384,1054560,1636108,20.01,1611908,567456,209580,1106512,61104,2552,6240,18156,0,0,0.00,0,0.00,2,305,2.71,2.07,1.73,0,0.60,0.00,28.80,48.00,0.00,0.00,0.00,0.00,109.80,73.40,867.51,6.80,0.00,0.00,0.00,0.07
2018-01-07 04:40:12,71.12,0.00,4.15,0.00,0.10,0.00,0.91,0.00,0.00,23.71,11.00,1890.00,2890.00,0.00,0.00,0.00,7811.20,6212.80,0.00,30334.20,0.00,0.00,0.00,0.00,73.60,0.00,73.60,0.00,15622.40,5948020,0,2227588,27.25,18400,1000660,1676340,20.50,1482636,612660,118156,1076292,61836,2584,6012,18156,0,0,0.00,0,0.00,1,309,2.74,2.08,1.74,0,73.60,0.00,15622.40,212.26,0.15,2.01,0.52,3.84,2396.20,2222.80,14227.16,8957.06,0.00,0.00,0.00,1.17
2018-01-07 04:40:17,0.71,0.00,0.10,1.41,0.10,0.00,0.00,0.00,0.00,97.68,0.00,447.40,515.20,0.00,0.00,0.00,15828.80,10.00,0.00,529.00,0.00,0.00,0.00,0.00,131.60,0.00,131.60,0.00,31657.60,5950268,0,2225340,27.22,18412,1000408,1676340,20.50,1474136,618904,38968,1074220,61548,2584,6164,18156,0,0,0.00,0,0.00,0,309,2.52,2.05,1.73,0,131.60,0.00,31657.60,240.56,6.74,51.25,0.57,7.52,93.20,162.40,6.66,1302.53,0.00,0.00,0.00,0.11
2018-01-07 04:40:22,59.02,0.00,1.90,0.00,0.00,0.00,0.10,0.00,0.00,38.98,0.00,580.60,668.40,0.00,0.00,0.00,28.80,29.60,0.00,473.00,0.00,0.00,0.00,0.00,1.20,0.00,1.20,0.00,57.60,5846444,0,2329164,28.49,18420,1105084,1676340,20.50,1577812,618948,143864,1073204,62116,2440,6164,18156,0,0,0.00,0,0.00,3,291,2.48,2.05,1.73,0,1.20,0.00,57.60,48.00,0.00,0.00,0.00,0.00,94.60,78.60,698.43,7.65,0.00,0.00,0.00,0.06
2018-01-07 04:40:27,97.70,0.00,2.10,0.00,0.00,0.00,0.10,0.00,0.00,0.10,4.00,1130.20,832.00,0.00,0.00,0.00,402.40,1905.40,0.00,1919.80,0.00,0.00,0.00,0.00,7.40,0.00,7.40,0.00,804.80,5753068,0,2422540,29.63,18428,1141528,1676340,20.50,1660588,627068,178804,1127700,63340,2576,6244,18156,0,0,0.00,0,0.00,7,311,2.68,2.10,1.75,0,7.40,0.00,804.80,108.76,0.01,0.76,0.22,0.16,119.80,215.40,8.46,1735.29,0.00,0.00,0.00,0.14
2018-01-07 04:40:32,98.90,0.00,1.10,0.00,0.00,0.00,0.00,0.00,0.00,0.00,0.00,930.40,752.20,0.00,0.00,0.00,130.40,1365.40,0.00,1809.40,0.00,0.00,0.00,0.00,1.60,0.00,1.60,0.00,260.80,5751432,0,2424176,29.65,18436,1143684,1676340,20.50,1658636,631340,180772,1127852,63268,2600,6300,18156,0,0,0.00,0,0.00,3,311,2.62,2.09,1.75,0,1.60,0.00,260.80,163.00,0.00,0.00,0.00,0.00,40.20,57.60,2.76,435.58,0.00,0.00,0.00,0.04
2018-01-07 04:40:37,84.00,0.00,2.72,0.00,0.10,0.00,0.00,0.00,0.00,13.18,13.80,1369.20,978.00,0.00,0.00,0.00,7287.20,9256.60,0.00,33847.00,0.00,0.00,0.00,0.00,58.00,0.00,58.00,0.00,14574.40,6185140,0,1990468,24.35,18464,1003296,1440792,17.62,1227664,632312,4424,838312,61104,2320,5464,18156,0,0,0.00,0,0.00,3,279,2.73,2.13,1.76,0,58.00,0.00,14574.40,251.28,1.95,33.66,0.32,1.84,19.20,20.60,3.03,4.13,0.00,0.00,0.00,0.00
2018-01-07 04:40:42,92.81,0.00,4.90,0.00,0.00,0.00,2.20,0.00,0.00,0.10,7.60,2485.40,3760.80,0.00,0.00,0.00,55.20,4417.40,0.00,23461.00,0.00,0.00,0.00,0.00,1.60,0.00,1.60,0.00,110.40,5951304,0,2224304,27.21,18476,1001192,1688696,20.66,1357568,737228,15268,1075252,59176,2512,6152,18156,0,0,0.00,0,0.00,3,291,3.08,2.21,1.79,0,1.60,0.00,110.40,69.00,0.04,27.50,14.00,2.24,4730.80,4558.00,27717.23,22998.51,0.00,0.00,0.00,2.27
2018-01-07 04:40:47,95.80,0.00,3.80,0.00,0.00,0.00,0.30,0.00,0.00,0.10,1.60,917.20,1455.20,0.00,0.00,73.60,13.60,902.40,0.00,4031.40,0.00,0.00,0.00,0.00,2.00,1.40,0.60,147.20,27.20,5811976,0,2363632,28.91,18484,1118756,1688696,20.66,1445448,772732,146128,1097328,58952,2504,6164,18156,0,0,0.00,0,0.00,4,299,3.31,2.27,1.81,0,2.00,147.20,27.20,87.20,0.00,0.00,0.00,0.00,625.60,1161.80,42.62,9843.00,0.00,0.00,0.00,0.81
2018-01-07 04:40:52,98.30,0.00,1.60,0.00,0.00,0.00,0.10,0.00,0.00,0.00,2.40,1088.60,819.80,0.00,0.00,0.00,84.00,2538.80,0.00,2855.00,0.00,0.00,0.00,0.00,7.60,0.00,7.60,0.00,168.00,5775308,0,2400300,29.36,18492,1119132,1688696,20.66,1488972,781732,146364,1133020,58808,2600,6260,18156,0,0,0.00,0,0.00,2,311,3.20,2.27,1.81,0,7.60,0.00,168.00,22.11,0.00,0.42,0.11,0.08,132.80,211.00,9.16,1736.63,0.00,0.00,0.00,0.14
2018-01-07 04:40:57,88.78,0.00,1.90,0.00,0.00,0.00,0.00,0.00,0.00,9.32,5.20,1214.00,802.60,0.00,0.00,0.00,386.40,635.20,0.00,31997.40,0.00,0.00,0.00,0.00,4.20,0.00,4.20,0.00,772.80,6394120,0,1781488,21.79,18492,980684,1033408,12.64,870816,784264,6068,655988,56896,2400,4724,18156,0,0,0.00,0,0.00,0,245,3.11,2.26,1.81,0,4.20,0.00,772.80,184.00,0.01,1.71,0.19,0.08,14.20,18.00,1.50,4.33,0.00,0.00,0.00,0.00
2018-01-07 04:41:02,0.10,0.00,0.10,0.10,0.00,0.00,0.00,0.00,0.00,99.70,0.00,254.40,225.20,0.00,0.00,20.00,400.00,7.80,0.00,333.80,0.00,0.00,0.00,0.00,4.40,0.40,4.00,40.00,800.00,6394728,0,1780880,21.78,18504,980364,1033408,12.64,868524,786100,4292,655756,56720,2072,4516,18156,0,0,0.00,0,0.00,0,245,2.86,2.22,1.80,0,4.40,40.00,800.00,190.91,0.01,1.82,0.36,0.16,74.80,107.00,5.07,870.94,0.00,0.00,0.00,0.07
2018-01-07 04:41:07,0.10,0.00,0.00,0.00,0.00,0.00,0.00,0.00,0.00,99.90,0.00,225.00,143.40,0.00,0.00,0.00,9.60,7.80,0.00,35.20,0.00,0.00,0.00,0.00,1.00,0.00,1.00,0.00,19.20,6394604,0,1781004,21.78,18512,980388,1033408,12.64,868532,786124,4284,655756,56720,2072,4516,18156,0,0,0.00,0,0.00,0,245,2.63,2.19,1.79,0,1.00,0.00,19.20,19.20,0.00,0.00,0.00,0.00,5.00,6.40,0.38,1.11,0.00,0.00,0.00,0.00
2018-01-07 04:41:12,0.10,0.00,0.50,0.00,0.00,0.00,0.00,0.00,0.00,99.40,0.20,239.20,156.40,0.00,0.00,0.00,72.80,12.40,0.00,15744.40,0.00,0.00,0.00,0.00,1.80,0.00,1.80,0.00,145.60,6708436,0,1467172,17.95,18520,672436,1033408,12.64,851912,495212,3972,655756,50768,2072,4516,18156,0,0,0.00,0,0.00,0,246,2.42,2.15,1.79,0,1.80,0.00,145.60,80.89,0.00,0.00,0.00,0.00,5.20,6.20,0.43,1.09,0.00,0.00,0.00,0.00
2018-01-07 04:41:17,0.00,0.00,0.40,0.00,0.00,0.00,0.00,0.00,0.00,99.60,0.00,233.20,151.40,0.00,0.00,0.00,40.80,8.60,0.00,16107.40,0.00,0.00,0.00,0.00,1.40,0.00,1.40,0.00,81.60,7029988,0,1145620,14.01,18532,353152,1033408,12.64,851524,175984,4032,655824,48344,2080,4516,18156,0,0,0.00,0,0.00,0,246,2.23,2.11,1.78,0,1.40,0.00,81.60,58.29,0.00,0.00,0.00,0.00,4.40,5.60,0.33,0.98,0.00,0.00,0.00,0.00
2018-01-07 04:41:22,39.28,0.00,2.40,0.00,0.10,0.00,0.00,0.00,0.00,58.22,14.00,778.60,565.00,0.00,0.00,0.00,807.20,7337.80,0.00,1929.00,0.00,0.00,0.00,0.00,10.60,0.00,10.60,0.00,1614.40,6876412,0,1299196,15.89,18556,353668,1407968,17.22,1004336,176484,972,808696,48440,2344,5400,18156,0,0,0.00,0,0.00,7,279,2.21,2.11,1.78,0,10.60,0.00,1614.40,152.30,0.04,3.47,0.23,0.24,20.80,19.60,73.79,2.35,0.00,0.00,0.00,0.01
2018-01-07 04:41:27,97.10,0.00,2.60,0.00,0.00,0.00,0.10,0.00,0.00,0.20,7.20,1337.00,809.40,0.00,0.00,0.00,56.00,4626.00,0.00,1936.20,0.00,0.00,0.00,0.00,1.40,0.00,1.40,0.00,112.00,6536580,0,1639028,20.05,18568,353940,1618876,19.80,1343212,176624,1208,1147392,48932,2536,6260,18156,0,0,0.00,0,0.00,8,303,2.35,2.14,1.79,0,1.40,0.00,112.00,80.00,0.00,0.00,0.00,0.00,17.00,21.60,17.15,2.74,0.00,0.00,0.00,0.00
2018-01-07 04:41:32,98.60,0.00,1.20,0.00,0.00,0.00,0.20,0.00,0.00,0.00,0.00,1842.60,752.40,0.00,0.00,0.00,0.00,132.80,0.00,853.20,0.00,0.00,0.00,0.00,0.00,0.00,0.00,0.00,0.00,6534500,0,1641108,20.07,18568,353980,1618876,19.80,1344092,176652,1100,1148152,48924,2512,6268,18156,0,0,0.00,0,0.00,2,300,2.32,2.14,1.79,0,0.00,0.00,0.00,0.00,0.00,0.00,0.00,0.00,6.60,9.60,0.52,1.83,0.00,0.00,0.00,0.00
2018-01-07 04:41:37,98.80,0.00,1.10,0.00,0.00,0.00,0.10,0.00,0.00,0.00,0.00,407.20,653.60,0.00,0.00,0.00,10.40,18.60,0.00,67.00,0.00,0.00,0.00,0.00,0.40,0.00,0.40,0.00,20.80,6504224,0,1671384,20.44,18576,385900,1618876,19.80,1375720,176672,33024,1148004,48920,2480,6268,18156,0,0,0.00,0,0.00,2,296,2.46,2.17,1.80,0,0.40,0.00,20.80,52.00,0.00,2.00,2.00,0.08,5.60,7.80,0.43,1.55,0.00,0.00,0.00,0.00
2018-01-07 04:41:42,67.07,0.00,2.41,0.00,0.00,0.00,0.00,0.00,0.00,30.52,12.20,993.60,836.20,0.00,0.00,0.00,20.80,8639.40,0.00,28101.20,0.00,0.00,0.00,0.00,1.00,0.00,1.00,0.00,41.60,6813580,0,1362028,16.66,18592,419252,1430508,17.50,1067356,176464,66360,806000,48676,2320,5380,18156,0,0,0.00,0,0.00,4,277,2.50,2.19,1.81,0,1.00,0.00,41.60,41.60,0.00,0.00,0.00,0.00,18.60,19.20,2.78,3.07,0.00,0.00,0.00,0.00
2018-01-07 04:41:47,96.50,0.00,3.30,0.00,0.00,0.00,0.00,0.00,0.00,0.20,6.60,1444.60,877.00,0.00,0.00,0.00,215.20,3814.60,0.00,1769.80,0.00,0.00,0.00,0.00,3.20,0.00,3.20,0.00,430.40,6474028,0,1701580,20.81,18604,419524,1610712,19.70,1405168,177520,65808,1144588,48912,2512,6256,18156,0,0,0.00,0,0.00,5,300,2.62,2.22,1.82,0,3.20,0.00,430.40,134.50,0.00,1.00,0.75,0.24,29.20,41.40,13.34,167.02,0.00,0.00,0.00,0.01
2018-01-07 04:41:52,98.30,0.00,1.50,0.00,0.00,0.00,0.20,0.00,0.00,0.00,0.00,1825.80,815.40,0.00,0.00,0.00,462.40,143.60,0.00,360.20,0.00,0.00,0.00,0.00,12.40,0.00,12.40,0.00,924.80,6460548,0,1715060,20.98,18616,419548,1639084,20.05,1416076,179192,63636,1157148,48944,2512,6296,18156,0,0,0.00,0,0.00,3,300,2.65,2.23,1.83,0,12.40,0.00,924.80,74.58,0.01,0.71,0.26,0.32,35.00,51.40,2.65,332.46,0.00,0.00,0.00,0.03
2018-01-07 04:41:57,98.70,0.00,1.30,0.00,0.00,0.00,0.00,0.00,0.00,0.00,0.00,454.20,721.40,0.00,0.00,0.00,263.20,18.00,0.00,142.80,0.00,0.00,0.00,0.00,3.60,0.00,3.60,0.00,526.40,6410600,0,1765008,21.59,18624,470448,1639084,20.05,1465436,180352,113428,1157048,48936,2480,6296,18156,0,0,0.00,0,0.00,3,296,2.60,2.22,1.83,0,3.60,0.00,526.40,146.22,0.00,0.89,0.44,0.16,26.60,39.20,2.01,248.95,0.00,0.00,0.00,0.02
2018-01-07 04:42:02,92.48,0.00,4.01,0.00,0.00,0.00,0.10,0.00,0.00,3.41,15.20,1430.20,1139.20,0.00,0.00,22.40,1798.40,10448.60,0.00,30018.20,0.00,0.00,0.00,0.00,18.80,0.40,18.40,44.80,3596.80,6699364,0,1476244,18.06,18648,484808,1480912,18.11,1168852,188760,119080,854312,48768,2376,5616,18156,0,0,0.00,0,0.00,3,284,2.79,2.27,1.84,0,18.80,44.80,3596.80,193.70,0.03,1.62,0.81,1.52,172.20,244.20,14.44,1741.93,0.00,0.00,0.00,0.14
2018-01-07 04:42:07,95.09,0.00,3.11,0.10,0.00,0.00,0.30,0.00,0.00,1.40,13.60,1668.00,1434.00,0.00,0.00,0.00,13129.60,5628.60,0.00,27749.80,0.00,0.00,0.00,0.00,109.00,0.00,109.00,0.00,26259.20,6832240,0,1343368,16.43,18664,488116,1200320,14.68,1024552,201004,57036,718760,48572,2416,5168,18156,0,0,0.00,0,0.00,4,261,2.97,2.32,1.86,0,109.00,0.00,26259.20,240.91,2.86,26.25,0.37,4.00,279.40,384.00,30.64,2479.41,0.00,0.00,0.00,0.20
2018-01-07 04:42:12,89.05,0.00,2.71,0.00,0.00,0.00,0.00,0.00,0.00,8.24,10.60,1242.20,1274.00,0.00,0.00,0.00,702.40,7314.40,0.00,16130.20,0.00,0.00,0.00,0.00,8.20,0.00,8.20,0.00,1404.80,6804196,0,1371412,16.77,18680,489568,1215320,14.87,1047104,207280,55504,746164,48708,2352,5004,18156,0,0,0.00,0,0.00,1,262,3.13,2.36,1.88,0,8.20,0.00,1404.80,171.32,0.01,0.98,0.49,0.40,181.60,237.60,18.14,1326.63,0.00,0.00,0.00,0.11
2018-01-07 04:42:17,49.50,0.00,1.11,0.00,0.10,0.00,0.10,0.00,0.00,49.19,5.40,796.60,973.60,0.00,0.00,0.00,137.60,3516.60,0.00,15506.60,0.00,0.00,0.00,0.00,3.20,0.00,3.20,0.00,275.20,6898740,0,1276868,15.62,18692,491268,1020896,12.49,951636,208028,56752,649700,48240,2072,4508,18156,0,0,0.00,0,0.00,1,245,2.88,2.32,1.87,0,3.20,0.00,275.20,86.00,0.00,1.50,0.75,0.24,91.60,101.80,10.76,172.96,0.00,0.00,0.00,0.01
2018-01-07 04:42:22,0.10,0.00,0.00,0.00,0.00,0.00,0.00,0.00,0.00,99.90,0.00,228.00,146.00,0.00,0.00,0.00,28.00,8.40,0.00,33.80,0.00,0.00,0.00,0.00,0.80,0.00,0.80,0.00,56.00,6898740,0,1276868,15.62,18704,491292,1020896,12.49,951644,208052,56708,649700,48240,2072,4508,18156,0,0,0.00,0,0.00,1,245,2.65,2.28,1.86,0,0.80,0.00,56.00,70.00,0.00,0.00,0.00,0.00,4.60,6.00,0.35,1.08,0.00,0.00,0.00,0.00
2018-01-07 04:42:27,0.20,0.00,0.10,0.70,0.10,0.00,0.00,0.00,0.00,98.90,0.00,233.40,211.40,0.00,0.00,0.00,9926.40,8.20,0.00,35.40,0.00,0.00,0.00,0.00,64.20,0.00,64.20,0.00,15020.80,6898772,0,1276836,15.62,18704,491316,1020896,12.49,951644,208052,7208,649700,48208,2072,4508,18156,0,0,0.00,0,0.00,1,245,2.44,2.25,1.85,0,64.60,0.00,15123.20,234.11,2.53,27.42,0.28,1.84,4.60,6.00,0.35,1.08,0.00,0.00,0.00,0.00
2018-01-07 04:42:32,0.10,0.00,0.00,0.20,0.00,0.00,0.00,0.00,0.00,99.70,0.00,222.40,157.40,0.00,0.00,0.00,8.80,7.80,0.00,33.60,0.00,0.00,0.00,0.00,20.40,0.00,20.40,0.00,4849.60,6898928,0,1276680,15.62,18712,491340,1020896,12.49,951664,208084,7112,649700,48176,2072,4508,18156,0,0,0.00,0,0.00,0,245,2.24,2.21,1.84,0,20.00,0.00,4747.20,237.36,0.25,50.40,0.28,0.56,4.20,5.40,0.32,0.96,0.00,0.00,0.00,0.00
2018-01-07 04:42:37,0.10,0.00,0.00,0.00,0.00,0.00,0.00,0.00,0.00,99.90,0.00,229.60,150.80,0.00,0.00,0.00,7.20,7.80,0.00,36.00,0.00,0.00,0.00,0.00,0.40,0.00,0.40,0.00,14.40,6898928,0,1276680,15.62,18724,491360,1020896,12.49,951680,208104,7140,649700,48176,2072,4508,18156,0,0,0.00,0,0.00,0,245,2.06,2.17,1.83,0,0.40,0.00,14.40,36.00,0.00,2.00,2.00,0.08,5.20,6.60,0.39,1.12,0.00,0.00,0.00,0.00
2018-01-07 04:42:42,5.32,0.00,0.30,0.00,0.00,0.00,0.00,0.00,0.00,94.38,3.60,331.00,260.20,0.00,0.00,0.00,746.40,2127.80,0.00,210.40,0.00,0.00,0.00,0.00,7.40,0.00,7.40,0.00,1492.80,6863584,0,1312024,16.05,18736,491388,1208868,14.79,987176,208128,3576,685108,48208,2088,4872,18156,0,0,0.00,0,0.00,3,260,1.90,2.14,1.82,0,7.40,0.00,1492.80,201.73,0.02,3.24,0.22,0.16,6.60,7.60,1.03,1.26,0.00,0.00,0.00,0.00
2018-01-07 04:42:47,69.56,0.00,2.02,0.10,0.00,0.00,0.10,0.00,0.00,28.23,6.00,879.60,1102.40,0.00,0.00,0.80,730.40,5820.80,0.00,17275.20,0.00,0.00,0.00,0.00,8.20,0.20,8.00,1.60,1460.80,6896580,0,1279028,15.64,18748,493104,1021300,12.49,951788,209764,1884,649700,48228,2072,4508,18156,0,0,0.00,0,0.00,0,245,1.83,2.12,1.81,0,8.20,1.60,1460.80,178.34,0.02,2.73,0.49,0.40,141.00,120.40,386.18,353.97,0.00,0.00,0.00,0.03
2018-01-07 04:42:52,0.10,0.00,0.00,0.00,0.10,0.00,0.00,0.00,0.00,99.80,0.00,230.20,157.80,0.00,0.00,0.00,347.20,8.40,0.00,46.40,0.00,0.00,0.00,0.00,3.60,0.00,3.60,0.00,694.40,6896516,0,1279092,15.65,18748,493144,1021300,12.49,951708,209888,280,649704,48228,2072,4508,18156,0,0,0.00,0,0.00,0,245,1.68,2.08,1.80,0,3.60,0.00,694.40,192.89,0.01,2.22,0.22,0.08,7.80,9.20,0.69,1.35,0.00,0.00,0.00,0.00
2018-01-07 04:42:57,0.10,0.00,0.00,0.00,0.00,0.00,0.00,0.00,0.00,99.90,0.00,230.00,150.20,0.00,0.00,0.00,10.40,8.00,0.00,33.40,0.00,0.00,0.00,0.00,0.40,0.00,0.40,0.00,20.80,6896516,0,1279092,15.65,18756,493168,1021300,12.49,951720,209908,304,649704,48228,2072,4508,18156,0,0,0.00,0,0.00,1,245,1.55,2.05,1.79,0,0.40,0.00,20.80,52.00,0.00,2.00,2.00,0.08,4.60,6.00,0.35,1.08,0.00,0.00,0.00,0.00
2018-01-07 04:43:02,0.00,0.00,0.00,0.00,0.00,0.00,0.00,0.00,0.00,100.00,0.00,221.80,144.00,0.00,0.00,0.00,32.80,7.80,0.00,33.60,0.00,0.00,0.00,0.00,5.20,0.00,5.20,0.00,65.60,6896516,0,1279092,15.65,18756,493188,1021300,12.49,951732,209916,156,649704,48228,2072,4508,18156,0,0,0.00,0,0.00,1,245,1.42,2.01,1.78,0,5.20,0.00,65.60,12.62,0.00,0.00,0.00,0.00,4.60,5.80,0.34,0.99,0.00,0.00,0.00,0.00
2018-01-07 04:43:07,54.54,0.00,1.81,0.00,0.00,0.00,0.00,0.00,0.00,43.65,6.80,648.20,743.20,0.00,0.00,0.00,2.40,5675.00,0.00,1870.20,0.00,0.00,0.00,0.00,0.40,0.00,0.40,0.00,4.80,6719232,0,1456376,17.81,18772,493396,1303868,15.95,1108824,210116,396,825308,48404,2240,5108,18156,0,0,0.00,0,0.00,2,270,1.55,2.03,1.79,0,0.40,0.00,4.80,12.00,0.00,2.00,2.00,0.08,11.80,14.40,5.33,2.00,0.00,0.00,0.00,0.00
2018-01-07 04:43:12,39.54,0.00,1.51,0.00,0.10,0.00,0.10,0.00,0.00,58.75,7.00,733.00,809.40,0.00,0.00,0.00,35.20,4294.00,0.00,14477.80,0.00,0.00,0.00,0.00,1.20,0.00,1.20,0.00,70.40,6814968,0,1360640,16.64,18788,495044,1210908,14.81,1033260,210032,2156,729344,48236,2176,4940,18156,0,0,0.00,0,0.00,2,259,1.50,2.01,1.79,0,1.20,0.00,70.40,58.67,0.00,0.00,0.00,0.00,106.60,79.60,379.97,7.65,0.00,0.00,0.00,0.03
2018-01-07 04:43:17,95.70,0.00,2.10,0.00,0.00,0.00,0.00,0.00,0.00,2.20,8.00,1116.60,886.20,0.00,0.00,0.00,80.80,6228.20,0.00,1911.00,0.00,0.00,0.00,0.00,1.80,0.00,1.80,0.00,161.60,6541848,0,1633760,19.98,18804,495636,1545064,18.90,1305148,210224,2624,1000956,48640,2424,5976,18156,0,0,0.00,0,0.00,6,290,1.78,2.06,1.80,0,1.80,0.00,161.60,89.78,0.00,0.89,0.44,0.08,56.80,34.20,377.19,3.49,0.00,0.00,0.00,0.03
2018-01-07 04:43:22,91.37,0.00,3.61,0.00,0.00,0.00,0.60,0.00,0.00,4.41,16.00,1756.20,1593.60,0.00,0.00,0.80,396.80,9007.60,0.00,29401.00,0.00,0.00,0.00,0.00,5.80,0.20,5.60,1.60,793.60,6730140,0,1445468,17.68,18828,498176,1435888,17.56,1105836,220972,3952,809900,48684,2344,5424,18156,0,0,0.00,0,0.00,5,280,1.88,2.08,1.81,0,5.80,1.60,793.60,137.10,0.25,43.03,3.86,2.24,389.60,448.40,406.07,2338.52,0.00,0.00,0.00,0.19
2018-01-07 04:43:27,95.80,0.00,3.50,0.00,0.00,0.00,0.60,0.00,0.00,0.10,8.00,2099.80,1975.20,0.00,0.00,0.00,32.80,3749.00,0.00,6799.00,0.00,0.00,0.00,0.00,0.80,0.00,0.80,0.00,65.60,6580096,0,1595512,19.52,18840,517536,1512092,18.50,1243360,232616,25288,939540,48824,2432,5848,18156,0,0,0.00,0,0.00,10,301,1.89,2.08,1.81,0,0.80,0.00,65.60,82.00,0.00,0.00,0.00,0.00,1321.20,1056.80,9007.78,2543.81,0.00,0.00,0.00,0.74
2018-01-07 04:43:32,96.20,0.00,3.40,0.00,0.00,0.00,0.40,0.00,0.00,0.00,2.20,1174.40,1454.60,0.00,0.00,0.80,14.40,4256.60,0.00,5898.40,0.00,0.00,0.00,0.00,0.80,0.20,0.60,1.60,28.80,6499332,0,1676276,20.50,18852,564852,1528192,18.69,1313020,243868,74244,973216,48920,2536,5976,18156,0,0,0.00,0,0.00,7,303,2.14,2.12,1.83,0,0.80,1.60,28.80,38.00,0.00,0.00,0.00,0.00,770.20,663.40,4601.55,2348.43,0.00,0.00,0.00,0.38
2018-01-07 04:43:37,98.20,0.00,1.80,0.00,0.00,0.00,0.00,0.00,0.00,0.00,1.40,2624.60,903.40,0.00,0.00,0.00,49.60,1461.00,0.00,1782.40,0.00,0.00,0.00,0.00,6.60,0.00,6.60,0.00,99.20,6451016,0,1724592,21.09,18860,594284,1528192,18.69,1331300,272356,103496,990872,49584,2592,6032,18156,0,0,0.00,0,0.00,2,310,2.13,2.12,1.83,0,6.60,0.00,99.20,15.03,0.00,0.00,0.00,0.00,19.20,28.60,1.49,166.82,0.00,0.00,0.00,0.01
2018-01-07 04:43:42,97.80,0.00,1.80,0.00,0.00,0.00,0.40,0.00,0.00,0.00,0.40,3117.80,1060.40,0.00,0.00,0.00,8.00,103.60,0.00,1443.80,0.00,0.00,0.00,0.00,0.80,0.00,0.80,0.00,16.00,6406792,0,1768816,21.64,18868,640732,1528192,18.69,1330828,316240,149944,987760,50836,2600,6032,18156,0,0,0.00,0,0.00,2,311,2.12,2.12,1.83,0,0.80,0.00,16.00,20.00,0.00,0.00,0.00,0.00,5.60,8.00,0.45,1.91,0.00,0.00,0.00,0.00
2018-01-07 04:43:47,98.10,0.00,1.80,0.00,0.00,0.00,0.10,0.00,0.00,0.00,0.00,3011.60,1084.00,0.00,0.00,0.00,360.00,27.80,0.00,1271.20,0.00,0.00,0.00,0.00,3.80,0.00,3.80,0.00,720.00,6357224,0,1818384,22.24,18876,687372,1528192,18.69,1334624,361248,194876,989892,51996,2592,6036,18156,0,0,0.00,0,0.00,5,310,2.11,2.12,1.83,0,3.80,0.00,720.00,189.47,0.01,2.32,0.42,0.16,18.60,27.20,1.41,166.23,0.00,0.00,0.00,0.01
2018-01-07 04:43:52,85.81,0.00,3.42,0.00,0.00,0.00,0.20,0.00,0.00,10.56,13.00,2456.60,1217.40,0.00,0.00,0.00,424.00,7540.00,0.00,23378.20,0.00,0.00,0.00,0.00,5.40,0.00,5.40,0.00,848.00,6602836,0,1572772,19.24,18892,645580,1398132,17.10,1064848,386856,151192,787236,52260,2312,5300,18156,0,0,0.00,0,0.00,3,276,2.34,2.17,1.85,0,5.40,0.00,848.00,157.04,0.01,1.48,0.15,0.08,19.20,21.40,3.05,4.24,0.00,0.00,0.00,0.00
2018-01-07 04:43:57,95.40,0.00,3.30,0.00,0.00,0.00,1.20,0.00,0.00,0.10,5.60,2180.40,2656.40,0.00,0.00,0.00,43.20,4395.80,0.00,9304.40,0.00,0.00,0.00,0.00,1.40,0.00,1.40,0.00,86.40,6466340,0,1709268,20.91,18904,640972,1477780,18.08,1155108,431264,152636,926632,52324,2416,5816,18156,0,0,0.00,0,0.00,4,289,2.39,2.18,1.85,0,1.40,0.00,86.40,61.71,0.00,0.00,0.00,0.00,1642.60,1787.60,6851.21,10022.68,0.00,0.00,0.00,0.82
2018-01-07 04:44:02,95.20,0.00,4.00,0.00,0.00,0.00,0.80,0.00,0.00,0.00,5.20,1585.40,1813.80,0.00,0.00,0.00,112.80,2024.80,0.00,5512.80,0.00,0.00,0.00,0.00,1.60,0.00,1.60,0.00,225.60,6368780,0,1806828,22.10,18916,707824,1510208,18.47,1234436,449644,220492,957264,52404,2496,5908,18156,0,0,0.00,0,0.00,5,302,2.60,2.23,1.87,0,1.60,0.00,225.60,141.00,0.07,41.00,10.50,1.68,1175.60,1035.20,6809.83,3835.71,0.00,0.00,0.00,0.56
2018-01-07 04:44:07,98.30,0.00,1.70,0.00,0.00,0.00,0.00,0.00,0.00,0.00,1.20,1969.80,964.00,0.00,0.00,0.00,15050.40,4980.80,0.00,3780.80,0.00,0.00,0.00,0.00,118.60,0.00,118.60,0.00,30100.80,6305156,0,1870452,22.88,18924,725032,1542216,18.86,1277388,467512,162648,1002980,52456,2568,6036,18156,0,0,0.00,0,0.00,2,308,2.71,2.26,1.88,0,118.60,0.00,30100.80,253.80,6.49,54.73,0.83,9.84,32.60,48.40,2.56,332.04,0.00,0.00,0.00,0.03
2018-01-07 04:44:12,97.50,0.00,2.40,0.00,0.00,0.00,0.10,0.00,0.00,0.00,0.60,3025.80,1036.60,0.00,0.00,0.00,15088.00,87.40,0.00,2349.80,0.00,0.00,0.00,0.00,124.60,0.00,124.60,0.00,30176.00,6282332,0,1893276,23.16,18936,770272,1542216,18.86,1259768,510352,132508,980852,52480,2592,6004,18156,0,0,0.00,0,0.00,3,310,2.66,2.25,1.88,0,124.60,0.00,30176.00,242.18,5.96,47.80,0.60,7.44,5.60,7.80,0.44,1.73,0.00,0.00,0.00,0.00
2018-01-07 04:44:17,98.20,0.00,1.60,0.00,0.00,0.00,0.20,0.00,0.00,0.00,0.00,3003.40,928.20,0.00,0.00,0.00,8.80,57.80,0.00,1224.80,0.00,0.00,0.00,0.00,0.60,0.00,0.60,0.00,17.60,6231936,0,1943672,23.77,18944,817336,1542216,18.86,1264948,554784,179568,983548,53564,2584,6008,18156,0,0,0.00,0,0.00,2,309,2.60,2.25,1.88,0,0.60,0.00,17.60,29.33,0.00,0.00,0.00,0.00,5.40,7.60,0.43,1.80,0.00,0.00,0.00,0.00
2018-01-07 04:44:22,75.48,0.00,2.21,0.00,0.10,0.00,0.10,0.00,0.00,22.11,5.40,2893.60,1156.20,0.00,0.00,0.00,21.60,615.80,0.00,21966.00,0.00,0.00,0.00,0.00,1.00,0.00,1.00,0.00,43.20,6599616,0,1575992,19.28,18952,788824,1009456,12.35,858928,593716,151028,644700,54044,2328,4624,18156,0,0,0.00,0,0.00,1,245,2.48,2.23,1.88,0,1.00,0.00,43.20,43.20,0.00,0.80,0.80,0.08,31.00,38.60,2.79,168.97,0.00,0.00,0.00,0.01
2018-01-07 04:44:27,0.00,0.00,0.00,0.00,0.00,0.00,0.00,0.00,0.00,100.00,0.00,227.00,146.60,0.00,0.00,0.00,72.00,7.80,0.00,33.20,0.00,0.00,0.00,0.00,1.60,0.00,1.60,0.00,144.00,6599940,0,1575668,19.27,18964,788880,1009456,12.35,858620,593672,150992,644452,53784,2072,4504,18156,0,0,0.00,0,0.00,1,245,2.28,2.19,1.87,0,1.60,0.00,144.00,90.00,0.00,0.00,0.00,0.00,4.40,5.80,0.35,1.07,0.00,0.00,0.00,0.00
2018-01-07 04:44:32,0.10,0.00,0.10,0.00,0.00,0.00,0.00,0.00,0.00,99.80,0.00,240.40,174.20,0.00,0.00,4.80,96.80,8.20,0.00,92.60,0.00,0.00,0.00,0.00,1.20,0.20,1.00,9.60,193.60,6599956,0,1575652,19.27,18964,788904,1009456,12.35,858632,593688,150536,644452,53768,2072,4504,18156,0,0,0.00,0,0.00,1,245,2.10,2.15,1.86,0,1.20,9.60,193.60,169.33,0.00,0.00,0.00,0.00,18.80,25.80,1.41,165.98,0.00,0.00,0.00,0.01
2018-01-07 04:44:37,0.00,0.00,0.10,1.11,0.10,0.00,0.00,0.00,0.00,98.69,0.00,239.80,270.20,0.00,0.00,0.00,15039.20,8.00,0.00,36.20,0.00,0.00,0.00,0.00,118.40,0.00,118.40,0.00,30078.40,6599956,0,1575652,19.27,18976,788928,1009456,12.35,858644,593708,75392,644452,53768,2072,4504,18156,0,0,0.00,0,0.00,1,245,1.93,2.12,1.85,0,118.40,0.00,30078.40,254.04,6.32,53.42,0.63,7.44,4.60,6.00,0.35,1.08,0.00,0.00,0.00,0.00
2018-01-07 04:44:42,0.00,0.00,0.20,1.20,0.00,0.00,0.00,0.00,0.00,98.60,0.00,230.60,265.20,0.00,0.00,0.00,15045.60,7.80,0.00,32.80,0.00,0.00,0.00,0.00,118.40,0.00,118.40,0.00,30091.20,6599956,0,1575652,19.27,18992,788952,1009456,12.35,858660,593736,300,644452,53768,2072,4504,18156,0,0,0.00,0,0.00,1,245,1.77,2.08,1.84,0,118.40,0.00,30091.20,254.15,6.51,55.03,0.90,10.64,4.40,5.80,0.34,1.07,0.00,0.00,0.00,0.00
2018-01-07 04:44:47,28.56,0.00,1.80,0.00,0.00,0.00,0.00,0.00,0.00,69.64,14.00,703.60,468.60,0.00,0.00,0.00,53.60,6201.80,0.00,7963.40,0.00,0.00,0.00,0.00,5.60,0.00,5.60,0.00,107.20,6596412,0,1579196,19.32,19016,656540,1385464,16.95,994532,461476,824,780552,53908,2360,5324,18156,0,0,0.00,0,0.00,6,278,2.03,2.13,1.86,0,5.60,0.00,107.20,19.14,0.00,0.00,0.00,0.00,21.40,19.20,73.82,2.24,0.00,0.00,0.00,0.01
2018-01-07 04:44:52,96.79,0.00,3.01,0.00,0.00,0.00,0.00,0.00,0.00,0.20,7.20,1259.00,795.40,0.00,0.00,0.00,48.00,6155.60,0.00,2731.40,0.00,0.00,0.00,0.00,1.20,0.00,1.20,0.00,96.00,6235564,0,1940044,23.73,19028,656788,1596824,19.53,1353832,461608,1196,1139616,54400,2480,6428,18156,0,0,0.00,0,0.00,6,302,2.19,2.16,1.87,0,1.20,0.00,96.00,80.00,0.00,1.33,0.67,0.08,16.00,21.00,8.72,2.71,0.00,0.00,0.00,0.00
2018-01-07 04:44:57,98.00,0.00,1.60,0.00,0.00,0.00,0.40,0.00,0.00,0.00,0.00,2669.60,1375.60,0.00,0.00,0.00,24.00,74.40,0.00,292.60,0.00,0.00,0.00,0.00,0.80,0.00,0.80,0.00,48.00,6224696,0,1950912,23.86,19040,656812,1596824,19.53,1363392,461628,1224,1149168,54616,2520,6304,18156,0,0,0.00,0,0.00,7,299,2.17,2.16,1.87,0,0.80,0.00,48.00,60.00,0.00,0.00,0.00,0.00,5.80,8.20,0.45,1.38,0.00,0.00,0.00,0.00
2018-01-07 04:45:02,98.90,0.00,1.10,0.00,0.00,0.00,0.00,0.00,0.00,0.00,0.40,882.00,801.00,0.00,0.00,0.00,44.00,193.00,0.00,115.80,0.00,0.00,0.00,0.00,1.00,0.00,1.00,0.00,88.00,6222296,0,1953312,23.89,19048,656840,1596824,19.53,1365680,461656,1088,1151448,54488,2504,6308,18156,0,0,0.00,0,0.00,3,297,2.16,2.16,1.87,0,1.00,0.00,88.00,88.00,0.00,0.00,0.00,0.00,5.80,8.20,0.45,1.77,0.00,0.00,0.00,0.00
2018-01-07 04:45:07,97.10,0.00,2.90,0.00,0.00,0.00,0.00,0.00,0.00,0.00,0.40,525.95,662.28,0.00,0.00,0.00,10.38,37.92,0.00,55.89,0.00,0.00,0.00,0.00,0.40,0.00,0.40,0.00,20.76,6080252,0,2095356,25.63,19056,798308,1596824,19.53,1507128,461672,142596,1151508,55764,2488,6308,18156,0,0,0.00,0,0.00,6,297,2.15,2.15,1.87,0,0.40,0.00,20.76,52.00,0.00,0.00,0.00,0.00,6.19,8.78,0.50,2.17,0.00,0.00,0.00,0.00
2018-01-07 04:45:12,96.20,0.00,3.80,0.00,0.00,0.00,0.00,0.00,0.00,0.00,1.20,1644.20,900.60,0.00,0.00,0.00,12.80,46.00,0.00,105.00,0.00,0.00,0.00,0.00,0.40,0.00,0.40,0.00,25.60,5943528,0,2232080,27.30,19064,932280,1596824,19.53,1640564,461712,276580,1150968,59252,2520,6324,18156,0,0,0.00,0,0.00,6,301,2.30,2.18,1.88,0,0.40,0.00,25.60,64.00,0.00,0.00,0.00,0.00,5.00,6.80,0.39,1.49,0.00,0.00,0.00,0.00
2018-01-07 04:45:17,73.70,0.00,3.10,0.10,0.10,0.00,0.00,0.00,0.00,23.00,13.60,1232.00,929.20,0.00,0.00,0.00,91.20,9810.00,0.00,35578.60,0.00,0.00,0.00,0.00,8.80,0.00,8.80,0.00,182.40,6381812,0,1793796,21.94,19084,798236,1449228,17.73,1204744,461500,142400,848928,57952,2336,5552,18156,0,0,0.00,0,0.00,5,281,2.43,2.22,1.89,0,8.80,0.00,182.40,20.73,0.00,0.00,0.00,0.00,19.80,21.60,3.02,3.13,0.00,0.00,0.00,0.00
2018-01-07 04:45:22,96.80,0.00,2.90,0.00,0.00,0.00,0.20,0.00,0.00,0.10,5.20,1896.20,1053.00,0.00,0.00,0.00,2008.80,2178.00,0.00,1874.00,0.00,0.00,0.00,0.00,19.60,0.00,19.60,0.00,4017.60,6072472,0,2103136,25.72,19096,798492,1624420,19.87,1503068,471052,132916,1156532,58008,2504,6324,18156,0,0,0.00,0,0.00,2,299,2.48,2.23,1.90,0,19.60,0.00,4017.60,204.98,0.04,1.92,0.57,1.12,166.40,248.20,16.64,1931.91,0.00,0.00,0.00,0.16
2018-01-07 04:45:27,97.90,0.00,1.90,0.00,0.00,0.00,0.20,0.00,0.00,0.00,0.00,2300.00,962.40,0.00,0.00,0.00,1069.60,85.20,0.00,503.60,0.00,0.00,0.00,0.00,10.40,0.00,10.40,0.00,2139.20,6071128,0,2104480,25.74,19104,798520,1624420,19.87,1498776,476544,127476,1157696,58016,2504,6332,18156,0,0,0.00,0,0.00,3,299,2.60,2.26,1.91,0,10.40,0.00,2139.20,205.69,0.04,4.00,2.15,2.24,86.80,134.40,6.12,1050.41,0.00,0.00,0.00,0.09
2018-01-07 04:45:32,98.50,0.00,1.50,0.00,0.00,0.00,0.00,0.00,0.00,0.00,0.00,454.60,668.20,0.00,0.00,0.00,15.20,19.60,0.00,51.20,0.00,0.00,0.00,0.00,0.80,0.00,0.80,0.00,30.40,6000792,0,2174816,26.60,19112,869888,1624420,19.87,1570092,476568,198832,1157688,57968,2488,6332,18156,0,0,0.00,0,0.00,3,297,2.55,2.25,1.91,0,0.80,0.00,30.40,38.00,0.00,0.00,0.00,0.00,5.80,8.20,0.45,1.77,0.00,0.00,0.00,0.00
2018-01-07 04:45:37,97.00,0.00,2.90,0.00,0.00,0.00,0.10,0.00,0.00,0.00,1.60,1062.20,957.60,0.00,0.00,0.00,1258.40,67.00,0.00,471.20,0.00,0.00,0.00,0.00,12.40,0.00,12.40,0.00,2516.80,5876236,0,2299372,28.12,19120,990704,1624420,19.87,1685772,482636,313452,1158608,60612,2536,6340,18156,0,0,0.00,0,0.00,2,302,2.51,2.25,1.91,0,12.40,0.00,2516.80,202.97,0.02,1.23,0.39,0.48,109.20,153.80,7.64,1220.11,0.00,0.00,0.00,0.10
2018-01-07 04:45:42,85.51,0.00,4.70,0.00,0.10,0.00,0.60,0.00,0.00,9.09,9.80,1919.60,1953.80,0.00,0.00,0.00,28667.20,4965.80,0.00,36205.80,0.00,0.00,0.00,0.00,232.20,0.00,232.20,0.00,57334.40,6352680,0,1822928,22.30,19140,939796,1199480,14.67,1186316,506340,119388,733928,61108,2192,4956,18156,0,0,0.00,0,0.00,3,261,2.39,2.23,1.90,0,232.20,0.00,57334.40,246.92,29.07,125.19,1.13,26.24,423.00,613.20,31.00,4890.90,0.00,0.00,0.00,0.40
2018-01-07 04:45:47,90.69,0.00,2.20,0.00,0.00,0.00,0.60,0.00,0.00,6.51,7.00,1048.00,1984.00,0.00,0.00,13.60,2286.40,6383.20,0.00,8333.20,0.00,0.00,0.00,0.00,22.60,0.20,22.40,27.20,4572.80,6103648,0,2071960,25.34,19156,938860,1496448,18.30,1410784,528004,108544,980824,60868,2400,5872,18156,0,0,0.00,0,0.00,4,287,2.52,2.26,1.92,0,22.60,27.20,4572.80,203.54,0.05,2.09,0.57,1.28,1241.20,790.60,7931.21,4545.03,0.00,0.00,0.00,0.65
2018-01-07 04:45:52,92.69,0.00,3.10,0.00,0.00,0.00,1.00,0.00,0.00,3.20,4.00,1492.00,2685.40,0.00,0.00,0.00,3529.60,2514.80,0.00,12265.60,0.00,0.00,0.00,0.00,39.80,0.00,39.80,0.00,7059.20,5964620,0,2210988,27.04,19168,937400,1622376,19.84,1516628,560916,91212,1121092,60784,2536,6104,18156,0,0,0.00,0,0.00,3,303,2.71,2.30,1.93,0,39.80,0.00,7059.20,177.37,0.05,1.31,0.32,1.28,2724.80,1869.80,19020.39,6691.95,0.00,0.00,0.00,1.56
2018-01-07 04:45:57,57.04,0.00,1.51,0.00,0.00,0.00,0.00,0.00,0.00,41.45,0.80,742.80,890.00,0.00,0.00,0.00,360.80,57.40,0.00,649.60,0.00,0.00,0.00,0.00,3.80,0.00,3.80,0.00,721.60,5868544,0,2307064,28.22,19180,1034144,1622376,19.84,1610396,564520,187924,1121680,61136,2552,6252,18156,0,0,0.00,0,0.00,2,305,2.58,2.28,1.93,0,3.80,0.00,721.60,189.89,0.01,1.47,0.63,0.24,114.40,149.20,359.73,1049.07,0.00,0.00,0.00,0.09
2018-01-07 04:46:02,58.40,0.00,2.83,0.00,0.20,0.00,0.30,0.00,0.00,38.26,7.80,1466.20,2120.80,0.00,0.00,0.00,6347.20,5753.80,0.00,21250.00,0.00,0.00,0.00,0.00,59.40,0.00,59.40,0.00,12694.40,6040904,0,2134704,26.11,19196,1006076,1567820,19.18,1403448,599272,128760,977496,62004,2464,5880,18156,0,0,0.00,0,0.00,2,297,2.53,2.28,1.93,0,59.40,0.00,12694.40,213.71,0.13,2.18,0.58,3.44,697.40,964.40,741.07,7060.19,0.00,0.00,0.00,0.58
2018-01-07 04:46:07,21.59,0.00,1.01,0.00,0.00,0.00,0.91,0.00,0.00,76.49,3.20,1051.40,1343.60,0.00,0.00,0.00,1577.60,828.20,0.00,10119.60,0.00,0.00,0.00,0.00,15.20,0.00,15.20,0.00,3155.20,5931104,0,2244504,27.45,19208,1005956,1647960,20.16,1498308,613544,121140,1086704,61944,2584,6176,18156,0,0,0.00,0,0.00,3,309,2.33,2.24,1.92,0,15.20,0.00,3155.20,207.58,0.02,1.53,0.47,0.72,1707.60,1316.00,13116.00,2164.55,0.00,0.00,0.00,1.07
2018-01-07 04:46:12,40.89,0.00,1.61,1.01,0.10,0.00,0.10,0.00,0.00,56.29,0.00,827.00,825.00,0.00,0.00,0.00,16052.80,43.40,0.00,816.40,0.00,0.00,0.00,0.00,126.60,0.00,126.60,0.00,32105.60,5870324,0,2305284,28.20,19216,1068312,1647960,20.16,1559776,613580,103320,1085700,61944,2440,6176,18156,0,0,0.00,0,0.00,3,291,2.30,2.24,1.92,0,126.60,0.00,32105.60,253.60,8.51,67.22,0.73,9.20,178.60,150.40,1406.23,12.47,0.00,0.00,0.00,0.12
2018-01-07 04:46:17,97.00,0.00,2.70,0.00,0.00,0.00,0.20,0.00,0.00,0.10,3.00,971.00,976.40,0.00,0.00,18.40,704.80,143.20,0.00,1653.60,0.00,0.00,0.00,0.00,7.60,0.20,7.40,36.80,1409.60,5768556,0,2407052,29.44,19216,1146536,1647960,20.16,1642316,629884,178980,1106448,63448,2552,6228,18156,0,0,0.00,0,0.00,4,306,2.44,2.26,1.93,0,7.60,36.80,1409.60,190.32,0.01,1.26,0.42,0.32,244.00,418.40,16.82,3473.84,0.00,0.00,0.00,0.28
2018-01-07 04:46:22,98.80,0.00,1.20,0.00,0.00,0.00,0.00,0.00,0.00,0.00,1.00,1009.80,750.40,0.00,0.00,0.00,34.40,2280.80,0.00,2047.60,0.00,0.00,0.00,0.00,4.20,0.00,4.20,0.00,68.80,5752612,0,2422996,29.64,19228,1148204,1665104,20.37,1656788,631464,180592,1120852,63464,2600,6272,18156,0,0,0.00,0,0.00,3,311,2.40,2.26,1.93,0,4.20,0.00,68.80,16.38,0.00,0.00,0.00,0.00,6.00,8.80,0.55,2.18,0.00,0.00,0.00,0.00
2018-01-07 04:46:27,71.11,0.00,2.51,0.00,0.00,0.00,0.00,0.00,0.00,26.38,12.20,1193.60,872.20,0.00,0.00,0.00,192.80,5363.40,0.00,32402.40,0.00,0.00,0.00,0.00,8.80,0.00,8.80,0.00,385.60,6283392,0,1892216,23.14,19248,1008404,1378772,16.86,1126552,635160,40192,734008,61636,2336,5088,18156,0,0,0.00,0,0.00,5,275,2.37,2.26,1.93,0,8.80,0.00,385.60,43.82,0.00,0.36,0.09,0.08,47.60,71.80,4.93,438.89,0.00,0.00,0.00,0.04
2018-01-07 04:46:32,95.20,0.00,3.30,0.00,0.00,0.00,1.40,0.00,0.00,0.10,6.20,1847.80,2685.40,0.00,0.00,26.40,7272.00,5555.80,0.00,12498.20,0.00,0.00,0.00,0.00,58.80,0.40,58.40,52.80,14544.00,6027740,0,2147868,26.27,19260,1000772,1465792,17.93,1297624,713472,4520,991200,59868,2488,5816,18156,0,0,0.00,0,0.00,6,298,2.66,2.32,1.95,0,58.80,52.80,14544.00,248.24,1.62,27.63,0.27,1.60,2424.60,2799.00,11422.40,16984.00,0.00,0.00,0.00,1.39
2018-01-07 04:46:37,93.59,0.00,4.60,0.00,0.00,0.00,1.70,0.00,0.00,0.10,3.80,1771.60,2745.80,0.00,0.00,27.20,48.80,695.40,0.00,13518.20,0.00,0.00,0.00,0.00,1.60,0.40,1.20,54.40,97.60,5842668,0,2332940,28.54,19276,1117896,1655712,20.25,1413644,790244,129400,1066836,58616,2440,6160,18156,0,0,0.00,0,0.00,3,295,2.61,2.31,1.95,0,1.60,54.40,97.60,95.00,0.00,0.00,0.00,0.00,3011.00,3102.80,16319.83,16743.13,0.00,0.00,0.00,1.37
2018-01-07 04:46:42,97.60,0.00,2.20,0.00,0.00,0.00,0.10,0.00,0.00,0.10,3.20,1142.60,820.20,0.00,0.00,0.00,25.60,2975.80,0.00,3135.80,0.00,0.00,0.00,0.00,0.80,0.00,0.80,0.00,51.20,5771936,0,2403672,29.40,19288,1134440,1655712,20.25,1478724,794812,146160,1119964,59048,2600,6256,18156,0,0,0.00,0,0.00,4,311,2.72,2.34,1.96,0,0.80,0.00,51.20,64.00,0.00,0.00,0.00,0.00,59.20,112.00,4.29,869.97,0.00,0.00,0.00,0.07
2018-01-07 04:46:47,99.10,0.00,0.90,0.00,0.00,0.00,0.00,0.00,0.00,0.00,0.00,966.80,743.40,0.00,0.00,0.00,48.80,297.60,0.00,313.00,0.00,0.00,0.00,0.00,1.20,0.00,1.20,0.00,97.60,5762172,0,2413436,29.52,19296,1137216,1655712,20.25,1486204,797360,148768,1127180,59052,2600,6300,18156,0,0,0.00,0,0.00,3,311,2.74,2.35,1.97,0,1.20,0.00,97.60,81.33,0.00,0.67,0.67,0.08,5.00,7.00,0.40,1.83,0.00,0.00,0.00,0.00
2018-01-07 04:46:52,13.97,0.00,1.01,0.10,0.10,0.00,0.00,0.00,0.00,84.82,5.00,706.60,599.20,0.00,0.00,20.80,780.00,598.20,0.00,32281.60,0.00,0.00,0.00,0.00,8.60,0.40,8.20,41.60,1560.00,6391388,0,1784220,21.82,19304,996480,999192,12.22,857392,799920,4320,641520,57396,2072,4504,18156,0,0,0.00,0,0.00,0,245,2.52,2.31,1.96,0,8.60,41.60,1560.00,186.23,0.03,3.53,0.28,0.24,75.40,116.20,5.61,871.41,0.00,0.00,0.00,0.07
2018-01-07 04:46:57,0.10,0.00,0.10,0.00,0.00,0.00,0.00,0.00,0.00,99.80,0.00,227.20,143.00,0.00,0.00,0.00,29.60,7.80,0.00,34.20,0.00,0.00,0.00,0.00,0.80,0.00,0.80,0.00,59.20,6391396,0,1784212,21.82,19316,996500,999192,12.22,857384,799924,4352,641520,57396,2072,4504,18156,0,0,0.00,0,0.00,0,245,2.32,2.27,1.95,0,0.80,0.00,59.20,74.00,0.00,0.00,0.00,0.00,4.60,6.00,0.35,1.08,0.00,0.00,0.00,0.00
