timestamp,cpu.%usr,cpu.%nice,cpu.%sys,cpu.%iowait,cpu.%steal,cpu.%irq,cpu.%soft,cpu.%guest,cpu.%gnice,cpu.%idle,task.proc/s,task.cswch/s,intr.intr/s,swap.pswpin/s,swap.pswpout/s,paging.pgpgin/s,paging.pgpgout/s,paging.fault/s,paging.majflt/s,paging.pgfree/s,paging.pgscank/s,paging.pgscand/s,paging.pgsteal/s,paging.%vmeff,io.tps,io.rtps,io.wtps,io.bread/s,io.bwrtn/s,memory.kbmemfree,memory.kbavail,memory.kbmemused,memory.%memused,memory.kbbuffers,memory.kbcached,memory.kbcommit,memory.%commit,memory.kbactive,memory.kbinact,memory.kbdirty,memory.kbanonpg,memory.kbslab,memory.kbkstack,memory.kbpgtbl,memory.kbvmused,swap.kbswpfree,swap.kbswpused,swap.%swpused,swap.kbswpcad,swap.%swpcad,load.runq-sz,load.plist-sz,load.ldavg-1,load.ldavg-5,load.ldavg-15,load.blocked,disk.tps,disk.rd_sec/s,disk.wr_sec/s,disk.avgrq-sz,disk.avgqu-sz,disk.await,disk.svctm,disk.%util,network.rxpck/s,network.txpck/s,network.rxkB/s,network.txkB/s,network.rxcmp/s,network.txcmp/s,network.rxmcst/s,network.%ifutil
2018-01-06 21:47:50,18.67,0.00,0.70,0.10,0.00,0.00,0.00,0.00,0.00,80.52,0.80,347.80,318.20,0.00,0.00,0.00,107.20,1077.40,0.00,1473.20,0.00,0.00,0.00,0.00,12.00,0.00,12.00,0.00,214.40,14606380,0,1052620,6.72,60956,430672,1108080,7.08,659600,232876,28,400852,58668,1856,2968,31532,0,0,0.00,0,0.00,1,218,0.58,0.42,0.36,0,12.00,0.00,214.40,17.87,0.01,0.53,0.07,0.08,4.20,5.00,0.33,0.64,0.00,0.00,0.00,0.00
2018-01-06 21:47:55,0.00,0.00,0.10,0.00,0.00,0.00,0.00,0.00,0.00,99.90,0.00,222.00,132.00,0.00,0.00,0.00,11.20,11.20,0.00,15.60,0.00,0.00,0.00,0.00,0.40,0.00,0.40,0.00,22.40,14606256,0,1052744,6.72,60956,430692,1108080,7.08,659600,232876,100,400856,58668,1856,2968,31532,0,0,0.00,0,0.00,1,218,0.53,0.41,0.36,0,0.40,0.00,22.40,56.00,0.00,0.00,0.00,0.00,1.40,2.80,0.12,0.53,0.00,0.00,0.00,0.00
2018-01-06 21:48:00,0.00,0.00,0.00,0.00,0.10,0.00,0.00,0.00,0.00,99.90,0.00,226.40,133.40,0.00,0.00,0.00,0.00,7.00,0.00,304.60,0.00,0.00,0.00,0.00,0.00,0.00,0.00,0.00,0.00,14605072,0,1053928,6.73,60956,430716,1108080,7.08,659992,232892,124,401220,58668,1856,2968,31532,0,0,0.00,0,0.00,1,218,0.49,0.40,0.36,0,0.00,0.00,0.00,0.00,0.00,0.00,0.00,0.00,1.40,2.80,0.12,0.53,0.00,0.00,0.00,0.00
2018-01-06 21:48:05,20.87,0.00,0.71,0.00,0.10,0.00,0.10,0.00,0.00,78.22,3.80,1263.20,1431.00,0.00,0.00,0.00,2.40,1824.80,0.00,1513.40,0.00,0.00,0.00,0.00,0.40,0.00,0.40,0.00,4.80,14557004,0,1101996,7.04,60960,441500,1108080,7.08,697452,243620,10916,438648,58644,1912,3060,31532,0,0,0.00,0,0.00,1,225,0.45,0.40,0.36,0,0.40,0.00,4.80,12.00,0.00,0.00,0.00,0.00,257.40,165.60,2195.83,11.67,0.00,0.00,0.00,0.00
2018-01-06 21:48:10,2.23,0.00,0.61,0.00,0.30,0.00,0.20,0.00,0.00,96.65,0.00,1404.60,1607.20,0.00,0.00,0.00,22.40,11.00,0.00,1720.60,0.00,0.00,0.00,0.00,0.40,0.00,0.40,0.00,44.80,14541100,0,1117900,7.14,60964,460924,1108080,7.08,694232,263068,30424,435412,58644,1912,3052,31532,0,0,0.00,0,0.00,1,225,0.41,0.39,0.36,0,0.40,0.00,44.80,112.00,0.00,2.00,2.00,0.08,444.60,268.40,3895.87,18.35,0.00,0.00,0.00,0.00
2018-01-06 21:48:15,3.68,0.00,0.72,0.00,0.31,0.00,0.31,0.00,0.00,94.99,0.00,1504.40,1812.40,0.00,0.00,0.00,3.20,8.80,0.00,1860.40,0.00,0.00,0.00,0.00,0.40,0.00,0.40,0.00,6.40,14517368,0,1141632,7.29,60968,484216,1108080,7.08,694216,286132,53716,435376,58644,1904,3052,31532,0,0,0.00,0,0.00,0,224,0.38,0.38,0.35,0,0.40,0.00,6.40,16.00,0.00,0.00,0.00,0.00,532.60,303.80,4658.90,20.60,0.00,0.00,0.00,0.00
2018-01-06 21:48:20,1.64,0.00,0.41,0.00,0.31,0.00,0.41,0.00,0.00,97.23,0.00,1600.60,1777.40,0.00,0.00,0.00,9.60,11.00,0.00,1843.40,0.00,0.00,0.00,0.00,1.00,0.00,1.00,0.00,19.20,14494528,0,1164472,7.44,60976,507172,1108080,7.08,694248,309128,76672,435396,58644,1904,3052,31532,0,0,0.00,0,0.00,1,224,0.35,0.38,0.35,0,1.00,0.00,19.20,19.20,0.00,0.00,0.00,0.00,527.60,304.20,4627.18,20.65,0.00,0.00,0.00,0.00
2018-01-06 21:48:25,1.43,0.00,0.41,0.10,0.20,0.00,0.20,0.00,0.00,97.66,0.00,1573.60,1625.60,0.00,0.00,0.00,37.60,7.60,0.00,2011.80,0.00,0.00,0.00,0.00,1.00,0.00,1.00,0.00,75.20,14469364,0,1189636,7.60,60980,532192,1108080,7.08,694264,334232,101536,435400,58644,1904,3052,31532,0,0,0.00,0,0.00,1,224,0.32,0.37,0.35,0,1.00,0.00,75.20,75.20,0.00,0.00,0.00,0.00,576.80,312.60,5056.16,21.20,0.00,0.00,0.00,0.00
2018-01-06 21:48:30,31.08,0.00,2.04,0.00,0.31,0.00,0.20,0.00,0.00,66.36,10.40,2059.20,2088.00,0.00,0.00,0.00,31.20,7183.00,0.00,3617.40,0.00,0.00,0.00,0.00,5.80,0.00,5.80,0.00,62.40,14277756,0,1381244,8.82,60992,559604,14261712,91.08,859208,359520,128812,598128,58988,2184,4028,31532,0,0,0.00,0,0.00,4,259,0.45,0.40,0.36,0,5.80,0.00,62.40,10.76,0.00,0.00,0.00,0.00,620.60,317.40,5440.33,21.25,0.00,0.00,0.00,0.00
2018-01-06 21:48:35,94.91,0.00,4.20,0.00,0.00,0.00,0.00,0.00,0.00,0.90,15.80,1806.20,974.20,0.00,0.00,0.00,33.60,6688.00,0.00,3367.80,0.00,0.00,0.00,0.00,1.20,0.00,1.20,0.00,67.20,13751264,0,1907736,12.18,61000,559624,14323632,91.47,1391584,351964,128964,1122920,59468,2520,5104,31532,0,0,0.00,0,0.00,5,305,0.82,0.47,0.38,0,1.20,0.00,67.20,56.00,0.00,0.67,0.67,0.08,82.60,35.40,638.85,5.26,0.00,0.00,0.00,0.00
2018-01-06 21:48:40,94.21,0.00,5.29,0.00,0.10,0.00,0.10,0.00,0.00,0.30,2.40,1451.00,1285.40,0.00,0.00,0.00,26726.40,1833.60,0.00,2608.40,0.00,0.00,0.00,0.00,209.40,0.00,209.40,0.00,53452.80,12272200,0,3386800,21.63,61008,570084,14388260,91.88,2848892,355244,5968,2587376,59652,2576,8112,31532,0,0,0.00,0,0.00,3,307,0.91,0.50,0.39,0,209.40,0.00,53452.80,255.27,37.29,178.09,1.42,29.76,121.40,73.40,997.89,6.23,0.00,0.00,0.00,0.00
2018-01-06 21:48:45,94.50,0.00,5.40,0.00,0.00,0.00,0.10,0.00,0.00,0.00,0.00,897.20,875.40,0.00,0.00,0.00,7.20,373.00,0.00,3114.40,0.00,0.00,0.00,0.00,0.40,0.00,0.40,0.00,14.40,9978708,0,5680292,36.27,61016,570108,14388260,91.88,5153280,355240,6000,4877392,59668,2560,12644,31532,0,0,0.00,0,0.00,4,305,1.00,0.52,0.40,0,0.40,0.00,14.40,36.00,0.00,0.00,0.00,0.00,4.00,5.40,0.30,1.25,0.00,0.00,0.00,0.00
2018-01-06 21:48:50,98.60,0.00,1.40,0.00,0.00,0.00,0.00,0.00,0.00,0.00,0.00,844.60,866.40,0.00,0.00,0.00,8.00,66.20,0.00,2079.00,0.00,0.00,0.00,0.00,0.40,0.00,0.40,0.00,16.00,9439048,0,6219952,39.72,61016,570132,14388260,91.88,5663052,355252,6004,5415828,59620,2536,13688,31532,0,0,0.00,0,0.00,3,303,1.08,0.55,0.41,0,0.40,0.00,16.00,40.00,0.00,0.00,0.00,0.00,1.80,2.80,0.14,0.53,0.00,0.00,0.00,0.00
2018-01-06 21:48:55,98.80,0.00,1.20,0.00,0.00,0.00,0.00,0.00,0.00,0.00,0.00,854.40,863.20,0.00,0.00,0.00,4.80,74.40,0.00,1775.60,0.00,0.00,0.00,0.00,0.40,0.00,0.40,0.00,9.60,8969112,0,6689888,42.72,61020,570152,14388260,91.88,6160816,355248,6032,5884888,59620,2520,14628,31532,0,0,0.00,0,0.00,4,301,1.15,0.57,0.42,0,0.40,0.00,9.60,24.00,0.00,2.00,2.00,0.08,1.80,3.60,0.25,1.21,0.00,0.00,0.00,0.00
2018-01-06 21:49:00,98.60,0.00,1.40,0.00,0.00,0.00,0.00,0.00,0.00,0.00,0.00,831.40,854.40,0.00,0.00,0.00,37.60,71.20,0.00,2272.80,0.00,0.00,0.00,0.00,0.80,0.00,0.80,0.00,75.20,8369856,0,7289144,46.55,61024,570180,14388260,91.88,6744520,355264,5900,6482912,59620,2520,15796,31532,0,0,0.00,0,0.00,3,301,1.22,0.60,0.43,0,0.80,0.00,75.20,94.00,0.00,0.00,0.00,0.00,1.40,2.80,0.12,0.61,0.00,0.00,0.00,0.00
2018-01-06 21:49:05,98.20,0.00,1.80,0.00,0.00,0.00,0.00,0.00,0.00,0.00,0.00,825.60,870.40,0.00,0.00,0.00,79.20,73.40,0.00,1767.80,0.00,0.00,0.00,0.00,12.00,0.00,12.00,0.00,158.40,7746040,0,7912960,50.53,61032,570204,14388260,91.88,7381336,355280,5564,7105380,59620,2504,17012,31532,0,0,0.00,0,0.00,3,299,1.28,0.62,0.44,0,12.00,0.00,158.40,13.20,0.01,1.07,0.07,0.08,1.80,3.40,0.24,1.11,0.00,0.00,0.00,0.00
2018-01-06 21:49:10,98.50,0.00,1.50,0.00,0.00,0.00,0.00,0.00,0.00,0.00,0.00,814.80,857.60,0.00,0.00,0.00,1107.20,79.20,0.00,1760.00,0.00,0.00,0.00,0.00,9.60,0.00,9.60,0.00,2214.40,7066912,0,8592088,54.87,61036,570228,14388260,91.88,8049008,355296,184,7783288,59620,2504,18320,31532,0,0,0.00,0,0.00,3,299,1.34,0.64,0.44,0,9.60,0.00,2214.40,230.67,0.06,6.75,0.25,0.24,1.60,3.00,0.13,0.61,0.00,0.00,0.00,0.00
2018-01-06 21:49:15,98.50,0.00,1.50,0.00,0.00,0.00,0.00,0.00,0.00,0.00,0.00,807.40,830.60,0.00,0.00,0.00,4.00,56.00,0.00,1559.00,0.00,0.00,0.00,0.00,0.40,0.00,0.40,0.00,8.00,6617408,0,9041592,57.74,61044,570244,14388260,91.88,8507780,355300,216,8231812,59620,2504,19276,31532,0,0,0.00,0,0.00,6,298,1.39,0.67,0.45,0,0.40,0.00,8.00,20.00,0.00,0.00,0.00,0.00,1.80,3.60,0.25,1.21,0.00,0.00,0.00,0.00
2018-01-06 21:49:20,97.50,0.00,2.50,0.00,0.00,0.00,0.00,0.00,0.00,0.00,0.00,806.00,833.20,0.00,0.00,0.00,8.00,130.40,0.00,2276.80,0.00,0.00,0.00,0.00,0.40,0.00,0.40,0.00,16.00,5515476,0,10143524,64.78,61044,570272,14388260,91.88,9603532,355328,224,9331636,59652,2488,21088,31532,0,0,0.00,0,0.00,3,297,1.44,0.69,0.46,0,0.40,0.00,16.00,40.00,0.00,0.00,0.00,0.00,1.60,2.60,0.12,0.51,0.00,0.00,0.00,0.00
2018-01-06 21:49:25,98.50,0.00,1.50,0.00,0.00,0.00,0.00,0.00,0.00,0.00,0.00,816.20,833.80,0.00,0.00,0.00,4.80,67.20,0.00,1762.80,0.00,0.00,0.00,0.00,0.40,0.00,0.40,0.00,9.60,4957460,0,10701540,68.34,61048,570300,14388260,91.88,10136056,355344,264,9888720,59652,2488,22304,31532,0,0,0.00,0,0.00,3,297,1.49,0.71,0.47,0,0.40,0.00,9.60,24.00,0.00,2.00,2.00,0.08,2.00,3.80,0.25,1.21,0.00,0.00,0.00,0.00
2018-01-06 21:49:30,98.70,0.00,1.30,0.00,0.00,0.00,0.00,0.00,0.00,0.00,0.00,852.40,842.60,0.00,0.00,0.00,4.00,73.60,0.00,1409.80,0.00,0.00,0.00,0.00,0.40,0.00,0.40,0.00,8.00,4401832,0,11257168,71.89,61052,570324,14388260,91.88,10692028,355356,288,10440580,59668,2472,23408,31532,0,0,0.00,0,0.00,4,295,1.53,0.73,0.48,0,0.40,0.00,8.00,20.00,0.00,2.00,2.00,0.08,1.40,2.80,0.12,0.61,0.00,0.00,0.00,0.00
2018-01-06 21:49:35,99.00,0.00,1.00,0.00,0.00,0.00,0.00,0.00,0.00,0.00,0.00,832.60,861.40,0.00,0.00,0.00,61.60,56.40,0.00,737.60,0.00,0.00,0.00,0.00,3.00,0.00,3.00,0.00,123.20,3983344,0,11675656,74.56,61056,570348,14388260,91.88,11130380,355368,48,10860484,59620,2472,24284,31532,0,0,0.00,0,0.00,5,295,1.57,0.75,0.49,0,3.00,0.00,123.20,41.07,0.00,0.27,0.27,0.08,2.00,3.60,0.25,1.12,0.00,0.00,0.00,0.00
2018-01-06 21:49:40,62.01,0.00,1.11,0.00,0.00,0.00,0.00,0.00,0.00,36.88,0.00,864.60,715.20,0.00,0.00,0.00,8.00,63.80,0.00,1152.80,0.00,0.00,0.00,0.00,0.40,0.00,0.40,0.00,16.00,3572892,0,12086108,77.18,61060,570368,14388260,91.88,11546276,355320,136,11270208,59620,2456,25156,31532,0,0,0.00,0,0.00,1,293,1.44,0.74,0.48,0,0.40,0.00,16.00,40.00,0.00,2.00,2.00,0.08,2.00,3.40,0.15,1.72,0.00,0.00,0.00,0.00
2018-01-06 21:49:45,0.81,0.00,0.10,0.00,0.00,0.00,0.00,0.00,0.00,99.09,0.00,889.40,570.00,0.00,0.00,0.00,5.60,9.20,0.00,167.80,0.00,0.00,0.00,0.00,0.40,0.00,0.40,0.00,11.20,3572488,0,12086512,77.19,61068,570396,14388260,91.88,11546280,355320,172,11270212,59628,2456,25156,31532,0,0,0.00,0,0.00,1,293,1.33,0.73,0.48,0,0.40,0.00,11.20,28.00,0.00,2.00,2.00,0.08,46.20,37.40,385.35,3.82,0.00,0.00,0.00,0.00
2018-01-06 21:49:50,95.30,0.00,0.90,0.00,0.00,0.00,0.10,0.00,0.00,3.70,0.40,932.00,930.60,0.00,0.00,0.00,17.60,2214.60,0.00,2173.20,0.00,0.00,0.00,0.00,0.60,0.00,0.60,0.00,35.20,3334304,0,12324696,78.71,61076,570424,14388260,91.88,11775132,355304,252,11507124,59664,2472,25836,31532,0,0,0.00,0,0.00,3,295,1.38,0.75,0.49,0,0.60,0.00,35.20,58.67,0.00,0.00,0.00,0.00,37.40,28.60,253.47,3.63,0.00,0.00,0.00,0.00
2018-01-06 21:49:55,98.50,0.00,1.50,0.00,0.00,0.00,0.00,0.00,0.00,0.00,0.00,845.80,847.80,0.00,0.00,0.00,4.80,115.60,0.00,2466.00,0.00,0.00,0.00,0.00,0.40,0.00,0.40,0.00,9.60,2783596,0,12875404,82.22,61084,570444,14388260,91.88,12312856,355324,288,12057128,59676,2456,26692,31532,0,0,0.00,0,0.00,3,293,1.51,0.79,0.50,0,0.40,0.00,9.60,24.00,0.00,2.00,2.00,0.08,3.60,4.80,0.35,1.29,0.00,0.00,0.00,0.00
2018-01-06 21:50:00,98.90,0.00,1.10,0.00,0.00,0.00,0.00,0.00,0.00,0.00,0.00,813.40,830.40,0.00,0.00,0.00,0.00,51.20,0.00,1045.20,0.00,0.00,0.00,0.00,0.00,0.00,0.00,0.00,0.00,2377224,0,13281776,84.82,61084,570464,14388260,91.88,12712204,355336,308,12462612,59676,2456,27472,31532,0,0,0.00,0,0.00,3,293,1.55,0.81,0.51,0,0.00,0.00,0.00,0.00,0.00,0.00,0.00,0.00,1.60,3.00,0.13,0.62,0.00,0.00,0.00,0.00
2018-01-06 21:50:05,97.50,0.00,2.50,0.00,0.00,0.00,0.00,0.00,0.00,0.00,0.00,783.00,1163.40,0.00,0.00,0.00,18.40,213.80,0.00,4040.20,0.00,0.00,0.00,0.00,1.40,0.00,1.40,0.00,36.80,1616312,0,14042688,89.68,61084,570492,14493608,92.56,13500448,355336,304,13224228,59592,2456,28956,31532,0,0,0.00,0,0.00,3,293,1.58,0.83,0.52,0,1.40,0.00,36.80,26.29,0.00,0.00,0.00,0.00,1.60,3.20,0.23,1.10,0.00,0.00,0.00,0.00
2018-01-06 21:50:10,99.90,0.00,0.10,0.00,0.00,0.00,0.00,0.00,0.00,0.00,0.00,810.00,832.60,0.00,0.00,0.00,56.00,11.00,0.00,15.60,0.00,0.00,0.00,0.00,5.00,0.00,5.00,0.00,112.00,1616272,0,14042728,89.68,61088,570516,14493608,92.56,13500496,355336,64,13224276,59600,2456,28956,31532,0,0,0.00,0,0.00,4,293,1.62,0.85,0.53,0,5.00,0.00,112.00,22.40,0.00,0.00,0.00,0.00,1.40,2.80,0.13,0.61,0.00,0.00,0.00,0.00
2018-01-06 21:50:15,99.80,0.00,0.20,0.00,0.00,0.00,0.00,0.00,0.00,0.00,0.00,817.40,831.60,0.00,0.00,0.00,7.20,9.60,0.00,17.80,0.00,0.00,0.00,0.00,0.40,0.00,0.40,0.00,14.40,1616148,0,14042852,89.68,61096,570540,14493608,92.56,13500536,355348,132,13224300,59600,2456,28956,31532,0,0,0.00,0,0.00,3,293,1.65,0.86,0.53,0,0.40,0.00,14.40,36.00,0.00,0.00,0.00,0.00,2.00,3.80,0.26,1.21,0.00,0.00,0.00,0.00
2018-01-06 21:50:20,99.90,0.00,0.10,0.00,0.00,0.00,0.00,0.00,0.00,0.00,0.00,808.00,833.40,0.00,0.00,0.00,4.80,9.80,0.00,15.60,0.00,0.00,0.00,0.00,0.40,0.00,0.40,0.00,9.60,1616180,0,14042820,89.68,61104,570560,14493608,92.56,13500552,355372,156,13224328,59600,2456,28956,31532,0,0,0.00,0,0.00,4,293,1.68,0.88,0.54,0,0.40,0.00,9.60,24.00,0.00,0.00,0.00,0.00,1.40,2.60,0.11,0.51,0.00,0.00,0.00,0.00
2018-01-06 21:50:25,99.70,0.00,0.30,0.00,0.00,0.00,0.00,0.00,0.00,0.00,0.00,816.40,844.00,0.00,0.00,0.00,3.20,17.20,0.00,1030.00,0.00,0.00,0.00,0.00,0.40,0.00,0.40,0.00,6.40,1612932,0,14046068,89.70,61108,570584,14493608,92.56,13503188,355388,180,13226956,59592,2456,28964,31532,0,0,0.00,0,0.00,3,293,1.70,0.90,0.55,0,0.40,0.00,6.40,16.00,0.00,0.00,0.00,0.00,1.80,3.60,0.25,1.21,0.00,0.00,0.00,0.00
2018-01-06 21:50:30,99.90,0.00,0.10,0.00,0.00,0.00,0.00,0.00,0.00,0.00,0.00,822.20,844.40,0.00,0.00,0.00,4.00,10.80,0.00,313.20,0.00,0.00,0.00,0.00,0.60,0.00,0.60,0.00,8.00,1608264,0,14050736,89.73,61112,570612,14493608,92.56,13507604,355416,204,13231308,59600,2456,28964,31532,0,0,0.00,0,0.00,3,293,1.73,0.92,0.56,0,0.60,0.00,8.00,13.33,0.00,0.00,0.00,0.00,1.40,2.80,0.13,0.61,0.00,0.00,0.00,0.00
2018-01-06 21:50:35,99.70,0.00,0.30,0.00,0.00,0.00,0.00,0.00,0.00,0.00,0.00,806.60,830.40,0.00,0.00,0.00,17.60,14.60,0.00,15.80,0.00,0.00,0.00,0.00,1.40,0.00,1.40,0.00,35.20,1608264,0,14050736,89.73,61120,570636,14493608,92.56,13507644,355412,200,13231364,59600,2456,28964,31532,0,0,0.00,0,0.00,3,293,1.75,0.94,0.56,0,1.40,0.00,35.20,25.14,0.00,0.00,0.00,0.00,1.60,3.20,0.23,1.10,0.00,0.00,0.00,0.00
2018-01-06 21:50:40,99.80,0.00,0.20,0.00,0.00,0.00,0.00,0.00,0.00,0.00,0.00,802.60,876.80,0.00,0.00,0.00,49.60,10.80,0.00,1037.80,0.00,0.00,0.00,0.00,2.60,0.00,2.60,0.00,99.20,1607588,0,14051412,89.73,61124,570660,14493608,92.56,13508156,355448,48,13231816,59588,2456,28964,31532,0,0,0.00,0,0.00,3,293,1.77,0.96,0.57,0,2.60,0.00,99.20,38.15,0.00,0.00,0.00,0.00,1.40,2.80,0.13,0.61,0.00,0.00,0.00,0.00
2018-01-06 21:50:45,99.80,0.00,0.20,0.00,0.00,0.00,0.00,0.00,0.00,0.00,0.00,832.60,843.60,0.00,0.00,0.00,8.00,11.60,0.00,16.40,0.00,0.00,0.00,0.00,0.40,0.00,0.40,0.00,16.00,1607564,0,14051436,89.73,61124,570680,14493608,92.56,13508156,355448,128,13231840,59588,2448,28964,31532,0,0,0.00,0,0.00,3,292,1.79,0.97,0.58,0,0.40,0.00,16.00,40.00,0.00,0.00,0.00,0.00,1.80,3.60,0.25,1.21,0.00,0.00,0.00,0.00
2018-01-06 21:50:50,99.80,0.00,0.20,0.00,0.00,0.00,0.00,0.00,0.00,0.00,0.00,818.20,844.80,0.00,0.00,0.00,4.80,10.20,0.00,222.60,0.00,0.00,0.00,0.00,0.40,0.00,0.40,0.00,9.60,1607220,0,14051780,89.74,61128,570708,14493608,92.56,13508232,355468,164,13231896,59588,2448,28964,31532,0,0,0.00,0,0.00,3,292,1.80,0.99,0.59,0,0.40,0.00,9.60,24.00,0.00,0.00,0.00,0.00,2.00,4.00,0.33,0.97,0.00,0.00,0.00,0.00
2018-01-06 21:50:55,100.00,0.00,0.00,0.00,0.00,0.00,0.00,0.00,0.00,0.00,0.00,811.20,835.40,0.00,0.00,0.00,4.00,8.00,0.00,16.00,0.00,0.00,0.00,0.00,0.40,0.00,0.40,0.00,8.00,1607204,0,14051796,89.74,61128,570732,14493608,92.56,13508252,355460,192,13231912,59604,2448,28964,31532,0,0,0.00,0,0.00,4,292,1.82,1.01,0.60,0,0.40,0.00,8.00,20.00,0.00,0.00,0.00,0.00,1.80,3.60,0.25,1.24,0.00,0.00,0.00,0.00
2018-01-06 21:51:00,99.80,0.00,0.20,0.00,0.00,0.00,0.00,0.00,0.00,0.00,0.00,829.40,836.20,0.00,0.00,0.00,4.00,8.80,0.00,425.60,0.00,0.00,0.00,0.00,0.40,0.00,0.40,0.00,8.00,1607080,0,14051920,89.74,61128,570756,14493608,92.56,13508332,355480,216,13231912,59604,2440,28964,31532,0,0,0.00,0,0.00,3,291,1.83,1.02,0.60,0,0.40,0.00,8.00,20.00,0.00,0.00,0.00,0.00,1.40,2.80,0.13,0.61,0.00,0.00,0.00,0.00
2018-01-06 21:51:05,99.70,0.00,0.20,0.00,0.00,0.00,0.10,0.00,0.00,0.00,0.00,838.00,841.20,0.00,0.00,0.00,4.00,8.80,0.00,15.80,0.00,0.00,0.00,0.00,0.40,0.00,0.40,0.00,8.00,1607080,0,14051920,89.74,61132,570776,14493608,92.56,13508296,355464,236,13231920,59604,2440,28964,31532,0,0,0.00,0,0.00,3,291,1.85,1.04,0.61,0,0.40,0.00,8.00,20.00,0.00,0.00,0.00,0.00,1.60,3.20,0.23,1.13,0.00,0.00,0.00,0.00
2018-01-06 21:51:10,99.90,0.00,0.10,0.00,0.00,0.00,0.00,0.00,0.00,0.00,0.00,801.20,873.80,0.00,0.00,0.00,17.60,12.00,0.00,770.00,0.00,0.00,0.00,0.00,1.40,0.00,1.40,0.00,35.20,1607664,0,14051336,89.73,61136,570800,14493608,92.56,13508428,355484,236,13231960,59604,2440,28964,31532,0,0,0.00,0,0.00,3,291,1.86,1.06,0.62,0,1.40,0.00,35.20,25.14,0.00,0.00,0.00,0.00,1.60,3.00,0.13,0.62,0.00,0.00,0.00,0.00
2018-01-06 21:51:15,99.80,0.00,0.20,0.00,0.00,0.00,0.00,0.00,0.00,0.00,0.00,839.80,886.00,0.00,0.00,0.00,43.20,16.00,0.00,552.00,0.00,0.00,0.00,0.00,1.60,0.00,1.60,0.00,86.40,1600996,0,14058004,89.78,61144,570828,14493608,92.56,13515064,355504,76,13238620,59600,2440,28980,31532,0,0,0.00,0,0.00,2,291,1.95,1.09,0.63,0,1.60,0.00,86.40,54.00,0.00,0.00,0.00,0.00,2.00,3.80,0.26,1.25,0.00,0.00,0.00,0.00
2018-01-06 21:51:20,99.70,0.00,0.30,0.00,0.00,0.00,0.00,0.00,0.00,0.00,0.00,809.60,836.40,0.00,0.00,0.00,8.80,8.00,0.00,18.80,0.00,0.00,0.00,0.00,0.80,0.00,0.80,0.00,17.60,1601036,0,14057964,89.78,61144,570852,14493608,92.56,13515092,355504,124,13238620,59592,2440,28980,31532,0,0,0.00,0,0.00,2,291,1.95,1.10,0.64,0,0.80,0.00,17.60,22.00,0.00,0.00,0.00,0.00,1.20,2.40,0.11,0.50,0.00,0.00,0.00,0.00
2018-01-06 21:51:25,99.90,0.00,0.10,0.00,0.00,0.00,0.00,0.00,0.00,0.00,0.00,806.80,834.60,0.00,0.00,0.00,4.00,7.60,0.00,16.00,0.00,0.00,0.00,0.00,0.40,0.00,0.40,0.00,8.00,1601036,0,14057964,89.78,61148,570872,14493608,92.56,13515108,355512,148,13238620,59592,2440,28980,31532,0,0,0.00,0,0.00,2,291,1.96,1.12,0.65,0,0.40,0.00,8.00,20.00,0.00,0.00,0.00,0.00,1.80,3.60,0.25,1.24,0.00,0.00,0.00,0.00
2018-01-06 21:51:30,99.80,0.00,0.20,0.00,0.00,0.00,0.00,0.00,0.00,0.00,0.00,817.80,834.00,0.00,0.00,0.00,4.00,9.40,0.00,18.80,0.00,0.00,0.00,0.00,0.40,0.00,0.40,0.00,8.00,1601092,0,14057908,89.78,61156,570896,14493608,92.56,13515124,355520,184,13238644,59536,2440,28980,31532,0,0,0.00,0,0.00,3,291,1.96,1.13,0.65,0,0.40,0.00,8.00,20.00,0.00,0.00,0.00,0.00,1.40,2.80,0.13,0.61,0.00,0.00,0.00,0.00
2018-01-06 21:51:35,99.80,0.00,0.20,0.00,0.00,0.00,0.00,0.00,0.00,0.00,0.00,808.60,835.00,0.00,0.00,0.00,4.80,7.60,0.00,15.80,0.00,0.00,0.00,0.00,0.40,0.00,0.40,0.00,9.60,1601092,0,14057908,89.78,61160,570924,14493608,92.56,13515160,355540,212,13238644,59536,2440,28980,31532,0,0,0.00,0,0.00,2,291,1.96,1.15,0.66,0,0.40,0.00,9.60,24.00,0.00,0.00,0.00,0.00,1.60,3.20,0.23,1.13,0.00,0.00,0.00,0.00
2018-01-06 21:51:40,99.90,0.00,0.10,0.00,0.00,0.00,0.00,0.00,0.00,0.00,0.00,803.60,835.00,0.00,0.00,0.00,19.20,10.00,0.00,15.60,0.00,0.00,0.00,0.00,1.20,0.00,1.20,0.00,38.40,1601092,0,14057908,89.78,61160,570948,14493608,92.56,13515180,355552,196,13238644,59536,2440,28980,31532,0,0,0.00,0,0.00,2,291,1.97,1.16,0.67,0,1.20,0.00,38.40,32.00,0.00,0.00,0.00,0.00,1.40,2.80,0.13,0.61,0.00,0.00,0.00,0.00
2018-01-06 21:51:45,100.00,0.00,0.00,0.00,0.00,0.00,0.00,0.00,0.00,0.00,0.00,810.60,836.80,0.00,0.00,0.00,5.60,7.80,0.00,16.40,0.00,0.00,0.00,0.00,0.40,0.00,0.40,0.00,11.20,1601052,0,14057948,89.78,61164,570968,14493608,92.56,13515196,355560,232,13238644,59544,2440,28980,31532,0,0,0.00,0,0.00,3,291,1.97,1.18,0.67,0,0.40,0.00,11.20,28.00,0.00,0.00,0.00,0.00,1.80,3.60,0.25,1.24,0.00,0.00,0.00,0.00
2018-01-06 21:51:50,99.50,0.00,0.40,0.00,0.00,0.00,0.00,0.00,0.00,0.10,0.00,811.40,838.20,0.00,0.00,0.00,58.40,11.60,0.00,17.40,0.00,0.00,0.00,0.00,3.80,0.00,3.80,0.00,116.80,1600944,0,14058056,89.78,61168,570992,14493608,92.56,13515216,355568,76,13238704,59560,2440,28980,31532,0,0,0.00,0,0.00,3,291,1.97,1.19,0.68,0,3.80,0.00,116.80,30.74,0.00,0.00,0.00,0.00,1.60,2.40,0.17,0.53,0.00,0.00,0.00,0.00
2018-01-06 21:51:55,44.21,0.00,0.00,0.00,0.10,0.00,0.00,0.00,0.00,55.69,0.00,859.20,689.00,0.00,0.00,0.00,8.00,10.00,0.00,112.60,0.00,0.00,0.00,0.00,0.40,0.00,0.40,0.00,16.00,1600624,0,14058376,89.78,61172,571020,14493608,92.56,13515340,355592,144,13238752,59592,2440,28980,31532,0,0,0.00,0,0.00,1,291,1.81,1.17,0.68,0,0.40,0.00,16.00,40.00,0.00,0.00,0.00,0.00,32.00,27.20,260.51,4.51,0.00,0.00,0.00,0.00
2018-01-06 21:52:00,94.20,0.00,0.20,0.00,0.00,0.00,0.00,0.00,0.00,5.60,0.00,908.00,930.40,0.00,0.00,0.00,38.40,258.20,0.00,472.40,0.00,0.00,0.00,0.00,3.00,0.00,3.00,0.00,76.80,1597976,0,14061024,89.80,61176,571052,14493608,92.56,13516756,355356,40,13239888,59552,2440,28980,31532,0,0,0.00,0,0.00,4,291,1.83,1.18,0.69,0,3.00,0.00,76.80,25.60,0.00,0.00,0.00,0.00,49.40,35.60,380.98,4.07,0.00,0.00,0.00,0.00
2018-01-06 21:52:05,99.70,0.00,0.20,0.00,0.00,0.00,0.10,0.00,0.00,0.00,0.00,804.40,826.20,0.00,0.00,0.00,17.60,8.40,0.00,16.20,0.00,0.00,0.00,0.00,0.40,0.00,0.40,0.00,35.20,1597976,0,14061024,89.80,61180,571076,14493608,92.56,13516764,355356,164,13239892,59552,2440,28980,31532,0,0,0.00,0,0.00,3,291,1.92,1.21,0.70,0,0.40,0.00,35.20,88.00,0.00,2.00,2.00,0.08,2.00,3.60,0.24,1.12,0.00,0.00,0.00,0.00
2018-01-06 21:52:10,99.00,0.00,1.00,0.00,0.00,0.00,0.00,0.00,0.00,0.00,0.00,807.80,1061.80,0.00,0.00,0.00,3.20,57.00,0.00,2605.40,0.00,0.00,0.00,0.00,0.40,0.00,0.40,0.00,6.40,1433548,0,14225452,90.85,61184,571096,14493608,92.56,13682972,355380,188,13406108,59484,2440,29312,31532,0,0,0.00,0,0.00,4,291,1.93,1.23,0.70,0,0.40,0.00,6.40,16.00,0.00,2.00,2.00,0.08,1.60,3.00,0.13,0.62,0.00,0.00,0.00,0.00
2018-01-06 21:52:15,99.90,0.00,0.10,0.00,0.00,0.00,0.00,0.00,0.00,0.00,0.00,805.79,836.33,0.00,0.00,0.00,3.99,7.39,0.00,16.57,0.00,0.00,0.00,0.00,0.40,0.00,0.40,0.00,7.98,1433524,0,14225476,90.85,61188,571124,14493608,92.56,13682992,355380,216,13406108,59476,2440,29312,31532,0,0,0.00,0,0.00,3,291,1.93,1.24,0.71,0,0.40,0.00,7.98,20.00,0.00,2.00,2.00,0.08,2.00,3.79,0.26,1.21,0.00,0.00,0.00,0.00
2018-01-06 21:52:20,99.90,0.00,0.10,0.00,0.00,0.00,0.00,0.00,0.00,0.00,0.00,793.60,821.80,0.00,0.00,0.00,3.20,9.00,0.00,15.40,0.00,0.00,0.00,0.00,0.40,0.00,0.40,0.00,6.40,1433400,0,14225600,90.85,61192,571148,14493608,92.56,13683008,355392,240,13406132,59476,2440,29312,31532,0,0,0.00,0,0.00,3,291,2.02,1.27,0.72,0,0.40,0.00,6.40,16.00,0.00,0.00,0.00,0.00,1.20,2.40,0.11,0.50,0.00,0.00,0.00,0.00
2018-01-06 21:52:25,99.90,0.00,0.10,0.00,0.00,0.00,0.00,0.00,0.00,0.00,0.00,805.20,829.40,0.00,0.00,0.00,3.20,10.60,0.00,17.60,0.00,0.00,0.00,0.00,0.40,0.00,0.40,0.00,6.40,1433432,0,14225568,90.85,61200,571172,14493608,92.56,13683104,355404,276,13406180,59476,2440,29312,31532,0,0,0.00,0,0.00,3,291,2.02,1.28,0.73,0,0.40,0.00,6.40,16.00,0.00,2.00,2.00,0.08,1.80,3.60,0.25,1.21,0.00,0.00,0.00,0.00
2018-01-06 21:52:30,99.90,0.00,0.10,0.00,0.00,0.00,0.00,0.00,0.00,0.00,0.00,805.80,827.60,0.00,0.00,0.00,19.20,11.80,0.00,15.60,0.00,0.00,0.00,0.00,1.40,0.00,1.40,0.00,38.40,1433432,0,14225568,90.85,61208,571192,14493608,92.56,13683128,355428,280,13406188,59476,2440,29312,31532,0,0,0.00,0,0.00,3,291,2.02,1.29,0.74,0,1.40,0.00,38.40,27.43,0.00,0.57,0.57,0.08,1.40,2.80,0.13,0.61,0.00,0.00,0.00,0.00
2018-01-06 21:52:35,100.00,0.00,0.00,0.00,0.00,0.00,0.00,0.00,0.00,0.00,0.00,803.60,835.60,0.00,0.00,0.00,52.00,9.40,0.00,15.80,0.00,0.00,0.00,0.00,3.60,0.00,3.60,0.00,104.00,1433184,0,14225816,90.85,61212,571216,14493608,92.56,13683168,355444,68,13406228,59476,2440,29312,31532,0,0,0.00,0,0.00,3,291,2.02,1.30,0.74,0,3.60,0.00,104.00,28.89,0.00,0.00,0.00,0.00,1.60,3.20,0.23,1.10,0.00,0.00,0.00,0.00
2018-01-06 21:52:40,99.90,0.00,0.10,0.00,0.00,0.00,0.00,0.00,0.00,0.00,0.00,803.20,828.00,0.00,0.00,0.00,5.60,11.60,0.00,15.60,0.00,0.00,0.00,0.00,0.40,0.00,0.40,0.00,11.20,1433184,0,14225816,90.85,61220,571244,14493608,92.56,13683204,355456,120,13406272,59476,2440,29312,31532,0,0,0.00,0,0.00,5,291,2.01,1.32,0.75,0,0.40,0.00,11.20,28.00,0.00,2.00,2.00,0.08,1.40,2.80,0.13,0.61,0.00,0.00,0.00,0.00
2018-01-06 21:52:45,99.90,0.00,0.10,0.00,0.00,0.00,0.00,0.00,0.00,0.00,0.00,807.60,823.20,0.00,0.00,0.00,3.20,9.40,0.00,16.20,0.00,0.00,0.00,0.00,0.40,0.00,0.40,0.00,6.40,1433060,0,14225940,90.85,61224,571268,14493608,92.56,13683256,355476,148,13406336,59476,2440,29312,31532,0,0,0.00,0,0.00,3,291,2.01,1.33,0.76,0,0.40,0.00,6.40,16.00,0.00,2.00,2.00,0.08,2.00,3.80,0.26,1.22,0.00,0.00,0.00,0.00
2018-01-06 21:52:50,100.00,0.00,0.00,0.00,0.00,0.00,0.00,0.00,0.00,0.00,0.00,796.00,827.00,0.00,0.00,0.00,4.00,8.20,0.00,15.40,0.00,0.00,0.00,0.00,0.40,0.00,0.40,0.00,8.00,1433028,0,14225972,90.85,61228,571288,14493608,92.56,13683340,355492,176,13406348,59476,2440,29312,31532,0,0,0.00,0,0.00,4,291,2.01,1.34,0.76,0,0.40,0.00,8.00,20.00,0.00,2.00,2.00,0.08,1.20,2.40,0.11,0.50,0.00,0.00,0.00,0.00
2018-01-06 21:52:55,99.70,0.00,0.30,0.00,0.00,0.00,0.00,0.00,0.00,0.00,0.00,805.80,820.40,0.00,0.00,0.00,4.00,9.60,0.00,18.00,0.00,0.00,0.00,0.00,0.40,0.00,0.40,0.00,8.00,1433060,0,14225940,90.85,61236,571312,14493608,92.56,13683360,355500,204,13406384,59476,2440,29312,31532,0,0,0.00,0,0.00,3,291,2.01,1.35,0.77,0,0.40,0.00,8.00,20.00,0.00,2.00,2.00,0.08,1.80,3.60,0.25,1.21,0.00,0.00,0.00,0.00
2018-01-06 21:53:00,87.37,0.00,0.10,0.00,0.00,0.00,0.00,0.00,0.00,12.53,0.00,850.40,807.80,0.00,0.00,0.00,19.20,24.60,0.00,531.00,0.00,0.00,0.00,0.00,1.20,0.00,1.20,0.00,38.40,1440692,0,14218308,90.80,61240,571340,14493608,92.56,13675312,355532,212,13398324,59476,2440,29300,31532,0,0,0.00,0,0.00,1,291,2.01,1.36,0.78,0,1.20,0.00,38.40,32.00,0.00,0.67,0.67,0.08,1.80,3.20,0.15,2.14,0.00,0.00,0.00,0.00
2018-01-06 21:53:05,67.40,0.00,0.40,0.00,0.00,0.00,0.00,0.00,0.00,32.19,0.00,926.60,913.80,0.00,0.00,0.00,6.40,138.40,0.00,419.00,0.00,0.00,0.00,0.00,0.40,0.00,0.40,0.00,12.80,1423912,0,14235088,90.91,61244,571364,14493608,92.56,13692264,355468,268,13415192,59468,2440,29332,31532,0,0,0.00,0,0.00,3,291,2.01,1.37,0.78,0,0.40,0.00,12.80,32.00,0.00,2.00,2.00,0.08,84.40,56.60,638.82,8.01,0.00,0.00,0.00,0.00
2018-01-06 21:53:10,99.80,0.00,0.20,0.00,0.00,0.00,0.00,0.00,0.00,0.00,0.00,794.80,840.60,0.00,0.00,0.00,62.40,7.40,0.00,16.20,0.00,0.00,0.00,0.00,4.00,0.00,4.00,0.00,124.80,1423732,0,14235268,90.91,61252,571388,14493608,92.56,13692340,355464,76,13415192,59492,2440,29332,31532,0,0,0.00,0,0.00,2,291,2.01,1.38,0.79,0,4.00,0.00,124.80,31.20,0.00,0.00,0.00,0.00,2.00,3.40,0.14,0.63,0.00,0.00,0.00,0.00
2018-01-06 21:53:15,99.90,0.00,0.10,0.00,0.00,0.00,0.00,0.00,0.00,0.00,0.00,797.60,834.80,0.00,0.00,0.00,26.40,10.60,0.00,19.20,0.00,0.00,0.00,0.00,2.40,0.00,2.40,0.00,52.80,1423756,0,14235244,90.91,61260,571408,14493608,92.56,13692352,355484,44,13415196,59500,2440,29332,31532,0,0,0.00,0,0.00,2,291,2.01,1.39,0.80,0,2.40,0.00,52.80,22.00,0.00,0.00,0.00,0.00,1.80,3.60,0.25,1.21,0.00,0.00,0.00,0.00
2018-01-06 21:53:20,99.90,0.00,0.10,0.00,0.00,0.00,0.00,0.00,0.00,0.00,0.00,781.20,832.00,0.00,0.00,0.00,7.20,12.40,0.00,68.60,0.00,0.00,0.00,0.00,0.40,0.00,0.40,0.00,14.40,1419732,0,14239268,90.93,61268,571424,14493608,92.56,13696512,355508,104,13419340,59436,2440,29340,31532,0,0,0.00,0,0.00,2,291,2.09,1.42,0.81,0,0.40,0.00,14.40,36.00,0.00,0.00,0.00,0.00,1.20,2.40,0.11,0.50,0.00,0.00,0.00,0.00
2018-01-06 21:53:25,99.80,0.00,0.10,0.00,0.00,0.00,0.10,0.00,0.00,0.00,0.00,792.80,843.00,0.00,0.00,0.00,29.60,9.60,0.00,16.40,0.00,0.00,0.00,0.00,3.00,0.00,3.00,0.00,59.20,1419600,0,14239400,90.93,61268,571460,14493608,92.56,13696520,355520,44,13419336,59444,2440,29340,31532,0,0,0.00,0,0.00,2,291,2.08,1.43,0.82,0,3.00,0.00,59.20,19.73,0.00,0.00,0.00,0.00,1.80,3.60,0.25,1.21,0.00,0.00,0.00,0.00
2018-01-06 21:53:30,99.90,0.00,0.10,0.00,0.00,0.00,0.00,0.00,0.00,0.00,0.00,808.20,830.00,0.00,0.00,0.00,8.00,11.40,0.00,16.20,0.00,0.00,0.00,0.00,0.40,0.00,0.40,0.00,16.00,1419608,0,14239392,90.93,61276,571484,14493608,92.56,13696532,355536,124,13419376,59436,2440,29340,31532,0,0,0.00,0,0.00,2,291,2.07,1.44,0.82,0,0.40,0.00,16.00,40.00,0.00,2.00,2.00,0.08,1.60,3.00,0.13,0.62,0.00,0.00,0.00,0.00
2018-01-06 21:53:35,99.80,0.00,0.20,0.00,0.00,0.00,0.00,0.00,0.00,0.00,0.00,791.40,826.20,0.00,0.00,0.00,30.40,12.00,0.00,16.20,0.00,0.00,0.00,0.00,3.00,0.00,3.00,0.00,60.80,1419608,0,14239392,90.93,61276,571504,14493608,92.56,13696592,355556,44,13419400,59436,2440,29340,31532,0,0,0.00,0,0.00,2,291,2.07,1.45,0.83,0,3.00,0.00,60.80,20.27,0.00,0.27,0.27,0.08,2.00,3.40,0.25,1.11,0.00,0.00,0.00,0.00
2018-01-06 21:53:40,99.90,0.00,0.10,0.00,0.00,0.00,0.00,0.00,0.00,0.00,0.00,788.20,833.80,0.00,0.00,0.00,7.20,9.60,0.00,16.40,0.00,0.00,0.00,0.00,0.40,0.00,0.40,0.00,14.40,1419436,0,14239564,90.94,61276,571528,14493608,92.56,13696624,355556,112,13419448,59452,2440,29340,31532,0,0,0.00,0,0.00,4,291,2.06,1.46,0.83,0,0.40,0.00,14.40,36.00,0.00,2.00,2.00,0.08,1.40,2.80,0.13,0.61,0.00,0.00,0.00,0.00
2018-01-06 21:53:45,99.70,0.00,0.30,0.00,0.00,0.00,0.00,0.00,0.00,0.00,0.00,830.20,858.60,0.00,0.00,0.00,4.00,14.20,0.00,43.40,0.00,0.00,0.00,0.00,0.40,0.00,0.40,0.00,8.00,1417388,0,14241612,90.95,61280,571556,14493608,92.56,13698376,355560,140,13421144,59452,2440,29340,31532,0,0,0.00,0,0.00,2,291,2.06,1.46,0.84,0,0.40,0.00,8.00,20.00,0.00,0.00,0.00,0.00,1.80,3.60,0.25,1.21,0.00,0.00,0.00,0.00
2018-01-06 21:53:50,99.90,0.00,0.10,0.00,0.00,0.00,0.00,0.00,0.00,0.00,0.00,791.20,832.60,0.00,0.00,0.00,52.80,15.40,0.00,15.40,0.00,0.00,0.00,0.00,4.80,0.00,4.80,0.00,105.60,1417296,0,14241704,90.95,61288,571580,14493608,92.56,13698348,355596,40,13421088,59452,2440,29344,31532,0,0,0.00,0,0.00,3,291,2.05,1.47,0.85,0,4.80,0.00,105.60,22.00,0.00,0.00,0.00,0.00,1.20,2.40,0.11,0.50,0.00,0.00,0.00,0.00
2018-01-06 21:53:55,100.00,0.00,0.00,0.00,0.00,0.00,0.00,0.00,0.00,0.00,0.00,784.80,825.20,0.00,0.00,0.00,8.00,8.40,0.00,16.80,0.00,0.00,0.00,0.00,0.40,0.00,0.40,0.00,16.00,1417296,0,14241704,90.95,61296,571600,14493608,92.56,13698368,355592,112,13421128,59452,2440,29344,31532,0,0,0.00,0,0.00,2,291,2.05,1.48,0.85,0,0.40,0.00,16.00,40.00,0.00,0.00,0.00,0.00,1.80,3.60,0.25,1.21,0.00,0.00,0.00,0.00
2018-01-06 21:54:00,99.70,0.00,0.30,0.00,0.00,0.00,0.00,0.00,0.00,0.00,0.00,798.20,844.80,0.00,0.00,0.00,28.80,9.40,0.00,17.20,0.00,0.00,0.00,0.00,3.20,0.00,3.20,0.00,57.60,1417312,0,14241688,90.95,61300,571624,14493608,92.56,13698420,355608,32,13421128,59436,2440,29344,31532,0,0,0.00,0,0.00,2,291,2.05,1.49,0.86,0,3.20,0.00,57.60,18.00,0.00,0.00,0.00,0.00,1.40,2.80,0.13,0.61,0.00,0.00,0.00,0.00
2018-01-06 21:54:05,99.80,0.00,0.10,0.00,0.00,0.00,0.00,0.00,0.00,0.10,0.00,801.20,840.80,0.00,0.00,0.00,7.20,11.80,0.00,17.60,0.00,0.00,0.00,0.00,0.40,0.00,0.40,0.00,14.40,1417180,0,14241820,90.95,61308,571652,14493608,92.56,13698436,355620,140,13421164,59444,2440,29344,31532,0,0,0.00,0,0.00,3,291,2.04,1.50,0.87,0,0.40,0.00,14.40,36.00,0.00,0.00,0.00,0.00,2.20,4.20,0.35,1.35,0.00,0.00,0.00,0.00
2018-01-06 21:54:10,99.90,0.00,0.10,0.00,0.00,0.00,0.00,0.00,0.00,0.00,0.00,794.80,837.80,0.00,0.00,0.00,6.40,8.40,0.00,15.60,0.00,0.00,0.00,0.00,0.40,0.00,0.40,0.00,12.80,1417148,0,14241852,90.95,61312,571676,14493608,92.56,13698480,355640,168,13421192,59444,2440,29344,31532,0,0,0.00,0,0.00,3,291,2.12,1.52,0.88,0,0.40,0.00,12.80,32.00,0.00,0.00,0.00,0.00,1.40,2.80,0.13,0.61,0.00,0.00,0.00,0.00
2018-01-06 21:54:15,99.60,0.00,0.40,0.00,0.00,0.00,0.00,0.00,0.00,0.00,0.00,901.60,874.00,0.00,0.00,0.00,37.60,32.00,0.00,33.80,0.00,0.00,0.00,0.00,2.80,0.00,2.80,0.00,75.20,1416816,0,14242184,90.95,61320,571696,14493608,92.56,13698960,355596,40,13421588,59436,2440,29344,31532,0,0,0.00,0,0.00,3,291,2.35,1.58,0.90,0,2.80,0.00,75.20,26.86,0.00,0.00,0.00,0.00,8.40,9.40,32.96,2.46,0.00,0.00,0.00,0.00
2018-01-06 21:54:20,99.90,0.00,0.10,0.00,0.00,0.00,0.00,0.00,0.00,0.00,0.00,835.80,833.00,0.00,0.00,0.00,15.20,8.00,0.00,16.00,0.00,0.00,0.00,0.00,0.40,0.00,0.40,0.00,30.40,1416816,0,14242184,90.95,61328,571720,14493608,92.56,13699012,355596,164,13421588,59436,2440,29344,31532,0,0,0.00,0,0.00,3,291,2.40,1.61,0.91,0,0.40,0.00,30.40,76.00,0.00,0.00,0.00,0.00,1.40,2.60,0.11,0.51,0.00,0.00,0.00,0.00
2018-01-06 21:54:25,99.70,0.00,0.20,0.00,0.00,0.00,0.10,0.00,0.00,0.00,0.40,826.00,852.40,0.00,0.00,0.00,40.00,305.60,0.00,128.00,0.00,0.00,0.00,0.00,4.40,0.00,4.40,0.00,80.00,1416760,0,14242240,90.95,61336,571748,14493608,92.56,13699036,355636,48,13421588,59420,2440,29344,31532,0,0,0.00,0,0.00,5,291,2.37,1.61,0.92,0,4.40,0.00,80.00,18.18,0.00,0.00,0.00,0.00,5.20,7.00,0.65,2.41,0.00,0.00,0.00,0.00
2018-01-06 21:54:30,99.90,0.00,0.10,0.00,0.00,0.00,0.00,0.00,0.00,0.00,0.00,811.20,833.80,0.00,0.00,0.00,8.00,10.80,0.00,18.80,0.00,0.00,0.00,0.00,0.40,0.00,0.40,0.00,16.00,1416792,0,14242208,90.95,61344,571772,14493608,92.56,13699036,355636,136,13421628,59420,2440,29344,31532,0,0,0.00,0,0.00,3,291,2.34,1.62,0.92,0,0.40,0.00,16.00,40.00,0.00,0.00,0.00,0.00,1.40,2.80,0.13,0.61,0.00,0.00,0.00,0.00
2018-01-06 21:54:35,99.80,0.00,0.20,0.00,0.00,0.00,0.00,0.00,0.00,0.00,0.00,817.60,848.80,0.00,0.00,0.00,4.80,12.20,0.00,146.40,0.00,0.00,0.00,0.00,0.40,0.00,0.40,0.00,9.60,1416560,0,14242440,90.95,61352,571796,14493608,92.56,13698536,355660,168,13421076,59404,2440,29344,31532,0,0,0.00,0,0.00,3,291,2.31,1.62,0.93,0,0.40,0.00,9.60,24.00,0.00,0.00,0.00,0.00,1.60,3.20,0.23,1.56,0.00,0.00,0.00,0.00
2018-01-06 21:54:40,100.00,0.00,0.00,0.00,0.00,0.00,0.00,0.00,0.00,0.00,0.00,800.00,833.00,0.00,0.00,0.00,4.80,7.60,0.00,322.80,0.00,0.00,0.00,0.00,0.40,0.00,0.40,0.00,9.60,1415872,0,14243128,90.96,61360,571816,14493608,92.56,13698576,355700,188,13421076,59404,2440,29344,31532,0,0,0.00,0,0.00,3,291,2.29,1.63,0.93,0,0.40,0.00,9.60,24.00,0.00,0.00,0.00,0.00,1.40,2.80,0.13,0.61,0.00,0.00,0.00,0.00
2018-01-06 21:54:45,99.80,0.00,0.20,0.00,0.00,0.00,0.00,0.00,0.00,0.00,0.00,807.00,836.40,0.00,0.00,0.00,3.20,7.60,0.00,16.00,0.00,0.00,0.00,0.00,0.40,0.00,0.40,0.00,6.40,1415872,0,14243128,90.96,61368,571840,14493608,92.56,13698560,355696,212,13421076,59404,2440,29344,31532,0,0,0.00,0,0.00,5,291,2.58,1.70,0.96,0,0.40,0.00,6.40,16.00,0.00,0.00,0.00,0.00,1.80,3.60,0.25,1.67,0.00,0.00,0.00,0.00
2018-01-06 21:54:50,99.80,0.00,0.20,0.00,0.00,0.00,0.00,0.00,0.00,0.00,0.00,797.00,847.20,0.00,0.00,0.00,3.20,8.60,0.00,219.60,0.00,0.00,0.00,0.00,0.40,0.00,0.40,0.00,6.40,1415912,0,14243088,90.96,61372,571868,14493608,92.56,13698644,355736,240,13421096,59404,2440,29344,31532,0,0,0.00,0,0.00,3,291,2.54,1.71,0.97,0,0.40,0.00,6.40,16.00,0.00,0.00,0.00,0.00,1.60,2.40,0.13,0.50,0.00,0.00,0.00,0.00
2018-01-06 21:54:55,99.80,0.00,0.20,0.00,0.00,0.00,0.00,0.00,0.00,0.00,0.00,820.00,838.80,0.00,0.00,0.00,19.20,13.80,0.00,16.00,0.00,0.00,0.00,0.00,1.60,0.00,1.60,0.00,38.40,1415880,0,14243120,90.96,61376,571892,14493608,92.56,13698664,355756,228,13421160,59404,2440,29344,31532,0,0,0.00,0,0.00,3,291,2.50,1.71,0.97,0,1.60,0.00,38.40,24.00,0.00,0.50,0.50,0.08,1.80,3.60,0.25,1.67,0.00,0.00,0.00,0.00
2018-01-06 21:55:00,99.80,0.00,0.10,0.00,0.00,0.00,0.10,0.00,0.00,0.00,0.00,800.20,833.60,0.00,0.00,0.00,42.40,8.20,0.00,17.40,0.00,0.00,0.00,0.00,1.60,0.00,1.60,0.00,84.80,1415912,0,14243088,90.96,61384,571912,14493608,92.56,13698680,355752,72,13421160,59404,2440,29344,31532,0,0,0.00,0,0.00,3,291,2.46,1.72,0.98,0,1.60,0.00,84.80,53.00,0.00,0.50,0.50,0.08,1.60,3.00,0.13,0.62,0.00,0.00,0.00,0.00
2018-01-06 21:55:05,99.80,0.00,0.20,0.00,0.00,0.00,0.00,0.00,0.00,0.00,0.40,813.20,835.80,0.00,0.00,0.00,7.20,171.60,0.00,68.40,0.00,0.00,0.00,0.00,0.40,0.00,0.40,0.00,14.40,1415788,0,14243212,90.96,61392,571936,14493608,92.56,13698704,355792,140,13421172,59428,2440,29344,31532,0,0,0.00,0,0.00,4,291,2.42,1.72,0.98,0,0.40,0.00,14.40,36.00,0.00,2.00,2.00,0.08,1.60,3.20,0.23,1.56,0.00,0.00,0.00,0.00
2018-01-06 21:55:10,78.44,0.00,0.20,0.00,0.00,0.00,0.00,0.00,0.00,21.36,0.00,829.00,772.00,0.00,0.00,0.00,10.40,8.00,0.00,16.40,0.00,0.00,0.00,0.00,0.40,0.00,0.40,0.00,20.80,1415788,0,14243212,90.96,61400,571964,14493608,92.56,13698708,355792,212,13421180,59428,2440,29344,31532,0,0,0.00,0,0.00,1,291,2.31,1.71,0.98,0,0.40,0.00,20.80,52.00,0.00,2.00,2.00,0.08,2.20,4.00,0.26,2.55,0.00,0.00,0.00,0.00
2018-01-06 21:55:15,69.72,0.00,0.10,0.00,0.10,0.00,0.00,0.00,0.00,30.08,1.60,964.20,904.40,0.00,0.00,0.00,11.20,51.80,0.00,277.00,0.00,0.00,0.00,0.00,0.40,0.00,0.40,0.00,22.40,1415360,0,14243640,90.96,61408,571996,14493608,92.56,13699596,355784,284,13422016,59420,2504,29344,31532,0,0,0.00,0,0.00,4,299,2.28,1.72,0.99,0,0.40,0.00,22.40,56.00,0.00,2.00,2.00,0.08,82.20,51.40,639.25,6.37,0.00,0.00,0.00,0.00
2018-01-06 21:55:20,99.80,0.00,0.20,0.00,0.00,0.00,0.00,0.00,0.00,0.00,0.00,796.20,861.20,0.00,0.00,0.00,12.80,8.60,0.00,799.40,0.00,0.00,0.00,0.00,0.40,0.00,0.40,0.00,25.60,1410764,0,14248236,90.99,61412,572016,14493608,92.56,13704036,355788,320,13426372,59476,2504,29344,31532,0,0,0.00,0,0.00,4,299,2.34,1.74,1.00,0,0.40,0.00,25.60,64.00,0.00,0.00,0.00,0.00,1.40,2.60,0.11,0.51,0.00,0.00,0.00,0.00
2018-01-06 21:55:25,99.80,0.00,0.20,0.00,0.00,0.00,0.00,0.00,0.00,0.00,0.00,797.60,810.40,0.00,0.00,0.00,18.40,106.20,0.00,45.80,0.00,0.00,0.00,0.00,1.40,0.00,1.40,0.00,36.80,1408592,0,14250408,91.00,61416,572040,14461292,92.35,13706444,355796,304,13428784,59476,2504,29348,31532,0,0,0.00,0,0.00,4,299,2.31,1.74,1.00,0,1.40,0.00,36.80,26.29,0.00,0.00,0.00,0.00,1.80,3.60,0.25,1.21,0.00,0.00,0.00,0.00
2018-01-06 21:55:30,99.80,0.00,0.20,0.00,0.00,0.00,0.00,0.00,0.00,0.00,0.00,799.40,871.60,0.00,0.00,0.00,5.60,7.80,0.00,470.80,0.00,0.00,0.00,0.00,0.40,0.00,0.40,0.00,11.20,1400340,0,14258660,91.06,61424,572064,14461292,92.35,13714588,355808,348,13436924,59440,2504,29348,31532,0,0,0.00,0,0.00,4,299,2.29,1.75,1.01,0,0.40,0.00,11.20,28.00,0.00,0.00,0.00,0.00,1.40,2.80,0.13,0.61,0.00,0.00,0.00,0.00
2018-01-06 21:55:35,100.00,0.00,0.00,0.00,0.00,0.00,0.00,0.00,0.00,0.00,0.00,807.80,846.40,0.00,0.00,0.00,55.20,9.60,0.00,15.80,0.00,0.00,0.00,0.00,4.60,0.00,4.60,0.00,110.40,1400444,0,14258556,91.06,61424,572092,14461292,92.35,13714552,355816,84,13436872,59440,2504,29348,31532,0,0,0.00,0,0.00,5,299,2.26,1.75,1.02,0,4.60,0.00,110.40,24.00,0.00,0.00,0.00,0.00,1.60,3.20,0.23,1.10,0.00,0.00,0.00,0.00
2018-01-06 21:55:40,99.90,0.00,0.10,0.00,0.00,0.00,0.00,0.00,0.00,0.00,0.00,793.80,833.60,0.00,0.00,0.00,8.00,8.20,0.00,15.60,0.00,0.00,0.00,0.00,0.40,0.00,0.40,0.00,16.00,1400444,0,14258556,91.06,61432,572112,14461292,92.35,13714564,355832,140,13436904,59440,2504,29348,31532,0,0,0.00,0,0.00,4,299,2.24,1.75,1.02,0,0.40,0.00,16.00,40.00,0.00,2.00,2.00,0.08,1.40,2.80,0.13,0.61,0.00,0.00,0.00,0.00
2018-01-06 21:55:45,99.90,0.00,0.10,0.00,0.00,0.00,0.00,0.00,0.00,0.00,0.00,787.00,820.40,0.00,0.00,0.00,6.40,10.00,0.00,16.00,0.00,0.00,0.00,0.00,1.20,0.00,1.20,0.00,12.80,1400444,0,14258556,91.06,61436,572136,14461292,92.35,13714608,355848,152,13436928,59440,2504,29348,31532,0,0,0.00,0,0.00,4,299,2.22,1.76,1.03,0,1.20,0.00,12.80,10.67,0.00,0.67,0.67,0.08,1.80,3.60,0.25,1.21,0.00,0.00,0.00,0.00
2018-01-06 21:55:50,99.90,0.00,0.10,0.00,0.00,0.00,0.00,0.00,0.00,0.00,0.00,799.40,853.40,0.00,0.00,0.00,14.40,9.60,0.00,846.20,0.00,0.00,0.00,0.00,0.60,0.00,0.60,0.00,28.80,1399508,0,14259492,91.06,61448,572160,14461292,92.35,13714756,355864,220,13437068,59424,2504,29348,31532,0,0,0.00,0,0.00,5,299,2.20,1.76,1.03,0,0.60,0.00,28.80,48.00,0.00,2.67,1.33,0.08,1.20,2.40,0.11,0.50,0.00,0.00,0.00,0.00
2018-01-06 21:55:55,99.90,0.00,0.10,0.00,0.00,0.00,0.00,0.00,0.00,0.00,0.00,799.40,831.20,0.00,0.00,0.00,18.40,15.00,0.00,16.20,0.00,0.00,0.00,0.00,1.40,0.00,1.40,0.00,36.80,1399572,0,14259428,91.06,61456,572188,14461292,92.35,13714764,355912,228,13437060,59408,2504,29348,31532,0,0,0.00,0,0.00,4,299,2.19,1.77,1.04,0,1.40,0.00,36.80,26.29,0.00,0.57,0.57,0.08,2.00,3.80,0.26,1.22,0.00,0.00,0.00,0.00
2018-01-06 21:56:00,99.80,0.00,0.20,0.00,0.00,0.00,0.00,0.00,0.00,0.00,0.00,789.60,834.00,0.00,0.00,0.00,57.60,11.60,0.00,17.20,0.00,0.00,0.00,0.00,4.60,0.00,4.60,0.00,115.20,1399604,0,14259396,91.06,61464,572212,14461292,92.35,13714812,355912,32,13437092,59408,2504,29348,31532,0,0,0.00,0,0.00,4,299,2.17,1.77,1.04,0,4.60,0.00,115.20,25.04,0.00,0.00,0.00,0.00,1.40,2.80,0.13,0.61,0.00,0.00,0.00,0.00
2018-01-06 21:56:05,99.50,0.00,0.30,0.00,0.00,0.00,0.10,0.00,0.00,0.10,0.00,814.60,848.20,0.00,0.00,0.00,8.00,9.40,0.00,375.20,0.00,0.00,0.00,0.00,0.40,0.00,0.40,0.00,16.00,1399412,0,14259588,91.06,61468,572232,14461292,92.35,13715320,355940,112,13437512,59404,2504,29348,31532,0,0,0.00,0,0.00,2,299,2.16,1.77,1.05,0,0.40,0.00,16.00,40.00,0.00,0.00,0.00,0.00,1.60,3.20,0.23,1.10,0.00,0.00,0.00,0.00
2018-01-06 21:56:10,99.90,0.00,0.10,0.00,0.00,0.00,0.00,0.00,0.00,0.00,0.00,869.80,820.60,0.00,0.00,0.00,29.60,19.40,0.00,120.80,0.00,0.00,0.00,0.00,2.80,0.00,2.80,0.00,59.20,1401528,0,14257472,91.05,61476,572256,14461292,92.35,13713224,355960,52,13435468,59396,2504,29348,31532,0,0,0.00,0,0.00,3,299,2.15,1.78,1.05,0,2.80,0.00,59.20,21.14,0.00,0.00,0.00,0.00,1.60,3.00,0.13,0.62,0.00,0.00,0.00,0.00
2018-01-06 21:56:15,47.47,0.00,0.30,0.00,0.00,0.00,0.00,0.00,0.00,52.22,1.20,985.40,806.20,0.00,0.00,0.00,8.00,34.20,0.00,324.60,0.00,0.00,0.00,0.00,0.40,0.00,0.40,0.00,16.00,1401644,0,14257356,91.05,61480,572284,14461292,92.35,13713104,355964,140,13435324,59404,2440,29348,31532,0,0,0.00,0,0.00,5,297,1.97,1.75,1.05,0,0.40,0.00,16.00,40.00,0.00,0.00,0.00,0.00,86.80,58.80,640.69,40.98,0.00,0.00,0.00,0.00
2018-01-06 21:56:20,99.70,0.00,0.30,0.00,0.00,0.00,0.00,0.00,0.00,0.00,0.00,819.80,863.40,0.00,0.00,0.00,52.80,9.60,0.00,17.00,0.00,0.00,0.00,0.00,5.00,0.00,5.00,0.00,105.60,1401644,0,14257356,91.05,61484,572308,14461292,92.35,13713172,355968,32,13435372,59420,2488,29348,31532,0,0,0.00,0,0.00,3,297,1.98,1.75,1.05,0,5.00,0.00,105.60,21.12,0.00,0.00,0.00,0.00,2.20,3.20,0.20,0.64,0.00,0.00,0.00,0.00
2018-01-06 21:56:25,99.80,0.00,0.20,0.00,0.00,0.00,0.00,0.00,0.00,0.00,0.40,834.00,852.00,0.00,0.00,0.00,8.00,246.60,0.00,34.60,0.00,0.00,0.00,0.00,0.40,0.00,0.40,0.00,16.00,1400852,0,14258148,91.05,61484,572332,14461292,92.35,13713984,355988,112,13436220,59420,2504,29608,31532,0,0,0.00,0,0.00,4,299,1.98,1.76,1.06,0,0.40,0.00,16.00,40.00,0.00,0.00,0.00,0.00,4.00,5.20,0.55,1.81,0.00,0.00,0.00,0.00
2018-01-06 21:56:30,99.80,0.00,0.20,0.00,0.00,0.00,0.00,0.00,0.00,0.00,0.00,812.00,845.60,0.00,0.00,0.00,5.60,21.00,0.00,18.20,0.00,0.00,0.00,0.00,0.40,0.00,0.40,0.00,11.20,1400804,0,14258196,91.05,61492,572356,14461292,92.35,13714108,355988,148,13436312,59436,2504,29612,31532,0,0,0.00,0,0.00,3,299,1.98,1.76,1.06,0,0.40,0.00,11.20,28.00,0.00,0.00,0.00,0.00,2.20,3.80,0.19,0.69,0.00,0.00,0.00,0.00
2018-01-06 21:56:35,99.80,0.00,0.20,0.00,0.00,0.00,0.00,0.00,0.00,0.00,0.00,801.00,823.20,0.00,0.00,0.00,4.00,46.00,0.00,22.80,0.00,0.00,0.00,0.00,0.40,0.00,0.40,0.00,8.00,1400432,0,14258568,91.06,61492,572384,14461292,92.35,13714424,356012,176,13436560,59468,2504,29612,31532,0,0,0.00,0,0.00,3,299,1.98,1.76,1.07,0,0.40,0.00,8.00,20.00,0.00,0.00,0.00,0.00,2.00,3.60,0.26,1.14,0.00,0.00,0.00,0.00
2018-01-06 21:56:40,99.80,0.00,0.20,0.00,0.00,0.00,0.00,0.00,0.00,0.00,0.00,821.40,841.20,0.00,0.00,0.00,3.20,19.60,0.00,105.20,0.00,0.00,0.00,0.00,0.40,0.00,0.40,0.00,6.40,1401752,0,14257248,91.05,61496,572404,14461292,92.35,13713248,356012,204,13435404,59420,2488,29348,31532,0,0,0.00,0,0.00,3,297,1.98,1.77,1.07,0,0.40,0.00,6.40,16.00,0.00,0.00,0.00,0.00,2.00,3.40,0.17,0.65,0.00,0.00,0.00,0.00
2018-01-06 21:56:45,99.90,0.00,0.00,0.00,0.00,0.00,0.10,0.00,0.00,0.00,0.00,807.20,842.60,0.00,0.00,0.00,4.00,7.60,0.00,16.00,0.00,0.00,0.00,0.00,0.40,0.00,0.40,0.00,8.00,1401628,0,14257372,91.05,61500,572424,14461292,92.35,13713280,356024,228,13435424,59420,2488,29348,31532,0,0,0.00,0,0.00,3,297,1.98,1.77,1.08,0,0.40,0.00,8.00,20.00,0.00,0.00,0.00,0.00,1.80,3.60,0.25,1.21,0.00,0.00,0.00,0.00
2018-01-06 21:56:50,99.80,0.00,0.20,0.00,0.00,0.00,0.00,0.00,0.00,0.00,0.00,809.00,845.60,0.00,0.00,0.00,16.80,12.80,0.00,15.40,0.00,0.00,0.00,0.00,1.80,0.00,1.80,0.00,33.60,1401628,0,14257372,91.05,61508,572448,14461292,92.35,13713344,356032,216,13435472,59420,2488,29348,31532,0,0,0.00,0,0.00,4,297,1.99,1.78,1.08,0,1.80,0.00,33.60,18.67,0.00,0.00,0.00,0.00,1.20,2.40,0.11,0.50,0.00,0.00,0.00,0.00
2018-01-06 21:56:55,99.90,0.00,0.10,0.00,0.00,0.00,0.00,0.00,0.00,0.00,0.00,841.20,858.60,0.00,0.00,0.00,41.60,15.80,0.00,42.40,0.00,0.00,0.00,0.00,1.40,0.00,1.40,0.00,83.20,1401968,0,14257032,91.05,61516,572472,14461292,92.35,13712936,356072,72,13435024,59420,2488,29348,31532,0,0,0.00,0,0.00,3,297,2.07,1.80,1.09,0,1.40,0.00,83.20,59.43,0.00,0.00,0.00,0.00,2.00,3.80,0.26,1.22,0.00,0.00,0.00,0.00
2018-01-06 21:57:00,99.90,0.00,0.10,0.00,0.00,0.00,0.00,0.00,0.00,0.00,0.00,800.80,839.80,0.00,0.00,0.00,8.00,9.80,0.00,15.60,0.00,0.00,0.00,0.00,0.40,0.00,0.40,0.00,16.00,1401852,0,14257148,91.05,61524,572500,14461292,92.35,13712944,356072,140,13435068,59412,2488,29348,31532,0,0,0.00,0,0.00,3,297,2.06,1.80,1.10,0,0.40,0.00,16.00,40.00,0.00,0.00,0.00,0.00,1.40,2.80,0.13,0.61,0.00,0.00,0.00,0.00
2018-01-06 21:57:05,99.60,0.00,0.40,0.00,0.00,0.00,0.00,0.00,0.00,0.00,0.00,810.20,839.00,0.00,0.00,0.00,4.00,10.00,0.00,18.20,0.00,0.00,0.00,0.00,0.40,0.00,0.40,0.00,8.00,1401744,0,14257256,91.05,61532,572520,14461292,92.35,13712976,356096,164,13435108,59428,2488,29348,31532,0,0,0.00,0,0.00,3,297,2.06,1.80,1.10,0,0.40,0.00,8.00,20.00,0.00,0.00,0.00,0.00,1.60,3.20,0.23,1.10,0.00,0.00,0.00,0.00
2018-01-06 21:57:10,99.80,0.00,0.20,0.00,0.00,0.00,0.00,0.00,0.00,0.00,0.00,805.20,842.80,0.00,0.00,0.00,4.80,7.40,0.00,15.80,0.00,0.00,0.00,0.00,0.60,0.00,0.60,0.00,9.60,1401744,0,14257256,91.05,61536,572544,14461292,92.35,13713052,356112,184,13435108,59428,2488,29348,31532,0,0,0.00,0,0.00,3,297,2.05,1.81,1.11,0,0.60,0.00,9.60,16.00,0.00,0.00,0.00,0.00,1.60,3.00,0.13,0.62,0.00,0.00,0.00,0.00
2018-01-06 21:57:15,99.10,0.00,0.20,0.00,0.00,0.00,0.20,0.00,0.00,0.50,0.00,870.80,1049.20,0.00,0.00,0.00,3.20,11.40,0.00,568.40,0.00,0.00,0.00,0.00,0.40,0.00,0.40,0.00,6.40,1401272,0,14257728,91.05,61540,572568,14461292,92.35,13713124,356136,220,13435148,59404,2488,29348,31532,0,0,0.00,0,0.00,3,297,2.05,1.81,1.11,0,0.40,0.00,6.40,16.00,0.00,0.00,0.00,0.00,162.60,77.20,1385.36,6.38,0.00,0.00,0.00,0.00
2018-01-06 21:57:20,99.80,0.00,0.20,0.00,0.00,0.00,0.00,0.00,0.00,0.00,0.00,818.20,864.40,0.00,0.00,0.00,29.60,10.20,0.00,39.60,0.00,0.00,0.00,0.00,1.20,0.00,1.20,0.00,59.20,1401444,0,14257556,91.05,61548,572596,14461292,92.35,13712724,356160,252,13434744,59404,2440,29348,31532,0,0,0.00,0,0.00,3,291,2.04,1.81,1.12,0,1.20,0.00,59.20,49.33,0.00,0.00,0.00,0.00,1.40,2.60,0.11,0.51,0.00,0.00,0.00,0.00
2018-01-06 21:57:25,99.80,0.00,0.20,0.00,0.00,0.00,0.00,0.00,0.00,0.00,0.00,809.80,865.80,0.00,0.00,0.00,5.60,8.00,0.00,16.00,0.00,0.00,0.00,0.00,0.40,0.00,0.40,0.00,11.20,1401444,0,14257556,91.05,61552,572620,14461292,92.35,13712724,356160,288,13434744,59404,2440,29348,31532,0,0,0.00,0,0.00,5,291,2.04,1.82,1.12,0,0.40,0.00,11.20,28.00,0.00,0.00,0.00,0.00,1.80,3.60,0.25,1.67,0.00,0.00,0.00,0.00
2018-01-06 21:57:30,99.80,0.00,0.20,0.00,0.00,0.00,0.00,0.00,0.00,0.00,0.60,801.40,856.00,0.00,0.00,0.00,65.60,71.20,0.00,42.80,0.00,0.00,0.00,0.00,5.00,0.00,5.00,0.00,131.20,1399068,0,14259932,91.07,61560,572640,14461292,92.35,13712748,356172,36,13436920,59396,2440,29348,31532,0,0,0.00,0,0.00,3,292,2.04,1.82,1.12,0,5.00,0.00,131.20,26.24,0.00,0.00,0.00,0.00,1.40,2.80,0.13,0.61,0.00,0.00,0.00,0.00
2018-01-06 21:57:35,99.90,0.00,0.10,0.00,0.00,0.00,0.00,0.00,0.00,0.00,0.00,785.80,844.00,0.00,0.00,0.00,8.80,7.20,0.00,15.80,0.00,0.00,0.00,0.00,0.40,0.00,0.40,0.00,17.60,1399008,0,14259992,91.07,61564,572664,14461292,92.35,13712828,356188,108,13436864,59412,2448,29352,31532,0,0,0.00,0,0.00,3,292,2.03,1.82,1.13,0,0.40,0.00,17.60,44.00,0.00,0.00,0.00,0.00,1.60,3.20,0.23,1.56,0.00,0.00,0.00,0.00
2018-01-06 21:57:40,99.90,0.00,0.10,0.00,0.00,0.00,0.00,0.00,0.00,0.00,0.00,828.60,883.40,0.00,0.00,0.00,3.20,12.00,0.00,69.40,0.00,0.00,0.00,0.00,0.40,0.00,0.40,0.00,6.40,1397920,0,14261080,91.07,61572,572688,14461292,92.35,13715884,356200,140,13437852,59412,2448,29356,31532,0,0,0.00,0,0.00,5,292,2.03,1.83,1.13,0,0.40,0.00,6.40,16.00,0.00,0.00,0.00,0.00,1.40,2.80,0.13,0.61,0.00,0.00,0.00,0.00
2018-01-06 21:57:45,26.21,0.00,0.30,0.00,0.10,0.00,0.00,0.00,0.00,73.39,1.60,989.00,773.60,0.00,0.00,0.00,4.80,38.40,0.00,278.60,0.00,0.00,0.00,0.00,0.40,0.00,0.40,0.00,9.60,1396800,0,14262200,91.08,61576,572716,14461292,92.35,13716428,356236,192,13438396,59412,2512,29356,31532,0,0,0.00,0,0.00,3,300,1.87,1.79,1.13,0,0.40,0.00,9.60,24.00,0.00,0.00,0.00,0.00,82.40,55.80,639.65,7.92,0.00,0.00,0.00,0.00
2018-01-06 21:57:50,99.90,0.00,0.10,0.00,0.00,0.00,0.00,0.00,0.00,0.00,0.00,803.80,839.20,0.00,0.00,0.00,21.60,8.40,0.00,15.80,0.00,0.00,0.00,0.00,0.60,0.00,0.60,0.00,43.20,1396956,0,14262044,91.08,61588,572744,14461292,92.35,13716448,356236,304,13438412,59476,2512,29356,31532,0,0,0.00,0,0.00,3,300,2.12,1.85,1.15,0,0.60,0.00,43.20,72.00,0.00,0.00,0.00,0.00,1.60,2.80,0.12,0.52,0.00,0.00,0.00,0.00
2018-01-06 21:57:55,99.90,0.00,0.10,0.00,0.00,0.00,0.00,0.00,0.00,0.00,0.00,799.20,837.60,0.00,0.00,0.00,3.20,8.20,0.00,17.00,0.00,0.00,0.00,0.00,0.40,0.00,0.40,0.00,6.40,1396980,0,14262020,91.08,61596,572768,14461292,92.35,13716464,356256,328,13438412,59452,2512,29356,31532,0,0,0.00,0,0.00,4,300,2.11,1.85,1.15,0,0.40,0.00,6.40,16.00,0.00,0.00,0.00,0.00,1.80,3.60,0.25,1.21,0.00,0.00,0.00,0.00
2018-01-06 21:58:00,99.90,0.00,0.10,0.00,0.00,0.00,0.00,0.00,0.00,0.00,0.00,800.60,839.40,0.00,0.00,0.00,18.40,10.80,0.00,16.00,0.00,0.00,0.00,0.00,1.40,0.00,1.40,0.00,36.80,1396980,0,14262020,91.08,61604,572792,14461292,92.35,13716508,356276,312,13438416,59452,2512,29356,31532,0,0,0.00,0,0.00,5,300,2.10,1.85,1.16,0,1.40,0.00,36.80,26.29,0.00,0.00,0.00,0.00,1.20,2.40,0.11,0.53,0.00,0.00,0.00,0.00
2018-01-06 21:58:05,99.90,0.00,0.00,0.00,0.00,0.00,0.10,0.00,0.00,0.00,0.00,774.40,809.20,0.00,0.00,0.00,60.80,8.80,0.00,17.40,0.00,0.00,0.00,0.00,5.40,0.00,5.40,0.00,121.60,1396972,0,14262028,91.08,61608,572820,14427912,92.14,13716500,356316,76,13438396,59460,2512,29356,31532,0,0,0.00,0,0.00,3,300,2.09,1.86,1.16,0,5.40,0.00,121.60,22.52,0.00,0.00,0.00,0.00,1.60,3.20,0.23,1.10,0.00,0.00,0.00,0.00
2018-01-06 21:58:10,99.80,0.00,0.20,0.00,0.00,0.00,0.00,0.00,0.00,0.00,0.00,793.20,845.60,0.00,0.00,0.00,28.00,13.00,0.00,15.80,0.00,0.00,0.00,0.00,3.00,0.00,3.00,0.00,56.00,1396808,0,14262192,91.08,61612,572840,14427912,92.14,13716552,356312,36,13438464,59468,2512,29356,31532,0,0,0.00,0,0.00,3,300,2.09,1.86,1.17,0,3.00,0.00,56.00,18.67,0.00,0.00,0.00,0.00,1.60,3.00,0.13,0.62,0.00,0.00,0.00,0.00
2018-01-06 21:58:15,99.90,0.00,0.10,0.00,0.00,0.00,0.00,0.00,0.00,0.00,0.00,810.60,851.60,0.00,0.00,0.00,28.80,10.60,0.00,18.00,0.00,0.00,0.00,0.00,3.00,0.00,3.00,0.00,57.60,1396940,0,14262060,91.08,61620,572864,14427912,92.14,13716600,356320,36,13438464,59460,2512,29356,31532,0,0,0.00,0,0.00,3,300,2.08,1.86,1.17,0,3.00,0.00,57.60,19.20,0.00,0.27,0.27,0.08,1.80,3.60,0.25,1.21,0.00,0.00,0.00,0.00
2018-01-06 21:58:20,99.90,0.00,0.10,0.00,0.00,0.00,0.00,0.00,0.00,0.00,0.00,822.80,835.00,0.00,0.00,0.00,7.20,17.20,0.00,41.20,0.00,0.00,0.00,0.00,0.40,0.00,0.40,0.00,14.40,1396948,0,14262052,91.08,61628,572888,14427912,92.14,13716136,356360,128,13438012,59484,2512,29356,31532,0,0,0.00,0,0.00,3,300,2.15,1.88,1.18,0,0.40,0.00,14.40,36.00,0.00,0.00,0.00,0.00,1.20,2.40,0.11,0.50,0.00,0.00,0.00,0.00
2018-01-06 21:58:25,99.80,0.00,0.20,0.00,0.00,0.00,0.00,0.00,0.00,0.00,0.00,805.20,840.00,0.00,0.00,0.00,5.60,9.80,0.00,16.80,0.00,0.00,0.00,0.00,0.40,0.00,0.40,0.00,11.20,1396840,0,14262160,91.08,61636,572916,14427912,92.14,13716144,356360,156,13438060,59468,2512,29356,31532,0,0,0.00,0,0.00,6,300,2.14,1.88,1.19,0,0.40,0.00,11.20,28.00,0.00,0.00,0.00,0.00,1.80,3.60,0.25,1.21,0.00,0.00,0.00,0.00
2018-01-06 21:58:30,100.00,0.00,0.00,0.00,0.00,0.00,0.00,0.00,0.00,0.00,0.00,793.80,834.80,0.00,0.00,0.00,36.80,11.80,0.00,19.80,0.00,0.00,0.00,0.00,3.00,0.00,3.00,0.00,73.60,1396840,0,14262160,91.08,61644,572940,14427912,92.14,13716252,356384,36,13438100,59468,2512,29356,31532,0,0,0.00,0,0.00,3,299,2.13,1.88,1.19,0,3.00,0.00,73.60,24.53,0.02,7.20,7.20,2.16,1.40,2.80,0.13,0.61,0.00,0.00,0.00,0.00
2018-01-06 21:58:35,100.00,0.00,0.00,0.00,0.00,0.00,0.00,0.00,0.00,0.00,0.00,803.20,835.40,0.00,0.00,0.00,8.00,11.00,0.00,15.80,0.00,0.00,0.00,0.00,0.40,0.00,0.40,0.00,16.00,1396972,0,14262028,91.08,61652,572960,14427912,92.14,13716220,356404,116,13438084,59468,2504,29356,31532,0,0,0.00,0,0.00,3,299,2.28,1.92,1.21,0,0.40,0.00,16.00,40.00,0.00,2.00,2.00,0.08,1.60,3.20,0.23,1.10,0.00,0.00,0.00,0.00
2018-01-06 21:58:40,99.80,0.00,0.20,0.00,0.00,0.00,0.00,0.00,0.00,0.00,0.00,794.20,842.40,0.00,0.00,0.00,29.60,10.00,0.00,15.60,0.00,0.00,0.00,0.00,2.40,0.00,2.40,0.00,59.20,1396964,0,14262036,91.08,61656,572984,14427912,92.14,13716280,356420,36,13438084,59476,2504,29356,31532,0,0,0.00,0,0.00,3,299,2.26,1.92,1.21,0,2.40,0.00,59.20,24.67,0.00,0.33,0.33,0.08,1.40,2.80,0.13,0.61,0.00,0.00,0.00,0.00
2018-01-06 21:58:45,90.28,0.00,0.10,0.00,0.00,0.00,0.00,0.00,0.00,9.62,0.00,849.80,821.00,0.00,0.00,0.00,7.20,12.20,0.00,54.20,0.00,0.00,0.00,0.00,0.40,0.00,0.40,0.00,14.40,1397492,0,14261508,91.08,61664,573012,14427912,92.14,13715804,356456,132,13437584,59468,2440,29356,31532,0,0,0.00,0,0.00,0,291,2.24,1.92,1.21,0,0.40,0.00,14.40,36.00,0.00,2.00,2.00,0.08,2.80,5.20,0.30,18.94,0.00,0.00,0.00,0.00
2018-01-06 21:58:50,68.34,0.00,0.10,0.00,0.00,0.00,0.00,0.00,0.00,31.56,0.00,924.20,896.80,0.00,0.00,0.00,4.80,10.20,0.00,272.20,0.00,0.00,0.00,0.00,0.40,0.00,0.40,0.00,9.60,1397392,0,14261608,91.08,61672,573036,14427912,92.14,13715816,356456,164,13437612,59444,2440,29356,31532,0,0,0.00,0,0.00,3,291,2.22,1.92,1.22,0,0.40,0.00,9.60,24.00,0.00,0.00,0.00,0.00,78.40,46.60,638.68,4.84,0.00,0.00,0.00,0.00
2018-01-06 21:58:55,99.90,0.00,0.10,0.00,0.00,0.00,0.00,0.00,0.00,0.00,0.00,796.60,834.80,0.00,0.00,0.00,54.40,10.80,0.00,18.00,0.00,0.00,0.00,0.00,4.80,0.00,4.80,0.00,108.80,1397416,0,14261584,91.08,61680,573056,14427912,92.14,13715848,356476,36,13437616,59452,2440,29356,31532,0,0,0.00,0,0.00,4,291,2.20,1.92,1.22,0,4.80,0.00,108.80,22.67,0.00,0.00,0.00,0.00,2.20,4.00,0.26,1.22,0.00,0.00,0.00,0.00
2018-01-06 21:59:00,99.90,0.00,0.10,0.00,0.00,0.00,0.00,0.00,0.00,0.00,0.00,821.80,832.00,0.00,0.00,0.00,28.80,14.60,0.00,812.60,0.00,0.00,0.00,0.00,3.20,0.00,3.20,0.00,57.60,1413116,0,14245884,90.98,61688,573080,14427912,92.14,13699972,356512,36,13421712,59452,2440,29328,31532,0,0,0.00,0,0.00,3,291,2.18,1.93,1.23,0,3.20,0.00,57.60,18.00,0.00,0.00,0.00,0.00,1.40,2.80,0.13,0.61,0.00,0.00,0.00,0.00
2018-01-06 21:59:05,99.70,0.00,0.20,0.00,0.00,0.00,0.10,0.00,0.00,0.00,0.00,776.00,803.40,0.00,0.00,0.00,7.20,8.60,0.00,17.40,0.00,0.00,0.00,0.00,0.40,0.00,0.40,0.00,14.40,1413240,0,14245760,90.97,61696,573100,14396980,91.94,13699952,356524,88,13421680,59452,2440,29328,31532,0,0,0.00,0,0.00,3,291,2.17,1.93,1.23,0,0.40,0.00,14.40,36.00,0.00,0.00,0.00,0.00,1.60,3.20,0.23,1.10,0.00,0.00,0.00,0.00
2018-01-06 21:59:10,99.90,0.00,0.10,0.00,0.00,0.00,0.00,0.00,0.00,0.00,0.00,784.80,826.20,0.00,0.00,0.00,0.00,8.20,0.00,15.60,0.00,0.00,0.00,0.00,0.00,0.00,0.00,0.00,0.00,1413240,0,14245760,90.97,61696,573132,14396980,91.94,13699952,356532,144,13421696,59452,2440,29328,31532,0,0,0.00,0,0.00,3,291,2.15,1.93,1.24,0,0.00,0.00,0.00,0.00,0.00,0.00,0.00,0.00,1.40,2.80,0.13,0.61,0.00,0.00,0.00,0.00
2018-01-06 21:59:15,99.80,0.00,0.10,0.00,0.00,0.00,0.10,0.00,0.00,0.00,0.00,802.00,827.00,0.00,0.00,0.00,3.20,11.00,0.00,16.20,0.00,0.00,0.00,0.00,0.40,0.00,0.40,0.00,6.40,1413240,0,14245760,90.97,61704,573152,14396980,91.94,13700004,356568,168,13421756,59452,2440,29328,31532,0,0,0.00,0,0.00,3,291,2.14,1.93,1.24,0,0.40,0.00,6.40,16.00,0.00,2.00,2.00,0.08,2.00,3.80,0.26,1.22,0.00,0.00,0.00,0.00
2018-01-06 21:59:20,99.90,0.00,0.10,0.00,0.00,0.00,0.00,0.00,0.00,0.00,0.00,784.60,828.80,0.00,0.00,0.00,39.20,11.60,0.00,15.40,0.00,0.00,0.00,0.00,3.20,0.00,3.20,0.00,78.40,1413332,0,14245668,90.97,61708,573176,14396980,91.94,13700076,356564,36,13421804,59452,2440,29328,31532,0,0,0.00,0,0.00,3,291,2.13,1.93,1.24,0,3.20,0.00,78.40,24.50,0.00,0.25,0.25,0.08,1.20,2.40,0.11,0.50,0.00,0.00,0.00,0.00
2018-01-06 21:59:25,100.00,0.00,0.00,0.00,0.00,0.00,0.00,0.00,0.00,0.00,0.00,786.20,826.00,0.00,0.00,0.00,8.00,10.20,0.00,17.60,0.00,0.00,0.00,0.00,0.40,0.00,0.40,0.00,16.00,1413240,0,14245760,90.97,61716,573200,14396980,91.94,13700116,356576,124,13421828,59452,2440,29328,31532,0,0,0.00,0,0.00,3,291,2.12,1.93,1.25,0,0.40,0.00,16.00,40.00,0.00,2.00,2.00,0.08,1.80,3.60,0.25,1.21,0.00,0.00,0.00,0.00
2018-01-06 21:59:30,99.90,0.00,0.10,0.00,0.00,0.00,0.00,0.00,0.00,0.00,0.00,800.20,825.00,0.00,0.00,0.00,5.60,11.60,0.00,15.80,0.00,0.00,0.00,0.00,0.40,0.00,0.40,0.00,11.20,1413240,0,14245760,90.97,61720,573228,14396980,91.94,13700168,356616,152,13421896,59452,2440,29328,31532,0,0,0.00,0,0.00,3,291,2.11,1.93,1.25,0,0.40,0.00,11.20,28.00,0.00,2.00,2.00,0.08,1.60,3.00,0.15,0.63,0.00,0.00,0.00,0.00
2018-01-06 21:59:35,99.90,0.00,0.10,0.00,0.00,0.00,0.00,0.00,0.00,0.00,0.00,799.00,832.80,0.00,0.00,0.00,3.20,9.20,0.00,16.00,0.00,0.00,0.00,0.00,0.40,0.00,0.40,0.00,6.40,1413240,0,14245760,90.97,61724,573248,14396980,91.94,13700244,356612,172,13421940,59452,2440,29328,31532,0,0,0.00,0,0.00,3,291,2.10,1.93,1.25,0,0.40,0.00,6.40,16.00,0.00,2.00,2.00,0.08,1.80,3.40,0.24,1.11,0.00,0.00,0.00,0.00
2018-01-06 21:59:40,99.90,0.00,0.10,0.00,0.00,0.00,0.00,0.00,0.00,0.00,0.00,779.00,828.60,0.00,0.00,0.00,39.20,9.40,0.00,15.80,0.00,0.00,0.00,0.00,2.40,0.00,2.40,0.00,78.40,1413240,0,14245760,90.97,61728,573272,14396980,91.94,13700296,356620,36,13421940,59452,2440,29328,31532,0,0,0.00,0,0.00,3,291,2.09,1.93,1.26,0,2.40,0.00,78.40,32.67,0.00,0.33,0.33,0.08,1.60,3.00,0.13,0.62,0.00,0.00,0.00,0.00
2018-01-06 21:59:45,99.30,0.00,0.20,0.00,0.00,0.00,0.40,0.00,0.00,0.10,0.00,877.80,1074.40,0.00,0.00,0.00,8.00,147.00,0.00,812.40,0.00,0.00,0.00,0.00,0.40,0.00,0.40,0.00,16.00,1410728,0,14248272,90.99,61736,573296,14396980,91.94,13702400,356652,136,13424076,59452,2440,29328,31532,0,0,0.00,0,0.00,3,291,2.09,1.93,1.26,0,0.40,0.00,16.00,40.00,0.00,0.00,0.00,0.00,190.60,97.80,1105.15,1102.37,0.00,0.00,0.00,0.00
2018-01-06 21:59:50,99.90,0.00,0.10,0.00,0.00,0.00,0.00,0.00,0.00,0.00,0.00,794.20,846.20,0.00,0.00,0.00,20.80,7.20,0.00,15.60,0.00,0.00,0.00,0.00,0.60,0.00,0.60,0.00,41.60,1410844,0,14248156,90.99,61744,573320,14396980,91.94,13702436,356652,236,13424080,59460,2440,29328,31532,0,0,0.00,0,0.00,3,291,2.08,1.94,1.27,0,0.60,0.00,41.60,69.33,0.00,0.00,0.00,0.00,1.40,2.60,0.11,0.51,0.00,0.00,0.00,0.00
2018-01-06 21:59:55,99.90,0.00,0.10,0.00,0.00,0.00,0.00,0.00,0.00,0.00,0.00,798.80,848.80,0.00,0.00,0.00,3.20,7.00,0.00,17.60,0.00,0.00,0.00,0.00,0.40,0.00,0.40,0.00,6.40,1410876,0,14248124,90.99,61748,573348,14396980,91.94,13702452,356672,264,13424080,59460,2440,29328,31532,0,0,0.00,0,0.00,3,291,2.07,1.94,1.27,0,0.40,0.00,6.40,16.00,0.00,0.00,0.00,0.00,1.80,3.60,0.25,1.67,0.00,0.00,0.00,0.00
2018-01-06 22:00:00,100.00,0.00,0.00,0.00,0.00,0.00,0.00,0.00,0.00,0.00,0.00,802.80,850.00,0.00,0.00,0.00,3.20,7.20,0.00,16.00,0.00,0.00,0.00,0.00,0.40,0.00,0.40,0.00,6.40,1410760,0,14248240,90.99,61756,573368,14396980,91.94,13702468,356684,284,13424080,59452,2440,29328,31532,0,0,0.00,0,0.00,3,291,2.07,1.94,1.27,0,0.40,0.00,6.40,16.00,0.00,0.00,0.00,0.00,1.40,2.80,0.13,0.61,0.00,0.00,0.00,0.00
2018-01-06 22:00:05,92.49,0.00,0.20,0.00,0.00,0.00,0.00,0.00,0.00,7.31,0.00,815.57,827.54,0.00,0.00,0.00,3.19,8.58,0.00,16.57,0.00,0.00,0.00,0.00,0.40,0.00,0.40,0.00,6.39,1410760,0,14248240,90.99,61764,573392,14396980,91.94,13702484,356700,308,13424104,59452,2440,29328,31532,0,0,0.00,0,0.00,1,291,2.06,1.94,1.28,0,0.40,0.00,6.39,16.00,0.00,0.00,0.00,0.00,2.40,4.39,0.36,3.50,0.00,0.00,0.00,0.00
2018-01-06 22:00:10,46.88,0.00,0.20,0.10,0.10,0.00,0.00,0.00,0.00,52.72,1.60,960.20,826.40,0.00,0.00,0.00,26.40,38.80,0.00,276.60,0.00,0.00,0.00,0.00,1.40,0.00,1.40,0.00,52.80,1409936,0,14249064,91.00,61768,573424,14396980,91.94,13703096,356740,308,13424644,59468,2504,29328,31532,0,0,0.00,0,0.00,3,299,2.06,1.94,1.28,0,1.40,0.00,52.80,37.71,0.00,0.00,0.00,0.00,82.20,50.40,639.11,6.46,0.00,0.00,0.00,0.00
2018-01-06 22:00:15,99.70,0.00,0.20,0.00,0.00,0.00,0.10,0.00,0.00,0.00,0.00,803.60,835.20,0.00,0.00,0.00,75.20,8.40,0.00,19.60,0.00,0.00,0.00,0.00,5.20,0.00,5.20,0.00,150.40,1409944,0,14249056,91.00,61772,573452,14396980,91.94,13703100,356740,64,13424644,59428,2504,29328,31532,0,0,0.00,0,0.00,3,299,2.05,1.94,1.29,0,5.20,0.00,150.40,28.92,0.00,0.15,0.15,0.08,2.20,4.00,0.26,1.22,0.00,0.00,0.00,0.00
2018-01-06 22:00:20,99.80,0.00,0.20,0.00,0.00,0.00,0.00,0.00,0.00,0.00,0.00,811.00,822.00,0.00,0.00,0.00,11.20,12.40,0.00,762.60,0.00,0.00,0.00,0.00,0.80,0.00,0.80,0.00,22.40,1424312,0,14234688,90.90,61784,573472,14361076,91.71,13688300,356752,132,13409820,59428,2504,29328,31532,0,0,0.00,0,0.00,6,299,2.05,1.94,1.29,0,0.80,0.00,22.40,28.00,0.00,0.00,0.00,0.00,1.40,2.60,0.12,0.51,0.00,0.00,0.00,0.00
2018-01-06 22:00:25,99.80,0.00,0.20,0.00,0.00,0.00,0.00,0.00,0.00,0.00,0.00,795.80,821.00,0.00,0.00,0.00,0.00,10.80,0.00,16.20,0.00,0.00,0.00,0.00,0.00,0.00,0.00,0.00,0.00,1424496,0,14234504,90.90,61784,573496,14361076,91.71,13688300,356784,164,13409820,59428,2504,29304,31532,0,0,0.00,0,0.00,4,299,2.04,1.94,1.29,0,0.00,0.00,0.00,0.00,0.00,0.00,0.00,0.00,2.00,3.80,0.26,1.22,0.00,0.00,0.00,0.00
2018-01-06 22:00:30,99.70,0.00,0.30,0.00,0.00,0.00,0.00,0.00,0.00,0.00,0.00,791.00,808.20,0.00,0.00,0.00,4.00,9.20,0.00,16.80,0.00,0.00,0.00,0.00,0.40,0.00,0.40,0.00,8.00,1424488,0,14234512,90.90,61792,573520,14361076,91.71,13688328,356804,192,13409824,59436,2504,29304,31532,0,0,0.00,0,0.00,4,299,2.04,1.94,1.30,0,0.40,0.00,8.00,20.00,0.00,0.00,0.00,0.00,1.40,2.80,0.13,0.61,0.00,0.00,0.00,0.00
2018-01-06 22:00:35,99.90,0.00,0.10,0.00,0.00,0.00,0.00,0.00,0.00,0.00,0.00,792.40,827.20,0.00,0.00,0.00,3.20,9.00,0.00,15.80,0.00,0.00,0.00,0.00,0.40,0.00,0.40,0.00,6.40,1424480,0,14234520,90.90,61796,573548,14361076,91.71,13688328,356804,220,13409856,59444,2504,29304,31532,0,0,0.00,0,0.00,3,299,2.04,1.94,1.30,0,0.40,0.00,6.40,16.00,0.00,0.00,0.00,0.00,1.60,3.20,0.23,1.10,0.00,0.00,0.00,0.00
2018-01-06 22:00:40,99.90,0.00,0.10,0.00,0.00,0.00,0.00,0.00,0.00,0.00,0.00,788.60,824.00,0.00,0.00,0.00,17.60,9.20,0.00,15.80,0.00,0.00,0.00,0.00,1.40,0.00,1.40,0.00,35.20,1424480,0,14234520,90.90,61800,573568,14361076,91.71,13688380,356824,200,13409856,59444,2504,29304,31532,0,0,0.00,0,0.00,3,299,2.03,1.95,1.31,0,1.40,0.00,35.20,25.14,0.00,0.00,0.00,0.00,1.60,3.00,0.13,0.62,0.00,0.00,0.00,0.00
2018-01-06 22:00:45,99.90,0.00,0.10,0.00,0.00,0.00,0.00,0.00,0.00,0.00,0.00,813.60,837.00,0.00,0.00,0.00,51.20,15.40,0.00,16.00,0.00,0.00,0.00,0.00,3.60,0.00,3.60,0.00,102.40,1424324,0,14234676,90.90,61808,573592,14361076,91.71,13688432,356828,32,13409900,59444,2504,29304,31532,0,0,0.00,0,0.00,3,299,2.03,1.95,1.31,0,3.60,0.00,102.40,28.44,0.00,0.00,0.00,0.00,1.80,3.60,0.25,1.21,0.00,0.00,0.00,0.00
2018-01-06 22:00:50,99.80,0.00,0.20,0.00,0.00,0.00,0.00,0.00,0.00,0.00,0.40,791.80,828.60,0.00,0.00,0.00,8.00,232.00,0.00,33.80,0.00,0.00,0.00,0.00,0.40,0.00,0.40,0.00,16.00,1423448,0,14235552,90.91,61812,573616,14361076,91.71,13689152,356848,116,13410640,59444,2504,29500,31532,0,0,0.00,0,0.00,3,301,2.03,1.95,1.31,0,0.40,0.00,16.00,40.00,0.00,0.00,0.00,0.00,1.80,3.20,0.14,0.85,0.00,0.00,0.00,0.00
2018-01-06 22:00:55,99.80,0.00,0.20,0.00,0.00,0.00,0.00,0.00,0.00,0.00,0.00,820.00,838.60,0.00,0.00,0.00,4.00,84.40,0.00,110.00,0.00,0.00,0.00,0.00,0.40,0.00,0.40,0.00,8.00,1424356,0,14234644,90.90,61820,573640,14361076,91.71,13688560,356884,156,13410024,59472,2504,29304,31532,0,0,0.00,0,0.00,3,299,2.03,1.95,1.32,0,0.40,0.00,8.00,20.00,0.00,0.00,0.00,0.00,4.60,5.80,0.62,1.58,0.00,0.00,0.00,0.00
2018-01-06 22:01:00,99.90,0.00,0.10,0.00,0.00,0.00,0.00,0.00,0.00,0.00,0.00,831.80,847.00,0.00,0.00,0.00,5.60,13.80,0.00,41.40,0.00,0.00,0.00,0.00,0.40,0.00,0.40,0.00,11.20,1424604,0,14234396,90.90,61828,573664,14361076,91.71,13688116,356884,184,13409548,59472,2504,29304,31532,0,0,0.00,0,0.00,4,299,2.02,1.95,1.32,0,0.40,0.00,11.20,28.00,0.00,0.00,0.00,0.00,1.40,2.80,0.13,0.61,0.00,0.00,0.00,0.00
2018-01-06 22:01:05,99.90,0.00,0.10,0.00,0.00,0.00,0.00,0.00,0.00,0.00,0.00,800.40,828.60,0.00,0.00,0.00,3.20,10.00,0.00,15.80,0.00,0.00,0.00,0.00,0.40,0.00,0.40,0.00,6.40,1424572,0,14234428,90.90,61836,573688,14361076,91.71,13688144,356900,208,13409600,59472,2504,29304,31532,0,0,0.00,0,0.00,3,299,2.02,1.95,1.32,0,0.40,0.00,6.40,16.00,0.00,0.00,0.00,0.00,1.60,3.20,0.23,1.10,0.00,0.00,0.00,0.00
2018-01-06 22:01:10,64.06,0.00,0.30,0.00,0.00,0.00,0.00,0.00,0.00,35.64,0.00,865.00,750.20,0.00,0.00,0.00,3.20,10.80,0.00,131.80,0.00,0.00,0.00,0.00,0.40,0.00,0.40,0.00,6.40,1425008,0,14233992,90.90,61844,573712,14361076,91.71,13687688,356936,248,13409088,59452,2440,29304,31532,0,0,0.00,0,0.00,2,291,1.86,1.92,1.32,0,0.40,0.00,6.40,16.00,0.00,0.00,0.00,0.00,26.40,22.00,190.16,66.81,0.00,0.00,0.00,0.00
2018-01-06 22:01:15,91.58,0.00,0.10,0.00,0.00,0.00,0.20,0.00,0.00,8.12,1.20,975.80,970.40,0.00,0.00,0.00,20.80,33.40,0.00,217.40,0.00,0.00,0.00,0.00,1.40,0.00,1.40,0.00,41.60,1425016,0,14233984,90.90,61848,573736,14361076,91.71,13688100,356952,276,13409500,59412,2488,29304,31532,0,0,0.00,0,0.00,3,297,1.87,1.92,1.32,0,1.40,0.00,41.60,29.71,0.00,0.00,0.00,0.00,63.80,46.20,450.91,7.70,0.00,0.00,0.00,0.00
2018-01-06 22:01:20,100.00,0.00,0.00,0.00,0.00,0.00,0.00,0.00,0.00,0.00,0.00,832.40,841.20,0.00,0.00,0.00,63.20,8.00,0.00,15.80,0.00,0.00,0.00,0.00,3.40,0.00,3.40,0.00,126.40,1425016,0,14233984,90.90,61856,573764,14361076,91.71,13688136,356952,128,13409500,59412,2488,29304,31532,0,0,0.00,0,0.00,3,297,1.88,1.92,1.32,0,3.40,0.00,126.40,37.18,0.00,0.00,0.00,0.00,1.60,2.80,0.12,0.52,0.00,0.00,0.00,0.00
2018-01-06 22:01:25,99.80,0.00,0.20,0.00,0.00,0.00,0.00,0.00,0.00,0.00,0.00,815.00,847.40,0.00,0.00,0.00,7.20,8.00,0.00,17.80,0.00,0.00,0.00,0.00,0.60,0.00,0.60,0.00,14.40,1425048,0,14233952,90.90,61864,573784,14361076,91.71,13688152,356972,124,13409500,59412,2488,29304,31532,0,0,0.00,0,0.00,3,297,1.89,1.92,1.33,0,0.60,0.00,14.40,24.00,0.00,0.00,0.00,0.00,2.00,3.60,0.26,1.21,0.00,0.00,0.00,0.00
2018-01-06 22:01:30,99.60,0.00,0.40,0.00,0.00,0.00,0.00,0.00,0.00,0.00,0.00,792.20,822.40,0.00,0.00,0.00,4.00,18.60,0.00,325.00,0.00,0.00,0.00,0.00,0.40,0.00,0.40,0.00,8.00,1414684,0,14244316,90.97,61872,573808,14361076,91.71,13698484,357008,156,13419808,59412,2488,29324,31532,0,0,0.00,0,0.00,3,297,2.14,1.97,1.35,0,0.40,0.00,8.00,20.00,0.00,0.00,0.00,0.00,1.40,2.80,0.13,0.61,0.00,0.00,0.00,0.00
2018-01-06 22:01:35,100.00,0.00,0.00,0.00,0.00,0.00,0.00,0.00,0.00,0.00,0.00,805.40,846.00,0.00,0.00,0.00,4.00,8.20,0.00,16.20,0.00,0.00,0.00,0.00,0.40,0.00,0.40,0.00,8.00,1414684,0,14244316,90.97,61876,573832,14361076,91.71,13698468,357008,188,13419804,59412,2488,29324,31532,0,0,0.00,0,0.00,3,297,2.13,1.97,1.35,0,0.40,0.00,8.00,20.00,0.00,0.00,0.00,0.00,2.00,3.60,0.25,1.12,0.00,0.00,0.00,0.00
2018-01-06 22:01:40,99.90,0.00,0.10,0.00,0.00,0.00,0.00,0.00,0.00,0.00,0.00,828.00,853.80,0.00,0.00,0.00,5.60,13.40,0.00,606.80,0.00,0.00,0.00,0.00,0.80,0.00,0.80,0.00,11.20,1426412,0,14232588,90.89,61884,573860,14361076,91.71,13686696,357020,216,13408040,59412,2488,29304,31532,0,0,0.00,0,0.00,3,297,2.12,1.97,1.35,0,0.80,0.00,11.20,14.00,0.00,0.00,0.00,0.00,1.40,2.80,0.13,0.61,0.00,0.00,0.00,0.00
2018-01-06 22:01:45,99.90,0.00,0.10,0.00,0.00,0.00,0.00,0.00,0.00,0.00,0.00,818.40,841.60,0.00,0.00,0.00,18.40,12.40,0.00,16.00,0.00,0.00,0.00,0.00,1.40,0.00,1.40,0.00,36.80,1426380,0,14232620,90.89,61888,573880,14361076,91.71,13686744,357044,228,13408060,59412,2488,29304,31532,0,0,0.00,0,0.00,4,297,2.11,1.98,1.36,0,1.40,0.00,36.80,26.29,0.00,0.57,0.57,0.08,1.80,3.60,0.25,1.21,0.00,0.00,0.00,0.00
2018-01-06 22:01:50,99.80,0.00,0.20,0.00,0.00,0.00,0.00,0.00,0.00,0.00,0.00,802.20,841.80,0.00,0.00,0.00,67.20,11.40,0.00,15.40,0.00,0.00,0.00,0.00,5.60,0.00,5.60,0.00,134.40,1426256,0,14232744,90.89,61896,573904,14361076,91.71,13686776,357056,76,13408120,59412,2488,29304,31532,0,0,0.00,0,0.00,3,297,2.10,1.98,1.36,0,5.60,0.00,134.40,24.00,0.00,0.14,0.14,0.08,1.20,2.40,0.11,0.50,0.00,0.00,0.00,0.00
2018-01-06 22:01:55,100.00,0.00,0.00,0.00,0.00,0.00,0.00,0.00,0.00,0.00,0.00,813.20,843.00,0.00,0.00,0.00,27.20,11.60,0.00,18.00,0.00,0.00,0.00,0.00,2.80,0.00,2.80,0.00,54.40,1426296,0,14232704,90.89,61900,573928,14361076,91.71,13686848,357076,116,13408148,59404,2488,29304,31532,0,0,0.00,0,0.00,3,297,2.09,1.98,1.36,0,2.80,0.00,54.40,19.43,0.00,0.29,0.29,0.08,1.80,3.60,0.25,1.21,0.00,0.00,0.00,0.00
2018-01-06 22:02:00,99.80,0.00,0.20,0.00,0.00,0.00,0.00,0.00,0.00,0.00,0.00,818.40,837.20,0.00,0.00,0.00,7.20,11.80,0.00,18.00,0.00,0.00,0.00,0.00,0.40,0.00,0.40,0.00,14.40,1426328,0,14232672,90.89,61904,573952,14361076,91.71,13686892,357088,112,13408192,59372,2488,29304,31532,0,0,0.00,0,0.00,4,297,2.09,1.98,1.37,0,0.40,0.00,14.40,36.00,0.00,2.00,2.00,0.08,1.40,2.80,0.13,0.61,0.00,0.00,0.00,0.00
2018-01-06 22:02:05,99.90,0.00,0.10,0.00,0.00,0.00,0.00,0.00,0.00,0.00,0.00,785.80,822.80,0.00,0.00,0.00,32.00,9.60,0.00,15.80,0.00,0.00,0.00,0.00,3.00,0.00,3.00,0.00,64.00,1426204,0,14232796,90.89,61908,573976,14361076,91.71,13686928,357104,0,13408204,59372,2488,29304,31532,0,0,0.00,0,0.00,3,297,2.08,1.98,1.37,0,3.00,0.00,64.00,21.33,0.00,0.27,0.27,0.08,1.60,3.20,0.23,1.10,0.00,0.00,0.00,0.00
2018-01-06 22:02:10,99.00,0.00,0.30,0.00,0.00,0.00,0.40,0.00,0.00,0.30,0.00,878.40,1199.20,0.00,0.00,0.00,8.00,152.00,0.00,1310.00,0.00,0.00,0.00,0.00,0.40,0.00,0.40,0.00,16.00,1422232,0,14236768,90.92,61916,574000,14361076,91.71,13691256,357132,124,13412528,59372,2488,29320,31532,0,0,0.00,0,0.00,3,297,2.07,1.98,1.37,0,0.40,0.00,16.00,40.00,0.00,2.00,2.00,0.08,269.00,150.20,1390.68,2074.70,0.00,0.00,0.00,0.00
2018-01-06 22:02:15,99.90,0.00,0.10,0.00,0.00,0.00,0.00,0.00,0.00,0.00,0.00,866.60,881.80,0.00,0.00,0.00,52.80,15.20,0.00,143.40,0.00,0.00,0.00,0.00,4.60,0.00,4.60,0.00,105.60,1423612,0,14235388,90.91,61924,574024,14361076,91.71,13688872,357152,12,13410072,59372,2440,29320,31532,0,0,0.00,0,0.00,4,291,2.07,1.98,1.38,0,4.60,0.00,105.60,22.96,0.00,0.17,0.17,0.08,2.40,4.20,0.27,1.69,0.00,0.00,0.00,0.00
2018-01-06 22:02:20,99.90,0.00,0.10,0.00,0.00,0.00,0.00,0.00,0.00,0.00,0.00,802.80,858.20,0.00,0.00,0.00,24.00,9.00,0.00,17.00,0.00,0.00,0.00,0.00,2.80,0.00,2.80,0.00,48.00,1423612,0,14235388,90.91,61932,574048,14361076,91.71,13688872,357152,100,13410076,59372,2440,29320,31532,0,0,0.00,0,0.00,3,291,2.06,1.98,1.38,0,2.80,0.00,48.00,17.14,0.00,0.29,0.29,0.08,1.20,2.40,0.11,0.50,0.00,0.00,0.00,0.00
2018-01-06 22:02:25,99.80,0.00,0.10,0.00,0.00,0.00,0.10,0.00,0.00,0.00,0.00,816.20,859.60,0.00,0.00,0.00,7.20,7.60,0.00,16.00,0.00,0.00,0.00,0.00,0.40,0.00,0.40,0.00,14.40,1423644,0,14235356,90.91,61940,574072,14361076,91.71,13688884,357176,96,13410080,59372,2440,29320,31532,0,0,0.00,0,0.00,3,291,2.06,1.98,1.39,0,0.40,0.00,14.40,36.00,0.00,2.00,2.00,0.08,1.80,3.60,0.25,1.67,0.00,0.00,0.00,0.00
2018-01-06 22:02:30,99.80,0.00,0.10,0.00,0.00,0.00,0.00,0.00,0.00,0.10,0.00,813.40,858.40,0.00,0.00,0.00,4.80,7.80,0.00,16.20,0.00,0.00,0.00,0.00,0.40,0.00,0.40,0.00,9.60,1423644,0,14235356,90.91,61948,574096,14361076,91.71,13688900,357192,132,13410080,59372,2440,29320,31532,0,0,0.00,0,0.00,3,291,2.13,2.00,1.39,0,0.40,0.00,9.60,24.00,0.00,2.00,2.00,0.08,2.00,3.20,0.15,0.63,0.00,0.00,0.00,0.00
2018-01-06 22:02:35,72.76,0.00,0.00,0.00,0.00,0.00,0.00,0.00,0.00,27.24,0.00,841.80,758.20,0.00,0.00,0.00,4.00,7.20,0.00,16.80,0.00,0.00,0.00,0.00,0.40,0.00,0.40,0.00,8.00,1423644,0,14235356,90.91,61952,574120,14361076,91.71,13688912,357212,164,13410084,59372,2440,29320,31532,0,0,0.00,0,0.00,1,291,1.96,1.96,1.39,0,0.40,0.00,8.00,20.00,0.00,2.00,2.00,0.08,2.60,4.60,0.37,3.51,0.00,0.00,0.00,0.00
2018-01-06 22:02:40,71.01,0.00,0.30,0.00,0.10,0.00,0.00,0.00,0.00,28.59,2.00,956.40,916.60,0.00,0.00,0.00,4.00,276.00,0.00,297.40,0.00,0.00,0.00,0.00,0.40,0.00,0.40,0.00,8.00,1422540,0,14236460,90.92,61960,574156,14361076,91.71,13690280,357248,228,13411480,59372,2520,29580,31532,0,0,0.00,0,0.00,3,301,1.96,1.96,1.39,0,0.40,0.00,8.00,20.00,0.00,2.00,2.00,0.08,84.80,57.80,639.65,7.13,0.00,0.00,0.00,0.00
2018-01-06 22:02:45,99.80,0.00,0.20,0.00,0.00,0.00,0.00,0.00,0.00,0.00,0.00,815.60,842.80,0.00,0.00,0.00,12.00,19.00,0.00,18.00,0.00,0.00,0.00,0.00,0.40,0.00,0.40,0.00,24.00,1422384,0,14236616,90.92,61968,574184,14361076,91.71,13690364,357260,288,13411544,59404,2520,29584,31532,0,0,0.00,0,0.00,3,301,1.97,1.96,1.39,0,0.40,0.00,24.00,60.00,0.00,0.00,0.00,0.00,2.40,4.40,0.29,1.26,0.00,0.00,0.00,0.00
2018-01-06 22:02:50,99.90,0.00,0.10,0.00,0.00,0.00,0.00,0.00,0.00,0.00,0.00,827.20,843.20,0.00,0.00,0.00,20.00,61.40,0.00,258.00,0.00,0.00,0.00,0.00,1.20,0.00,1.20,0.00,40.00,1426456,0,14232544,90.89,61976,574200,14361076,91.71,13686448,357284,320,13407556,59424,2504,29316,31532,0,0,0.00,0,0.00,4,299,1.97,1.96,1.40,0,1.20,0.00,40.00,33.33,0.00,0.00,0.00,0.00,2.00,3.00,0.16,0.55,0.00,0.00,0.00,0.00
2018-01-06 22:02:55,100.00,0.00,0.00,0.00,0.00,0.00,0.00,0.00,0.00,0.00,0.00,799.40,823.40,0.00,0.00,0.00,51.20,10.40,0.00,20.20,0.00,0.00,0.00,0.00,3.60,0.00,3.60,0.00,102.40,1426456,0,14232544,90.89,61980,574224,14361076,91.71,13686440,357296,132,13407540,59424,2504,29316,31532,0,0,0.00,0,0.00,3,299,1.97,1.97,1.40,0,3.60,0.00,102.40,28.44,0.00,0.00,0.00,0.00,2.00,3.80,0.27,1.23,0.00,0.00,0.00,0.00
2018-01-06 22:03:00,99.90,0.00,0.10,0.00,0.00,0.00,0.00,0.00,0.00,0.00,0.00,793.80,846.00,0.00,0.00,0.00,7.20,8.00,0.00,15.60,0.00,0.00,0.00,0.00,0.40,0.00,0.40,0.00,14.40,1426424,0,14232576,90.89,61988,574240,14361076,91.71,13686440,357300,116,13407552,59424,2504,29316,31532,0,0,0.00,0,0.00,4,299,1.97,1.97,1.40,0,0.40,0.00,14.40,36.00,0.00,0.00,0.00,0.00,1.40,2.80,0.13,0.61,0.00,0.00,0.00,0.00
2018-01-06 22:03:05,99.90,0.00,0.10,0.00,0.00,0.00,0.00,0.00,0.00,0.00,0.00,803.60,837.80,0.00,0.00,0.00,3.20,10.40,0.00,17.40,0.00,0.00,0.00,0.00,0.80,0.00,0.80,0.00,6.40,1426456,0,14232544,90.89,61992,574268,14361076,91.71,13686456,357320,168,13407604,59424,2504,29316,31532,0,0,0.00,0,0.00,4,299,1.98,1.97,1.41,0,0.80,0.00,6.40,8.00,0.00,0.00,0.00,0.00,1.60,3.20,0.23,1.10,0.00,0.00,0.00,0.00
2018-01-06 22:03:10,99.80,0.00,0.20,0.00,0.00,0.00,0.00,0.00,0.00,0.00,0.00,796.00,835.20,0.00,0.00,0.00,8.00,10.00,0.00,17.20,0.00,0.00,0.00,0.00,0.40,0.00,0.40,0.00,16.00,1426348,0,14232652,90.89,61996,574296,14361076,91.71,13686548,357336,192,13407652,59408,2504,29316,31532,0,0,0.00,0,0.00,3,299,1.98,1.97,1.41,0,0.40,0.00,16.00,40.00,0.00,0.00,0.00,0.00,1.40,2.80,0.13,0.61,0.00,0.00,0.00,0.00
2018-01-06 22:03:15,99.90,0.00,0.10,0.00,0.00,0.00,0.00,0.00,0.00,0.00,0.00,792.80,833.00,0.00,0.00,0.00,3.20,8.20,0.00,16.20,0.00,0.00,0.00,0.00,0.40,0.00,0.40,0.00,6.40,1426348,0,14232652,90.89,62004,574320,14361076,91.71,13686596,357344,216,13407672,59408,2504,29316,31532,0,0,0.00,0,0.00,3,299,1.98,1.97,1.41,0,0.40,0.00,6.40,16.00,0.00,0.00,0.00,0.00,2.00,3.80,0.26,1.22,0.00,0.00,0.00,0.00
2018-01-06 22:03:20,99.90,0.00,0.10,0.00,0.00,0.00,0.00,0.00,0.00,0.00,0.00,803.60,837.00,0.00,0.00,0.00,16.80,14.20,0.00,15.40,0.00,0.00,0.00,0.00,2.20,0.00,2.20,0.00,33.60,1426348,0,14232652,90.89,62012,574344,14361076,91.71,13686652,357384,240,13407736,59408,2504,29316,31532,0,0,0.00,0,0.00,4,299,1.98,1.97,1.42,0,2.20,0.00,33.60,15.27,0.00,0.00,0.00,0.00,1.20,2.40,0.11,0.50,0.00,0.00,0.00,0.00
2018-01-06 22:03:25,99.90,0.00,0.10,0.00,0.00,0.00,0.00,0.00,0.00,0.00,0.00,815.80,840.20,0.00,0.00,0.00,5.60,14.40,0.00,196.20,0.00,0.00,0.00,0.00,0.40,0.00,0.40,0.00,11.20,1429876,0,14229124,90.87,62016,574368,14361076,91.71,13683152,357400,272,13404204,59416,2504,29312,31532,0,0,0.00,0,0.00,4,299,1.98,1.97,1.42,0,0.40,0.00,11.20,28.00,0.00,0.00,0.00,0.00,1.80,3.60,0.25,1.21,0.00,0.00,0.00,0.00
2018-01-06 22:03:30,99.90,0.00,0.10,0.00,0.00,0.00,0.00,0.00,0.00,0.00,0.00,785.60,830.00,0.00,0.00,0.00,47.20,7.40,0.00,17.00,0.00,0.00,0.00,0.00,2.80,0.00,2.80,0.00,94.40,1429836,0,14229164,90.87,62020,574392,14361076,91.71,13683172,357400,172,13404204,59424,2504,29312,31532,0,0,0.00,0,0.00,4,299,1.98,1.97,1.42,0,2.80,0.00,94.40,33.71,0.00,0.00,0.00,0.00,1.60,3.00,0.13,0.62,0.00,0.00,0.00,0.00
2018-01-06 22:03:35,99.70,0.00,0.20,0.00,0.00,0.00,0.10,0.00,0.00,0.00,0.00,804.60,835.60,0.00,0.00,0.00,6.40,9.40,0.00,17.40,0.00,0.00,0.00,0.00,0.40,0.00,0.40,0.00,12.80,1429836,0,14229164,90.87,62028,574416,14361076,91.71,13683192,357408,128,13404220,59424,2504,29312,31532,0,0,0.00,0,0.00,3,299,1.99,1.97,1.43,0,0.40,0.00,12.80,32.00,0.00,0.00,0.00,0.00,1.60,3.20,0.23,1.10,0.00,0.00,0.00,0.00
2018-01-06 22:03:40,53.37,0.00,0.20,0.00,0.00,0.00,0.00,0.00,0.00,46.42,0.00,950.20,840.00,0.00,0.00,0.00,4.80,11.60,0.00,307.20,0.00,0.00,0.00,0.00,0.40,0.00,0.40,0.00,9.60,1429816,0,14229184,90.87,62036,574440,14361076,91.71,13682748,357448,160,13403716,59416,2440,29312,31532,0,0,0.00,0,0.00,4,291,2.07,1.99,1.43,0,0.40,0.00,9.60,24.00,0.00,0.00,0.00,0.00,79.80,59.60,639.12,7.42,0.00,0.00,0.00,0.00
2018-01-06 22:03:45,99.70,0.00,0.30,0.00,0.00,0.00,0.00,0.00,0.00,0.00,0.00,821.80,841.20,0.00,0.00,0.00,11.20,8.80,0.00,17.00,0.00,0.00,0.00,0.00,0.40,0.00,0.40,0.00,22.40,1429816,0,14229184,90.87,62044,574464,14361076,91.71,13682748,357448,220,13403720,59416,2440,29312,31532,0,0,0.00,0,0.00,2,291,2.06,1.99,1.44,0,0.40,0.00,22.40,56.00,0.00,0.00,0.00,0.00,2.40,4.20,0.27,1.23,0.00,0.00,0.00,0.00
2018-01-06 22:03:50,99.90,0.00,0.10,0.00,0.00,0.00,0.00,0.00,0.00,0.00,0.00,801.00,834.80,0.00,0.00,0.00,28.80,10.00,0.00,15.40,0.00,0.00,0.00,0.00,1.60,0.00,1.60,0.00,57.60,1429816,0,14229184,90.87,62056,574492,14361076,91.71,13682760,357472,280,13403720,59416,2440,29312,31532,0,0,0.00,0,0.00,2,291,2.06,1.99,1.44,0,1.60,0.00,57.60,36.00,0.00,0.00,0.00,0.00,1.20,2.40,0.11,0.50,0.00,0.00,0.00,0.00
2018-01-06 22:03:55,99.90,0.00,0.10,0.00,0.00,0.00,0.00,0.00,0.00,0.00,0.00,808.80,838.20,0.00,0.00,0.00,5.60,9.60,0.00,17.60,0.00,0.00,0.00,0.00,0.40,0.00,0.40,0.00,11.20,1429832,0,14229168,90.87,62064,574512,14361076,91.71,13682772,357500,288,13403740,59400,2440,29312,31532,0,0,0.00,0,0.00,3,291,2.05,1.99,1.44,0,0.40,0.00,11.20,28.00,0.00,0.00,0.00,0.00,1.80,3.60,0.25,1.21,0.00,0.00,0.00,0.00
2018-01-06 22:04:00,99.80,0.00,0.20,0.00,0.00,0.00,0.00,0.00,0.00,0.00,0.00,814.80,816.60,0.00,0.00,0.00,4.80,13.00,0.00,145.20,0.00,0.00,0.00,0.00,0.40,0.00,0.40,0.00,9.60,1432128,0,14226872,90.85,62072,574536,14361076,91.71,13680244,357532,320,13401164,59400,2440,29308,31532,0,0,0.00,0,0.00,3,291,2.05,1.99,1.45,0,0.40,0.00,9.60,24.00,0.00,0.00,0.00,0.00,1.40,2.80,0.13,0.61,0.00,0.00,0.00,0.00
2018-01-06 22:04:05,99.90,0.00,0.10,0.00,0.00,0.00,0.00,0.00,0.00,0.00,0.00,810.60,837.80,0.00,0.00,0.00,55.20,9.20,0.00,15.80,0.00,0.00,0.00,0.00,4.60,0.00,4.60,0.00,110.40,1432096,0,14226904,90.85,62080,574560,14361076,91.71,13680244,357532,152,13401172,59400,2440,29308,31532,0,0,0.00,0,0.00,4,291,2.04,1.99,1.45,0,4.60,0.00,110.40,24.00,0.00,0.00,0.00,0.00,1.60,3.20,0.23,1.10,0.00,0.00,0.00,0.00
2018-01-06 22:04:10,99.80,0.00,0.20,0.00,0.00,0.00,0.00,0.00,0.00,0.00,0.00,808.60,835.00,0.00,0.00,0.00,7.20,7.60,0.00,17.40,0.00,0.00,0.00,0.00,0.40,0.00,0.40,0.00,14.40,1432096,0,14226904,90.85,62088,574584,14361076,91.71,13680272,357556,132,13401188,59400,2440,29308,31532,0,0,0.00,0,0.00,4,291,2.04,1.99,1.45,0,0.40,0.00,14.40,36.00,0.00,0.00,0.00,0.00,1.60,3.00,0.13,0.62,0.00,0.00,0.00,0.00
2018-01-06 22:04:15,99.80,0.00,0.20,0.00,0.00,0.00,0.00,0.00,0.00,0.00,0.40,815.40,839.80,0.00,0.00,0.00,4.00,230.60,0.00,33.00,0.00,0.00,0.00,0.00,0.40,0.00,0.40,0.00,8.00,1431592,0,14227408,90.86,62096,574608,14361076,91.71,13680944,357576,160,13401876,59400,2440,29504,31532,0,0,0.00,0,0.00,7,293,2.04,1.99,1.45,0,0.40,0.00,8.00,20.00,0.00,0.00,0.00,0.00,2.40,4.40,0.29,1.55,0.00,0.00,0.00,0.00
2018-01-06 22:04:20,99.80,0.00,0.20,0.00,0.00,0.00,0.00,0.00,0.00,0.00,0.00,814.60,840.80,0.00,0.00,0.00,18.40,40.20,0.00,18.60,0.00,0.00,0.00,0.00,1.40,0.00,1.40,0.00,36.80,1431584,0,14227416,90.86,62096,574636,14361076,91.71,13681256,357600,184,13402172,59404,2456,29564,31532,0,0,0.00,0,0.00,4,293,2.03,1.99,1.46,0,1.40,0.00,36.80,26.29,0.00,0.00,0.00,0.00,3.00,4.40,0.41,0.85,0.00,0.00,0.00,0.00
2018-01-06 22:04:25,99.80,0.00,0.20,0.00,0.00,0.00,0.00,0.00,0.00,0.00,0.00,818.20,841.20,0.00,0.00,0.00,5.60,58.20,0.00,105.60,0.00,0.00,0.00,0.00,0.40,0.00,0.40,0.00,11.20,1432144,0,14226856,90.85,62100,574660,14361076,91.71,13680588,357616,192,13401464,59396,2456,29368,31532,0,0,0.00,0,0.00,3,291,2.03,1.99,1.46,0,0.40,0.00,11.20,28.00,0.00,0.00,0.00,0.00,2.40,4.40,0.29,1.26,0.00,0.00,0.00,0.00
2018-01-06 22:04:30,99.90,0.00,0.10,0.00,0.00,0.00,0.00,0.00,0.00,0.00,0.00,797.60,831.40,0.00,0.00,0.00,5.60,9.60,0.00,15.80,0.00,0.00,0.00,0.00,0.40,0.00,0.40,0.00,11.20,1432236,0,14226764,90.85,62108,574680,14361076,91.71,13680476,357608,232,13401372,59388,2440,29308,31532,0,0,0.00,0,0.00,5,291,2.03,1.99,1.46,0,0.40,0.00,11.20,28.00,0.00,0.00,0.00,0.00,1.60,2.60,0.13,0.55,0.00,0.00,0.00,0.00
2018-01-06 22:04:35,99.90,0.00,0.10,0.00,0.00,0.00,0.00,0.00,0.00,0.00,0.00,826.80,835.60,0.00,0.00,0.00,4.00,12.60,0.00,146.20,0.00,0.00,0.00,0.00,0.40,0.00,0.40,0.00,8.00,1434812,0,14224188,90.84,62116,574704,14361076,91.71,13677952,357648,256,13398808,59388,2440,29304,31532,0,0,0.00,0,0.00,4,291,2.03,1.99,1.47,0,0.40,0.00,8.00,20.00,0.00,0.00,0.00,0.00,1.80,3.40,0.24,1.11,0.00,0.00,0.00,0.00
2018-01-06 22:04:40,99.30,0.00,0.20,0.00,0.00,0.00,0.10,0.00,0.00,0.40,0.00,860.00,1022.20,0.00,0.00,0.00,41.60,8.60,0.00,441.60,0.00,0.00,0.00,0.00,2.00,0.00,2.00,0.00,83.20,1434068,0,14224932,90.84,62124,574728,14361076,91.71,13678012,357668,96,13398824,59388,2440,29304,31532,0,0,0.00,0,0.00,4,291,2.02,1.99,1.47,0,2.00,0.00,83.20,41.60,0.00,2.40,0.40,0.08,126.20,62.00,1070.65,4.85,0.00,0.00,0.00,0.00
2018-01-06 22:04:45,100.00,0.00,0.00,0.00,0.00,0.00,0.00,0.00,0.00,0.00,0.00,808.80,856.20,0.00,0.00,0.00,8.00,7.20,0.00,16.40,0.00,0.00,0.00,0.00,0.40,0.00,0.40,0.00,16.00,1434068,0,14224932,90.84,62128,574752,14361076,91.71,13678012,357668,144,13398824,59388,2440,29304,31532,0,0,0.00,0,0.00,4,291,2.02,1.99,1.47,0,0.40,0.00,16.00,40.00,0.00,0.00,0.00,0.00,2.20,4.00,0.26,1.68,0.00,0.00,0.00,0.00
2018-01-06 22:04:50,99.70,0.00,0.30,0.00,0.00,0.00,0.00,0.00,0.00,0.00,0.40,814.40,861.80,0.00,0.00,0.00,18.40,256.80,0.00,35.40,0.00,0.00,0.00,0.00,1.40,0.00,1.40,0.00,36.80,1433492,0,14225508,90.85,62132,574780,14361076,91.71,13678828,357696,168,13399676,59388,2456,29572,31532,0,0,0.00,0,0.00,4,293,2.02,1.99,1.47,0,1.40,0.00,36.80,26.29,0.00,0.00,0.00,0.00,3.80,5.00,0.45,1.18,0.00,0.00,0.00,0.00
2018-01-06 22:04:55,99.80,0.00,0.20,0.00,0.00,0.00,0.00,0.00,0.00,0.00,0.00,818.60,858.80,0.00,0.00,0.00,5.60,45.80,0.00,22.60,0.00,0.00,0.00,0.00,0.40,0.00,0.40,0.00,11.20,1433128,0,14225872,90.85,62136,574800,14361076,91.71,13679176,357696,172,13400012,59412,2456,29576,31532,0,0,0.00,0,0.00,4,293,2.02,1.99,1.48,0,0.40,0.00,11.20,28.00,0.00,0.00,0.00,0.00,2.20,4.00,0.28,1.71,0.00,0.00,0.00,0.00
2018-01-06 22:05:00,88.59,0.00,0.10,0.00,0.00,0.00,0.00,0.00,0.00,11.31,0.00,821.60,822.40,0.00,0.00,0.00,5.60,17.20,0.00,99.80,0.00,0.00,0.00,0.00,0.60,0.00,0.60,0.00,11.20,1434184,0,14224816,90.84,62144,574824,14330136,91.51,13678076,357724,200,13398832,59400,2440,29304,31532,0,0,0.00,0,0.00,1,291,1.94,1.97,1.47,0,0.60,0.00,11.20,18.67,0.00,0.00,0.00,0.00,2.80,4.40,0.30,2.58,0.00,0.00,0.00,0.00
2018-01-06 22:05:05,51.10,0.00,0.40,0.00,0.00,0.00,0.10,0.00,0.00,48.39,2.00,1034.60,913.80,0.00,0.00,0.00,12.00,206.80,0.00,461.60,0.00,0.00,0.00,0.00,0.40,0.00,0.40,0.00,24.00,1436484,0,14222516,90.83,62152,574856,14330136,91.51,13676072,357744,296,13396820,59360,2504,29304,31532,0,0,0.00,0,0.00,4,299,1.94,1.97,1.48,0,0.40,0.00,24.00,60.00,0.00,0.00,0.00,0.00,80.60,54.40,639.60,5.96,0.00,0.00,0.00,0.00
2018-01-06 22:05:10,100.00,0.00,0.00,0.00,0.00,0.00,0.00,0.00,0.00,0.00,0.00,815.20,855.00,0.00,0.00,0.00,15.20,7.40,0.00,16.20,0.00,0.00,0.00,0.00,1.20,0.00,1.20,0.00,30.40,1436468,0,14222532,90.83,62160,574880,14330136,91.51,13676076,357744,348,13396820,59376,2504,29304,31532,0,0,0.00,0,0.00,3,299,1.95,1.97,1.48,0,1.20,0.00,30.40,25.33,0.00,0.00,0.00,0.00,2.00,3.40,0.14,0.63,0.00,0.00,0.00,0.00
2018-01-06 22:05:15,99.80,0.00,0.20,0.00,0.00,0.00,0.00,0.00,0.00,0.00,0.00,801.40,829.00,0.00,0.00,0.00,61.60,8.60,0.00,17.80,0.00,0.00,0.00,0.00,5.40,0.00,5.40,0.00,123.20,1436320,0,14222680,90.83,62164,574904,14330136,91.51,13676084,357768,172,13396820,59368,2504,29304,31532,0,0,0.00,0,0.00,4,299,2.03,1.99,1.49,0,5.40,0.00,123.20,22.81,0.00,0.00,0.00,0.00,2.40,4.40,0.28,1.26,0.00,0.00,0.00,0.00
2018-01-06 22:05:20,99.90,0.00,0.10,0.00,0.00,0.00,0.00,0.00,0.00,0.00,0.00,782.20,828.80,0.00,0.00,0.00,20.80,9.60,0.00,17.20,0.00,0.00,0.00,0.00,1.60,0.00,1.60,0.00,41.60,1436212,0,14222788,90.83,62172,574928,14330136,91.51,13676100,357780,132,13396820,59384,2504,29304,31532,0,0,0.00,0,0.00,4,299,2.03,1.99,1.49,0,1.60,0.00,41.60,26.00,0.00,0.00,0.00,0.00,1.40,2.60,0.11,0.51,0.00,0.00,0.00,0.00
2018-01-06 22:05:25,99.50,0.00,0.50,0.00,0.00,0.00,0.00,0.00,0.00,0.00,0.00,784.60,873.40,0.00,0.00,0.00,5.60,18.80,0.00,675.80,0.00,0.00,0.00,0.00,0.40,0.00,0.40,0.00,11.20,1365564,0,14293436,91.28,62176,574952,14330136,91.51,13747856,357808,156,13468532,59364,2504,29444,31532,0,0,0.00,0,0.00,3,299,2.03,1.99,1.50,0,0.40,0.00,11.20,28.00,0.00,0.00,0.00,0.00,2.00,3.60,0.26,1.21,0.00,0.00,0.00,0.00
2018-01-06 22:05:30,99.90,0.00,0.10,0.00,0.00,0.00,0.00,0.00,0.00,0.00,0.00,801.40,833.00,0.00,0.00,0.00,5.60,8.20,0.00,16.00,0.00,0.00,0.00,0.00,0.40,0.00,0.40,0.00,11.20,1365564,0,14293436,91.28,62180,574976,14330136,91.51,13747856,357808,184,13468540,59364,2504,29444,31532,0,0,0.00,0,0.00,6,299,2.02,1.99,1.50,0,0.40,0.00,11.20,28.00,0.00,0.00,0.00,0.00,1.40,2.80,0.13,0.61,0.00,0.00,0.00,0.00
2018-01-06 22:05:35,99.80,0.00,0.20,0.00,0.00,0.00,0.00,0.00,0.00,0.00,0.00,824.40,841.60,0.00,0.00,0.00,5.60,13.00,0.00,144.40,0.00,0.00,0.00,0.00,0.80,0.00,0.80,0.00,11.20,1367656,0,14291344,91.27,62188,575000,14330136,91.51,13745324,357844,212,13465996,59380,2504,29444,31532,0,0,0.00,0,0.00,3,299,2.02,1.99,1.50,0,0.80,0.00,11.20,14.00,0.00,0.00,0.00,0.00,1.60,3.20,0.23,1.10,0.00,0.00,0.00,0.00
2018-01-06 22:05:40,99.70,0.00,0.20,0.00,0.00,0.00,0.10,0.00,0.00,0.00,0.00,798.20,836.80,0.00,0.00,0.00,4.00,8.60,0.00,16.00,0.00,0.00,0.00,0.00,0.40,0.00,0.40,0.00,8.00,1367664,0,14291336,91.27,62196,575024,14330136,91.51,13745324,357844,228,13466020,59372,2504,29444,31532,0,0,0.00,0,0.00,5,299,2.02,1.99,1.50,0,0.40,0.00,8.00,20.00,0.00,0.00,0.00,0.00,1.40,2.80,0.13,0.61,0.00,0.00,0.00,0.00
2018-01-06 22:05:45,99.90,0.00,0.10,0.00,0.00,0.00,0.00,0.00,0.00,0.00,0.00,798.80,832.60,0.00,0.00,0.00,3.20,10.00,0.00,16.00,0.00,0.00,0.00,0.00,0.40,0.00,0.40,0.00,6.40,1367616,0,14291384,91.27,62200,575048,14330136,91.51,13745360,357860,256,13466064,59388,2504,29444,31532,0,0,0.00,0,0.00,3,299,2.02,1.99,1.51,0,0.40,0.00,6.40,16.00,0.00,2.00,2.00,0.08,1.80,3.60,0.25,1.21,0.00,0.00,0.00,0.00
2018-01-06 22:05:50,99.90,0.00,0.10,0.00,0.00,0.00,0.00,0.00,0.00,0.00,0.00,790.00,833.20,0.00,0.00,0.00,74.40,10.20,0.00,16.20,0.00,0.00,0.00,0.00,4.80,0.00,4.80,0.00,148.80,1367632,0,14291368,91.27,62208,575072,14330136,91.51,13745444,357880,124,13466084,59372,2504,29444,31532,0,0,0.00,0,0.00,3,299,2.02,1.99,1.51,0,4.80,0.00,148.80,31.00,0.00,0.17,0.17,0.08,1.20,2.40,0.11,0.50,0.00,0.00,0.00,0.00
2018-01-06 22:05:55,99.80,0.00,0.10,0.00,0.00,0.00,0.10,0.00,0.00,0.00,0.00,799.00,839.00,0.00,0.00,0.00,8.80,8.60,0.00,17.60,0.00,0.00,0.00,0.00,0.40,0.00,0.40,0.00,17.60,1367540,0,14291460,91.27,62216,575096,14330136,91.51,13745460,357896,120,13466084,59372,2504,29444,31532,0,0,0.00,0,0.00,3,299,2.02,1.99,1.51,0,0.40,0.00,17.60,44.00,0.00,0.00,0.00,0.00,1.80,3.60,0.25,1.21,0.00,0.00,0.00,0.00
2018-01-06 22:06:00,99.90,0.00,0.10,0.00,0.00,0.00,0.00,0.00,0.00,0.00,0.00,791.60,828.20,0.00,0.00,0.00,5.60,8.20,0.00,16.00,0.00,0.00,0.00,0.00,0.40,0.00,0.40,0.00,11.20,1365500,0,14293500,91.28,62224,575120,14330136,91.51,13747516,357920,156,13468132,59364,2504,29448,31532,0,0,0.00,0,0.00,3,299,2.01,1.99,1.51,0,0.40,0.00,11.20,28.00,0.00,2.00,2.00,0.08,1.40,2.80,0.13,0.61,0.00,0.00,0.00,0.00
2018-01-06 22:06:05,52.21,0.00,0.30,0.00,0.10,0.00,0.00,0.00,0.00,47.39,1.20,907.40,728.20,0.00,0.00,0.00,4.80,34.40,0.00,177.60,0.00,0.00,0.00,0.00,0.40,0.00,0.40,0.00,9.60,1368008,0,14290992,91.26,62228,575144,14330136,91.51,13744712,357948,192,13465292,59360,2440,29448,31532,0,0,0.00,0,0.00,1,297,1.85,1.95,1.50,0,0.40,0.00,9.60,24.00,0.00,2.00,2.00,0.08,2.80,4.40,0.43,3.23,0.00,0.00,0.00,0.00
2018-01-06 22:06:10,86.35,0.00,0.20,0.00,0.00,0.00,0.20,0.00,0.00,13.25,0.20,931.20,943.80,0.00,0.00,0.00,4.80,21.40,0.00,277.60,0.00,0.00,0.00,0.00,0.40,0.00,0.40,0.00,9.60,1367772,0,14291228,91.27,62232,575168,14330136,91.51,13745108,357948,224,13465692,59360,2496,29444,31532,0,0,0.00,0,0.00,3,298,1.87,1.96,1.51,0,0.40,0.00,9.60,24.00,0.00,0.00,0.00,0.00,83.00,52.80,639.74,6.36,0.00,0.00,0.00,0.00
2018-01-06 22:06:15,99.80,0.00,0.20,0.00,0.00,0.00,0.00,0.00,0.00,0.00,0.00,825.20,848.20,0.00,0.00,0.00,12.80,9.00,0.00,18.40,0.00,0.00,0.00,0.00,0.40,0.00,0.40,0.00,25.60,1367796,0,14291204,91.27,62240,575192,14330136,91.51,13745168,357924,292,13465700,59368,2496,29444,31532,0,0,0.00,0,0.00,3,298,1.88,1.96,1.51,0,0.40,0.00,25.60,64.00,0.00,0.00,0.00,0.00,2.60,4.00,0.28,1.30,0.00,0.00,0.00,0.00
2018-01-06 22:06:20,99.80,0.00,0.20,0.00,0.00,0.00,0.00,0.00,0.00,0.00,0.00,798.20,833.00,0.00,0.00,0.00,19.20,9.40,0.00,15.60,0.00,0.00,0.00,0.00,1.40,0.00,1.40,0.00,38.40,1367796,0,14291204,91.27,62248,575216,14330136,91.51,13745180,357948,316,13465700,59368,2496,29444,31532,0,0,0.00,0,0.00,3,298,1.89,1.96,1.51,0,1.40,0.00,38.40,27.43,0.00,0.00,0.00,0.00,1.40,2.60,0.12,0.51,0.00,0.00,0.00,0.00
2018-01-06 22:06:25,99.90,0.00,0.10,0.00,0.00,0.00,0.00,0.00,0.00,0.00,0.00,800.80,826.60,0.00,0.00,0.00,53.60,9.40,0.00,23.00,0.00,0.00,0.00,0.00,4.00,0.00,4.00,0.00,107.20,1367836,0,14291164,91.26,62256,575232,14330136,91.51,13745152,357952,124,13465612,59336,2488,29444,31532,0,0,0.00,0,0.00,3,297,1.89,1.96,1.51,0,4.00,0.00,107.20,26.80,0.00,0.00,0.00,0.00,2.00,3.80,0.26,1.29,0.00,0.00,0.00,0.00
2018-01-06 22:06:30,100.00,0.00,0.00,0.00,0.00,0.00,0.00,0.00,0.00,0.00,0.00,804.00,835.60,0.00,0.00,0.00,0.00,7.60,0.00,15.60,0.00,0.00,0.00,0.00,0.00,0.00,0.00,0.00,0.00,1367828,0,14291172,91.26,62256,575264,14330136,91.51,13745152,357960,96,13465612,59344,2488,29444,31532,0,0,0.00,0,0.00,5,297,1.90,1.96,1.52,0,0.00,0.00,0.00,0.00,0.00,0.00,0.00,0.00,1.40,2.80,0.13,0.61,0.00,0.00,0.00,0.00
2018-01-06 22:06:35,99.90,0.00,0.10,0.00,0.00,0.00,0.00,0.00,0.00,0.00,0.00,831.00,832.40,0.00,0.00,0.00,8.00,13.60,0.00,144.40,0.00,0.00,0.00,0.00,0.80,0.00,0.80,0.00,16.00,1369968,0,14289032,91.25,62264,575288,14330136,91.51,13742604,357972,148,13463072,59344,2488,29440,31532,0,0,0.00,0,0.00,4,297,1.91,1.96,1.52,0,0.80,0.00,16.00,20.00,0.00,0.00,0.00,0.00,1.60,3.20,0.23,1.18,0.00,0.00,0.00,0.00
2018-01-06 22:06:40,99.90,0.00,0.10,0.00,0.00,0.00,0.00,0.00,0.00,0.00,0.00,808.20,838.40,0.00,0.00,0.00,4.00,9.40,0.00,15.60,0.00,0.00,0.00,0.00,0.40,0.00,0.40,0.00,8.00,1369968,0,14289032,91.25,62272,575312,14330136,91.51,13742632,357996,172,13463112,59344,2488,29440,31532,0,0,0.00,0,0.00,3,297,1.92,1.96,1.52,0,0.40,0.00,8.00,20.00,0.00,0.00,0.00,0.00,1.40,2.80,0.13,0.61,0.00,0.00,0.00,0.00
2018-01-06 22:06:45,99.90,0.00,0.10,0.00,0.00,0.00,0.00,0.00,0.00,0.00,0.00,809.80,837.00,0.00,0.00,0.00,4.00,8.80,0.00,17.80,0.00,0.00,0.00,0.00,0.40,0.00,0.40,0.00,8.00,1369876,0,14289124,91.25,62280,575336,14330136,91.51,13742656,358016,204,13463132,59344,2488,29440,31532,0,0,0.00,0,0.00,3,297,1.92,1.96,1.52,0,0.40,0.00,8.00,20.00,0.00,0.00,0.00,0.00,2.00,3.80,0.26,1.29,0.00,0.00,0.00,0.00
2018-01-06 22:06:50,99.90,0.00,0.10,0.00,0.00,0.00,0.00,0.00,0.00,0.00,0.00,796.20,829.00,0.00,0.00,0.00,16.80,10.40,0.00,15.40,0.00,0.00,0.00,0.00,1.80,0.00,1.80,0.00,33.60,1369876,0,14289124,91.25,62280,575360,14330136,91.51,13742688,358032,228,13463156,59344,2488,29440,31532,0,0,0.00,0,0.00,4,297,1.93,1.96,1.53,0,1.80,0.00,33.60,18.67,0.00,0.00,0.00,0.00,1.20,2.40,0.11,0.50,0.00,0.00,0.00,0.00
2018-01-06 22:06:55,99.80,0.00,0.20,0.00,0.00,0.00,0.00,0.00,0.00,0.00,0.00,796.40,826.60,0.00,0.00,0.00,0.00,9.40,0.00,16.40,0.00,0.00,0.00,0.00,0.00,0.00,0.00,0.00,0.00,1369884,0,14289116,91.25,62280,575384,14330136,91.51,13742708,358036,240,13463168,59336,2488,29440,31532,0,0,0.00,0,0.00,3,297,1.94,1.96,1.53,0,0.00,0.00,0.00,0.00,0.00,0.00,0.00,0.00,1.80,3.60,0.25,1.28,0.00,0.00,0.00,0.00
2018-01-06 22:07:00,100.00,0.00,0.00,0.00,0.00,0.00,0.00,0.00,0.00,0.00,0.00,803.80,841.40,0.00,0.00,0.00,40.80,7.40,0.00,15.60,0.00,0.00,0.00,0.00,1.20,0.00,1.20,0.00,81.60,1369884,0,14289116,91.25,62284,575408,14330136,91.51,13742732,358048,72,13463168,59336,2488,29440,31532,0,0,0.00,0,0.00,3,297,1.94,1.96,1.53,0,1.20,0.00,81.60,68.00,0.00,0.00,0.00,0.00,1.40,2.80,0.13,0.61,0.00,0.00,0.00,0.00
2018-01-06 22:07:05,95.69,0.00,1.20,0.00,0.00,0.00,1.10,0.00,0.00,2.01,0.00,1120.00,2119.00,0.00,0.00,0.00,9.60,1415.40,0.00,7556.20,0.00,0.00,0.00,0.00,1.20,0.00,1.20,0.00,19.20,1333276,0,14325724,91.49,62292,575428,14330136,91.51,13778740,358004,136,13499040,59304,2488,29500,31532,0,0,0.00,0,0.00,3,297,1.95,1.96,1.53,0,1.20,0.00,19.20,16.00,0.00,0.00,0.00,0.00,989.60,451.80,6401.43,5560.91,0.00,0.00,0.00,0.00
2018-01-06 22:07:10,99.60,0.00,0.40,0.00,0.00,0.00,0.00,0.00,0.00,0.00,0.00,832.80,856.80,0.00,0.00,0.00,12.80,9.00,0.00,41.80,0.00,0.00,0.00,0.00,0.40,0.00,0.40,0.00,25.60,1333712,0,14325288,91.48,62300,575456,14330136,91.51,13778484,358024,184,13498748,59304,2440,29500,31532,0,0,0.00,0,0.00,3,291,1.95,1.96,1.54,0,0.40,0.00,25.60,64.00,0.00,0.00,0.00,0.00,2.00,3.40,0.14,0.63,0.00,0.00,0.00,0.00
2018-01-06 22:07:15,99.80,0.00,0.20,0.00,0.00,0.00,0.00,0.00,0.00,0.00,0.00,844.40,849.80,0.00,0.00,0.00,3.20,7.80,0.00,16.00,0.00,0.00,0.00,0.00,0.40,0.00,0.40,0.00,6.40,1333712,0,14325288,91.48,62308,575480,14330136,91.51,13778484,358024,212,13498748,59304,2440,29500,31532,0,0,0.00,0,0.00,3,291,1.95,1.96,1.54,0,0.40,0.00,6.40,16.00,0.00,0.00,0.00,0.00,2.00,3.80,0.26,1.74,0.00,0.00,0.00,0.00
2018-01-06 22:07:20,99.70,0.00,0.30,0.00,0.00,0.00,0.00,0.00,0.00,0.00,0.00,798.60,847.80,0.00,0.00,0.00,18.40,8.40,0.00,15.60,0.00,0.00,0.00,0.00,1.40,0.00,1.40,0.00,36.80,1331664,0,14327336,91.50,62316,575504,14330136,91.51,13778496,358044,236,13500796,59304,2440,29500,31532,0,0,0.00,0,0.00,3,291,1.96,1.96,1.54,0,1.40,0.00,36.80,26.29,0.00,0.00,0.00,0.00,1.20,2.40,0.11,0.50,0.00,0.00,0.00,0.00
2018-01-06 22:07:25,100.00,0.00,0.00,0.00,0.00,0.00,0.00,0.00,0.00,0.00,0.00,810.00,847.40,0.00,0.00,0.00,4.80,8.80,0.00,16.00,0.00,0.00,0.00,0.00,0.40,0.00,0.40,0.00,9.60,1331664,0,14327336,91.50,62320,575524,14330136,91.51,13778504,358068,244,13500800,59304,2440,29504,31532,0,0,0.00,0,0.00,3,291,1.96,1.96,1.54,0,0.40,0.00,9.60,24.00,0.00,0.00,0.00,0.00,1.80,3.60,0.25,1.73,0.00,0.00,0.00,0.00
2018-01-06 22:07:30,99.80,0.00,0.20,0.00,0.00,0.00,0.00,0.00,0.00,0.00,0.60,848.60,855.80,0.00,0.00,0.00,5.60,70.20,0.00,39.20,0.00,0.00,0.00,0.00,0.40,0.00,0.40,0.00,11.20,1331240,0,14327760,91.50,62328,575552,14330136,91.51,13780568,358076,280,13500800,59312,2440,29504,31532,0,0,0.00,0,0.00,3,292,1.96,1.96,1.55,0,0.40,0.00,11.20,28.00,0.00,0.00,0.00,0.00,1.40,2.80,0.13,0.61,0.00,0.00,0.00,0.00
2018-01-06 22:07:35,99.80,0.00,0.20,0.00,0.00,0.00,0.00,0.00,0.00,0.00,0.00,835.80,863.40,0.00,0.00,0.00,41.60,11.40,0.00,119.00,0.00,0.00,0.00,0.00,1.40,0.00,1.40,0.00,83.20,1333044,0,14325956,91.49,62336,575576,14297964,91.31,13778696,358096,112,13498908,59424,2448,29504,31532,0,0,0.00,0,0.00,3,292,1.97,1.96,1.55,0,1.40,0.00,83.20,59.43,0.00,0.00,0.00,0.00,2.00,3.40,0.25,1.63,0.00,0.00,0.00,0.00
2018-01-06 22:07:40,100.00,0.00,0.00,0.00,0.00,0.00,0.00,0.00,0.00,0.00,0.00,802.60,863.00,0.00,0.00,0.00,20.00,7.00,0.00,17.40,0.00,0.00,0.00,0.00,3.40,0.00,3.40,0.00,40.00,1333148,0,14325852,91.49,62344,575600,14297964,91.31,13778612,358116,172,13498812,59424,2448,29504,31532,0,0,0.00,0,0.00,3,292,1.97,1.96,1.55,0,3.40,0.00,40.00,11.76,0.00,0.00,0.00,0.00,1.60,3.00,0.13,0.62,0.00,0.00,0.00,0.00
2018-01-06 22:07:45,99.80,0.00,0.20,0.00,0.00,0.00,0.00,0.00,0.00,0.00,0.00,815.80,864.60,0.00,0.00,0.00,3.20,7.00,0.00,16.20,0.00,0.00,0.00,0.00,0.40,0.00,0.40,0.00,6.40,1333032,0,14325968,91.49,62352,575620,14297964,91.31,13778620,358140,128,13498812,59416,2448,29504,31532,0,0,0.00,0,0.00,3,292,1.97,1.97,1.55,0,0.40,0.00,6.40,16.00,0.00,0.00,0.00,0.00,1.60,3.20,0.23,1.62,0.00,0.00,0.00,0.00
2018-01-06 22:07:50,99.80,0.00,0.20,0.00,0.00,0.00,0.00,0.00,0.00,0.00,0.00,808.60,861.80,0.00,0.00,0.00,13.60,7.00,0.00,15.60,0.00,0.00,0.00,0.00,0.60,0.00,0.60,0.00,27.20,1333032,0,14325968,91.49,62364,575648,14297964,91.31,13778632,358156,204,13498812,59416,2448,29504,31532,0,0,0.00,0,0.00,3,292,1.97,1.97,1.56,0,0.60,0.00,27.20,45.33,0.00,0.00,0.00,0.00,1.40,2.80,0.13,0.61,0.00,0.00,0.00,0.00
2018-01-06 22:07:55,99.80,0.00,0.10,0.00,0.00,0.00,0.10,0.00,0.00,0.00,0.00,809.60,864.40,0.00,0.00,0.00,17.60,9.60,0.00,16.40,0.00,0.00,0.00,0.00,1.60,0.00,1.60,0.00,35.20,1333032,0,14325968,91.49,62368,575672,14297964,91.31,13778660,358192,208,13498812,59416,2448,29504,31532,0,0,0.00,0,0.00,3,292,1.98,1.97,1.56,0,1.60,0.00,35.20,22.00,0.00,0.00,0.00,0.00,1.80,3.60,0.25,1.73,0.00,0.00,0.00,0.00
2018-01-06 22:08:00,99.90,0.00,0.10,0.00,0.00,0.00,0.00,0.00,0.00,0.00,0.00,804.60,858.60,0.00,0.00,0.00,5.60,7.00,0.00,15.40,0.00,0.00,0.00,0.00,0.40,0.00,0.40,0.00,11.20,1333032,0,14325968,91.49,62372,575696,14297964,91.31,13778660,358192,240,13498812,59416,2448,29504,31532,0,0,0.00,0,0.00,3,292,1.98,1.97,1.56,0,0.40,0.00,11.20,28.00,0.00,0.00,0.00,0.00,1.20,2.40,0.11,0.50,0.00,0.00,0.00,0.00
2018-01-06 22:08:05,99.80,0.00,0.20,0.00,0.00,0.00,0.00,0.00,0.00,0.00,0.00,839.20,867.40,0.00,0.00,0.00,3.20,11.40,0.00,119.80,0.00,0.00,0.00,0.00,0.40,0.00,0.40,0.00,6.40,1334984,0,14324016,91.47,62380,575720,14297964,91.31,13776628,358208,264,13496764,59416,2448,29504,31532,0,0,0.00,0,0.00,3,292,1.98,1.97,1.56,0,0.40,0.00,6.40,16.00,0.00,0.00,0.00,0.00,2.40,3.80,0.28,1.74,0.00,0.00,0.00,0.00
2018-01-06 22:08:10,100.00,0.00,0.00,0.00,0.00,0.00,0.00,0.00,0.00,0.00,0.00,821.60,874.60,0.00,0.00,0.00,36.00,7.60,0.00,17.80,0.00,0.00,0.00,0.00,0.80,0.00,0.80,0.00,72.00,1334992,0,14324008,91.47,62388,575744,14297964,91.31,13776652,358244,132,13496764,59440,2448,29504,31532,0,0,0.00,0,0.00,3,292,1.98,1.97,1.57,0,0.80,0.00,72.00,90.00,0.00,0.00,0.00,0.00,1.60,3.00,0.13,0.62,0.00,0.00,0.00,0.00
2018-01-06 22:08:15,99.80,0.00,0.20,0.00,0.00,0.00,0.00,0.00,0.00,0.00,0.00,824.40,888.00,0.00,0.00,0.00,20.00,7.20,0.00,16.40,0.00,0.00,0.00,0.00,3.40,0.00,3.40,0.00,40.00,1334976,0,14324024,91.47,62396,575768,14297964,91.31,13776664,358268,96,13496764,59456,2448,29504,31532,0,0,0.00,0,0.00,3,292,1.98,1.97,1.57,0,3.40,0.00,40.00,11.76,0.00,0.00,0.00,0.00,1.80,3.40,0.24,1.63,0.00,0.00,0.00,0.00
2018-01-06 22:08:20,99.90,0.00,0.10,0.00,0.00,0.00,0.00,0.00,0.00,0.00,0.00,827.20,876.80,0.00,0.00,0.00,6.40,7.00,0.00,15.60,0.00,0.00,0.00,0.00,0.40,0.00,0.40,0.00,12.80,1334852,0,14324148,91.48,62404,575792,14297964,91.31,13776668,358264,140,13496764,59456,2448,29504,31532,0,0,0.00,0,0.00,2,292,1.98,1.97,1.57,0,0.40,0.00,12.80,32.00,0.00,0.00,0.00,0.00,1.40,2.80,0.13,0.61,0.00,0.00,0.00,0.00
2018-01-06 22:08:25,99.90,0.00,0.10,0.00,0.00,0.00,0.00,0.00,0.00,0.00,0.00,819.60,874.00,0.00,0.00,0.00,16.00,9.00,0.00,16.00,0.00,0.00,0.00,0.00,1.60,0.00,1.60,0.00,32.00,1334852,0,14324148,91.48,62412,575816,14297964,91.31,13776688,358308,140,13496764,59456,2448,29504,31532,0,0,0.00,0,0.00,2,292,1.99,1.97,1.57,0,1.60,0.00,32.00,20.00,0.00,0.00,0.00,0.00,1.80,3.60,0.25,1.73,0.00,0.00,0.00,0.00
2018-01-06 22:08:30,100.00,0.00,0.00,0.00,0.00,0.00,0.00,0.00,0.00,0.00,0.00,818.80,873.40,0.00,0.00,0.00,5.60,8.00,0.00,19.20,0.00,0.00,0.00,0.00,0.40,0.00,0.40,0.00,11.20,1334852,0,14324148,91.48,62420,575840,14297964,91.31,13776688,358308,184,13496764,59456,2448,29504,31532,0,0,0.00,0,0.00,2,291,1.99,1.97,1.58,0,0.40,0.00,11.20,28.00,0.00,0.00,0.00,0.00,1.20,2.40,0.11,0.50,0.00,0.00,0.00,0.00
2018-01-06 22:08:35,99.80,0.00,0.20,0.00,0.00,0.00,0.00,0.00,0.00,0.00,0.00,857.40,902.80,0.00,0.00,0.00,5.60,12.20,0.00,118.80,0.00,0.00,0.00,0.00,0.40,0.00,0.40,0.00,11.20,1336936,0,14322064,91.46,62428,575864,14297964,91.31,13774584,358328,216,13494648,59456,2440,29504,31532,0,0,0.00,0,0.00,3,291,1.99,1.97,1.58,0,0.40,0.00,11.20,28.00,0.00,0.00,0.00,0.00,1.80,3.60,0.25,1.73,0.00,0.00,0.00,0.00
2018-01-06 22:08:40,83.85,0.00,0.20,0.00,0.00,0.00,0.00,0.00,0.00,15.95,0.00,858.40,813.80,0.00,0.00,0.00,4.00,9.20,0.00,19.20,0.00,0.00,0.00,0.00,0.40,0.00,0.40,0.00,8.00,1337000,0,14322000,91.46,62436,575904,14297964,91.31,13774656,358288,276,13494648,59424,2440,29504,31532,0,0,0.00,0,0.00,1,291,1.91,1.95,1.58,0,0.40,0.00,8.00,20.00,0.00,0.00,0.00,0.00,1.80,3.20,0.15,2.24,0.00,0.00,0.00,0.00
2018-01-06 22:08:45,7.87,0.00,1.41,0.00,0.10,0.00,0.10,0.00,0.00,90.51,0.00,1710.60,1104.40,0.00,0.00,0.00,48.80,52.60,0.00,262.80,0.00,0.00,0.00,0.00,1.00,0.00,1.00,0.00,97.60,1336700,0,14322300,91.46,62440,575944,14297964,91.31,13774716,358304,208,13494648,59424,2440,29504,31532,0,0,0.00,0,0.00,2,291,1.76,1.92,1.57,0,1.00,0.00,97.60,97.60,0.00,0.00,0.00,0.00,205.80,207.20,22.29,24.17,0.00,0.00,0.00,0.00
2018-01-06 22:08:50,60.36,0.00,0.10,0.00,0.00,0.00,0.10,0.00,0.00,39.44,1.20,957.20,868.40,0.00,0.00,0.00,24.00,28.20,0.00,275.60,0.00,0.00,0.00,0.00,2.20,0.00,2.20,0.00,48.00,1336492,0,14322508,91.47,62448,575972,14297964,91.31,13775264,358188,220,13495052,59516,2488,29508,31532,0,0,0.00,0,0.00,4,297,1.78,1.92,1.57,0,2.20,0.00,48.00,21.82,0.00,0.00,0.00,0.00,81.40,58.20,639.44,8.32,0.00,0.00,0.00,0.00
2018-01-06 22:08:55,99.90,0.00,0.10,0.00,0.00,0.00,0.00,0.00,0.00,0.00,0.00,811.60,834.20,0.00,0.00,0.00,28.80,11.40,0.00,16.00,0.00,0.00,0.00,0.00,1.40,0.00,1.40,0.00,57.60,1336492,0,14322508,91.47,62452,576000,14297964,91.31,13775308,358172,248,13495056,59516,2488,29508,31532,0,0,0.00,0,0.00,3,297,1.87,1.94,1.58,0,1.40,0.00,57.60,41.14,0.00,0.00,0.00,0.00,1.80,3.60,0.25,1.28,0.00,0.00,0.00,0.00
2018-01-06 22:09:00,99.80,0.00,0.20,0.00,0.00,0.00,0.00,0.00,0.00,0.00,0.00,812.40,829.80,0.00,0.00,0.00,4.00,12.20,0.00,118.20,0.00,0.00,0.00,0.00,0.40,0.00,0.40,0.00,8.00,1338600,0,14320400,91.45,62460,576024,14297964,91.31,13773280,358196,284,13493004,59516,2488,29508,31532,0,0,0.00,0,0.00,4,297,1.88,1.94,1.58,0,0.40,0.00,8.00,20.00,0.00,0.00,0.00,0.00,1.20,2.40,0.11,0.50,0.00,0.00,0.00,0.00
2018-01-06 22:09:05,99.90,0.00,0.10,0.00,0.00,0.00,0.00,0.00,0.00,0.00,0.00,810.20,838.20,0.00,0.00,0.00,4.80,13.60,0.00,16.20,0.00,0.00,0.00,0.00,0.40,0.00,0.40,0.00,9.60,1338444,0,14320556,91.45,62464,576044,14297964,91.31,13773380,358208,308,13493128,59516,2488,29512,31532,0,0,0.00,0,0.00,3,297,1.89,1.94,1.58,0,0.40,0.00,9.60,24.00,0.00,0.00,0.00,0.00,2.00,3.80,0.26,1.29,0.00,0.00,0.00,0.00
2018-01-06 22:09:10,100.00,0.00,0.00,0.00,0.00,0.00,0.00,0.00,0.00,0.00,0.00,776.85,795.81,0.00,0.00,0.00,0.00,19.36,0.00,18.56,0.00,0.00,0.00,0.00,0.00,0.00,0.00,0.00,0.00,1338344,0,14320656,91.45,62464,576072,14297964,91.31,13773524,358232,332,13493216,59524,2488,29512,31532,0,0,0.00,0,0.00,3,297,1.90,1.94,1.58,0,0.00,0.00,0.00,0.00,0.00,0.00,0.00,0.00,1.60,2.99,0.13,0.61,0.00,0.00,0.00,0.00
2018-01-06 22:09:15,99.90,0.00,0.10,0.00,0.00,0.00,0.00,0.00,0.00,0.00,0.00,793.60,822.80,0.00,0.00,0.00,12.80,11.40,0.00,16.80,0.00,0.00,0.00,0.00,2.00,0.00,2.00,0.00,25.60,1338344,0,14320656,91.45,62468,576096,14297964,91.31,13773572,358244,312,13493288,59524,2488,29512,31532,0,0,0.00,0,0.00,3,297,1.91,1.95,1.59,0,2.00,0.00,25.60,12.80,0.00,0.00,0.00,0.00,1.80,3.40,0.24,1.19,0.00,0.00,0.00,0.00
2018-01-06 22:09:20,99.90,0.00,0.10,0.00,0.00,0.00,0.00,0.00,0.00,0.00,0.00,786.40,837.60,0.00,0.00,0.00,58.40,7.40,0.00,16.00,0.00,0.00,0.00,0.00,4.00,0.00,4.00,0.00,116.80,1338352,0,14320648,91.45,62472,576120,14297964,91.31,13773620,358240,84,13493288,59516,2488,29512,31532,0,0,0.00,0,0.00,3,297,1.92,1.95,1.59,0,4.00,0.00,116.80,29.20,0.00,0.20,0.20,0.08,1.40,2.80,0.13,0.61,0.00,0.00,0.00,0.00
2018-01-06 22:09:25,99.90,0.00,0.10,0.00,0.00,0.00,0.00,0.00,0.00,0.00,0.00,804.20,835.80,0.00,0.00,0.00,22.40,12.80,0.00,17.00,0.00,0.00,0.00,0.00,1.60,0.00,1.60,0.00,44.80,1338352,0,14320648,91.45,62476,576144,14297964,91.31,13773636,358252,104,13493332,59516,2488,29512,31532,0,0,0.00,0,0.00,3,297,1.92,1.95,1.59,0,1.60,0.00,44.80,28.00,0.00,0.50,0.50,0.08,1.80,3.60,0.25,1.28,0.00,0.00,0.00,0.00
2018-01-06 22:09:30,99.80,0.00,0.20,0.00,0.00,0.00,0.00,0.00,0.00,0.00,0.00,811.60,816.00,0.00,0.00,0.00,8.80,13.00,0.00,66.80,0.00,0.00,0.00,0.00,0.60,0.00,0.60,0.00,17.60,1339096,0,14319904,91.45,62484,576168,14297964,91.31,13772656,358280,160,13492320,59516,2488,29512,31532,0,0,0.00,0,0.00,3,297,1.93,1.95,1.59,0,0.60,0.00,17.60,29.33,0.00,1.33,1.33,0.08,1.20,2.40,0.11,0.50,0.00,0.00,0.00,0.00
2018-01-06 22:09:35,100.00,0.00,0.00,0.00,0.00,0.00,0.00,0.00,0.00,0.00,0.00,793.60,825.40,0.00,0.00,0.00,4.00,8.00,0.00,16.80,0.00,0.00,0.00,0.00,0.40,0.00,0.40,0.00,8.00,1339064,0,14319936,91.45,62492,576188,14297964,91.31,13772656,358280,180,13492328,59516,2488,29512,31532,0,0,0.00,0,0.00,3,297,1.94,1.95,1.60,0,0.40,0.00,8.00,20.00,0.00,2.00,2.00,0.08,1.80,3.60,0.25,1.28,0.00,0.00,0.00,0.00
2018-01-06 22:09:40,100.00,0.00,0.00,0.00,0.00,0.00,0.00,0.00,0.00,0.00,0.00,784.20,824.60,0.00,0.00,0.00,3.20,7.40,0.00,17.60,0.00,0.00,0.00,0.00,0.40,0.00,0.40,0.00,6.40,1339056,0,14319944,91.45,62500,576216,14297964,91.31,13772676,358288,208,13492328,59524,2488,29512,31532,0,0,0.00,0,0.00,3,297,1.94,1.95,1.60,0,0.40,0.00,6.40,16.00,0.00,2.00,2.00,0.08,1.40,2.80,0.13,0.61,0.00,0.00,0.00,0.00
2018-01-06 22:09:45,99.80,0.00,0.20,0.00,0.00,0.00,0.00,0.00,0.00,0.00,0.00,781.80,809.00,0.00,0.00,0.00,3.20,8.00,0.00,16.40,0.00,0.00,0.00,0.00,0.40,0.00,0.40,0.00,6.40,1339088,0,14319912,91.45,62508,576240,14297964,91.31,13772724,358324,236,13492328,59524,2488,29512,31532,0,0,0.00,0,0.00,5,297,1.95,1.95,1.60,0,0.40,0.00,6.40,16.00,0.00,2.00,2.00,0.08,1.60,3.20,0.23,1.18,0.00,0.00,0.00,0.00
2018-01-06 22:09:50,99.60,0.00,0.10,0.00,0.10,0.00,0.00,0.00,0.00,0.20,0.00,872.00,948.20,0.00,0.00,0.00,14.40,9.40,0.00,292.00,0.00,0.00,0.00,0.00,0.60,0.00,0.60,0.00,28.80,1339300,0,14319700,91.45,62520,576264,14297964,91.31,13772344,358372,312,13491948,59484,2440,29512,31532,0,0,0.00,0,0.00,3,291,1.95,1.95,1.60,0,0.60,0.00,28.80,48.00,0.00,1.33,1.33,0.08,75.40,38.60,630.22,3.34,0.00,0.00,0.00,0.00
2018-01-06 22:09:55,99.70,0.00,0.30,0.00,0.00,0.00,0.00,0.00,0.00,0.00,0.00,835.40,866.60,0.00,0.00,0.00,76.80,14.60,0.00,119.20,0.00,0.00,0.00,0.00,5.20,0.00,5.20,0.00,153.60,1341368,0,14317632,91.43,62528,576284,14297964,91.31,13770348,358364,80,13489896,59492,2440,29512,31532,0,0,0.00,0,0.00,3,291,1.95,1.95,1.60,0,5.20,0.00,153.60,29.54,0.00,0.15,0.15,0.08,2.00,3.80,0.26,1.74,0.00,0.00,0.00,0.00
2018-01-06 22:10:00,64.29,0.00,0.10,0.00,0.00,0.00,0.00,0.00,0.00,35.61,0.00,827.20,727.00,0.00,0.00,0.00,9.60,7.40,0.00,16.20,0.00,0.00,0.00,0.00,0.80,0.00,0.80,0.00,19.20,1339004,0,14319996,91.45,62536,579464,14297964,91.31,13770816,361044,3296,13489900,59500,2440,29512,31532,0,0,0.00,0,0.00,0,291,1.80,1.92,1.59,0,0.80,0.00,19.20,24.00,0.00,1.00,1.00,0.08,1.80,3.00,0.13,2.16,0.00,0.00,0.00,0.00
2018-01-06 22:10:05,70.49,0.00,0.10,0.00,0.10,0.00,0.20,0.00,0.00,29.10,1.20,1052.80,1080.20,0.00,0.00,0.00,16.00,30.00,0.00,334.00,0.00,0.00,0.00,0.00,0.40,0.00,0.40,0.00,32.00,1338360,0,14320640,91.45,62544,579496,14297964,91.31,13771256,361088,3388,13490300,59476,2488,29512,31532,0,0,0.00,0,0.00,3,297,1.81,1.92,1.60,0,0.40,0.00,32.00,80.00,0.00,0.00,0.00,0.00,130.20,139.20,645.01,653.40,0.00,0.00,0.00,0.00
2018-01-06 22:10:10,99.80,0.00,0.20,0.00,0.00,0.00,0.00,0.00,0.00,0.00,2.20,819.60,835.60,0.00,0.00,0.00,15.20,701.20,0.00,225.60,0.00,0.00,0.00,0.00,0.40,0.00,0.40,0.00,30.40,1337888,0,14321112,91.46,62552,579524,14297964,91.31,13771264,361112,3448,13490300,59488,2488,29512,31532,0,0,0.00,0,0.00,3,297,1.83,1.92,1.60,0,0.40,0.00,30.40,76.00,0.00,0.00,0.00,0.00,2.00,3.40,0.20,0.69,0.00,0.00,0.00,0.00
2018-01-06 22:10:15,99.90,0.00,0.10,0.00,0.00,0.00,0.00,0.00,0.00,0.00,0.00,807.80,826.80,0.00,0.00,0.00,4.80,8.40,0.00,16.80,0.00,0.00,0.00,0.00,0.40,0.00,0.40,0.00,9.60,1337904,0,14321096,91.46,62560,579544,14297964,91.31,13771264,361116,3476,13490304,59472,2488,29512,31532,0,0,0.00,0,0.00,3,297,1.84,1.93,1.60,0,0.40,0.00,9.60,24.00,0.00,0.00,0.00,0.00,1.80,3.40,0.24,1.18,0.00,0.00,0.00,0.00
2018-01-06 22:10:20,99.80,0.00,0.20,0.00,0.00,0.00,0.00,0.00,0.00,0.00,0.00,807.80,809.40,0.00,0.00,0.00,11.20,13.20,0.00,120.00,0.00,0.00,0.00,0.00,1.20,0.00,1.20,0.00,22.40,1339624,0,14319376,91.45,62568,579572,14297964,91.31,13769228,361156,3504,13488240,59488,2488,29512,31532,0,0,0.00,0,0.00,3,297,1.86,1.93,1.60,0,1.20,0.00,22.40,18.67,0.00,0.00,0.00,0.00,1.40,2.80,0.13,0.61,0.00,0.00,0.00,0.00
2018-01-06 22:10:25,99.90,0.00,0.10,0.00,0.00,0.00,0.00,0.00,0.00,0.00,0.00,799.60,834.20,0.00,0.00,0.00,21.60,10.20,0.00,17.60,0.00,0.00,0.00,0.00,1.20,0.00,1.20,0.00,43.20,1339616,0,14319384,91.45,62576,579596,14297964,91.31,13769228,361156,3504,13488240,59496,2488,29512,31532,0,0,0.00,0,0.00,3,297,1.87,1.93,1.60,0,1.20,0.00,43.20,36.00,0.00,0.67,0.67,0.08,1.80,3.60,0.25,1.28,0.00,0.00,0.00,0.00
2018-01-06 22:10:30,99.80,0.00,0.20,0.00,0.00,0.00,0.00,0.00,0.00,0.00,0.00,807.20,832.60,0.00,0.00,0.00,60.80,7.80,0.00,15.40,0.00,0.00,0.00,0.00,4.60,0.00,4.60,0.00,121.60,1339608,0,14319392,91.45,62580,579616,14297964,91.31,13769244,361172,3236,13488240,59504,2488,29512,31532,0,0,0.00,0,0.00,3,297,1.96,1.95,1.61,0,4.60,0.00,121.60,26.43,0.00,0.00,0.00,0.00,1.20,2.40,0.11,0.50,0.00,0.00,0.00,0.00
2018-01-06 22:10:35,99.90,0.00,0.10,0.00,0.00,0.00,0.00,0.00,0.00,0.00,0.00,798.00,830.20,0.00,0.00,0.00,632.80,8.00,0.00,17.00,0.00,0.00,0.00,0.00,5.80,0.00,5.80,0.00,1265.60,1339576,0,14319424,91.45,62580,579644,14297964,91.31,13769256,361188,136,13488240,59504,2488,29512,31532,0,0,0.00,0,0.00,3,297,1.96,1.95,1.61,0,5.80,0.00,1265.60,218.21,0.02,3.86,0.28,0.16,2.00,3.80,0.26,1.29,0.00,0.00,0.00,0.00
2018-01-06 22:10:40,99.90,0.00,0.10,0.00,0.00,0.00,0.00,0.00,0.00,0.00,0.00,801.00,831.20,0.00,0.00,0.00,8.80,7.60,0.00,17.40,0.00,0.00,0.00,0.00,0.40,0.00,0.40,0.00,17.60,1339608,0,14319392,91.45,62588,579664,14297964,91.31,13769268,361200,176,13488240,59504,2488,29512,31532,0,0,0.00,0,0.00,3,297,1.96,1.95,1.62,0,0.40,0.00,17.60,44.00,0.00,0.00,0.00,0.00,1.60,3.00,0.13,0.62,0.00,0.00,0.00,0.00
2018-01-06 22:10:45,99.70,0.00,0.30,0.00,0.00,0.00,0.00,0.00,0.00,0.00,0.00,873.20,857.20,0.00,0.00,0.00,6.40,8.20,0.00,67.40,0.00,0.00,0.00,0.00,1.00,0.00,1.00,0.00,12.80,1340292,0,14318708,91.44,62596,579692,14297964,91.31,13768380,361216,200,13487340,59504,2488,29512,31532,0,0,0.00,0,0.00,3,297,1.97,1.95,1.62,0,1.00,0.00,12.80,12.80,0.00,0.00,0.00,0.00,1.60,3.20,0.23,1.18,0.00,0.00,0.00,0.00
2018-01-06 22:10:50,100.00,0.00,0.00,0.00,0.00,0.00,0.00,0.00,0.00,0.00,0.00,794.00,827.20,0.00,0.00,0.00,7.20,7.60,0.00,15.60,0.00,0.00,0.00,0.00,0.40,0.00,0.40,0.00,14.40,1340476,0,14318524,91.44,62600,579716,14297964,91.31,13768264,361236,236,13487212,59504,2488,29512,31532,0,0,0.00,0,0.00,3,297,2.05,1.97,1.62,0,0.40,0.00,14.40,36.00,0.00,0.00,0.00,0.00,1.40,2.80,0.13,0.61,0.00,0.00,0.00,0.00
2018-01-06 22:10:55,99.70,0.00,0.30,0.00,0.00,0.00,0.00,0.00,0.00,0.00,0.00,810.40,840.40,0.00,0.00,0.00,19.20,11.60,0.00,16.00,0.00,0.00,0.00,0.00,1.20,0.00,1.20,0.00,38.40,1340476,0,14318524,91.44,62608,579740,14297964,91.31,13768280,361252,244,13487212,59504,2488,29512,31532,0,0,0.00,0,0.00,3,297,2.05,1.97,1.63,0,1.20,0.00,38.40,32.00,0.00,0.00,0.00,0.00,1.80,3.60,0.25,1.28,0.00,0.00,0.00,0.00
2018-01-06 22:11:00,99.40,0.00,0.20,0.00,0.00,0.00,0.00,0.00,0.00,0.40,0.00,839.40,930.60,0.00,0.00,0.00,5.60,8.80,0.00,268.00,0.00,0.00,0.00,0.00,0.40,0.00,0.40,0.00,11.20,1339848,0,14319152,91.44,62616,579760,14297964,91.31,13768320,361288,284,13487228,59480,2488,29512,31532,0,0,0.00,0,0.00,2,297,2.04,1.97,1.63,0,0.40,0.00,11.20,28.00,0.00,0.00,0.00,0.00,75.40,36.00,630.19,3.09,0.00,0.00,0.00,0.00
2018-01-06 22:11:05,99.80,0.00,0.20,0.00,0.00,0.00,0.00,0.00,0.00,0.00,0.00,825.60,858.00,0.00,0.00,0.00,48.00,8.00,0.00,42.20,0.00,0.00,0.00,0.00,3.20,0.00,3.20,0.00,96.00,1340168,0,14318832,91.44,62624,579788,14297964,91.31,13767928,361312,96,13486828,59488,2440,29512,31532,0,0,0.00,0,0.00,2,291,2.04,1.97,1.63,0,3.20,0.00,96.00,30.00,0.00,0.00,0.00,0.00,2.00,3.80,0.26,1.74,0.00,0.00,0.00,0.00
2018-01-06 22:11:10,99.90,0.00,0.10,0.00,0.00,0.00,0.00,0.00,0.00,0.00,0.00,808.20,851.80,0.00,0.00,0.00,8.00,7.40,0.00,119.00,0.00,0.00,0.00,0.00,0.60,0.00,0.60,0.00,16.00,1342144,0,14316856,91.43,62632,579812,14297964,91.31,13765892,361332,136,13484776,59496,2440,29512,31532,0,0,0.00,0,0.00,2,291,2.04,1.97,1.63,0,0.60,0.00,16.00,26.67,0.00,0.00,0.00,0.00,1.60,3.00,0.13,0.62,0.00,0.00,0.00,0.00
2018-01-06 22:11:15,42.18,0.00,0.30,0.00,0.00,0.00,0.20,0.00,0.00,57.32,1.40,1104.20,1091.40,0.00,0.00,0.00,6.40,38.20,0.00,606.60,0.00,0.00,0.00,0.00,0.40,0.00,0.40,0.00,12.80,1339144,0,14319856,91.45,62636,582996,14297964,91.31,13766916,363964,3332,13485276,59480,2496,29512,31532,0,0,0.00,0,0.00,3,298,1.87,1.93,1.62,0,0.40,0.00,12.80,32.00,0.00,0.00,0.00,0.00,221.20,175.40,1253.59,634.03,0.00,0.00,0.00,0.00
2018-01-06 22:11:20,99.10,0.00,0.10,0.00,0.00,0.00,0.00,0.00,0.00,0.80,0.00,843.80,889.20,0.00,0.00,0.00,17.60,8.80,0.00,62.00,0.00,0.00,0.00,0.00,0.40,0.00,0.40,0.00,35.20,1336900,0,14322100,91.46,62644,583016,14297964,91.31,13769004,363980,3420,13487340,59504,2496,29512,31532,0,0,0.00,0,0.00,4,298,1.88,1.94,1.63,0,0.40,0.00,35.20,88.00,0.00,0.00,0.00,0.00,16.20,11.40,108.26,1.79,0.00,0.00,0.00,0.00
2018-01-06 22:11:25,99.80,0.00,0.20,0.00,0.00,0.00,0.00,0.00,0.00,0.00,0.00,821.40,850.80,0.00,0.00,0.00,25.60,11.40,0.00,16.40,0.00,0.00,0.00,0.00,1.20,0.00,1.20,0.00,51.20,1336900,0,14322100,91.46,62652,583044,14297964,91.31,13769024,363980,3432,13487344,59504,2496,29516,31532,0,0,0.00,0,0.00,3,298,1.89,1.94,1.63,0,1.20,0.00,51.20,42.67,0.00,0.00,0.00,0.00,1.60,3.20,0.23,1.13,0.00,0.00,0.00,0.00
2018-01-06 22:11:30,99.90,0.00,0.10,0.00,0.00,0.00,0.00,0.00,0.00,0.00,0.00,816.40,840.60,0.00,0.00,0.00,5.60,8.00,0.00,17.40,0.00,0.00,0.00,0.00,0.40,0.00,0.40,0.00,11.20,1336940,0,14322060,91.46,62660,583068,14297964,91.31,13769040,364000,3468,13487348,59496,2496,29516,31532,0,0,0.00,0,0.00,4,298,1.90,1.94,1.63,0,0.40,0.00,11.20,28.00,0.00,0.00,0.00,0.00,1.20,2.40,0.11,0.50,0.00,0.00,0.00,0.00
2018-01-06 22:11:35,100.00,0.00,0.00,0.00,0.00,0.00,0.00,0.00,0.00,0.00,0.00,813.60,835.20,0.00,0.00,0.00,7.20,8.80,0.00,67.40,0.00,0.00,0.00,0.00,1.20,0.00,1.20,0.00,14.40,1337916,0,14321084,91.46,62668,583092,14297964,91.31,13768044,364044,3480,13486324,59512,2496,29516,31532,0,0,0.00,0,0.00,5,298,1.91,1.94,1.63,0,1.20,0.00,14.40,12.00,0.00,2.67,0.67,0.08,1.80,3.60,0.25,1.21,0.00,0.00,0.00,0.00
2018-01-06 22:11:40,99.80,0.00,0.20,0.00,0.00,0.00,0.00,0.00,0.00,0.00,0.00,803.40,836.80,0.00,0.00,0.00,61.60,8.00,0.00,15.60,0.00,0.00,0.00,0.00,4.80,0.00,4.80,0.00,123.20,1337916,0,14321084,91.46,62676,583112,14297964,91.31,13768056,364060,3232,13486324,59512,2496,29516,31532,0,0,0.00,0,0.00,3,298,1.92,1.94,1.63,0,4.80,0.00,123.20,25.67,0.00,0.00,0.00,0.00,1.40,2.80,0.13,0.61,0.00,0.00,0.00,0.00
2018-01-06 22:11:45,99.90,0.00,0.10,0.00,0.00,0.00,0.00,0.00,0.00,0.00,0.00,800.60,836.00,0.00,0.00,0.00,7.20,7.40,0.00,16.20,0.00,0.00,0.00,0.00,0.80,0.00,0.80,0.00,14.40,1337916,0,14321084,91.46,62680,583136,14297964,91.31,13768056,364060,3272,13486324,59512,2496,29516,31532,0,0,0.00,0,0.00,3,298,1.92,1.94,1.64,0,0.80,0.00,14.40,18.00,0.00,0.00,0.00,0.00,1.60,3.20,0.23,1.10,0.00,0.00,0.00,0.00
2018-01-06 22:11:50,99.90,0.00,0.10,0.00,0.00,0.00,0.00,0.00,0.00,0.00,0.00,815.40,851.60,0.00,0.00,0.00,646.40,7.80,0.00,15.60,0.00,0.00,0.00,0.00,6.40,0.00,6.40,0.00,1292.80,1337916,0,14321084,91.46,62692,583164,14297964,91.31,13768072,364076,196,13486324,59512,2496,29516,31532,0,0,0.00,0,0.00,3,298,1.93,1.94,1.64,0,6.40,0.00,1292.80,202.00,0.02,3.88,0.25,0.16,1.40,2.80,0.13,0.61,0.00,0.00,0.00,0.00
2018-01-06 22:11:55,99.90,0.00,0.10,0.00,0.00,0.00,0.00,0.00,0.00,0.00,0.00,808.20,848.00,0.00,0.00,0.00,22.40,10.20,0.00,16.60,0.00,0.00,0.00,0.00,1.60,0.00,1.60,0.00,44.80,1337884,0,14321116,91.46,62700,583188,14297964,91.31,13768088,364096,220,13486324,59512,2496,29516,31532,0,0,0.00,0,0.00,4,298,1.93,1.94,1.64,0,1.60,0.00,44.80,28.00,0.00,0.00,0.00,0.00,2.00,3.80,0.26,1.22,0.00,0.00,0.00,0.00
2018-01-06 22:12:00,99.90,0.00,0.10,0.00,0.00,0.00,0.00,0.00,0.00,0.00,0.00,804.60,837.40,0.00,0.00,0.00,5.60,8.20,0.00,119.80,0.00,0.00,0.00,0.00,0.40,0.00,0.40,0.00,11.20,1339768,0,14319232,91.44,62708,583212,14297964,91.31,13766056,364140,256,13484272,59520,2496,29516,31532,0,0,0.00,0,0.00,3,298,1.94,1.94,1.64,0,0.40,0.00,11.20,28.00,0.00,0.00,0.00,0.00,1.20,2.40,0.11,0.50,0.00,0.00,0.00,0.00
2018-01-06 22:12:05,99.90,0.00,0.10,0.00,0.00,0.00,0.00,0.00,0.00,0.00,0.00,832.00,854.80,0.00,0.00,0.00,4.80,7.80,0.00,16.40,0.00,0.00,0.00,0.00,0.40,0.00,0.40,0.00,9.60,1339768,0,14319232,91.44,62712,583232,14297964,91.31,13766056,364140,280,13484276,59520,2496,29516,31532,0,0,0.00,0,0.00,4,298,1.95,1.94,1.64,0,0.40,0.00,9.60,24.00,0.00,0.00,0.00,0.00,1.80,3.60,0.25,1.21,0.00,0.00,0.00,0.00
2018-01-06 22:12:10,99.90,0.00,0.10,0.00,0.00,0.00,0.00,0.00,0.00,0.00,0.00,807.00,845.60,0.00,0.00,0.00,4.00,7.80,0.00,15.80,0.00,0.00,0.00,0.00,0.40,0.00,0.40,0.00,8.00,1339768,0,14319232,91.44,62716,583260,14297964,91.31,13766072,364148,308,13484276,59520,2496,29516,31532,0,0,0.00,0,0.00,3,298,1.95,1.95,1.65,0,0.40,0.00,8.00,20.00,0.00,2.00,2.00,0.08,1.60,3.00,0.13,0.62,0.00,0.00,0.00,0.00
2018-01-06 22:12:15,99.70,0.00,0.20,0.00,0.00,0.00,0.10,0.00,0.00,0.00,0.00,823.40,843.80,0.00,0.00,0.00,52.00,8.20,0.00,40.20,0.00,0.00,0.00,0.00,3.80,0.00,3.80,0.00,104.00,1340072,0,14318928,91.44,62724,583284,14297964,91.31,13765700,364180,88,13483872,59512,2448,29516,31532,0,0,0.00,0,0.00,3,292,1.95,1.95,1.65,0,3.80,0.00,104.00,27.37,0.00,0.00,0.00,0.00,1.60,3.20,0.23,1.10,0.00,0.00,0.00,0.00
2018-01-06 22:12:20,38.13,0.00,0.20,0.00,0.10,0.00,0.10,0.00,0.00,61.47,1.60,938.40,778.40,0.00,0.00,0.00,8.80,36.00,0.00,275.00,0.00,0.00,0.00,0.00,0.60,0.00,0.60,0.00,17.60,1339708,0,14319292,91.44,62732,583308,14297964,91.31,13766156,364180,136,13484336,59512,2456,29516,31532,0,0,0.00,0,0.00,3,300,1.80,1.91,1.64,0,0.60,0.00,17.60,29.33,0.00,0.00,0.00,0.00,78.20,49.80,637.97,6.30,0.00,0.00,0.00,0.00
2018-01-06 22:12:25,98.80,0.00,0.70,0.10,0.00,0.00,0.00,0.00,0.00,0.40,0.40,1079.20,928.80,0.00,0.00,0.00,22.40,28.40,0.00,406.60,0.00,0.00,0.00,0.00,1.40,0.00,1.40,0.00,44.80,1346076,0,14312924,91.40,62740,576992,14297964,91.31,13764408,358892,152,13483572,59504,2528,29516,31532,0,0,0.00,0,0.00,4,302,1.81,1.92,1.64,0,1.40,0.00,44.80,32.00,0.00,0.00,0.00,0.00,20.60,17.80,5.81,5.42,0.00,0.00,0.00,0.00
2018-01-06 22:12:30,99.90,0.00,0.10,0.00,0.00,0.00,0.00,0.00,0.00,0.00,0.00,806.00,839.60,0.00,0.00,0.00,56.80,7.60,0.00,16.00,0.00,0.00,0.00,0.00,0.80,0.00,0.80,0.00,113.60,1346084,0,14312916,91.40,62748,577016,14297964,91.31,13764408,358892,432,13483572,59496,2528,29516,31532,0,0,0.00,0,0.00,3,302,1.83,1.92,1.64,0,0.80,0.00,113.60,142.00,0.00,3.00,1.00,0.08,1.40,2.60,0.11,0.51,0.00,0.00,0.00,0.00
2018-01-06 22:12:35,99.90,0.00,0.10,0.00,0.00,0.00,0.00,0.00,0.00,0.00,0.00,814.80,842.40,0.00,0.00,0.00,3.20,7.40,0.00,16.20,0.00,0.00,0.00,0.00,0.40,0.00,0.40,0.00,6.40,1346084,0,14312916,91.40,62752,577044,14297964,91.31,13764420,358912,460,13483572,59496,2528,29516,31532,0,0,0.00,0,0.00,4,302,1.84,1.92,1.64,0,0.40,0.00,6.40,16.00,0.00,0.00,0.00,0.00,2.00,3.60,0.26,1.21,0.00,0.00,0.00,0.00
2018-01-06 22:12:40,99.80,0.00,0.20,0.00,0.00,0.00,0.00,0.00,0.00,0.00,0.00,805.80,828.40,0.00,0.00,0.00,3.20,8.00,0.00,24.80,0.00,0.00,0.00,0.00,0.40,0.00,0.40,0.00,6.40,1346192,0,14312808,91.40,62760,577068,14297964,91.31,13764296,358948,484,13483412,59496,2512,29516,31532,0,0,0.00,0,0.00,4,300,1.85,1.92,1.65,0,0.40,0.00,6.40,16.00,0.00,2.00,2.00,0.08,1.40,2.80,0.13,0.61,0.00,0.00,0.00,0.00
2018-01-06 22:12:45,99.70,0.00,0.30,0.00,0.00,0.00,0.00,0.00,0.00,0.00,0.00,837.20,873.00,0.00,0.00,0.00,3.20,11.80,0.00,307.40,0.00,0.00,0.00,0.00,0.40,0.00,0.40,0.00,6.40,1318600,0,14340400,91.58,62768,577088,14297964,91.31,13792980,358964,504,13512084,59496,2512,29572,31532,0,0,0.00,0,0.00,3,300,1.87,1.92,1.65,0,0.40,0.00,6.40,16.00,0.00,0.00,0.00,0.00,1.60,3.20,0.23,1.10,0.00,0.00,0.00,0.00
2018-01-06 22:12:50,99.90,0.00,0.10,0.00,0.00,0.00,0.00,0.00,0.00,0.00,0.00,810.40,841.40,0.00,0.00,0.00,91.20,8.40,0.00,93.00,0.00,0.00,0.00,0.00,6.60,0.00,6.60,0.00,182.40,1319576,0,14339424,91.57,62776,577112,14297964,91.31,13791452,358984,84,13510544,59512,2512,29572,31532,0,0,0.00,0,0.00,4,300,1.88,1.92,1.65,0,6.60,0.00,182.40,27.64,0.00,0.24,0.24,0.16,1.60,3.00,0.13,0.62,0.00,0.00,0.00,0.00
2018-01-06 22:12:55,99.90,0.00,0.10,0.00,0.00,0.00,0.00,0.00,0.00,0.00,0.00,809.80,845.60,0.00,0.00,0.00,22.40,10.40,0.00,16.80,0.00,0.00,0.00,0.00,1.80,0.00,1.80,0.00,44.80,1319592,0,14339408,91.57,62780,577140,14297964,91.31,13791464,359000,100,13510556,59496,2512,29572,31532,0,0,0.00,0,0.00,4,300,1.89,1.92,1.65,0,1.80,0.00,44.80,24.89,0.00,0.44,0.44,0.08,1.80,3.60,0.25,1.21,0.00,0.00,0.00,0.00
2018-01-06 22:13:00,99.90,0.00,0.10,0.00,0.00,0.00,0.00,0.00,0.00,0.00,0.00,790.20,831.40,0.00,0.00,0.00,8.00,7.40,0.00,15.40,0.00,0.00,0.00,0.00,0.40,0.00,0.40,0.00,16.00,1319576,0,14339424,91.57,62784,577164,14297964,91.31,13791464,359000,148,13510556,59512,2512,29572,31532,0,0,0.00,0,0.00,4,300,1.90,1.93,1.65,0,0.40,0.00,16.00,40.00,0.00,2.00,2.00,0.08,1.20,2.40,0.11,0.50,0.00,0.00,0.00,0.00
2018-01-06 22:13:05,100.00,0.00,0.00,0.00,0.00,0.00,0.00,0.00,0.00,0.00,0.00,804.00,834.80,0.00,0.00,0.00,3.20,7.80,0.00,17.20,0.00,0.00,0.00,0.00,0.40,0.00,0.40,0.00,6.40,1319576,0,14339424,91.57,62792,577184,14297964,91.31,13791472,359020,172,13510556,59512,2512,29572,31532,0,0,0.00,0,0.00,4,300,1.98,1.94,1.66,0,0.40,0.00,6.40,16.00,0.00,2.00,2.00,0.08,1.80,3.60,0.25,1.21,0.00,0.00,0.00,0.00
2018-01-06 22:13:10,99.90,0.00,0.10,0.00,0.00,0.00,0.00,0.00,0.00,0.00,0.00,796.60,831.20,0.00,0.00,0.00,4.00,7.80,0.00,42.20,0.00,0.00,0.00,0.00,0.40,0.00,0.40,0.00,8.00,1320056,0,14338944,91.57,62800,577208,14297964,91.31,13790988,359036,200,13510044,59496,2512,29572,31532,0,0,0.00,0,0.00,4,300,1.99,1.95,1.66,0,0.40,0.00,8.00,20.00,0.00,2.00,2.00,0.08,1.40,2.80,0.13,0.61,0.00,0.00,0.00,0.00
2018-01-06 22:13:15,99.90,0.00,0.10,0.00,0.00,0.00,0.00,0.00,0.00,0.00,0.00,828.00,841.20,0.00,0.00,0.00,4.00,7.80,0.00,16.80,0.00,0.00,0.00,0.00,0.40,0.00,0.40,0.00,8.00,1320072,0,14338928,91.57,62808,577236,14297964,91.31,13791000,359056,232,13510044,59480,2512,29572,31532,0,0,0.00,0,0.00,4,300,2.31,2.01,1.69,0,0.40,0.00,8.00,20.00,0.00,0.00,0.00,0.00,1.80,3.40,0.24,1.11,0.00,0.00,0.00,0.00
2018-01-06 22:13:20,99.70,0.00,0.20,0.00,0.00,0.00,0.00,0.00,0.00,0.10,0.00,819.60,888.20,0.00,0.00,0.00,4.00,8.00,0.00,142.80,0.00,0.00,0.00,0.00,0.40,0.00,0.40,0.00,8.00,1319940,0,14339060,91.57,62816,577260,14297964,91.31,13791012,359076,264,13510044,59488,2512,29572,31532,0,0,0.00,0,0.00,4,300,2.28,2.01,1.69,0,0.40,0.00,8.00,20.00,0.00,2.00,2.00,0.08,38.40,20.80,315.10,1.98,0.00,0.00,0.00,0.00
2018-01-06 22:13:25,99.50,0.00,0.40,0.00,0.00,0.00,0.00,0.00,0.00,0.10,0.00,864.40,904.80,0.00,0.00,0.00,58.40,13.00,0.00,176.00,0.00,0.00,0.00,0.00,3.00,0.00,3.00,0.00,116.80,1320152,0,14338848,91.57,62820,577284,14297964,91.31,13790476,359116,84,13509492,59496,2448,29572,31532,0,0,0.00,0,0.00,4,292,2.26,2.01,1.69,0,3.00,0.00,116.80,38.93,0.00,0.27,0.27,0.08,39.20,20.60,315.43,2.54,0.00,0.00,0.00,0.00
2018-01-06 22:13:30,100.00,0.00,0.00,0.00,0.00,0.00,0.00,0.00,0.00,0.00,0.00,801.60,854.60,0.00,0.00,0.00,11.20,7.00,0.00,17.20,0.00,0.00,0.00,0.00,0.80,0.00,0.80,0.00,22.40,1320168,0,14338832,91.57,62824,577304,14297964,91.31,13790500,359120,132,13509492,59480,2448,29572,31532,0,0,0.00,0,0.00,3,292,2.24,2.01,1.69,0,0.80,0.00,22.40,28.00,0.00,1.00,1.00,0.08,1.40,2.60,0.11,0.51,0.00,0.00,0.00,0.00
2018-01-06 22:13:35,61.38,0.00,0.10,0.00,0.00,0.00,0.00,0.00,0.00,38.52,0.00,842.80,729.00,0.00,0.00,0.00,5.60,8.60,0.00,61.40,0.00,0.00,0.00,0.00,0.40,0.00,0.40,0.00,11.20,1320344,0,14338656,91.57,62832,577332,14297964,91.31,13790000,359120,172,13508988,59520,2448,29572,31532,0,0,0.00,0,0.00,1,292,2.06,1.98,1.68,0,0.40,0.00,11.20,28.00,0.00,2.00,2.00,0.08,7.00,7.40,42.46,2.57,0.00,0.00,0.00,0.00
2018-01-06 22:13:40,89.29,0.00,0.10,0.00,0.10,0.00,0.10,0.00,0.00,10.41,0.00,899.60,954.80,0.00,0.00,0.00,4.80,7.80,0.00,256.40,0.00,0.00,0.00,0.00,0.40,0.00,0.40,0.00,9.60,1320228,0,14338772,91.57,62840,577364,14297964,91.31,13790032,359164,208,13508988,59512,2448,29572,31532,0,0,0.00,0,0.00,5,292,2.06,1.98,1.68,0,0.40,0.00,9.60,24.00,0.00,2.00,2.00,0.08,74.20,58.00,595.79,6.20,0.00,0.00,0.00,0.00
2018-01-06 22:13:45,99.90,0.00,0.10,0.00,0.00,0.00,0.00,0.00,0.00,0.00,0.00,819.60,840.40,0.00,0.00,0.00,4.00,8.60,0.00,18.20,0.00,0.00,0.00,0.00,0.40,0.00,0.40,0.00,8.00,1320268,0,14338732,91.57,62848,577388,14297964,91.31,13790036,359160,236,13508988,59504,2448,29572,31532,0,0,0.00,0,0.00,3,292,2.05,1.98,1.68,0,0.40,0.00,8.00,20.00,0.00,0.00,0.00,0.00,2.00,3.60,0.24,1.12,0.00,0.00,0.00,0.00
2018-01-06 22:13:50,99.90,0.00,0.10,0.00,0.00,0.00,0.00,0.00,0.00,0.00,0.00,809.80,832.60,0.00,0.00,0.00,14.40,7.60,0.00,15.60,0.00,0.00,0.00,0.00,0.60,0.00,0.60,0.00,28.80,1320260,0,14338740,91.57,62856,577408,14297964,91.31,13790044,359184,292,13508988,59512,2448,29572,31532,0,0,0.00,0,0.00,3,292,2.05,1.98,1.69,0,0.60,0.00,28.80,48.00,0.00,0.00,0.00,0.00,1.40,2.80,0.13,0.61,0.00,0.00,0.00,0.00
2018-01-06 22:13:55,99.70,0.00,0.30,0.00,0.00,0.00,0.00,0.00,0.00,0.00,0.00,829.60,849.20,0.00,0.00,0.00,25.60,10.80,0.00,93.40,0.00,0.00,0.00,0.00,1.80,0.00,1.80,0.00,51.20,1321376,0,14337624,91.56,62860,577432,14297964,91.31,13788532,359208,300,13507448,59512,2448,29572,31532,0,0,0.00,0,0.00,3,292,2.04,1.98,1.69,0,1.80,0.00,51.20,28.44,0.00,0.00,0.00,0.00,2.00,3.80,0.26,1.22,0.00,0.00,0.00,0.00
2018-01-06 22:14:00,99.90,0.00,0.10,0.00,0.00,0.00,0.00,0.00,0.00,0.00,0.00,808.20,842.40,0.00,0.00,0.00,53.60,7.60,0.00,15.80,0.00,0.00,0.00,0.00,3.80,0.00,3.80,0.00,107.20,1321368,0,14337632,91.56,62868,577452,14297964,91.31,13788548,359224,72,13507448,59520,2448,29572,31532,0,0,0.00,0,0.00,3,292,2.04,1.98,1.69,0,3.80,0.00,107.20,28.21,0.00,0.00,0.00,0.00,1.20,2.40,0.11,0.50,0.00,0.00,0.00,0.00
2018-01-06 22:14:05,99.70,0.00,0.30,0.00,0.00,0.00,0.00,0.00,0.00,0.00,0.00,835.40,853.00,0.00,0.00,0.00,2.40,7.60,0.00,16.00,0.00,0.00,0.00,0.00,0.20,0.00,0.20,0.00,4.80,1321368,0,14337632,91.56,62868,577484,14297964,91.31,13788560,359244,128,13507448,59520,2448,29572,31532,0,0,0.00,0,0.00,3,292,2.04,1.98,1.69,0,0.20,0.00,4.80,24.00,0.00,0.00,0.00,0.00,1.80,3.60,0.25,1.21,0.00,0.00,0.00,0.00
2018-01-06 22:14:10,99.90,0.00,0.10,0.00,0.00,0.00,0.00,0.00,0.00,0.00,0.00,803.20,832.40,0.00,0.00,0.00,5.60,7.40,0.00,15.80,0.00,0.00,0.00,0.00,0.40,0.00,0.40,0.00,11.20,1321336,0,14337664,91.56,62872,577504,14297964,91.31,13788560,359244,152,13507448,59520,2448,29572,31532,0,0,0.00,0,0.00,3,292,2.03,1.98,1.69,0,0.40,0.00,11.20,28.00,0.00,0.00,0.00,0.00,1.60,3.00,0.13,0.62,0.00,0.00,0.00,0.00
2018-01-06 22:14:15,99.90,0.00,0.10,0.00,0.00,0.00,0.00,0.00,0.00,0.00,0.00,814.00,841.40,0.00,0.00,0.00,3.20,7.60,0.00,17.60,0.00,0.00,0.00,0.00,0.40,0.00,0.40,0.00,6.40,1321368,0,14337632,91.56,62876,577528,14297964,91.31,13788576,359252,176,13507448,59520,2448,29572,31532,0,0,0.00,0,0.00,3,292,2.03,1.98,1.69,0,0.40,0.00,6.40,16.00,0.00,0.00,0.00,0.00,1.80,3.40,0.24,1.11,0.00,0.00,0.00,0.00
2018-01-06 22:14:20,99.80,0.00,0.20,0.00,0.00,0.00,0.00,0.00,0.00,0.00,0.00,820.60,844.40,0.00,0.00,0.00,3.20,7.80,0.00,41.80,0.00,0.00,0.00,0.00,0.40,0.00,0.40,0.00,6.40,1321732,0,14337268,91.56,62884,577556,14297964,91.31,13788092,359284,204,13506936,59528,2448,29572,31532,0,0,0.00,0,0.00,3,292,2.11,2.00,1.70,0,0.40,0.00,6.40,16.00,0.00,0.00,0.00,0.00,1.80,3.20,0.14,0.63,0.00,0.00,0.00,0.00
2018-01-06 22:14:25,99.90,0.00,0.10,0.00,0.00,0.00,0.00,0.00,0.00,0.00,0.00,811.60,846.60,0.00,0.00,0.00,15.20,10.20,0.00,16.60,0.00,0.00,0.00,0.00,2.00,0.00,2.00,0.00,30.40,1321732,0,14337268,91.56,62892,577580,14297964,91.31,13788104,359308,224,13506936,59528,2448,29572,31532,0,0,0.00,0,0.00,4,292,2.10,2.00,1.70,0,2.00,0.00,30.40,15.20,0.00,0.00,0.00,0.00,2.40,3.80,0.28,1.22,0.00,0.00,0.00,0.00
2018-01-06 22:14:30,99.90,0.00,0.10,0.00,0.00,0.00,0.00,0.00,0.00,0.00,0.00,810.80,837.40,0.00,0.00,0.00,5.60,7.60,0.00,15.40,0.00,0.00,0.00,0.00,0.40,0.00,0.40,0.00,11.20,1321732,0,14337268,91.56,62900,577604,14297964,91.31,13788104,359308,256,13506936,59528,2448,29572,31532,0,0,0.00,0,0.00,3,292,2.09,2.00,1.70,0,0.40,0.00,11.20,28.00,0.00,0.00,0.00,0.00,1.20,2.40,0.11,0.50,0.00,0.00,0.00,0.00
2018-01-06 22:14:35,99.90,0.00,0.10,0.00,0.00,0.00,0.00,0.00,0.00,0.00,0.00,804.20,823.20,0.00,0.00,0.00,44.80,9.00,0.00,16.00,0.00,0.00,0.00,0.00,3.00,0.00,3.00,0.00,89.60,1321732,0,14337268,91.56,62908,577624,14297964,91.31,13788140,359344,68,13506948,59528,2448,29572,31532,0,0,0.00,0,0.00,3,292,2.08,2.00,1.70,0,3.00,0.00,89.60,29.87,0.00,0.00,0.00,0.00,1.80,3.60,0.25,1.21,0.00,0.00,0.00,0.00
2018-01-06 22:14:40,36.97,0.00,0.20,0.00,0.00,0.00,0.30,0.00,0.00,62.53,0.00,998.60,1052.20,0.00,0.00,0.00,8.00,8.80,0.00,1029.60,0.00,0.00,0.00,0.00,0.60,0.00,0.60,0.00,16.00,1322688,0,14336312,91.55,62912,577648,14297964,91.31,13787644,359356,132,13506436,59488,2448,29572,31532,0,0,0.00,0,0.00,3,292,2.00,1.98,1.70,0,0.60,0.00,16.00,26.67,0.00,0.00,0.00,0.00,242.40,157.20,1273.33,1578.19,0.00,0.00,0.00,0.00
2018-01-06 22:14:45,46.01,0.00,1.92,0.00,0.10,0.00,0.10,0.00,0.00,51.87,21.40,1350.40,1070.00,0.00,0.00,0.00,12.80,7590.60,0.00,659892.00,0.00,0.00,0.00,0.00,0.40,0.00,0.40,0.00,25.60,14463388,0,1195612,7.64,62916,567212,928792,5.93,688904,346564,192,405244,58824,2192,3452,31532,0,0,0.00,0,0.00,2,230,1.92,1.97,1.70,0,0.40,0.00,25.60,64.00,0.00,0.00,0.00,0.00,67.00,72.80,5.73,9.06,0.00,0.00,0.00,0.00
