timestamp,cpu.%usr,cpu.%nice,cpu.%sys,cpu.%iowait,cpu.%steal,cpu.%irq,cpu.%soft,cpu.%guest,cpu.%gnice,cpu.%idle,task.proc/s,task.cswch/s,intr.intr/s,swap.pswpin/s,swap.pswpout/s,paging.pgpgin/s,paging.pgpgout/s,paging.fault/s,paging.majflt/s,paging.pgfree/s,paging.pgscank/s,paging.pgscand/s,paging.pgsteal/s,paging.%vmeff,io.tps,io.rtps,io.wtps,io.bread/s,io.bwrtn/s,memory.kbmemfree,memory.kbavail,memory.kbmemused,memory.%memused,memory.kbbuffers,memory.kbcached,memory.kbcommit,memory.%commit,memory.kbactive,memory.kbinact,memory.kbdirty,memory.kbanonpg,memory.kbslab,memory.kbkstack,memory.kbpgtbl,memory.kbvmused,swap.kbswpfree,swap.kbswpused,swap.%swpused,swap.kbswpcad,swap.%swpcad,load.runq-sz,load.plist-sz,load.ldavg-1,load.ldavg-5,load.ldavg-15,load.blocked,disk.tps,disk.rd_sec/s,disk.wr_sec/s,disk.avgrq-sz,disk.avgqu-sz,disk.await,disk.svctm,disk.%util,network.rxpck/s,network.txpck/s,network.rxkB/s,network.txkB/s,network.rxcmp/s,network.txcmp/s,network.rxmcst/s,network.%ifutil
2018-01-06 21:14:17,0.00,0.00,0.10,54.68,0.10,0.00,0.00,0.00,0.00,45.12,0.00,244.60,389.20,0.00,0.00,0.80,31440.00,8.60,0.00,15.40,0.00,0.00,0.00,0.00,244.20,0.20,244.00,1.60,62260.80,13085952,0,2573048,16.43,25660,1891412,1083904,6.92,708868,1686040,57172,477848,78208,1920,3176,31532,0,0,0.00,0,0.00,1,226,1.67,0.99,0.47,1,244.40,1.60,62312.00,254.97,137.55,565.85,4.09,100.00,1.80,3.20,0.14,0.55,0.00,0.00,0.00,0.00
2018-01-06 21:14:22,0.20,0.00,0.10,22.87,0.00,0.00,0.00,0.00,0.00,76.83,0.00,236.00,270.20,0.00,0.00,1.60,11428.00,12.40,0.00,16.20,0.00,0.00,0.00,0.00,131.20,0.40,130.80,3.20,30848.00,13085952,0,2573048,16.43,25676,1891448,1083904,6.92,708904,1686048,168,477852,78208,1920,3176,31532,0,0,0.00,0,0.00,1,226,1.54,0.97,0.47,0,131.00,3.20,30796.80,235.11,57.21,479.80,3.31,43.36,1.60,3.00,0.13,0.54,0.00,0.00,0.00,0.00
2018-01-06 21:14:27,2.01,0.00,0.60,0.00,0.10,0.00,0.10,0.00,0.00,97.19,14.80,441.60,373.00,0.00,0.00,0.80,8.80,7750.60,0.00,2472.40,0.00,0.00,0.00,0.00,0.60,0.20,0.40,1.60,17.60,13080572,0,2578428,16.47,25692,1891536,1107504,7.07,713468,1686148,304,482384,78240,1944,3672,31532,0,0,0.00,0,0.00,1,229,1.41,0.96,0.47,0,0.60,1.60,17.60,32.00,0.00,0.00,0.00,0.00,11.80,13.60,11.22,11.41,0.00,0.00,0.00,0.00
2018-01-06 21:14:32,0.00,0.00,0.00,0.00,0.00,0.00,0.00,0.00,0.00,100.00,0.00,240.60,157.00,0.00,0.00,0.00,12.80,8.00,0.00,37.40,0.00,0.00,0.00,0.00,0.60,0.00,0.60,0.00,25.60,13080556,0,2578444,16.47,25704,1891560,1107504,7.07,713200,1686168,356,482108,78240,1928,3672,31532,0,0,0.00,0,0.00,1,224,1.30,0.94,0.46,0,0.60,0.00,25.60,42.67,0.00,0.00,0.00,0.00,2.00,3.40,0.16,0.73,0.00,0.00,0.00,0.00
2018-01-06 21:14:37,43.20,0.00,1.81,0.00,0.00,0.00,0.00,0.00,0.00,54.98,15.20,915.80,676.00,0.00,0.00,0.00,0.00,7687.60,0.00,2662.20,0.00,0.00,0.00,0.00,0.00,0.00,0.00,0.00,0.00,12905628,0,2753372,17.58,25720,1892116,1610864,10.29,885916,1686688,964,654764,78836,2208,4568,31532,0,0,0.00,0,0.00,6,262,1.36,0.96,0.47,0,0.00,0.00,0.00,0.00,0.00,0.00,0.00,0.00,20.00,18.00,81.03,2.13,0.00,0.00,0.00,0.00
2018-01-06 21:14:42,96.60,0.00,2.80,0.00,0.10,0.00,0.00,0.00,0.00,0.50,9.20,1366.20,882.00,0.00,0.00,12.80,34.40,4977.40,0.00,2530.80,0.00,0.00,0.00,0.00,2.40,1.60,0.80,25.60,68.80,12583920,0,3075080,19.64,25732,1892440,1673196,10.69,1207436,1686072,1332,975376,79360,2464,5444,31532,0,0,0.00,0,0.00,6,293,1.65,1.02,0.50,0,2.40,25.60,68.80,39.33,0.00,0.67,0.67,0.16,18.80,23.60,3.68,36.14,0.00,0.00,0.00,0.00
2018-01-06 21:14:47,97.90,0.00,1.80,0.00,0.00,0.00,0.20,0.00,0.00,0.10,0.00,1886.00,1291.40,0.00,0.00,0.80,48.80,69.60,0.00,734.60,0.00,0.00,0.00,0.00,1.20,0.20,1.00,1.60,97.60,12582076,0,3076924,19.65,25744,1887392,1673196,10.69,1212368,1681076,1196,980380,79364,2400,5464,31532,0,0,0.00,0,0.00,3,286,1.76,1.06,0.51,0,1.20,1.60,97.60,82.67,0.00,4.00,4.00,0.48,5.60,7.60,0.36,1.40,0.00,0.00,0.00,0.00
2018-01-06 21:14:52,98.80,0.00,1.00,0.00,0.00,0.00,0.20,0.00,0.00,0.00,0.00,1063.60,941.40,0.00,0.00,0.80,16.80,57.60,0.00,304.00,0.00,0.00,0.00,0.00,1.00,0.20,0.80,1.60,33.60,12586944,0,3072056,19.62,25752,1882340,1673196,10.69,1212668,1676352,1252,981000,79276,2392,5472,31532,0,0,0.00,0,0.00,4,284,1.78,1.07,0.52,0,1.00,1.60,33.60,35.20,0.00,0.80,0.80,0.08,3.60,5.40,0.25,1.18,0.00,0.00,0.00,0.00
2018-01-06 21:14:57,99.00,0.00,0.80,0.00,0.00,0.00,0.20,0.00,0.00,0.00,0.00,955.00,919.40,0.00,0.00,0.00,50.40,19.20,0.00,293.20,0.00,0.00,0.00,0.00,7.40,0.00,7.40,0.00,100.80,12592036,0,3066964,19.59,25760,1877264,1673196,10.69,1212664,1671440,1052,981200,79196,2384,5472,31532,0,0,0.00,0,0.00,2,284,1.79,1.09,0.52,0,7.40,0.00,100.80,13.62,0.00,0.00,0.00,0.00,2.80,4.80,0.22,1.32,0.00,0.00,0.00,0.00
2018-01-06 21:15:02,98.90,0.00,0.90,0.00,0.00,0.00,0.20,0.00,0.00,0.00,0.40,1153.80,1059.00,0.00,0.00,1.60,20.00,179.40,0.00,354.60,0.00,0.00,0.00,0.00,1.60,0.40,1.20,3.20,40.00,12596496,0,3062504,19.56,25768,1872196,1673196,10.69,1212504,1666640,1072,981252,79132,2384,5472,31532,0,0,0.00,0,0.00,2,284,1.81,1.10,0.53,0,1.60,3.20,40.00,27.00,0.00,0.00,0.00,0.00,2.80,5.00,0.22,1.42,0.00,0.00,0.00,0.00
2018-01-06 21:15:07,99.30,0.00,0.70,0.00,0.00,0.00,0.00,0.00,0.00,0.00,0.00,934.20,928.00,0.00,0.00,0.00,16.80,141.40,0.00,341.60,0.00,0.00,0.00,0.00,0.40,0.00,0.40,0.00,33.60,12600288,0,3058712,19.53,25776,1867148,1673196,10.69,1214136,1661820,1192,983108,79096,2368,5472,31532,0,0,0.00,0,0.00,3,282,1.83,1.12,0.54,0,0.40,0.00,33.60,84.00,0.00,10.00,10.00,0.40,3.20,5.40,0.25,1.44,0.00,0.00,0.00,0.00
2018-01-06 21:15:12,80.72,0.00,2.71,0.00,0.00,0.00,0.10,0.00,0.00,16.47,16.00,1909.20,1070.20,0.00,0.00,0.00,120.00,10033.00,0.00,28384.00,0.00,0.00,0.00,0.00,2.80,0.00,2.80,0.00,240.00,12872844,0,2786156,17.79,25816,1861708,1668780,10.66,944400,1656700,472,717536,78628,2216,4680,31532,0,0,0.00,0,0.00,6,266,2.08,1.18,0.56,0,2.80,0.00,240.00,85.71,0.02,5.43,2.00,0.56,15.20,16.40,2.37,2.64,0.00,0.00,0.00,0.00
2018-01-06 21:15:17,97.10,0.00,2.60,0.00,0.00,0.00,0.10,0.00,0.00,0.20,7.20,1697.80,980.20,0.00,0.00,0.00,33.60,2078.40,0.00,1029.40,0.00,0.00,0.00,0.00,0.80,0.00,0.80,0.00,67.20,12613676,0,3045324,19.45,25828,1856908,1668780,10.66,1211036,1652324,848,980520,78892,2440,5460,31532,0,0,0.00,0,0.00,5,292,2.07,1.20,0.57,0,0.80,0.00,67.20,84.00,0.00,0.00,0.00,0.00,19.20,23.80,3.71,38.05,0.00,0.00,0.00,0.00
2018-01-06 21:15:22,98.80,0.00,1.00,0.00,0.00,0.00,0.20,0.00,0.00,0.00,0.80,1778.80,1051.40,0.00,0.00,63.20,56.00,105.20,0.00,1039.60,0.00,0.00,0.00,0.00,5.60,3.80,1.80,126.40,112.00,12611832,0,3047168,19.46,25836,1852260,1668780,10.66,1216832,1647568,692,986464,78920,2440,5484,31532,0,0,0.00,0,0.00,3,291,2.31,1.26,0.60,0,5.60,126.40,112.00,42.57,0.01,1.00,0.86,0.48,20.00,20.80,1.76,3.11,0.00,0.00,0.00,0.00
2018-01-06 21:15:27,99.20,0.00,0.80,0.00,0.00,0.00,0.00,0.00,0.00,0.00,0.00,1360.80,854.80,0.00,0.00,0.00,12.80,55.60,0.00,311.60,0.00,0.00,0.00,0.00,0.40,0.00,0.40,0.00,25.60,12616728,0,3042272,19.43,25844,1847064,1668780,10.66,1217132,1642788,764,986888,78856,2424,5492,31532,0,0,0.00,0,0.00,8,289,2.60,1.34,0.62,0,0.40,0.00,25.60,64.00,0.00,0.00,0.00,0.00,2.80,5.00,0.21,1.21,0.00,0.00,0.00,0.00
2018-01-06 21:15:32,98.90,0.00,1.00,0.00,0.00,0.00,0.10,0.00,0.00,0.00,0.00,1035.00,804.00,0.00,0.00,0.00,43.20,19.00,0.00,302.20,0.00,0.00,0.00,0.00,5.60,0.00,5.60,0.00,86.40,12621912,0,3037088,19.40,25852,1842060,1668780,10.66,1216980,1637908,660,987096,78740,2424,5492,31532,0,0,0.00,0,0.00,4,289,2.56,1.35,0.63,0,5.60,0.00,86.40,15.43,0.00,0.00,0.00,0.00,3.60,4.80,0.26,1.27,0.00,0.00,0.00,0.00
2018-01-06 21:15:37,98.80,0.00,1.20,0.00,0.00,0.00,0.00,0.00,0.00,0.00,0.00,1035.40,795.60,0.00,0.00,0.00,6.40,16.20,0.00,301.60,0.00,0.00,0.00,0.00,0.80,0.00,0.80,0.00,12.80,12627124,0,3031876,19.36,25860,1836988,1668780,10.66,1216876,1633196,712,987188,78668,2424,5492,31532,0,0,0.00,0,0.00,2,289,2.51,1.36,0.64,0,0.80,0.00,12.80,16.00,0.00,0.00,0.00,0.00,4.40,6.60,0.38,1.61,0.00,0.00,0.00,0.00
2018-01-06 21:15:42,99.50,0.00,0.40,0.00,0.00,0.00,0.10,0.00,0.00,0.00,1.60,1205.20,769.40,0.00,0.00,0.00,16.00,66.80,0.00,328.60,0.00,0.00,0.00,0.00,1.20,0.00,1.20,0.00,32.00,12630040,0,3028960,19.34,25872,1831932,1668780,10.66,1219396,1628244,756,989840,78560,2408,5492,31532,0,0,0.00,0,0.00,6,293,2.47,1.37,0.65,0,1.20,0.00,32.00,26.67,0.02,12.67,8.67,1.04,2.80,4.80,0.22,1.32,0.00,0.00,0.00,0.00
2018-01-06 21:15:47,79.06,0.00,2.91,0.00,0.00,0.00,0.10,0.00,0.00,17.94,15.00,1756.40,886.60,0.00,0.00,0.00,49.60,9227.20,0.00,27589.40,0.00,0.00,0.00,0.00,2.00,0.00,2.00,0.00,99.20,12893324,0,2765676,17.66,25892,1826588,1668380,10.65,962904,1623184,444,733672,78420,2272,4828,31532,0,0,0.00,0,0.00,6,275,2.75,1.45,0.68,0,2.00,0.00,99.20,49.60,0.00,0.00,0.00,0.00,35.00,38.40,4.53,5.49,0.00,0.00,0.00,0.00
2018-01-06 21:15:52,97.09,0.00,2.61,0.00,0.00,0.00,0.10,0.00,0.00,0.20,5.80,1548.00,891.40,0.00,0.00,0.00,41.60,2649.40,0.00,2497.20,0.00,0.00,0.00,0.00,1.20,0.00,1.20,0.00,83.20,12623760,0,3035240,19.38,25904,1821728,1668380,10.65,1235100,1618696,788,1006096,78604,2464,5496,31532,0,0,0.00,0,0.00,7,294,2.77,1.47,0.69,0,1.20,0.00,83.20,69.33,0.00,0.00,0.00,0.00,23.40,26.40,4.15,17.82,0.00,0.00,0.00,0.00
2018-01-06 21:15:57,98.30,0.00,1.30,0.00,0.00,0.00,0.20,0.00,0.00,0.20,0.00,1481.60,925.60,0.00,0.00,0.00,48.00,38.00,0.00,494.20,0.00,0.00,0.00,0.00,0.80,0.00,0.80,0.00,96.00,12631080,0,3027920,19.34,25912,1816652,1668380,10.65,1231868,1613864,656,1003104,78532,2440,5512,31532,0,0,0.00,0,0.00,3,291,2.87,1.52,0.71,0,0.80,0.00,96.00,120.00,0.00,0.00,0.00,0.00,9.20,10.20,0.78,1.88,0.00,0.00,0.00,0.00
2018-01-06 21:16:02,98.60,0.00,1.20,0.00,0.00,0.00,0.20,0.00,0.00,0.00,0.00,1606.60,930.40,0.00,0.00,0.00,10.40,58.20,0.00,329.00,0.00,0.00,0.00,0.00,0.40,0.00,0.40,0.00,20.80,12631932,0,3027068,19.33,25920,1811596,1668380,10.65,1236068,1609084,724,1007680,78396,2424,5520,31532,0,0,0.00,0,0.00,3,289,2.96,1.56,0.72,0,0.40,0.00,20.80,52.00,0.00,0.00,0.00,0.00,5.20,7.80,0.44,1.83,0.00,0.00,0.00,0.00
2018-01-06 21:16:07,98.90,0.00,1.00,0.00,0.00,0.00,0.10,0.00,0.00,0.00,0.20,1091.80,999.60,0.00,0.00,0.00,35.20,20.20,0.00,483.80,0.00,0.00,0.00,0.00,4.00,0.00,4.00,0.00,70.40,12639368,0,3019632,19.28,25928,1806468,1668380,10.65,1232488,1604268,644,1004332,78300,2432,5520,31532,0,0,0.00,0,0.00,5,290,2.88,1.56,0.73,0,4.00,0.00,70.40,17.60,0.00,0.20,0.20,0.08,4.80,6.40,0.34,7.11,0.00,0.00,0.00,0.00
2018-01-06 21:16:12,98.80,0.00,1.00,0.00,0.00,0.00,0.20,0.00,0.00,0.00,0.00,1043.20,854.40,0.00,0.00,0.00,8.00,14.80,0.00,311.00,0.00,0.00,0.00,0.00,0.40,0.00,0.40,0.00,16.00,12645156,0,3013844,19.25,25936,1801368,1668380,10.65,1232244,1599372,744,1004260,78144,2424,5512,31532,0,0,0.00,0,0.00,3,289,2.81,1.57,0.74,0,0.40,0.00,16.00,40.00,0.00,0.00,0.00,0.00,5.40,7.20,0.44,1.68,0.00,0.00,0.00,0.00
2018-01-06 21:16:17,95.49,0.00,1.00,0.00,0.10,0.00,0.00,0.00,0.00,3.41,10.80,1850.20,1014.80,0.00,0.00,0.80,49.60,2689.00,0.00,25515.60,0.00,0.00,0.00,0.00,7.80,0.20,7.60,1.60,99.20,13115860,0,2543140,16.24,25952,1795980,1356388,8.66,769992,1594348,428,542212,77836,2192,3900,31532,0,0,0.00,0,0.00,2,252,2.75,1.58,0.74,0,7.80,1.60,99.20,12.92,0.02,2.97,1.74,1.36,35.00,38.00,3.90,5.65,0.00,0.00,0.00,0.00
2018-01-06 21:16:22,95.49,0.00,2.61,0.00,0.00,0.00,0.00,0.00,0.00,1.90,7.80,1121.80,905.20,0.00,0.00,0.00,55.20,10450.00,0.00,5440.60,0.00,0.00,0.00,0.00,1.80,0.00,1.80,0.00,110.40,12869164,0,2789836,17.82,25972,1791168,1670340,10.67,1020220,1589572,604,792676,77876,2304,5020,31532,0,0,0.00,0,0.00,5,280,3.01,1.65,0.77,0,1.80,0.00,110.40,61.33,0.01,4.00,2.22,0.40,17.40,19.20,2.25,2.76,0.00,0.00,0.00,0.00
2018-01-06 21:16:27,97.80,0.00,1.90,0.00,0.00,0.00,0.20,0.00,0.00,0.10,3.80,2042.20,1379.20,0.00,0.00,0.00,28.00,1346.60,0.00,1103.80,0.00,0.00,0.00,0.00,0.80,0.00,0.80,0.00,56.00,12650092,0,3008908,19.22,25984,1786188,1670340,10.67,1242220,1584916,792,1015036,77860,2440,5516,31532,0,0,0.00,0,0.00,4,291,3.09,1.69,0.79,0,0.80,0.00,56.00,70.00,0.00,1.00,1.00,0.08,22.20,25.40,4.02,11.11,0.00,0.00,0.00,0.00
2018-01-06 21:16:32,98.70,0.00,1.20,0.00,0.00,0.00,0.10,0.00,0.00,0.00,0.00,1315.60,1139.00,0.00,0.00,0.00,51.20,117.40,0.00,1228.00,0.00,0.00,0.00,0.00,1.20,0.00,1.20,0.00,102.40,12651684,0,3007316,19.21,25996,1781108,1670340,10.67,1245664,1580172,680,1018792,77780,2440,5532,31532,0,0,0.00,0,0.00,4,291,3.00,1.70,0.80,0,1.20,0.00,102.40,85.33,0.00,0.67,0.67,0.08,2.80,4.40,0.21,1.20,0.00,0.00,0.00,0.00
2018-01-06 21:16:37,98.50,0.00,1.30,0.00,0.00,0.00,0.20,0.00,0.00,0.00,0.00,1619.20,1332.80,0.00,0.00,0.00,11.20,27.00,0.00,289.80,0.00,0.00,0.00,0.00,0.40,0.00,0.40,0.00,22.40,12656120,0,3002880,19.18,26004,1777060,1670340,10.67,1245972,1575336,732,1018320,77776,2424,5532,31532,0,0,0.00,0,0.00,3,289,3.08,1.73,0.81,0,0.40,0.00,22.40,56.00,0.00,2.00,2.00,0.08,3.40,5.60,0.25,1.33,0.00,0.00,0.00,0.00
2018-01-06 21:16:42,98.70,0.00,1.20,0.00,0.00,0.00,0.10,0.00,0.00,0.00,0.00,1819.60,1335.80,0.00,0.00,0.00,34.40,18.00,0.00,308.80,0.00,0.00,0.00,0.00,4.00,0.00,4.00,0.00,68.80,12661188,0,2997812,19.14,26012,1772016,1670340,10.67,1245788,1570584,656,1018432,77672,2424,5532,31532,0,0,0.00,0,0.00,3,289,3.08,1.75,0.83,0,4.00,0.00,68.80,17.20,0.00,0.20,0.20,0.08,2.80,4.80,0.22,1.33,0.00,0.00,0.00,0.00
2018-01-06 21:16:47,99.00,0.00,0.80,0.00,0.00,0.00,0.10,0.00,0.00,0.10,0.00,1177.80,1022.40,0.00,0.00,0.00,8.80,22.60,0.00,323.20,0.00,0.00,0.00,0.00,0.40,0.00,0.40,0.00,17.60,12666644,0,2992356,19.11,26020,1766956,1670340,10.67,1245624,1565784,748,1018508,77480,2416,5532,31532,0,0,0.00,0,0.00,3,287,3.07,1.78,0.84,0,0.40,0.00,17.60,44.00,0.00,0.00,0.00,0.00,8.80,11.20,0.85,2.60,0.00,0.00,0.00,0.00
2018-01-06 21:16:52,88.76,0.00,2.81,0.00,0.00,0.00,0.10,0.00,0.00,8.33,14.80,2044.40,1142.00,0.00,0.00,0.80,58.40,7413.80,0.00,28269.00,0.00,0.00,0.00,0.00,5.60,0.20,5.40,1.60,116.80,13007260,0,2651740,16.93,26048,1761668,1600728,10.22,912284,1560656,440,685296,77188,2248,4684,31532,0,0,0.00,0,0.00,5,268,3.30,1.85,0.86,0,5.60,1.60,116.80,21.14,0.02,2.86,1.86,1.04,86.40,87.80,9.70,10.80,0.00,0.00,0.00,0.00
2018-01-06 21:16:57,97.60,0.00,2.30,0.00,0.00,0.00,0.00,0.00,0.00,0.10,7.00,1432.60,954.40,0.00,0.00,0.00,46.40,4590.60,0.00,2472.40,0.00,0.00,0.00,0.00,1.40,0.00,1.40,0.00,92.80,12792048,0,2866952,18.31,26060,1756772,1631664,10.42,1130844,1556148,764,904216,77320,2400,5268,31532,0,0,0.00,0,0.00,6,290,3.52,1.91,0.89,0,1.40,0.00,92.80,66.29,0.01,4.57,4.00,0.56,16.60,19.60,3.37,5.80,0.00,0.00,0.00,0.00
2018-01-06 21:17:02,97.90,0.00,1.90,0.00,0.00,0.00,0.20,0.00,0.00,0.00,2.00,2159.80,1099.80,0.00,0.00,1229.60,17.60,423.40,0.00,784.60,0.00,0.00,0.00,0.00,10.60,9.80,0.80,2459.20,35.20,12680268,0,2978732,19.02,26072,1757840,1662744,10.62,1239452,1557592,796,1013236,77236,2440,5516,31532,0,0,0.00,0,0.00,5,291,3.56,1.95,0.91,0,10.60,2459.20,35.20,235.32,0.05,5.13,0.38,0.40,16.00,17.40,1.59,8.47,0.00,0.00,0.00,0.00
2018-01-06 21:17:07,98.70,0.00,1.20,0.00,0.00,0.00,0.10,0.00,0.00,0.00,0.00,1473.00,883.00,0.00,0.00,0.00,51.20,77.40,0.00,871.20,0.00,0.00,0.00,0.00,1.00,0.00,1.00,0.00,102.40,12692448,0,2966552,18.94,26080,1752736,1662744,10.62,1232856,1552852,728,1006908,77172,2432,5508,31532,0,0,0.00,0,0.00,3,290,3.67,2.00,0.93,0,1.00,0.00,102.40,102.40,0.00,0.80,0.80,0.08,3.20,5.60,0.25,1.45,0.00,0.00,0.00,0.00
2018-01-06 21:17:12,98.90,0.00,0.90,0.00,0.00,0.00,0.20,0.00,0.00,0.00,0.00,1220.40,947.20,0.00,0.00,0.00,10.40,19.80,0.00,302.60,0.00,0.00,0.00,0.00,0.40,0.00,0.40,0.00,20.80,12697352,0,2961648,18.91,26088,1747696,1662744,10.62,1232548,1548168,780,1007028,77052,2424,5508,31532,0,0,0.00,0,0.00,2,289,3.54,2.00,0.94,0,0.40,0.00,20.80,52.00,0.00,2.00,2.00,0.08,3.00,5.00,0.22,1.21,0.00,0.00,0.00,0.00
2018-01-06 21:17:17,99.20,0.00,0.70,0.00,0.00,0.00,0.10,0.00,0.00,0.00,0.00,1186.40,1016.40,0.00,0.00,0.00,37.60,14.40,0.00,300.60,0.00,0.00,0.00,0.00,5.60,0.00,5.60,0.00,75.20,12702256,0,2956744,18.88,26096,1742656,1662744,10.62,1232288,1543400,664,1007072,77048,2424,5508,31532,0,0,0.00,0,0.00,2,289,3.42,2.00,0.94,0,5.60,0.00,75.20,13.43,0.00,0.14,0.14,0.08,2.80,4.80,0.22,1.27,0.00,0.00,0.00,0.00
2018-01-06 21:17:22,98.00,0.00,1.20,0.00,0.00,0.00,0.10,0.00,0.00,0.70,5.80,1550.00,956.80,0.00,0.00,0.00,20.80,1224.40,0.00,618.00,0.00,0.00,0.00,0.00,1.40,0.00,1.40,0.00,41.60,12706004,0,2952996,18.86,26112,1737392,1879852,12.00,1234936,1538516,544,1009776,77136,2424,5508,31532,0,0,0.00,0,0.00,8,293,3.30,2.00,0.95,0,1.40,0.00,41.60,29.71,0.01,4.57,4.57,0.64,25.20,27.40,3.12,4.29,0.00,0.00,0.00,0.00
2018-01-06 21:17:27,93.80,0.00,3.50,0.00,0.10,0.00,0.20,0.00,0.00,2.40,11.20,1504.00,945.80,0.00,0.00,1.60,62.40,10140.20,0.00,29365.00,0.00,0.00,0.00,0.00,3.00,0.40,2.60,3.20,124.80,12959040,0,2699960,17.24,26128,1732160,1614948,10.31,987624,1533844,508,763128,76712,2304,4932,31532,0,0,0.00,0,0.00,5,277,3.36,2.03,0.96,0,3.00,3.20,124.80,42.67,0.01,4.80,3.20,0.96,64.60,66.40,7.43,8.20,0.00,0.00,0.00,0.00
2018-01-06 21:17:32,97.20,0.00,2.60,0.00,0.00,0.00,0.00,0.00,0.00,0.20,5.20,2079.60,1260.20,0.00,0.00,0.00,33.60,1458.60,0.00,782.40,0.00,0.00,0.00,0.00,1.20,0.00,1.20,0.00,67.20,12719656,0,2939344,18.77,26140,1727348,1614948,10.31,1229236,1529312,768,1004940,76900,2440,5492,31532,0,0,0.00,0,0.00,5,291,3.41,2.07,0.98,0,1.20,0.00,67.20,56.00,0.00,0.00,0.00,0.00,7.00,10.80,2.68,1.66,0.00,0.00,0.00,0.00
2018-01-06 21:17:37,99.30,0.00,0.70,0.00,0.00,0.00,0.00,0.00,0.00,0.00,0.00,1241.00,880.40,0.00,0.00,0.00,16.00,46.00,0.00,612.40,0.00,0.00,0.00,0.00,1.00,0.00,1.00,0.00,32.00,12730884,0,2928116,18.70,26156,1722288,1614948,10.31,1222976,1524460,800,998972,76868,2440,5484,31532,0,0,0.00,0,0.00,5,291,3.38,2.08,0.99,0,1.00,0.00,32.00,32.00,0.00,0.00,0.00,0.00,2.80,4.80,0.22,1.27,0.00,0.00,0.00,0.00
2018-01-06 21:17:42,98.90,0.00,0.90,0.00,0.00,0.00,0.20,0.00,0.00,0.00,0.00,1791.00,1261.40,0.00,0.00,0.00,41.60,36.20,0.00,388.00,0.00,0.00,0.00,0.00,0.80,0.00,0.80,0.00,83.20,12735300,0,2923700,18.67,26164,1717324,1614948,10.31,1223228,1519788,700,999676,76792,2424,5496,31532,0,0,0.00,0,0.00,3,289,3.27,2.08,1.00,0,0.80,0.00,83.20,104.00,0.00,1.00,1.00,0.08,3.00,5.20,0.22,1.22,0.00,0.00,0.00,0.00
2018-01-06 21:17:47,99.20,0.00,0.70,0.00,0.00,0.00,0.10,0.00,0.00,0.00,0.00,1733.80,1264.80,0.00,0.00,0.00,9.60,15.00,0.00,306.60,0.00,0.00,0.00,0.00,0.40,0.00,0.40,0.00,19.20,12740280,0,2918720,18.64,26172,1712256,1614948,10.31,1223000,1515052,776,999728,76800,2424,5496,31532,0,0,0.00,0,0.00,3,289,3.25,2.10,1.01,0,0.40,0.00,19.20,48.00,0.00,0.00,0.00,0.00,2.80,4.80,0.22,1.28,0.00,0.00,0.00,0.00
2018-01-06 21:17:52,99.30,0.00,0.70,0.00,0.00,0.00,0.00,0.00,0.00,0.00,0.00,1033.60,941.00,0.00,0.00,0.00,46.40,18.20,0.00,298.60,0.00,0.00,0.00,0.00,5.40,0.00,5.40,0.00,92.80,12745520,0,2913480,18.61,26180,1707124,1614948,10.31,1222740,1510404,660,999784,76716,2424,5496,31532,0,0,0.00,0,0.00,3,289,3.15,2.09,1.01,0,5.40,0.00,92.80,17.19,0.00,0.15,0.15,0.08,3.40,6.00,0.28,1.74,0.00,0.00,0.00,0.00
2018-01-06 21:17:57,53.57,0.00,1.11,0.00,0.10,0.00,0.10,0.00,0.00,45.13,7.00,1755.00,932.40,0.00,0.00,0.00,50.40,1042.60,0.00,25494.00,0.00,0.00,0.00,0.00,5.40,0.00,5.40,0.00,100.80,13239488,0,2419512,15.45,26188,1701676,1040796,6.65,736468,1505280,256,513820,76136,2008,3736,31532,0,0,0.00,0,0.00,2,237,3.13,2.11,1.02,0,5.40,0.00,100.80,18.67,0.00,0.89,0.89,0.48,66.80,69.40,7.26,9.13,0.00,0.00,0.00,0.00
2018-01-06 21:18:02,0.10,0.00,0.00,0.00,0.00,0.00,0.00,0.00,0.00,99.90,0.00,246.60,159.00,0.00,0.00,0.00,31.20,7.60,0.00,277.20,0.00,0.00,0.00,0.00,0.80,0.00,0.80,0.00,62.40,13244792,0,2414208,15.42,26200,1696624,1040796,6.65,736072,1500556,316,513820,75980,2008,3736,31532,0,0,0.00,0,0.00,1,237,2.88,2.07,1.02,0,0.80,0.00,62.40,78.00,0.00,0.00,0.00,0.00,2.40,3.80,0.17,0.75,0.00,0.00,0.00,0.00
2018-01-06 21:18:07,0.10,0.00,0.10,0.00,0.00,0.00,0.00,0.00,0.00,99.80,0.00,246.60,157.80,0.00,0.00,0.00,11.20,7.80,0.00,273.80,0.00,0.00,0.00,0.00,0.60,0.00,0.60,0.00,22.40,13249808,0,2409192,15.39,26208,1691528,1040796,6.65,735704,1495836,328,513824,75956,2008,3736,31532,0,0,0.00,0,0.00,1,237,2.65,2.04,1.01,0,0.60,0.00,22.40,37.33,0.00,0.00,0.00,0.00,2.00,3.40,0.15,0.73,0.00,0.00,0.00,0.00
2018-01-06 21:18:12,0.10,0.00,0.00,0.00,0.00,0.00,0.00,0.00,0.00,99.90,0.00,244.40,153.00,0.00,0.00,0.00,2.40,7.40,0.00,273.20,0.00,0.00,0.00,0.00,0.40,0.00,0.40,0.00,4.80,13255076,0,2403924,15.35,26216,1686384,1040796,6.65,735268,1491080,348,513824,75952,2008,3736,31532,0,0,0.00,0,0.00,1,237,2.44,2.01,1.01,0,0.40,0.00,4.80,12.00,0.00,0.00,0.00,0.00,1.80,3.00,0.14,0.63,0.00,0.00,0.00,0.00
2018-01-06 21:18:17,0.00,0.00,0.00,0.00,0.00,0.00,0.00,0.00,0.00,100.00,0.00,243.80,158.60,0.00,0.00,0.00,32.80,7.20,0.00,273.40,0.00,0.00,0.00,0.00,0.40,0.00,0.40,0.00,65.60,13260192,0,2398808,15.32,26216,1681332,1040796,6.65,734964,1486260,208,513824,75916,2008,3736,31532,0,0,0.00,0,0.00,1,237,2.24,1.97,1.00,0,0.40,0.00,65.60,164.00,0.00,12.00,12.00,0.48,2.20,3.60,0.16,0.74,0.00,0.00,0.00,0.00
2018-01-06 21:18:22,0.10,0.00,0.10,0.10,0.00,0.00,0.00,0.00,0.00,99.70,0.00,239.80,149.80,0.00,0.00,0.00,11.20,8.40,0.00,275.00,0.00,0.00,0.00,0.00,1.00,0.00,1.00,0.00,22.40,13265280,0,2393720,15.29,26224,1676264,1040796,6.65,734712,1481636,220,513824,75900,2008,3736,31532,0,0,0.00,0,0.00,1,237,2.06,1.94,1.00,0,1.00,0.00,22.40,22.40,0.00,0.00,0.00,0.00,2.20,3.60,0.17,0.75,0.00,0.00,0.00,0.00
2018-01-06 21:18:27,0.10,0.00,0.00,0.00,0.00,0.00,0.00,0.00,0.00,99.90,0.40,251.00,160.60,0.00,0.00,0.00,36.00,10.60,0.00,276.40,0.00,0.00,0.00,0.00,3.60,0.00,3.60,0.00,72.00,13270324,0,2388676,15.25,26232,1671064,1040796,6.65,734464,1476880,128,513892,75852,2024,3736,31532,0,0,0.00,0,0.00,1,239,1.90,1.91,0.99,0,3.60,0.00,72.00,20.00,0.00,0.00,0.00,0.00,3.60,4.80,0.26,6.81,0.00,0.00,0.00,0.00
2018-01-06 21:18:32,0.10,0.00,0.00,0.00,0.00,0.00,0.00,0.00,0.00,99.90,0.00,242.00,152.60,0.00,0.00,0.00,16.00,7.60,0.00,237.60,0.00,0.00,0.00,0.00,1.20,0.00,1.20,0.00,32.00,13274916,0,2384084,15.23,26244,1666980,1040796,6.65,734888,1472156,156,513824,75652,2016,3736,31532,0,0,0.00,0,0.00,1,238,1.75,1.88,0.99,0,1.20,0.00,32.00,26.67,0.00,0.00,0.00,0.00,2.40,3.60,0.18,0.75,0.00,0.00,0.00,0.00
2018-01-06 21:18:37,0.00,0.00,0.10,0.00,0.00,0.00,0.00,0.00,0.00,99.90,0.00,248.60,157.60,0.00,0.00,0.00,5.60,7.20,0.00,275.40,0.00,0.00,0.00,0.00,0.40,0.00,0.40,0.00,11.20,13280092,0,2378908,15.19,26252,1661880,1040796,6.65,734568,1467392,184,513824,75592,2016,3736,31532,0,0,0.00,0,0.00,1,238,1.61,1.84,0.98,0,0.40,0.00,11.20,28.00,0.00,0.00,0.00,0.00,2.00,3.40,0.16,0.74,0.00,0.00,0.00,0.00
2018-01-06 21:18:42,0.10,0.00,0.00,0.00,0.10,0.00,0.00,0.00,0.00,99.80,0.00,235.20,144.60,0.00,0.00,0.00,0.00,7.20,0.00,278.00,0.00,0.00,0.00,0.00,0.00,0.00,0.00,0.00,0.00,13285332,0,2373668,15.16,26252,1656784,1040796,6.65,734104,1462736,208,513824,75508,2016,3736,31532,0,0,0.00,0,0.00,1,238,1.48,1.81,0.98,0,0.00,0.00,0.00,0.00,0.00,0.00,0.00,0.00,1.60,2.60,0.12,0.57,0.00,0.00,0.00,0.00
2018-01-06 21:18:47,0.00,0.00,0.00,0.00,0.00,0.00,0.00,0.00,0.00,100.00,0.00,240.00,148.80,0.00,0.00,0.00,2.40,7.20,0.00,277.00,0.00,0.00,0.00,0.00,0.40,0.00,0.40,0.00,4.80,13290416,0,2368584,15.13,26260,1651688,1040796,6.65,733776,1457972,232,513824,75420,2016,3736,31532,0,0,0.00,0,0.00,1,238,1.36,1.78,0.97,0,0.40,0.00,4.80,12.00,0.00,0.00,0.00,0.00,2.00,3.40,0.16,0.74,0.00,0.00,0.00,0.00
2018-01-06 21:18:52,0.10,0.00,0.10,0.00,0.00,0.00,0.00,0.00,0.00,99.80,0.00,243.20,154.20,0.00,0.00,0.00,41.60,8.60,0.00,276.80,0.00,0.00,0.00,0.00,1.80,0.00,1.80,0.00,83.20,13295748,0,2363252,15.09,26268,1646592,1040796,6.65,733408,1453248,80,513828,75336,2016,3736,31532,0,0,0.00,0,0.00,0,238,1.25,1.75,0.96,0,1.80,0.00,83.20,46.22,0.01,7.11,3.56,0.64,2.20,3.60,0.17,0.75,0.00,0.00,0.00,0.00
2018-01-06 21:18:57,0.00,0.00,0.00,0.00,0.00,0.00,0.00,0.00,0.00,100.00,0.00,252.80,165.80,0.00,0.00,0.00,15.20,8.40,0.00,300.60,0.00,0.00,0.00,0.00,2.20,0.00,2.20,0.00,30.40,13301184,0,2357816,15.06,26276,1641492,1040796,6.65,732760,1448488,72,513476,75184,1976,3736,31532,0,0,0.00,0,0.00,0,233,1.15,1.72,0.96,0,2.20,0.00,30.40,13.82,0.00,0.00,0.00,0.00,2.20,3.40,0.15,0.65,0.00,0.00,0.00,0.00
2018-01-06 21:19:02,0.10,0.00,0.10,0.00,0.00,0.00,0.00,0.00,0.00,99.80,0.00,245.40,154.80,0.00,0.00,0.00,0.00,7.20,0.00,277.00,0.00,0.00,0.00,0.00,0.00,0.00,0.00,0.00,0.00,13306360,0,2352640,15.02,26276,1636396,1040796,6.65,732312,1443816,96,513476,75096,1976,3736,31532,0,0,0.00,0,0.00,0,233,1.06,1.70,0.95,0,0.00,0.00,0.00,0.00,0.00,0.00,0.00,0.00,2.20,3.60,0.16,0.74,0.00,0.00,0.00,0.00
2018-01-06 21:19:07,0.00,0.00,0.00,0.00,0.00,0.00,0.00,0.00,0.00,100.00,0.00,243.40,156.00,0.00,0.00,0.00,2.40,7.20,0.00,278.00,0.00,0.00,0.00,0.00,0.40,0.00,0.40,0.00,4.80,13311724,0,2347276,14.99,26284,1631300,1040796,6.65,732060,1438980,120,513476,75012,1976,3736,31532,0,0,0.00,0,0.00,0,233,0.97,1.67,0.95,0,0.40,0.00,4.80,12.00,0.00,0.00,0.00,0.00,2.00,3.40,0.16,0.74,0.00,0.00,0.00,0.00
2018-01-06 21:19:12,0.10,0.00,0.00,0.00,0.00,0.00,0.00,0.00,0.00,99.90,0.20,252.20,166.80,0.00,0.00,0.00,0.00,11.20,0.00,283.40,0.00,0.00,0.00,0.00,0.00,0.00,0.00,0.00,0.00,13316816,0,2342184,14.96,26284,1626204,1040796,6.65,731696,1434272,152,513476,74916,1976,3736,31532,0,0,0.00,0,0.00,0,233,0.90,1.64,0.94,0,0.00,0.00,0.00,0.00,0.00,0.00,0.00,0.00,4.40,5.20,0.30,4.82,0.00,0.00,0.00,0.00
2018-01-06 21:19:17,0.00,0.00,0.10,0.10,0.10,0.00,0.00,0.00,0.00,99.70,0.20,254.80,163.40,0.00,0.00,0.00,4.00,10.60,0.00,278.80,0.00,0.00,0.00,0.00,0.40,0.00,0.40,0.00,8.00,13321992,0,2337008,14.92,26292,1621104,1040796,6.65,731316,1429540,172,513476,74828,1976,3736,31532,0,0,0.00,0,0.00,0,234,0.82,1.61,0.94,0,0.40,0.00,8.00,20.00,0.00,2.00,2.00,0.08,4.20,5.40,0.30,4.81,0.00,0.00,0.00,0.00
2018-01-06 21:19:22,0.10,0.00,0.10,0.00,0.00,0.00,0.00,0.00,0.00,99.80,0.00,248.40,162.20,0.00,0.00,0.00,7.20,8.80,0.00,282.40,0.00,0.00,0.00,0.00,0.60,0.00,0.60,0.00,14.40,13327232,0,2331768,14.89,26292,1616008,1040796,6.65,731004,1424752,188,513476,74744,1976,3736,31532,0,0,0.00,0,0.00,0,233,0.76,1.58,0.93,0,0.60,0.00,14.40,24.00,0.00,0.00,0.00,0.00,2.40,3.60,0.18,0.75,0.00,0.00,0.00,0.00
2018-01-06 21:19:27,0.00,0.00,0.00,0.00,0.00,0.00,0.00,0.00,0.00,100.00,0.00,242.20,151.60,0.00,0.00,0.00,36.80,7.20,0.00,276.40,0.00,0.00,0.00,0.00,0.80,0.00,0.80,0.00,73.60,13332564,0,2326436,14.86,26300,1610912,1040796,6.65,730648,1420044,48,513476,74656,1976,3736,31532,0,0,0.00,0,0.00,0,233,0.70,1.56,0.93,0,0.80,0.00,73.60,92.00,0.00,0.00,0.00,0.00,1.80,3.00,0.14,0.63,0.00,0.00,0.00,0.00
2018-01-06 21:19:32,0.20,0.00,0.00,0.00,0.00,0.00,0.00,0.00,0.00,99.80,0.00,245.80,153.80,0.00,0.00,0.00,5.60,7.20,0.00,276.80,0.00,0.00,0.00,0.00,0.60,0.00,0.60,0.00,11.20,13337456,0,2321544,14.83,26308,1605860,1040796,6.65,730368,1415332,68,513476,74568,1976,3736,31532,0,0,0.00,0,0.00,1,233,0.64,1.53,0.92,0,0.60,0.00,11.20,18.67,0.00,0.00,0.00,0.00,2.00,3.40,0.16,0.74,0.00,0.00,0.00,0.00
2018-01-06 21:19:37,0.10,0.00,0.10,0.00,0.00,0.00,0.00,0.00,0.00,99.80,0.00,243.20,156.60,0.00,0.00,0.00,0.00,7.80,0.00,281.00,0.00,0.00,0.00,0.00,0.00,0.00,0.00,0.00,0.00,13342800,0,2316200,14.79,26308,1600764,1040796,6.65,729996,1410612,96,513476,74484,1976,3736,31532,0,0,0.00,0,0.00,1,233,0.59,1.51,0.92,0,0.00,0.00,0.00,0.00,0.00,0.00,0.00,0.00,2.00,3.40,0.16,0.74,0.00,0.00,0.00,0.00
2018-01-06 21:19:42,0.00,0.00,0.00,0.00,0.00,0.00,0.00,0.00,0.00,100.00,0.00,241.80,149.40,0.00,0.00,0.00,3.20,7.20,0.00,279.60,0.00,0.00,0.00,0.00,0.40,0.00,0.40,0.00,6.40,13348156,0,2310844,14.76,26316,1595632,1040796,6.65,729624,1405964,120,513476,74264,1976,3736,31532,0,0,0.00,0,0.00,1,233,0.54,1.48,0.91,0,0.40,0.00,6.40,16.00,0.00,0.00,0.00,0.00,1.80,3.00,0.14,0.63,0.00,0.00,0.00,0.00
2018-01-06 21:19:47,0.10,0.00,0.10,0.00,0.00,0.00,0.00,0.00,0.00,99.80,0.00,244.00,152.80,0.00,0.00,0.00,0.00,7.20,0.00,278.40,0.00,0.00,0.00,0.00,0.00,0.00,0.00,0.00,0.00,13353288,0,2305712,14.72,26316,1590536,1040796,6.65,729256,1401104,144,513476,74248,1976,3736,31532,0,0,0.00,0,0.00,1,233,0.50,1.46,0.91,0,0.00,0.00,0.00,0.00,0.00,0.00,0.00,0.00,2.00,3.40,0.16,0.74,0.00,0.00,0.00,0.00
2018-01-06 21:19:52,0.10,0.00,0.00,0.00,0.10,0.00,0.00,0.00,0.00,99.80,0.20,255.20,165.40,0.00,0.00,0.00,8.80,12.40,0.00,281.40,0.00,0.00,0.00,0.00,1.00,0.00,1.00,0.00,17.60,13358552,0,2300448,14.69,26324,1585472,1040796,6.65,729008,1396384,156,513544,74156,1984,3736,31532,0,0,0.00,0,0.00,1,233,0.46,1.43,0.91,0,1.00,0.00,17.60,17.60,0.00,0.00,0.00,0.00,4.00,5.20,0.29,4.10,0.00,0.00,0.00,0.00
2018-01-06 21:19:57,0.10,0.00,0.00,0.00,0.00,0.00,0.00,0.00,0.00,99.90,0.00,242.91,151.30,0.00,0.00,0.00,3.99,7.19,0.00,271.66,0.00,0.00,0.00,0.00,0.40,0.00,0.40,0.00,7.98,13363072,0,2295928,14.66,26332,1580376,1040796,6.65,728584,1391660,196,513476,74100,1976,3736,31532,0,0,0.00,0,0.00,1,233,0.42,1.41,0.90,0,0.40,0.00,7.98,20.00,0.00,0.00,0.00,0.00,1.80,2.99,0.14,0.63,0.00,0.00,0.00,0.00
2018-01-06 21:20:02,0.10,0.00,0.00,0.00,0.00,0.00,0.00,0.00,0.00,99.90,0.00,241.00,147.40,0.00,0.00,0.00,32.80,7.20,0.00,280.60,0.00,0.00,0.00,0.00,0.40,0.00,0.40,0.00,65.60,13368272,0,2290728,14.63,26332,1575368,1040796,6.65,728224,1386840,52,513476,74028,1976,3736,31532,0,0,0.00,0,0.00,1,233,0.39,1.39,0.90,0,0.40,0.00,65.60,164.00,0.00,0.00,0.00,0.00,2.20,3.60,0.16,0.74,0.00,0.00,0.00,0.00
2018-01-06 21:20:07,0.00,0.00,0.00,0.30,0.00,0.00,0.00,0.00,0.00,99.70,0.00,245.80,156.00,0.00,0.00,0.00,7.20,7.60,0.00,278.40,0.00,0.00,0.00,0.00,1.20,0.00,1.20,0.00,14.40,13373548,0,2285452,14.60,26340,1570272,1040796,6.65,727784,1382136,64,513476,73940,1976,3736,31532,0,0,0.00,0,0.00,0,233,0.36,1.36,0.89,0,1.20,0.00,14.40,12.00,0.01,8.67,8.67,1.04,2.00,3.40,0.16,0.74,0.00,0.00,0.00,0.00
2018-01-06 21:20:12,0.10,0.00,0.00,0.00,0.00,0.00,0.00,0.00,0.00,99.90,0.00,239.60,149.40,0.00,0.00,0.00,3.20,7.40,0.00,276.60,0.00,0.00,0.00,0.00,0.40,0.00,0.40,0.00,6.40,13378756,0,2280244,14.56,26348,1565176,1040796,6.65,727560,1377432,96,513480,73856,1976,3736,31532,0,0,0.00,0,0.00,0,233,0.33,1.34,0.89,0,0.40,0.00,6.40,16.00,0.00,0.00,0.00,0.00,2.00,3.20,0.14,0.64,0.00,0.00,0.00,0.00
2018-01-06 21:20:17,0.00,0.00,0.00,0.00,0.00,0.00,0.00,0.00,0.00,100.00,0.00,241.80,153.60,0.00,0.00,0.00,0.00,7.20,0.00,276.60,0.00,0.00,0.00,0.00,0.00,0.00,0.00,0.00,0.00,13383832,0,2275168,14.53,26348,1560080,1040796,6.65,727180,1372696,120,513480,73680,1976,3736,31532,0,0,0.00,0,0.00,0,233,0.30,1.32,0.88,0,0.00,0.00,0.00,0.00,0.00,0.00,0.00,0.00,2.00,3.40,0.16,0.74,0.00,0.00,0.00,0.00
2018-01-06 21:20:22,0.20,0.00,0.00,0.00,0.00,0.00,0.00,0.00,0.00,99.80,0.00,247.80,157.00,0.00,0.00,0.00,9.60,8.40,0.00,276.40,0.00,0.00,0.00,0.00,1.00,0.00,1.00,0.00,19.20,13388984,0,2270016,14.50,26356,1554928,1040796,6.65,726864,1367908,124,513480,73596,1976,3736,31532,0,0,0.00,0,0.00,0,233,0.28,1.30,0.88,0,1.00,0.00,19.20,19.20,0.00,0.00,0.00,0.00,2.00,3.40,0.16,0.74,0.00,0.00,0.00,0.00
2018-01-06 21:20:27,0.00,0.00,0.10,0.10,0.10,0.00,0.00,0.00,0.00,99.70,0.20,239.80,153.60,0.00,0.00,0.00,8.80,193.20,0.00,244.20,0.00,0.00,0.00,0.00,0.40,0.00,0.40,0.00,17.60,13392852,0,2266148,14.47,26364,1550772,1040796,6.65,728080,1363224,160,514164,73504,1984,3872,31532,0,0,0.00,0,0.00,0,234,0.26,1.27,0.87,0,0.40,0.00,17.60,44.00,0.00,0.00,0.00,0.00,2.80,4.00,0.19,0.70,0.00,0.00,0.00,0.00
2018-01-06 21:20:32,0.10,0.00,0.00,0.00,0.00,0.00,0.00,0.00,0.00,99.90,0.00,242.20,159.80,0.00,0.00,0.00,9.60,7.20,0.00,276.60,0.00,0.00,0.00,0.00,0.60,0.00,0.60,0.00,19.20,13398092,0,2260908,14.44,26376,1545676,1040796,6.65,727708,1358484,212,514164,73420,1984,3872,31532,0,0,0.00,0,0.00,0,234,0.24,1.25,0.87,0,0.60,0.00,19.20,32.00,0.00,0.00,0.00,0.00,2.20,4.00,0.17,0.77,0.00,0.00,0.00,0.00
2018-01-06 21:20:37,0.00,0.00,0.10,0.00,0.00,0.00,0.00,0.00,0.00,99.90,0.20,253.40,172.80,0.00,0.00,0.00,33.60,105.80,0.00,287.80,0.00,0.00,0.00,0.00,0.60,0.00,0.60,0.00,67.20,13402544,0,2256456,14.41,26376,1540628,1040796,6.65,727912,1353708,80,514688,73236,1992,4076,31532,0,0,0.00,0,0.00,0,235,0.22,1.23,0.86,0,0.60,0.00,67.20,112.00,0.02,29.33,14.67,0.88,4.00,6.20,0.41,1.42,0.00,0.00,0.00,0.00
2018-01-06 21:20:42,0.10,0.00,0.10,0.00,0.00,0.00,0.00,0.00,0.00,99.80,0.00,243.60,159.80,0.00,0.00,0.00,16.00,7.20,0.00,892.60,0.00,0.00,0.00,0.00,2.40,0.00,2.40,0.00,32.00,13407072,0,2251928,14.38,26384,1535528,1040796,6.65,727556,1348988,60,514688,73132,1992,4076,31532,0,0,0.00,0,0.00,0,235,0.20,1.21,0.86,0,2.40,0.00,32.00,13.33,0.01,3.67,0.67,0.16,2.80,4.00,0.22,0.72,0.00,0.00,0.00,0.00
2018-01-06 21:20:47,37.91,0.00,1.00,0.00,0.00,0.00,0.00,0.00,0.00,61.08,5.40,527.80,585.80,0.00,0.00,0.00,0.00,5606.00,0.00,2604.20,0.00,0.00,0.00,0.00,0.00,0.00,0.00,0.00,0.00,13279912,0,2379088,15.19,26384,1530460,1348068,8.61,859548,1344260,176,647036,73200,2136,4604,31532,0,0,0.00,0,0.00,5,257,0.34,1.23,0.86,0,0.00,0.00,0.00,0.00,0.00,0.00,0.00,0.00,5.80,7.40,1.05,1.21,0.00,0.00,0.00,0.00
2018-01-06 21:20:52,95.70,0.00,2.50,0.00,0.00,0.00,0.40,0.00,0.00,1.40,7.60,1011.00,1088.40,0.00,0.00,0.00,32.80,6079.20,0.00,4435.20,0.00,0.00,0.00,0.00,0.80,0.00,0.80,0.00,65.60,13014636,0,2644364,16.89,26392,1525584,1633416,10.43,1125792,1339692,504,913632,73624,2376,5564,31532,0,0,0.00,0,0.00,5,285,0.64,1.27,0.88,0,0.80,0.00,65.60,82.00,0.00,1.00,1.00,0.08,666.20,189.00,5765.51,13.25,0.00,0.00,0.00,0.00
2018-01-06 21:20:57,97.70,0.00,1.60,0.00,0.00,0.00,0.60,0.00,0.00,0.10,2.20,908.40,1197.60,0.00,0.00,0.00,22.40,831.20,0.00,3870.60,0.00,0.00,0.00,0.00,0.60,0.00,0.60,0.00,44.80,12901048,0,2757952,17.61,26404,1520608,1633416,10.43,1241764,1335120,688,1029972,73904,2448,5876,31532,0,0,0.00,0,0.00,3,291,0.91,1.32,0.90,0,0.60,0.00,44.80,74.67,0.00,0.00,0.00,0.00,966.20,266.60,8420.39,18.09,0.00,0.00,0.00,0.00
2018-01-06 21:21:02,98.70,0.00,0.80,0.00,0.00,0.00,0.50,0.00,0.00,0.00,0.00,701.00,1239.60,0.00,0.00,0.00,12.00,48.40,0.00,4109.00,0.00,0.00,0.00,0.00,0.60,0.00,0.60,0.00,24.00,12906028,0,2752972,17.58,26416,1515532,1633416,10.43,1241248,1330356,736,1029752,73828,2432,5876,31532,0,0,0.00,0,0.00,3,290,1.07,1.34,0.91,0,0.60,0.00,24.00,40.00,0.00,0.00,0.00,0.00,1106.00,301.20,9677.40,20.38,0.00,0.00,0.00,0.00
2018-01-06 21:21:07,98.00,0.00,1.20,0.00,0.00,0.00,0.80,0.00,0.00,0.00,0.00,598.80,1414.20,0.00,0.00,0.00,8.80,24.40,0.00,5677.80,0.00,0.00,0.00,0.00,0.40,0.00,0.40,0.00,17.60,12914940,0,2744060,17.52,26428,1510084,1633416,10.43,1237336,1325616,800,1026524,73744,2424,5880,31532,0,0,0.00,0,0.00,4,289,1.31,1.39,0.92,0,0.40,0.00,17.60,44.00,0.00,0.00,0.00,0.00,1502.40,409.60,13167.25,27.49,0.00,0.00,0.00,0.00
2018-01-06 21:21:12,98.40,0.00,1.10,0.00,0.00,0.00,0.50,0.00,0.00,0.00,0.00,527.40,1313.40,0.00,0.00,0.00,42.40,17.20,0.00,5107.00,0.00,0.00,0.00,0.00,0.80,0.00,0.80,0.00,84.80,12923260,0,2735740,17.47,26436,1505136,1633416,10.43,1235656,1320848,720,1025016,73620,2424,5880,31532,0,0,0.00,0,0.00,2,289,1.52,1.43,0.94,0,0.80,0.00,84.80,106.00,0.01,14.00,14.00,1.12,1287.00,350.60,11257.17,24.00,0.00,0.00,0.00,0.00
2018-01-06 21:21:17,89.89,0.00,1.60,0.00,0.00,0.00,0.10,0.00,0.00,8.41,6.40,1224.80,1094.20,0.00,0.00,0.00,19.20,1532.00,0.00,15445.80,0.00,0.00,0.00,0.00,1.00,0.00,1.00,0.00,38.40,13179528,0,2479472,15.83,26456,1499724,1574124,10.05,988212,1315848,588,777816,73240,2400,5092,31532,0,0,0.00,0,0.00,3,275,1.56,1.44,0.95,0,1.00,0.00,38.40,38.40,0.00,0.00,0.00,0.00,556.40,194.80,4385.53,17.55,0.00,0.00,0.00,0.00
2018-01-06 21:21:22,96.70,0.00,3.10,0.00,0.00,0.00,0.00,0.00,0.00,0.20,9.60,1650.60,953.80,0.00,0.00,0.00,90.40,7789.20,0.00,15604.60,0.00,0.00,0.00,0.00,8.60,0.00,8.60,0.00,180.80,13226232,0,2432768,15.54,26472,1494620,1589724,10.15,947080,1311092,360,737016,73196,2296,4808,31532,0,0,0.00,0,0.00,4,274,1.76,1.48,0.96,0,8.60,0.00,180.80,21.02,0.00,0.00,0.00,0.00,59.00,61.40,6.84,8.47,0.00,0.00,0.00,0.00
2018-01-06 21:21:27,58.48,0.00,2.11,0.00,0.10,0.00,0.40,0.00,0.00,38.92,7.60,1887.60,1474.20,0.00,0.00,79.20,40.80,2810.60,0.00,1626.40,0.00,0.00,0.00,0.00,5.80,4.80,1.00,158.40,81.60,13156164,0,2502836,15.98,26484,1490700,1621268,10.35,1019960,1306604,1284,809320,73320,2528,5104,31532,0,0,0.00,0,0.00,0,302,1.86,1.51,0.97,0,5.80,158.40,81.60,41.38,0.00,0.55,0.41,0.24,266.40,273.20,58.08,34.73,0.00,0.00,0.00,0.00
2018-01-06 21:21:32,3.63,0.00,0.20,0.00,0.10,0.00,0.10,0.00,0.00,95.97,0.00,664.60,550.80,0.00,0.00,0.00,11.20,20.80,0.00,1295.20,0.00,0.00,0.00,0.00,0.40,0.00,0.40,0.00,22.40,13163068,0,2495932,15.94,26492,1485616,1621268,10.35,1017264,1301800,1332,806816,73236,2528,5096,31532,0,0,0.00,0,0.00,1,302,1.71,1.48,0.97,0,0.40,0.00,22.40,56.00,0.00,0.00,0.00,0.00,54.60,57.60,6.06,11.87,0.00,0.00,0.00,0.00
2018-01-06 21:21:37,39.52,0.00,1.60,0.00,0.00,0.00,0.00,0.00,0.00,58.88,11.40,1403.00,848.00,0.00,0.00,0.00,20.80,6254.80,0.00,18061.80,0.00,0.00,0.00,0.00,1.20,0.00,1.20,0.00,41.60,13380592,0,2278408,14.55,26516,1481188,1317252,8.41,807464,1296776,1044,596464,72748,2280,4176,31532,0,0,0.00,0,0.00,4,253,1.81,1.51,0.98,0,1.20,0.00,41.60,34.67,0.00,0.67,0.67,0.08,27.00,34.60,3.50,7.34,0.00,0.00,0.00,0.00
2018-01-06 21:21:42,96.20,0.00,3.50,0.00,0.00,0.00,0.20,0.00,0.00,0.10,9.60,1721.60,1395.60,0.00,0.00,0.00,40.00,9660.80,0.00,5838.20,0.00,0.00,0.00,0.00,1.20,0.00,1.20,0.00,80.00,13174404,0,2484596,15.87,26544,1476352,1625568,10.38,1017472,1292012,1344,806672,72816,2384,5044,31532,0,0,0.00,0,0.00,7,290,1.99,1.55,1.00,0,1.20,0.00,80.00,66.67,0.01,7.33,4.00,0.48,192.20,193.00,30.20,31.21,0.00,0.00,0.00,0.00
2018-01-06 21:21:47,54.87,0.00,2.51,0.00,0.00,0.00,0.30,0.00,0.00,42.31,11.20,2137.40,1635.60,0.00,0.00,0.80,75.20,2614.00,0.00,16732.40,0.00,0.00,0.00,0.00,2.20,0.20,2.00,1.60,150.40,13455372,0,2203628,14.07,26568,1471548,1047140,6.69,742260,1287176,1480,531312,72412,2016,3748,31532,0,0,0.00,0,0.00,1,238,1.83,1.53,0.99,0,2.20,1.60,150.40,69.09,0.01,3.27,2.91,0.64,315.60,320.00,47.82,50.65,0.00,0.00,0.00,0.00
2018-01-06 21:21:52,0.30,0.00,0.00,0.00,0.00,0.00,0.00,0.00,0.00,99.70,0.00,275.60,193.60,0.00,0.00,0.00,48.00,9.00,0.00,290.80,0.00,0.00,0.00,0.00,2.00,0.00,2.00,0.00,96.00,13460596,0,2198404,14.04,26580,1466456,1047140,6.69,741968,1282384,1436,531316,72228,2016,3748,31532,0,0,0.00,0,0.00,1,238,1.68,1.50,0.99,0,2.00,0.00,96.00,48.00,0.00,0.00,0.00,0.00,8.80,10.00,0.88,1.95,0.00,0.00,0.00,0.00
2018-01-06 23:21:29,26.06,0.00,1.28,1.73,0.05,0.00,0.14,0.00,0.00,70.74,9.42,971.24,707.45,0.00,0.00,81.84,2320.03,4379.69,0.00,5785.95,0.00,0.00,0.00,0.00,20.44,0.74,19.70,163.68,4635.27,11348480,0,4310520,27.53,39408,3514716,1267148,8.09,921168,3159712,436340,526732,127336,1832,3892,31532,0,0,0.00,0,0.00,1,233,2.22,1.51,1.05,1,20.44,163.68,4635.27,234.80,6.10,297.91,2.47,5.05,133.66,99.37,757.06,504.72,0.00,0.00,0.00,0.00
2018-01-06 23:21:34,0.40,0.00,0.30,52.97,0.20,0.00,0.00,0.00,0.00,46.12,0.20,303.00,578.40,0.00,0.00,0.00,52459.20,568.20,0.00,1443.00,0.00,0.00,0.00,0.00,405.80,0.00,405.80,0.00,103792.00,11373080,0,4285920,27.37,39424,3514336,1267148,8.09,896348,3159460,174312,502044,127176,1944,3216,31532,0,0,0.00,0,0.00,1,229,2.12,1.50,1.05,1,405.80,0.00,103792.00,255.77,138.49,326.40,2.46,100.00,3.00,4.40,0.27,0.67,0.00,0.00,0.00,0.00
2018-01-06 23:21:39,0.00,0.00,0.20,40.34,0.20,0.00,0.00,0.00,0.00,59.26,0.00,237.80,437.20,0.00,0.00,0.00,34834.40,12.60,0.00,15.40,0.00,0.00,0.00,0.00,311.60,0.00,311.60,0.00,77656.00,11373072,0,4285928,27.37,39452,3514356,1267148,8.09,896384,3159468,160,502048,127184,1944,3216,31532,0,0,0.00,0,0.00,1,229,2.03,1.50,1.05,0,311.60,0.00,77656.00,249.22,104.47,384.33,2.40,74.80,1.20,2.40,0.11,0.42,0.00,0.00,0.00,0.00
2018-01-06 23:21:44,0.91,0.00,0.30,0.00,0.00,0.00,0.00,0.00,0.00,98.79,13.60,401.40,323.00,0.00,0.00,0.00,22.40,5545.20,0.00,1460.00,0.00,0.00,0.00,0.00,0.60,0.00,0.60,0.00,44.80,11366628,0,4292372,27.41,39464,3514452,1298376,8.29,902668,3159568,360,508316,127264,1952,3736,31532,0,0,0.00,0,0.00,0,231,1.87,1.47,1.04,0,0.60,0.00,44.80,74.67,0.00,0.00,0.00,0.00,11.20,12.20,20.50,1.95,0.00,0.00,0.00,0.00
2018-01-06 23:21:49,0.10,0.00,0.10,0.00,0.00,0.00,0.00,0.00,0.00,99.80,0.00,231.60,141.40,0.00,0.00,0.00,0.00,7.20,0.00,18.80,0.00,0.00,0.00,0.00,0.00,0.00,0.00,0.00,0.00,11366636,0,4292364,27.41,39464,3514508,1298376,8.29,902740,3159584,416,508380,127256,1952,3736,31532,0,0,0.00,0,0.00,0,230,1.72,1.45,1.03,0,0.00,0.00,0.00,0.00,0.00,0.00,0.00,0.00,2.40,3.80,0.17,0.76,0.00,0.00,0.00,0.00
2018-01-06 23:21:54,0.10,0.00,0.10,0.00,0.00,0.00,0.00,0.00,0.00,99.80,0.00,228.00,134.20,0.00,0.00,0.00,12.00,7.60,0.00,16.00,0.00,0.00,0.00,0.00,0.40,0.00,0.40,0.00,24.00,11366636,0,4292364,27.41,39472,3514532,1298376,8.29,902748,3159608,464,508388,127256,1952,3736,31532,0,0,0.00,0,0.00,0,230,1.58,1.42,1.03,0,0.40,0.00,24.00,60.00,0.00,2.00,2.00,0.08,1.80,3.00,0.14,0.64,0.00,0.00,0.00,0.00
2018-01-06 23:21:59,0.10,0.00,0.00,0.00,0.00,0.00,0.00,0.00,0.00,99.90,0.00,227.00,137.20,0.00,0.00,0.00,0.00,7.20,0.00,16.40,0.00,0.00,0.00,0.00,0.00,0.00,0.00,0.00,0.00,11366636,0,4292364,27.41,39472,3514556,1298376,8.29,902760,3159620,488,508388,127256,1952,3736,31532,0,0,0.00,0,0.00,0,230,1.46,1.40,1.02,0,0.00,0.00,0.00,0.00,0.00,0.00,0.00,0.00,2.00,3.40,0.16,0.74,0.00,0.00,0.00,0.00
2018-01-06 23:22:04,0.10,0.00,0.00,0.00,0.00,0.00,0.00,0.00,0.00,99.90,0.00,228.40,139.80,0.00,0.00,0.00,36.80,7.20,0.00,16.40,0.00,0.00,0.00,0.00,1.40,0.00,1.40,0.00,73.60,11366636,0,4292364,27.41,39480,3514576,1298376,8.29,902772,3159636,336,508388,127256,1952,3736,31532,0,0,0.00,0,0.00,0,230,1.34,1.38,1.02,0,1.40,0.00,73.60,52.57,0.04,26.86,13.71,1.92,2.20,3.60,0.16,0.75,0.00,0.00,0.00,0.00
2018-01-06 23:22:09,4.73,0.00,1.01,0.10,0.10,0.00,0.00,0.00,0.00,94.06,15.20,597.00,472.20,0.00,0.00,0.00,49.60,3657.40,0.00,812.00,0.00,0.00,0.00,0.00,7.60,0.00,7.60,0.00,99.20,11308656,0,4350344,27.78,39488,3515188,1789392,11.43,959096,3160076,760,564692,127540,1912,4324,31532,0,0,0.00,0,0.00,4,267,1.23,1.35,1.01,0,7.60,0.00,99.20,13.05,0.00,0.00,0.00,0.00,21.40,18.80,81.09,2.07,0.00,0.00,0.00,0.00
2018-01-06 23:22:14,96.60,0.00,3.30,0.00,0.00,0.00,0.00,0.00,0.00,0.10,2.80,1013.40,748.80,0.00,0.00,0.00,46.40,9340.60,0.00,4234.20,0.00,0.00,0.00,0.00,0.80,0.00,0.80,0.00,92.80,11042416,0,4616584,29.48,39500,3515156,1851224,11.82,1225100,3160104,984,830560,127848,2296,5108,31532,0,0,0.00,0,0.00,8,273,1.45,1.40,1.03,0,0.80,0.00,92.80,116.00,0.02,25.00,20.00,1.60,6.20,8.80,0.67,1.44,0.00,0.00,0.00,0.00
2018-01-06 23:22:19,97.30,0.00,2.50,0.00,0.00,0.00,0.20,0.00,0.00,0.00,6.60,2022.60,979.60,0.00,0.00,0.00,39.20,2722.00,0.00,1719.40,0.00,0.00,0.00,0.00,1.20,0.00,1.20,0.00,78.40,10798820,0,4860180,31.04,39512,3512336,1851224,11.82,1469076,3156584,1152,1073800,128168,2424,5644,31532,0,0,0.00,0,0.00,2,287,1.98,1.51,1.07,0,1.20,0.00,78.40,65.33,0.00,0.00,0.00,0.00,21.20,25.80,3.90,84.60,0.00,0.00,0.00,0.00
2018-01-06 23:22:24,98.70,0.00,1.20,0.00,0.00,0.00,0.10,0.00,0.00,0.00,0.00,1056.80,761.80,0.00,0.00,0.00,230.40,57.60,0.00,501.00,0.00,0.00,0.00,0.00,11.00,0.00,11.00,0.00,460.80,10795528,0,4863472,31.06,39512,3507256,1851224,11.82,1477308,3151788,84,1082344,128144,2392,5672,31532,0,0,0.00,0,0.00,5,285,1.98,1.52,1.07,0,11.00,0.00,460.80,41.89,0.02,1.82,0.07,0.08,2.20,3.80,0.18,1.01,0.00,0.00,0.00,0.00
2018-01-06 23:22:29,98.40,0.00,1.40,0.00,0.00,0.00,0.10,0.00,0.00,0.10,0.00,1471.60,1038.40,0.00,0.00,0.00,24.00,38.40,0.00,313.20,0.00,0.00,0.00,0.00,0.40,0.00,0.40,0.00,48.00,10790256,0,4868744,31.09,39520,3502192,1851224,11.82,1485560,3146988,272,1092880,128124,2376,5692,31532,0,0,0.00,0,0.00,4,283,2.06,1.54,1.08,0,0.40,0.00,48.00,120.00,0.00,0.00,0.00,0.00,3.40,6.00,0.26,1.49,0.00,0.00,0.00,0.00
2018-01-06 23:22:34,98.90,0.00,0.90,0.00,0.00,0.00,0.20,0.00,0.00,0.00,0.00,1221.20,1041.40,0.00,0.00,0.00,68.00,21.20,0.00,304.40,0.00,0.00,0.00,0.00,4.80,0.00,4.80,0.00,136.00,10785140,0,4873860,31.12,39528,3497148,1851224,11.82,1497640,3142240,60,1103200,128116,2376,5716,31532,0,0,0.00,0,0.00,3,283,2.06,1.55,1.09,0,4.80,0.00,136.00,28.33,0.00,0.00,0.00,0.00,3.20,5.40,0.25,1.45,0.00,0.00,0.00,0.00
2018-01-06 23:22:39,99.20,0.00,0.60,0.00,0.00,0.00,0.20,0.00,0.00,0.00,0.40,828.40,851.20,0.00,0.00,0.00,14.40,47.20,0.00,311.60,0.00,0.00,0.00,0.00,0.40,0.00,0.40,0.00,28.80,10773600,0,4885400,31.20,39536,3492092,1926764,12.30,1514300,3137324,224,1120012,128056,2376,5752,31532,0,0,0.00,0,0.00,3,283,2.13,1.57,1.10,0,0.40,0.00,28.80,72.00,0.02,48.00,48.00,1.92,2.80,4.80,0.22,1.32,0.00,0.00,0.00,0.00
2018-01-06 23:22:44,78.19,0.00,1.31,0.00,0.00,0.00,0.00,0.00,0.00,20.50,11.00,1670.80,742.00,0.00,0.00,0.00,9.60,2704.80,0.00,26730.40,0.00,0.00,0.00,0.00,0.40,0.00,0.40,0.00,19.20,11266608,0,4392392,28.05,39544,3486628,1579136,10.08,1029796,3132076,316,635696,127580,1984,4332,31532,0,0,0.00,0,0.00,2,249,2.12,1.58,1.10,0,0.40,0.00,19.20,48.00,0.00,0.00,0.00,0.00,12.40,15.40,1.66,2.82,0.00,0.00,0.00,0.00
2018-01-06 23:22:49,94.49,0.00,3.51,0.00,0.00,0.00,0.00,0.00,0.00,2.00,9.60,1184.60,932.60,0.00,0.00,1228.80,37.60,9814.20,0.00,4803.40,0.00,0.00,0.00,0.00,10.40,9.60,0.80,2457.60,75.20,10919104,0,4739896,30.27,39556,3487860,1890180,12.07,1373724,3133520,732,979956,128112,2328,5424,31532,0,0,0.00,0,0.00,5,280,2.43,1.65,1.13,0,10.40,2457.60,75.20,243.54,0.04,4.23,0.31,0.32,18.40,21.80,3.24,54.24,0.00,0.00,0.00,0.00
2018-01-06 23:22:54,97.80,0.00,1.70,0.00,0.00,0.00,0.30,0.00,0.00,0.20,4.00,2015.00,1103.00,0.00,0.00,0.00,16.80,1088.00,0.00,925.20,0.00,0.00,0.00,0.00,1.00,0.00,1.00,0.00,33.60,10803684,0,4855316,31.01,39568,3482948,1890180,12.07,1492256,3128952,864,1098688,128164,2432,5708,31532,0,0,0.00,0,0.00,4,290,2.72,1.72,1.15,0,1.00,0.00,33.60,33.60,0.00,0.80,0.80,0.08,19.20,21.80,2.72,50.56,0.00,0.00,0.00,0.00
2018-01-06 23:22:59,98.80,0.00,1.10,0.00,0.00,0.00,0.10,0.00,0.00,0.00,0.20,1195.00,715.40,0.00,0.00,0.00,9.60,267.60,0.00,566.80,0.00,0.00,0.00,0.00,0.40,0.00,0.40,0.00,19.20,10809212,0,4849788,30.97,39576,3477876,1890180,12.07,1491512,3124224,912,1098288,128256,2432,5712,31532,0,0,0.00,0,0.00,3,289,2.74,1.75,1.16,0,0.40,0.00,19.20,48.00,0.00,2.00,2.00,0.08,7.40,9.60,0.55,18.12,0.00,0.00,0.00,0.00
2018-01-06 23:23:04,99.00,0.00,1.00,0.00,0.00,0.00,0.00,0.00,0.00,0.00,0.00,1461.40,893.20,0.00,0.00,0.00,16.80,28.80,0.00,303.20,0.00,0.00,0.00,0.00,0.80,0.00,0.80,0.00,33.60,10814316,0,4844684,30.94,39584,3472800,1890180,12.07,1491288,3119440,932,1098348,128192,2416,5716,31532,0,0,0.00,0,0.00,3,288,2.92,1.80,1.18,0,0.80,0.00,33.60,42.00,0.00,0.00,0.00,0.00,3.20,5.60,0.25,1.46,0.00,0.00,0.00,0.00
2018-01-06 23:23:09,98.80,0.00,1.10,0.00,0.00,0.00,0.10,0.00,0.00,0.00,0.00,1573.80,915.20,0.00,0.00,0.00,89.60,17.80,0.00,302.40,0.00,0.00,0.00,0.00,6.40,0.00,6.40,0.00,179.20,10819152,0,4839848,30.91,39592,3467748,1890180,12.07,1491156,3114632,592,1098452,128228,2416,5716,31532,0,0,0.00,0,0.00,3,288,2.93,1.82,1.19,0,6.40,0.00,179.20,28.00,0.00,0.00,0.00,0.00,3.00,4.40,0.22,1.17,0.00,0.00,0.00,0.00
2018-01-06 23:23:14,99.50,0.00,0.40,0.00,0.00,0.00,0.10,0.00,0.00,0.00,0.40,1027.60,789.20,0.00,0.00,0.00,20.80,31.20,0.00,314.00,0.00,0.00,0.00,0.00,1.20,0.00,1.20,0.00,41.60,10824332,0,4834668,30.87,39600,3462736,1890180,12.07,1491116,3109812,664,1098688,128072,2416,5716,31532,0,0,0.00,0,0.00,3,288,2.85,1.82,1.20,0,1.20,0.00,41.60,34.67,0.01,8.00,8.00,0.96,3.40,5.80,0.26,1.60,0.00,0.00,0.00,0.00
2018-01-06 23:23:19,88.25,0.00,3.01,0.00,0.10,0.00,0.10,0.00,0.00,8.53,14.60,1957.20,1165.00,0.00,0.00,0.00,62.40,7664.20,0.00,27363.20,0.00,0.00,0.00,0.00,2.00,0.00,2.00,0.00,124.80,11164828,0,4494172,28.70,39612,3457404,1852624,11.83,1157768,3104756,488,765580,127896,2264,4764,31532,0,0,0.00,0,0.00,6,270,2.70,1.81,1.20,0,2.00,0.00,124.80,62.40,0.00,0.00,0.00,0.00,28.00,29.60,3.68,4.18,0.00,0.00,0.00,0.00
2018-01-06 23:23:24,97.20,0.00,2.70,0.00,0.00,0.00,0.00,0.00,0.00,0.10,7.80,1412.20,915.40,0.00,0.00,0.00,176.00,4510.80,0.00,2239.20,0.00,0.00,0.00,0.00,14.00,0.00,14.00,0.00,352.00,10945920,0,4713080,30.10,39624,3452496,1914524,12.23,1379492,3100168,60,987624,128048,2408,5456,31532,0,0,0.00,0,0.00,6,292,2.73,1.83,1.21,0,14.00,0.00,352.00,25.14,0.02,1.60,0.06,0.08,26.20,32.00,4.05,108.15,0.00,0.00,0.00,0.00
2018-01-06 23:23:29,98.40,0.00,1.50,0.00,0.00,0.00,0.10,0.00,0.00,0.00,0.40,2186.20,892.00,0.00,0.00,0.00,24.00,163.00,0.00,489.80,0.00,0.00,0.00,0.00,0.40,0.00,0.40,0.00,48.00,10840292,0,4818708,30.77,39632,3447516,1914524,12.23,1489112,3095376,120,1097464,128156,2432,5692,31532,0,0,0.00,0,0.00,5,290,2.99,1.90,1.23,0,0.40,0.00,48.00,120.00,0.00,0.00,0.00,0.00,13.80,15.40,1.66,2.60,0.00,0.00,0.00,0.00
2018-01-06 23:23:34,99.20,0.00,0.80,0.00,0.00,0.00,0.00,0.00,0.00,0.00,0.00,1395.00,760.60,0.00,0.00,0.00,52.00,64.00,0.00,300.00,0.00,0.00,0.00,0.00,4.60,0.00,4.60,0.00,104.00,10844528,0,4814472,30.75,39632,3442416,1914524,12.23,1489552,3090528,88,1098092,128212,2424,5696,31532,0,0,0.00,0,0.00,8,289,2.91,1.90,1.24,0,4.60,0.00,104.00,22.61,0.00,0.00,0.00,0.00,4.80,7.00,0.41,1.59,0.00,0.00,0.00,0.00
2018-01-06 23:23:39,99.10,0.00,0.80,0.00,0.00,0.00,0.10,0.00,0.00,0.00,0.00,1350.60,776.40,0.00,0.00,0.00,15.20,18.80,0.00,298.40,0.00,0.00,0.00,0.00,0.40,0.00,0.40,0.00,30.40,10849556,0,4809444,30.71,39640,3437400,1914524,12.23,1489364,3085740,216,1098180,128240,2416,5696,31532,0,0,0.00,0,0.00,3,288,2.84,1.90,1.24,0,0.40,0.00,30.40,76.00,0.00,12.00,12.00,0.48,2.80,5.00,0.22,1.34,0.00,0.00,0.00,0.00
2018-01-06 23:23:44,98.30,0.00,1.40,0.00,0.00,0.00,0.30,0.00,0.00,0.00,0.00,1322.00,1090.20,0.00,0.00,0.00,54.40,17.40,0.00,305.60,0.00,0.00,0.00,0.00,4.00,0.00,4.00,0.00,108.80,10854692,0,4804308,30.68,39648,3432276,1914524,12.23,1489128,3080952,64,1098228,128108,2416,5696,31532,0,0,0.00,0,0.00,4,288,2.85,1.92,1.25,0,4.00,0.00,108.80,27.20,0.00,0.20,0.20,0.08,3.00,5.00,0.23,1.29,0.00,0.00,0.00,0.00
2018-01-06 23:23:49,99.40,0.00,0.60,0.00,0.00,0.00,0.00,0.00,0.00,0.00,1.40,1361.00,873.40,0.00,0.00,0.00,20.80,75.80,0.00,329.20,0.00,0.00,0.00,0.00,0.60,0.00,0.60,0.00,41.60,10859076,0,4799924,30.65,39660,3427236,1914524,12.23,1489832,3076088,264,1099140,127968,2440,5700,31532,0,0,0.00,0,0.00,5,291,2.78,1.92,1.25,0,0.60,0.00,41.60,69.33,0.00,1.33,1.33,0.08,4.40,7.00,0.36,1.75,0.00,0.00,0.00,0.00
2018-01-06 23:23:54,87.46,0.00,2.91,0.00,0.00,0.00,0.10,0.00,0.00,9.53,15.80,1611.40,1083.80,0.00,0.00,0.00,18.40,10629.00,0.00,29196.00,0.00,0.00,0.00,0.00,0.80,0.00,0.80,0.00,36.80,11107840,0,4551160,29.06,39668,3421872,1879876,12.01,1247840,3071044,484,857340,127596,2288,5168,31532,0,0,0.00,0,0.00,6,276,2.80,1.94,1.26,0,0.80,0.00,36.80,46.00,0.00,1.00,1.00,0.08,40.80,43.60,5.19,5.52,0.00,0.00,0.00,0.00
2018-01-06 23:23:59,97.30,0.00,2.40,0.00,0.00,0.00,0.20,0.00,0.00,0.10,5.80,1568.40,949.20,0.00,0.00,0.00,36.80,3177.40,0.00,1847.80,0.00,0.00,0.00,0.00,0.80,0.00,0.80,0.00,73.60,10846368,0,4812632,30.73,39680,3417012,1879876,12.01,1511004,3066472,852,1122788,127684,2440,5768,31532,0,0,0.00,0,0.00,4,291,2.82,1.96,1.27,0,0.80,0.00,73.60,92.00,0.00,2.00,1.00,0.08,20.80,24.60,4.41,14.86,0.00,0.00,0.00,0.00
2018-01-06 23:24:04,98.90,0.00,0.90,0.00,0.00,0.00,0.10,0.00,0.00,0.10,0.00,1520.80,791.60,0.00,0.00,0.00,13.60,36.80,0.00,482.80,0.00,0.00,0.00,0.00,0.60,0.00,0.60,0.00,27.20,10853792,0,4805208,30.69,39692,3411884,1879876,12.01,1509520,3061756,876,1119560,127760,2432,5776,31532,0,0,0.00,0,0.00,4,290,3.07,2.02,1.30,0,0.60,0.00,27.20,45.33,0.00,1.33,1.33,0.08,5.60,7.40,0.46,1.62,0.00,0.00,0.00,0.00
2018-01-06 23:24:09,98.70,0.00,1.20,0.00,0.00,0.00,0.10,0.00,0.00,0.00,0.00,1598.00,823.00,0.00,0.00,0.00,8.00,51.80,0.00,820.20,0.00,0.00,0.00,0.00,0.40,0.00,0.40,0.00,16.00,10868720,0,4790280,30.59,39700,3406824,1879876,12.01,1499920,3056776,940,1110012,127712,2416,5784,31532,0,0,0.00,0,0.00,2,288,2.99,2.02,1.30,0,0.40,0.00,16.00,40.00,0.00,2.00,2.00,0.08,3.60,6.00,0.26,1.41,0.00,0.00,0.00,0.00
2018-01-06 23:24:14,99.20,0.00,0.60,0.00,0.00,0.00,0.20,0.00,0.00,0.00,0.00,1297.80,869.40,0.00,0.00,0.00,16.00,16.80,0.00,267.60,0.00,0.00,0.00,0.00,0.80,0.00,0.80,0.00,32.00,10872900,0,4786100,30.56,39708,3402788,1879876,12.01,1500496,3052048,988,1110056,127576,2416,5784,31532,0,0,0.00,0,0.00,4,288,2.91,2.02,1.31,0,0.80,0.00,32.00,40.00,0.00,0.00,0.00,0.00,4.40,6.20,0.40,1.44,0.00,0.00,0.00,0.00
2018-01-06 23:24:19,99.30,0.00,0.60,0.00,0.00,0.00,0.10,0.00,0.00,0.00,0.40,995.80,795.60,0.00,0.00,0.00,91.20,29.60,0.00,621.80,0.00,0.00,0.00,0.00,7.40,0.00,7.40,0.00,182.40,10877292,0,4781708,30.54,39716,3397736,1879876,12.01,1500488,3047244,624,1110288,127416,2416,5784,31532,0,0,0.00,0,0.00,2,289,2.83,2.02,1.31,0,7.40,0.00,182.40,24.65,0.00,0.11,0.11,0.08,3.20,5.80,0.27,1.73,0.00,0.00,0.00,0.00
2018-01-06 23:24:24,93.19,0.00,1.90,0.00,0.00,0.00,0.00,0.00,0.00,4.91,14.60,1774.60,982.80,0.00,0.00,0.00,63.20,4758.00,0.00,25816.20,0.00,0.00,0.00,0.00,5.20,0.00,5.20,0.00,126.40,11314096,0,4344904,27.75,39724,3392400,1828292,11.68,1072196,3042204,352,682268,127084,2256,4524,31532,0,0,0.00,0,0.00,6,268,2.77,2.02,1.31,0,5.20,0.00,126.40,24.31,0.00,0.31,0.31,0.16,37.80,39.80,4.78,19.70,0.00,0.00,0.00,0.00
2018-01-06 23:24:29,97.19,0.00,2.71,0.00,0.00,0.00,0.00,0.00,0.00,0.10,6.00,1175.00,768.00,0.00,0.00,0.00,163.20,6941.00,0.00,3996.60,0.00,0.00,0.00,0.00,13.00,0.00,13.00,0.00,326.40,11109496,0,4549504,29.05,39736,3387548,1891564,12.08,1280884,3037684,116,891320,127164,2352,5256,31532,0,0,0.00,0,0.00,4,286,2.71,2.02,1.32,0,13.00,0.00,326.40,25.11,0.03,2.46,0.18,0.24,9.20,12.60,2.58,1.82,0.00,0.00,0.00,0.00
2018-01-06 23:24:34,98.10,0.00,1.70,0.00,0.00,0.00,0.10,0.00,0.00,0.10,2.20,2166.20,984.40,0.00,0.00,0.00,23.20,434.80,0.00,864.80,0.00,0.00,0.00,0.00,0.60,0.00,0.60,0.00,46.40,10897640,0,4761360,30.41,39748,3382448,1891564,12.08,1494912,3032952,260,1105668,127256,2432,5696,31532,0,0,0.00,0,0.00,5,290,2.97,2.09,1.34,0,0.60,0.00,46.40,77.33,0.00,2.67,1.33,0.08,12.40,15.60,1.93,16.10,0.00,0.00,0.00,0.00
2018-01-06 23:24:39,99.10,0.00,0.80,0.00,0.00,0.00,0.10,0.00,0.00,0.00,0.20,925.20,740.60,0.00,0.00,0.00,68.80,95.00,0.00,328.80,0.00,0.00,0.00,0.00,6.40,0.00,6.40,0.00,137.60,10902404,0,4756596,30.38,39756,3377392,1891564,12.08,1495176,3028224,88,1106256,127176,2432,5704,31532,0,0,0.00,0,0.00,2,290,2.89,2.08,1.35,0,6.40,0.00,137.60,21.50,0.00,0.12,0.12,0.08,5.00,7.40,0.36,15.83,0.00,0.00,0.00,0.00
2018-01-06 23:24:44,99.00,0.00,0.90,0.00,0.00,0.00,0.10,0.00,0.00,0.00,0.20,1281.00,841.60,0.00,0.00,0.00,21.60,21.80,0.00,327.00,0.00,0.00,0.00,0.00,0.60,0.00,0.60,0.00,43.20,10907568,0,4751432,30.34,39768,3372300,1891564,12.08,1494792,3023520,196,1106240,127032,2416,5704,31532,0,0,0.00,0,0.00,4,288,2.90,2.10,1.36,2,0.60,0.00,43.20,72.00,0.00,1.33,1.33,0.08,9.00,11.40,0.74,16.20,0.00,0.00,0.00,0.00
2018-01-06 23:24:49,99.10,0.00,0.80,0.00,0.00,0.00,0.10,0.00,0.00,0.00,0.00,1410.20,893.00,0.00,0.00,0.00,0.80,14.40,0.00,310.60,0.00,0.00,0.00,0.00,0.20,0.00,0.20,0.00,1.60,10912728,0,4746272,30.31,39772,3367252,1891564,12.08,1494516,3018812,276,1106300,126992,2416,5704,31532,0,0,0.00,0,0.00,3,288,2.99,2.13,1.37,0,0.20,0.00,1.60,8.00,0.00,4.00,4.00,0.08,3.00,5.20,0.24,1.44,0.00,0.00,0.00,0.00
2018-01-06 23:24:54,99.30,0.00,0.60,0.00,0.00,0.00,0.10,0.00,0.00,0.00,0.40,937.80,787.60,0.00,0.00,0.00,8.00,27.40,0.00,320.20,0.00,0.00,0.00,0.00,0.40,0.00,0.40,0.00,16.00,10917836,0,4741164,30.28,39780,3362192,1891564,12.08,1494416,3014024,340,1106468,126828,2416,5704,31532,0,0,0.00,0,0.00,2,288,2.91,2.13,1.37,0,0.40,0.00,16.00,40.00,0.00,2.00,2.00,0.08,4.80,7.20,0.42,1.89,0.00,0.00,0.00,0.00
2018-01-06 23:24:59,87.79,0.00,2.60,0.00,0.10,0.00,0.00,0.00,0.00,9.51,15.40,2072.80,1056.00,0.00,0.00,0.80,11.20,9326.20,0.00,28389.80,0.00,0.00,0.00,0.00,1.00,0.20,0.80,1.60,22.40,11195436,0,4463564,28.50,39788,3356864,1883572,12.03,1215416,3009064,504,836048,126400,2256,4916,31532,0,0,0.00,0,0.00,6,270,2.68,2.09,1.37,0,1.00,1.60,22.40,24.00,0.00,1.60,1.60,0.16,44.60,46.60,5.64,6.74,0.00,0.00,0.00,0.00
2018-01-06 23:25:04,97.49,0.00,2.31,0.00,0.00,0.00,0.00,0.00,0.00,0.20,7.00,1413.80,828.80,0.00,0.00,0.00,38.40,2723.00,0.00,820.60,0.00,0.00,0.00,0.00,0.80,0.00,0.80,0.00,76.80,10925988,0,4733012,30.23,39800,3352008,1883572,12.03,1496252,3004600,896,1109092,126772,2448,5700,31532,0,0,0.00,0,0.00,5,292,2.86,2.14,1.39,0,0.80,0.00,76.80,96.00,0.00,3.00,1.00,0.08,17.20,21.80,4.02,14.55,0.00,0.00,0.00,0.00
2018-01-06 23:25:09,98.60,0.00,1.20,0.00,0.00,0.00,0.20,0.00,0.00,0.00,0.20,2035.00,880.40,0.00,0.00,0.00,28.00,73.20,0.00,797.60,0.00,0.00,0.00,0.00,1.00,0.00,1.00,0.00,56.00,10914364,0,4744636,30.30,39812,3346956,1883572,12.03,1512200,2999868,928,1125316,126712,2448,5716,31532,0,0,0.00,0,0.00,3,292,2.79,2.14,1.39,0,1.00,0.00,56.00,56.00,0.01,5.60,5.60,0.56,11.00,12.60,0.99,7.11,0.00,0.00,0.00,0.00
2018-01-06 23:25:14,98.90,0.00,0.90,0.00,0.00,0.00,0.20,0.00,0.00,0.00,0.20,1432.20,781.60,0.00,0.00,0.00,95.20,65.20,0.00,892.40,0.00,0.00,0.00,0.00,7.60,0.00,7.60,0.00,190.40,10919264,0,4739736,30.27,39820,3341848,1883572,12.03,1511196,2995136,552,1124588,126632,2432,5720,31532,0,0,0.00,0,0.00,5,290,2.73,2.14,1.39,0,7.60,0.00,190.40,25.05,0.00,0.00,0.00,0.00,5.80,7.60,0.39,8.51,0.00,0.00,0.00,0.00
2018-01-06 23:25:19,99.20,0.00,0.80,0.00,0.00,0.00,0.00,0.00,0.00,0.00,0.20,1164.80,803.80,0.00,0.00,0.00,14.40,21.00,0.00,920.20,0.00,0.00,0.00,0.00,0.40,0.00,0.40,0.00,28.80,10924556,0,4734444,30.23,39828,3336936,1883572,12.03,1511020,2990376,684,1124772,126540,2432,5720,31532,0,0,0.00,0,0.00,2,290,2.67,2.14,1.40,0,0.40,0.00,28.80,72.00,0.00,0.00,0.00,0.00,6.00,8.20,0.42,14.14,0.00,0.00,0.00,0.00
2018-01-06 23:25:24,99.30,0.00,0.50,0.00,0.00,0.00,0.20,0.00,0.00,0.00,0.00,1140.60,768.00,0.00,0.00,0.00,4.80,13.00,0.00,296.40,0.00,0.00,0.00,0.00,0.40,0.00,0.40,0.00,9.60,10929652,0,4729348,30.20,39836,3331856,1883572,12.03,1510820,2985688,744,1124812,126448,2432,5720,31532,0,0,0.00,0,0.00,3,290,2.62,2.13,1.40,0,0.40,0.00,9.60,24.00,0.00,0.00,0.00,0.00,5.40,7.40,0.49,1.84,0.00,0.00,0.00,0.00
2018-01-06 23:25:29,99.10,0.00,0.90,0.00,0.00,0.00,0.00,0.00,0.00,0.00,1.60,1172.20,728.20,0.00,0.00,0.00,51.20,66.20,0.00,324.20,0.00,0.00,0.00,0.00,7.20,0.00,7.20,0.00,102.40,10934712,0,4724288,30.17,39844,3326816,1883572,12.03,1511040,2980832,620,1125376,126356,2416,5720,31532,0,0,0.00,0,0.00,3,294,2.57,2.13,1.40,0,7.20,0.00,102.40,14.22,0.00,0.00,0.00,0.00,3.00,5.20,0.24,1.44,0.00,0.00,0.00,0.00
2018-01-06 23:25:34,77.45,0.00,3.31,0.00,0.10,0.00,0.10,0.00,0.00,19.04,14.40,1923.20,1016.80,0.00,0.00,0.00,39.20,9376.00,0.00,27902.20,0.00,0.00,0.00,0.00,1.60,0.00,1.60,0.00,78.40,11195828,0,4463172,28.50,39852,3321400,1876460,11.98,1257008,2975864,496,871688,125968,2288,5108,31532,0,0,0.00,0,0.00,4,272,2.52,2.13,1.41,0,1.60,0.00,78.40,49.00,0.00,0.00,0.00,0.00,46.40,49.00,5.82,7.05,0.00,0.00,0.00,0.00
2018-01-06 23:25:39,97.50,0.00,2.10,0.00,0.00,0.00,0.10,0.00,0.00,0.30,6.40,1547.20,975.00,0.00,0.00,0.00,44.00,2114.80,0.00,1775.60,0.00,0.00,0.00,0.00,1.20,0.00,1.20,0.00,88.00,10938968,0,4720032,30.14,39864,3316588,1876460,11.98,1513096,2971536,804,1132188,125880,2448,5736,31532,0,0,0.00,0,0.00,6,292,2.56,2.14,1.41,0,1.20,0.00,88.00,73.33,0.00,0.00,0.00,0.00,17.80,21.60,4.15,3.17,0.00,0.00,0.00,0.00
2018-01-06 23:25:44,98.50,0.00,1.30,0.00,0.00,0.00,0.20,0.00,0.00,0.00,0.20,1495.20,1156.00,0.00,0.00,0.00,175.20,38.20,0.00,468.20,0.00,0.00,0.00,0.00,13.80,0.00,13.80,0.00,350.40,10946500,0,4712500,30.09,39876,3311420,1876460,11.98,1513948,2966760,40,1129352,125784,2456,5752,31532,0,0,0.00,0,0.00,2,293,2.92,2.22,1.44,0,13.80,0.00,350.40,25.39,0.07,4.75,1.39,1.92,5.00,7.00,0.38,6.04,0.00,0.00,0.00,0.00
2018-01-06 23:25:49,98.80,0.00,1.00,0.00,0.00,0.00,0.20,0.00,0.00,0.00,0.00,1573.80,1063.60,0.00,0.00,0.00,29.60,48.40,0.00,529.20,0.00,0.00,0.00,0.00,0.80,0.00,0.80,0.00,59.20,10951184,0,4707816,30.06,39888,3306368,1876460,11.98,1513752,2961996,292,1129568,125784,2432,5756,31532,0,0,0.00,0,0.00,2,290,2.84,2.22,1.45,0,0.80,0.00,59.20,74.00,0.00,0.00,0.00,0.00,8.00,10.20,0.70,2.27,0.00,0.00,0.00,0.00
2018-01-06 23:25:54,98.90,0.00,0.90,0.00,0.00,0.00,0.20,0.00,0.00,0.00,0.00,1309.80,861.60,0.00,0.00,0.00,76.00,20.40,0.00,308.00,0.00,0.00,0.00,0.00,6.20,0.00,6.20,0.00,152.00,10956132,0,4702868,30.03,39896,3301264,1876460,11.98,1513616,2957292,52,1129648,125724,2432,5756,31532,0,0,0.00,0,0.00,5,290,2.78,2.22,1.45,0,6.20,0.00,152.00,24.52,0.00,0.00,0.00,0.00,2.40,4.00,0.19,1.03,0.00,0.00,0.00,0.00
2018-01-06 23:25:59,99.50,0.00,0.50,0.00,0.00,0.00,0.00,0.00,0.00,0.00,0.00,1126.60,845.40,0.00,0.00,0.00,15.20,17.20,0.00,311.20,0.00,0.00,0.00,0.00,0.40,0.00,0.40,0.00,30.40,10961544,0,4697456,30.00,39904,3296352,1876460,11.98,1513428,2952500,220,1129680,125576,2424,5756,31532,0,0,0.00,0,0.00,2,289,2.71,2.21,1.45,0,0.40,0.00,30.40,76.00,0.00,0.00,0.00,0.00,7.60,10.00,0.69,2.43,0.00,0.00,0.00,0.00
2018-01-06 23:26:04,95.00,0.00,1.70,0.00,0.00,0.00,0.00,0.00,0.00,3.30,10.00,1987.00,866.80,0.00,0.00,0.00,11.20,2939.60,0.00,13338.60,0.00,0.00,0.00,0.00,0.80,0.00,0.80,0.00,22.40,11154820,0,4504180,28.76,39912,3290900,1842324,11.77,1327164,2947688,392,943792,125336,2360,5288,31532,0,0,0.00,0,0.00,2,275,2.66,2.21,1.46,0,0.80,0.00,22.40,28.00,0.00,0.00,0.00,0.00,47.80,50.80,5.64,6.97,0.00,0.00,0.00,0.00
2018-01-06 23:26:09,96.49,0.00,3.01,0.00,0.00,0.00,0.10,0.00,0.00,0.40,9.60,1287.60,903.40,0.00,0.00,0.80,32.80,9909.00,0.00,17442.80,0.00,0.00,0.00,0.00,1.00,0.20,0.80,1.60,65.60,11083540,0,4575460,29.22,39924,3286944,1875488,11.98,1402092,2942956,700,1018188,125200,2384,5488,31532,0,0,0.00,0,0.00,8,284,2.92,2.27,1.48,0,1.00,1.60,65.60,67.20,0.01,8.00,4.00,0.40,35.20,37.40,5.56,4.80,0.00,0.00,0.00,0.00
2018-01-06 23:26:14,84.95,0.00,1.91,0.00,0.00,0.00,0.10,0.00,0.00,13.04,3.40,1826.60,1261.20,0.00,0.00,0.00,28.00,995.40,0.00,1117.80,0.00,0.00,0.00,0.00,1.00,0.00,1.00,0.00,56.00,11075352,0,4583648,29.27,39936,3282260,1906520,12.18,1413536,2938368,1160,1029700,125164,2488,5568,31532,0,0,0.00,0,0.00,2,297,3.17,2.33,1.50,0,1.00,0.00,56.00,56.00,0.00,0.80,0.80,0.08,163.40,167.40,23.77,20.44,0.00,0.00,0.00,0.00
2018-01-06 23:26:19,63.70,0.00,0.40,0.00,0.10,0.00,0.20,0.00,0.00,35.59,0.00,1265.00,1230.40,0.00,0.00,0.00,12.80,433.80,0.00,699.60,0.00,0.00,0.00,0.00,0.60,0.00,0.60,0.00,25.60,11080040,0,4578960,29.24,39948,3277200,1906520,12.18,1413680,2933704,1216,1030256,125080,2480,5572,31532,0,0,0.00,0,0.00,1,296,3.08,2.33,1.51,0,0.60,0.00,25.60,42.67,0.00,0.00,0.00,0.00,9.80,12.80,0.99,2.56,0.00,0.00,0.00,0.00
2018-01-06 23:26:24,57.40,0.00,0.30,0.00,0.10,0.00,0.00,0.00,0.00,42.20,0.00,1140.40,1095.00,0.00,0.00,0.00,16.80,23.20,0.00,307.80,0.00,0.00,0.00,0.00,0.80,0.00,0.80,0.00,33.60,11085416,0,4573584,29.21,39956,3272132,1906520,12.18,1413376,2928988,1248,1030276,124992,2472,5572,31532,0,0,0.00,0,0.00,2,295,2.91,2.31,1.50,0,0.80,0.00,33.60,42.00,0.00,0.00,0.00,0.00,6.00,9.20,0.65,2.30,0.00,0.00,0.00,0.00
2018-01-06 23:26:29,69.32,0.00,1.61,0.00,0.00,0.00,0.10,0.00,0.00,28.97,8.80,1339.60,1231.60,0.00,0.00,0.00,81.60,6817.20,0.00,15933.20,0.00,0.00,0.00,0.00,4.40,0.00,4.40,0.00,163.20,11188800,0,4470200,28.55,39964,3266960,1884824,12.04,1314136,2924236,752,933404,124876,2432,5332,31532,0,0,0.00,0,0.00,3,291,2.84,2.30,1.51,0,4.40,0.00,163.20,37.09,0.00,0.00,0.00,0.00,50.40,54.00,6.02,7.45,0.00,0.00,0.00,0.00
2018-01-06 23:26:34,72.38,0.00,1.21,0.00,0.10,0.00,0.20,0.00,0.00,26.11,2.20,1329.20,1236.40,0.00,0.00,0.00,39.20,419.80,0.00,766.00,0.00,0.00,0.00,0.00,1.40,0.00,1.40,0.00,78.40,11086704,0,4572296,29.20,39976,3261972,1884824,12.04,1421904,2919516,1020,1039600,124944,2496,5576,31532,0,0,0.00,0,0.00,2,298,2.85,2.31,1.51,0,1.40,0.00,78.40,56.00,0.00,0.00,0.00,0.00,13.80,17.40,2.54,7.30,0.00,0.00,0.00,0.00
2018-01-06 23:26:39,63.13,0.00,0.40,0.20,0.10,0.00,0.10,0.00,0.00,36.06,0.20,1550.20,1503.40,0.00,0.00,0.00,36.80,44.80,0.00,330.00,0.00,0.00,0.00,0.00,4.00,0.00,4.00,0.00,73.60,11090952,0,4568048,29.17,39984,3256928,1884824,12.04,1421996,2914796,988,1039876,124864,2488,5576,31532,0,0,0.00,0,0.00,3,298,2.70,2.29,1.51,0,4.00,0.00,73.60,18.40,0.00,1.20,1.20,0.48,20.60,23.60,2.09,13.73,0.00,0.00,0.00,0.00
2018-01-06 23:26:44,55.33,0.00,0.40,0.00,0.10,0.00,0.00,0.00,0.00,44.16,1.20,835.80,850.00,0.00,0.00,0.00,106.40,44.60,0.00,332.80,0.00,0.00,0.00,0.00,1.40,0.00,1.40,0.00,212.80,11096348,0,4562652,29.14,39992,3251872,1884824,12.04,1421996,2910008,600,1040300,124784,2480,5576,31532,0,0,0.00,0,0.00,6,299,2.57,2.27,1.51,0,1.40,0.00,212.80,152.00,0.00,0.00,0.00,0.00,14.80,17.80,1.34,21.01,0.00,0.00,0.00,0.00
2018-01-06 23:26:49,74.47,0.00,2.72,0.00,0.10,0.00,0.10,0.00,0.00,22.60,10.60,1402.00,1222.40,0.00,0.00,0.00,23.20,6975.40,0.00,15498.00,0.00,0.00,0.00,0.00,1.00,0.00,1.00,0.00,46.40,11100640,0,4558360,29.11,40000,3246788,1885248,12.04,1422432,2905308,628,1040972,124644,2488,5576,31532,0,0,0.00,0,0.00,2,297,2.60,2.28,1.52,0,1.00,0.00,46.40,46.40,0.00,0.80,0.80,0.08,59.00,63.60,7.92,15.57,0.00,0.00,0.00,0.00
2018-01-06 23:26:54,68.44,0.00,0.70,0.00,0.10,0.00,0.20,0.00,0.00,30.55,0.20,1356.80,1222.60,0.00,0.00,0.00,35.20,54.60,0.00,784.80,0.00,0.00,0.00,0.00,1.40,0.00,1.40,0.00,70.40,11108280,0,4550720,29.06,40012,3241712,1885248,12.04,1419368,2900600,676,1038248,124628,2496,5584,31532,0,0,0.00,0,0.00,1,298,2.47,2.26,1.51,0,1.40,0.00,70.40,50.29,0.00,0.57,0.57,0.08,9.40,12.20,0.91,11.52,0.00,0.00,0.00,0.00
2018-01-06 23:26:59,64.89,0.00,0.70,0.00,0.10,0.00,0.10,0.00,0.00,34.21,0.00,1406.20,1367.20,0.00,0.00,0.00,20.80,33.80,0.00,307.40,0.00,0.00,0.00,0.00,1.20,0.00,1.20,0.00,41.60,11112980,0,4546020,29.03,40020,3236640,1885248,12.04,1419096,2895880,680,1038316,124628,2480,5584,31532,0,0,0.00,0,0.00,2,296,2.35,2.24,1.51,0,1.20,0.00,41.60,34.67,0.00,1.33,1.33,0.16,5.00,7.80,0.47,1.85,0.00,0.00,0.00,0.00
2018-01-06 23:27:04,52.91,0.00,0.80,0.10,0.10,0.00,0.00,0.00,0.00,46.08,2.80,1098.20,994.40,0.00,0.00,0.00,73.60,259.20,0.00,476.00,0.00,0.00,0.00,0.00,6.00,0.00,6.00,0.00,147.20,11118812,0,4540188,28.99,40028,3231528,1885248,12.04,1419360,2891028,288,1038680,124448,2496,5588,31532,0,0,0.00,0,0.00,1,291,2.25,2.22,1.51,0,6.00,0.00,147.20,24.53,0.00,0.13,0.13,0.08,22.00,26.00,2.40,4.48,0.00,0.00,0.00,0.00
2018-01-06 23:27:09,81.65,0.00,2.12,0.40,0.10,0.00,0.20,0.00,0.00,15.52,8.40,1318.80,1353.60,0.00,0.00,0.00,40.80,7011.20,0.00,16446.80,0.00,0.00,0.00,0.00,1.40,0.00,1.40,0.00,81.60,11125316,0,4533684,28.95,40040,3226540,1868528,11.93,1416392,2886420,544,1036304,124496,2488,5556,31532,0,0,0.00,0,0.00,3,297,2.31,2.23,1.52,0,1.40,0.00,81.60,58.29,0.02,14.86,8.00,1.12,40.40,44.20,6.16,6.21,0.00,0.00,0.00,0.00
2018-01-06 23:27:14,68.93,0.00,0.81,0.00,0.00,0.00,0.20,0.00,0.00,30.06,0.40,1493.40,1411.20,0.00,0.00,0.00,28.00,61.00,0.00,416.20,0.00,0.00,0.00,0.00,0.80,0.00,0.80,0.00,56.00,11131476,0,4527524,28.91,40052,3221488,1868528,11.93,1415072,2881668,656,1035296,124328,2496,5564,31532,0,0,0.00,0,0.00,2,298,2.20,2.21,1.51,0,0.80,0.00,56.00,70.00,0.00,0.00,0.00,0.00,25.40,28.60,2.57,15.72,0.00,0.00,0.00,0.00
2018-01-06 23:27:19,58.69,0.00,0.50,0.10,0.10,0.00,0.10,0.00,0.00,40.50,0.60,984.20,1015.40,0.00,0.00,0.00,32.00,29.80,0.00,425.80,0.00,0.00,0.00,0.00,1.40,0.00,1.40,0.00,64.00,11136620,0,4522380,28.88,40060,3216424,1868528,11.93,1414804,2876932,604,1035336,124264,2496,5564,31532,0,0,0.00,0,0.00,1,297,2.11,2.19,1.51,0,1.40,0.00,64.00,45.71,0.00,0.00,0.00,0.00,13.60,16.60,1.13,27.85,0.00,0.00,0.00,0.00
2018-01-06 23:27:24,50.25,0.00,1.31,0.00,0.20,0.00,0.10,0.00,0.00,48.13,7.20,1279.80,1289.40,0.00,0.00,0.00,28.80,3446.20,0.00,13977.00,0.00,0.00,0.00,0.00,1.40,0.00,1.40,0.00,57.60,11330480,0,4328520,27.64,40068,3211180,1854236,11.84,1227716,2872092,492,848480,124064,2384,5076,31532,0,0,0.00,0,0.00,3,284,2.02,2.17,1.51,0,1.40,0.00,57.60,41.14,0.00,0.57,0.57,0.08,47.40,49.80,5.58,7.04,0.00,0.00,0.00,0.00
2018-01-06 23:27:29,80.14,0.00,1.81,0.00,0.10,0.00,0.20,0.00,0.00,17.74,4.20,1433.40,1382.80,0.00,0.00,0.00,31.20,3031.20,0.00,1863.20,0.00,0.00,0.00,0.00,0.80,0.00,0.80,0.00,62.40,11149676,0,4509324,28.80,40080,3206284,1854236,11.84,1411752,2867476,684,1032764,124024,2488,5572,31532,0,0,0.00,0,0.00,4,297,2.10,2.19,1.51,0,0.80,0.00,62.40,78.00,0.00,0.00,0.00,0.00,14.00,18.20,2.65,6.58,0.00,0.00,0.00,0.00
2018-01-06 23:27:34,66.97,0.00,0.91,0.00,0.00,0.00,0.10,0.00,0.00,32.02,0.00,1190.40,1201.80,0.00,0.00,0.00,8.80,57.80,0.00,440.40,0.00,0.00,0.00,0.00,0.40,0.00,0.40,0.00,17.60,11156660,0,4502340,28.75,40088,3201196,1854236,11.84,1409184,2862736,740,1030708,124004,2480,5564,31532,0,0,0.00,0,0.00,2,296,2.09,2.18,1.52,0,0.40,0.00,17.60,44.00,0.00,0.00,0.00,0.00,9.60,12.60,0.98,2.53,0.00,0.00,0.00,0.00
2018-01-06 23:27:39,57.89,0.00,0.50,0.00,0.10,0.00,0.20,0.00,0.00,41.31,0.00,1013.00,1000.40,0.00,0.00,0.00,89.60,20.20,0.00,299.80,0.00,0.00,0.00,0.00,6.40,0.00,6.40,0.00,179.20,11161564,0,4497436,28.72,40096,3196136,1854236,11.84,1408860,2858008,364,1030724,124072,2472,5564,31532,0,0,0.00,0,0.00,1,295,2.08,2.18,1.52,0,6.40,0.00,179.20,28.00,0.01,1.50,0.75,0.48,5.80,9.00,0.58,2.09,0.00,0.00,0.00,0.00
2018-01-06 23:27:44,48.43,0.00,1.42,0.00,0.10,0.00,0.00,0.00,0.00,50.05,7.20,1262.60,1149.80,0.00,0.00,0.00,38.40,2713.00,0.00,13375.60,0.00,0.00,0.00,0.00,1.40,0.00,1.40,0.00,76.80,11350180,0,4308820,27.52,40108,3190944,1854236,11.84,1225188,2853176,424,849436,123832,2384,5060,31532,0,0,0.00,0,0.00,3,284,2.00,2.16,1.52,0,1.40,0.00,76.80,54.86,0.00,1.14,1.14,0.16,58.00,61.00,6.78,8.40,0.00,0.00,0.00,0.00
2018-01-06 23:27:49,80.00,0.00,1.72,0.00,0.10,0.00,0.30,0.00,0.00,17.88,4.40,1482.80,1397.20,0.00,0.00,0.00,27.20,3785.00,0.00,2515.80,0.00,0.00,0.00,0.00,0.60,0.00,0.60,0.00,54.40,11164996,0,4494004,28.70,40120,3185988,1884876,12.04,1415776,2848584,632,1038196,123900,2496,5572,31532,0,0,0.00,0,0.00,3,297,2.08,2.18,1.52,0,0.60,0.00,54.40,90.67,0.00,0.00,0.00,0.00,21.80,26.00,3.40,8.01,0.00,0.00,0.00,0.00
2018-01-06 23:27:54,67.71,0.00,0.50,0.00,0.10,0.00,0.10,0.00,0.00,31.59,0.60,1220.20,1176.60,0.00,0.00,0.00,24.80,57.00,0.00,324.40,0.00,0.00,0.00,0.00,1.20,0.00,1.20,0.00,49.60,11169708,0,4489292,28.67,40120,3180920,1884876,12.04,1415824,2843804,576,1038556,123896,2488,5576,31532,0,0,0.00,0,0.00,2,297,1.99,2.16,1.52,0,1.20,0.00,49.60,41.33,0.00,0.00,0.00,0.00,16.80,19.00,1.46,14.26,0.00,0.00,0.00,0.00
2018-01-06 23:27:59,58.25,0.00,0.60,0.00,0.10,0.00,0.10,0.00,0.00,40.95,0.20,1059.00,1002.60,0.00,0.00,0.00,20.80,24.80,0.00,318.60,0.00,0.00,0.00,0.00,0.60,0.00,0.60,0.00,41.60,11174932,0,4484068,28.64,40128,3175864,1884876,12.04,1415484,2839108,628,1038572,123836,2480,5576,31532,0,0,0.00,0,0.00,1,295,1.99,2.15,1.52,0,0.60,0.00,41.60,69.33,0.00,1.33,1.33,0.08,7.80,10.80,0.71,11.20,0.00,0.00,0.00,0.00
2018-01-06 23:28:04,62.45,0.00,1.92,0.00,0.00,0.00,0.00,0.00,0.00,35.63,7.80,1278.80,1180.80,0.00,0.00,0.00,18.40,5113.00,0.00,14889.00,0.00,0.00,0.00,0.00,1.00,0.00,1.00,0.00,36.80,11315608,0,4343392,27.74,40136,3171640,1877380,11.99,1281860,2834236,532,904312,123620,2392,5184,31532,0,0,0.00,0,0.00,2,286,1.91,2.13,1.52,0,1.00,0.00,36.80,36.80,0.00,1.60,1.60,0.16,48.40,51.60,5.79,7.37,0.00,0.00,0.00,0.00
2018-01-06 23:28:09,79.88,0.00,1.52,0.51,0.10,0.00,0.20,0.00,0.00,17.80,3.40,1516.20,1403.40,0.00,0.00,0.00,157.60,1054.00,0.00,947.00,0.00,0.00,0.00,0.00,11.20,0.00,11.20,0.00,315.20,11188152,0,4470848,28.55,40148,3166672,1877380,11.99,1409924,2829616,44,1034784,123600,2488,5560,31532,0,0,0.00,0,0.00,2,297,2.00,2.15,1.53,0,11.20,0.00,315.20,28.14,0.02,2.07,0.64,0.72,11.20,15.40,2.37,4.18,0.00,0.00,0.00,0.00
2018-01-06 23:28:14,61.47,0.00,0.60,0.00,0.10,0.00,0.20,0.00,0.00,37.63,0.00,997.40,1030.00,0.00,0.00,0.00,32.00,46.20,0.00,545.20,0.00,0.00,0.00,0.00,0.80,0.00,0.80,0.00,64.00,11195584,0,4463416,28.50,40164,3161604,1877380,11.99,1409304,2824864,240,1032404,123536,2480,5560,31532,0,0,0.00,0,0.00,3,296,1.92,2.13,1.53,1,0.80,0.00,64.00,80.00,0.00,2.00,1.00,0.08,13.80,16.40,1.43,2.84,0.00,0.00,0.00,0.00
2018-01-06 23:28:19,57.43,0.00,0.71,0.00,0.10,0.00,0.00,0.00,0.00,41.76,0.00,1167.40,1173.00,0.00,0.00,0.00,0.80,47.40,0.00,500.80,0.00,0.00,0.00,0.00,0.20,0.00,0.20,0.00,1.60,11200040,0,4458960,28.48,40168,3156568,1877380,11.99,1409996,2820204,324,1033484,123552,2472,5564,31532,0,0,0.00,0,0.00,2,295,1.84,2.11,1.52,0,0.20,0.00,1.60,8.00,0.00,4.00,4.00,0.08,19.80,23.40,2.04,4.04,0.00,0.00,0.00,0.00
2018-01-06 23:28:24,65.56,0.00,2.31,0.00,0.10,0.00,0.10,0.00,0.00,31.93,9.00,1188.80,1234.40,0.00,0.00,0.00,10.40,6176.60,0.00,15887.40,0.00,0.00,0.00,0.00,0.80,0.00,0.80,0.00,20.80,11320524,0,4338476,27.71,40176,3151372,1868652,11.93,1295276,2815320,424,919068,123288,2424,5316,31532,0,0,0.00,0,0.00,4,291,1.86,2.11,1.53,0,0.80,0.00,20.80,26.00,0.00,0.00,0.00,0.00,50.80,54.40,6.09,7.70,0.00,0.00,0.00,0.00
2018-01-06 23:28:29,71.66,0.00,1.11,0.00,0.10,0.00,0.30,0.00,0.00,26.83,2.40,1429.20,1303.40,0.00,0.00,0.00,30.40,659.40,0.00,588.40,0.00,0.00,0.00,0.00,0.80,0.00,0.80,0.00,60.80,11209516,0,4449484,28.41,40188,3146400,1868652,11.93,1409584,2810716,632,1033708,123448,2480,5584,31532,0,0,0.00,0,0.00,4,296,1.79,2.09,1.52,0,0.80,0.00,60.80,76.00,0.00,0.00,0.00,0.00,10.40,14.00,2.22,2.39,0.00,0.00,0.00,0.00
2018-01-06 23:28:34,63.03,0.00,0.81,0.00,0.10,0.00,0.40,0.00,0.00,35.66,0.00,1321.60,1283.60,0.00,0.00,0.00,8.80,50.40,0.00,412.40,0.00,0.00,0.00,0.00,0.40,0.00,0.40,0.00,17.60,11212304,0,4446696,28.40,40196,3141344,1868652,11.93,1411712,2805968,696,1036140,123284,2480,5592,31532,0,0,0.00,0,0.00,2,296,1.72,2.07,1.52,0,0.40,0.00,17.60,44.00,0.00,0.00,0.00,0.00,7.80,11.00,0.80,2.43,0.00,0.00,0.00,0.00
2018-01-06 23:28:39,57.52,0.00,0.30,0.00,0.00,0.00,0.20,0.00,0.00,41.98,0.20,898.40,901.20,0.00,0.00,0.00,20.80,21.60,0.00,306.20,0.00,0.00,0.00,0.00,1.00,0.00,1.00,0.00,41.60,11217124,0,4441876,28.37,40204,3136280,1868652,11.93,1411476,2801240,724,1036232,123256,2480,5592,31532,0,0,0.00,0,0.00,2,296,1.67,2.05,1.52,0,1.00,0.00,41.60,41.60,0.00,3.20,3.20,0.32,10.80,13.80,1.04,4.13,0.00,0.00,0.00,0.00
2018-01-06 23:28:44,68.45,0.00,3.12,0.00,0.10,0.00,0.10,0.00,0.00,28.23,11.20,1309.20,1311.80,0.00,0.00,0.00,82.40,6557.40,0.00,15539.20,0.00,0.00,0.00,0.00,3.40,0.00,3.40,0.00,164.80,11226840,0,4432160,28.30,40212,3131204,1882216,12.02,1408160,2796532,336,1033260,123072,2432,5544,31532,0,0,0.00,0,0.00,2,296,1.77,2.07,1.52,0,3.40,0.00,164.80,48.47,0.00,0.00,0.00,0.00,51.40,55.80,7.29,7.56,0.00,0.00,0.00,0.00
2018-01-06 23:28:49,69.99,0.00,0.81,0.00,0.10,0.00,0.30,0.00,0.00,28.80,0.20,1259.28,1174.65,0.00,0.00,0.00,33.53,323.15,0.00,777.45,0.00,0.00,0.00,0.00,0.80,0.00,0.80,0.00,67.07,11227096,0,4431904,28.30,40224,3126128,1882216,12.02,1411032,2791800,544,1036520,123040,2488,5580,31532,0,0,0.00,0,0.00,4,297,1.87,2.09,1.53,0,0.80,0.00,67.07,84.00,0.00,0.00,0.00,0.00,20.36,23.15,2.04,4.65,0.00,0.00,0.00,0.00
2018-01-06 23:28:54,64.65,0.00,0.71,0.00,0.10,0.00,0.20,0.00,0.00,34.34,0.00,1620.00,1545.20,0.00,0.00,0.00,18.40,73.20,0.00,381.20,0.00,0.00,0.00,0.00,1.00,0.00,1.00,0.00,36.80,11231984,0,4427016,28.27,40232,3121080,1882216,12.02,1410512,2787048,568,1036248,122992,2480,5580,31532,0,0,0.00,0,0.00,2,295,1.80,2.07,1.53,0,1.00,0.00,36.80,36.80,0.00,0.00,0.00,0.00,15.20,18.20,1.55,3.23,0.00,0.00,0.00,0.00
2018-01-06 23:28:59,54.23,0.00,1.01,0.00,0.10,0.00,0.00,0.00,0.00,44.67,2.80,1010.00,1014.20,0.00,0.00,0.00,11.20,430.80,0.00,1189.00,0.00,0.00,0.00,0.00,0.60,0.00,0.60,0.00,22.40,11242460,0,4416540,28.20,40240,3115844,1882216,12.02,1405412,2782180,440,1031328,122984,2472,5580,31532,0,0,0.00,0,0.00,0,295,1.74,2.05,1.53,0,0.60,0.00,22.40,37.33,0.00,0.00,0.00,0.00,15.40,19.40,1.60,3.50,0.00,0.00,0.00,0.00
2018-01-06 23:29:04,74.19,0.00,2.42,0.00,0.10,0.00,0.20,0.00,0.00,23.08,8.40,1121.80,1171.60,0.00,0.00,0.00,30.40,7566.40,0.00,15778.60,0.00,0.00,0.00,0.00,1.00,0.00,1.00,0.00,60.80,11235512,0,4423488,28.25,40252,3111068,1866860,11.92,1416992,2777624,656,1043496,122852,2480,5596,31532,0,0,0.00,0,0.00,3,296,1.84,2.07,1.53,0,1.00,0.00,60.80,60.80,0.00,0.80,0.80,0.08,46.20,50.20,6.79,6.92,0.00,0.00,0.00,0.00
2018-01-06 23:29:09,67.14,0.00,1.21,0.20,0.00,0.00,0.20,0.00,0.00,31.24,0.00,1300.40,1187.20,0.00,0.00,0.00,39.20,50.80,0.00,745.20,0.00,0.00,0.00,0.00,1.20,0.00,1.20,0.00,78.40,11242152,0,4416848,28.21,40264,3105872,1866860,11.92,1414440,2773008,676,1041296,122792,2480,5600,31532,0,0,0.00,0,0.00,4,296,1.77,2.05,1.53,0,1.20,0.00,78.40,65.33,0.00,3.33,3.33,0.40,5.80,8.60,0.62,1.87,0.00,0.00,0.00,0.00
2018-01-06 23:29:14,63.73,0.00,0.80,0.00,0.20,0.00,0.20,0.00,0.00,35.07,0.00,1316.00,1244.00,0.00,0.00,0.00,22.40,27.00,0.00,363.60,0.00,0.00,0.00,0.00,1.20,0.00,1.20,0.00,44.80,11246316,0,4412684,28.18,40272,3100780,1897748,12.12,1415488,2768108,704,1042424,122604,2472,5604,31532,0,0,0.00,0,0.00,2,295,1.71,2.03,1.53,0,1.20,0.00,44.80,37.33,0.00,0.00,0.00,0.00,6.00,9.00,0.64,2.06,0.00,0.00,0.00,0.00
2018-01-06 23:29:19,46.26,0.00,0.61,0.00,0.00,0.00,0.10,0.00,0.00,53.04,3.60,1086.00,1055.60,0.00,0.00,0.00,75.20,339.40,0.00,13392.80,0.00,0.00,0.00,0.00,3.80,0.00,3.80,0.00,150.40,11509788,0,4149212,26.50,40280,3095584,1590968,10.16,1158456,2763220,132,785880,122320,2264,4684,31532,0,0,0.00,0,0.00,0,269,1.65,2.01,1.53,0,3.80,0.00,150.40,39.58,0.00,0.21,0.21,0.08,33.40,37.60,3.67,5.88,0.00,0.00,0.00,0.00
2018-01-06 23:29:24,0.60,0.00,0.20,0.00,0.10,0.00,0.00,0.00,0.00,99.10,0.00,378.20,281.80,0.00,0.00,0.00,28.80,8.20,0.00,297.60,0.00,0.00,0.00,0.00,0.80,0.00,0.80,0.00,57.60,11514928,0,4144072,26.46,40292,3090500,1590968,10.16,1158088,2758512,308,785880,122280,2264,4684,31532,0,0,0.00,0,0.00,0,269,1.52,1.98,1.52,0,0.80,0.00,57.60,72.00,0.00,1.00,1.00,0.08,21.80,24.20,2.35,3.52,0.00,0.00,0.00,0.00
2018-01-06 23:29:29,0.20,0.00,0.00,0.00,0.00,0.00,0.00,0.00,0.00,99.80,0.60,342.40,227.80,0.00,0.00,0.00,6.40,69.20,0.00,301.00,0.00,0.00,0.00,0.00,0.60,0.00,0.60,0.00,12.80,11519832,0,4139168,26.43,40300,3085404,1590968,10.16,1157920,2753792,324,785948,122288,2272,4684,31532,0,0,0.00,0,0.00,0,270,1.40,1.95,1.51,0,0.60,0.00,12.80,21.33,0.00,0.00,0.00,0.00,5.20,8.00,0.54,1.82,0.00,0.00,0.00,0.00
2018-01-06 23:29:34,0.30,0.00,0.20,0.00,0.00,0.00,0.00,0.00,0.00,99.50,0.00,350.40,242.20,0.00,0.00,0.00,19.20,8.40,0.00,281.40,0.00,0.00,0.00,0.00,1.00,0.00,1.00,0.00,38.40,11524776,0,4134224,26.40,40308,3080380,1590968,10.16,1157520,2749028,320,785956,122288,2272,4684,31532,0,0,0.00,0,0.00,0,270,1.29,1.92,1.50,0,1.00,0.00,38.40,38.40,0.00,0.00,0.00,0.00,8.60,11.40,0.90,2.24,0.00,0.00,0.00,0.00
2018-01-06 23:29:39,0.10,0.00,0.10,0.10,0.10,0.00,0.00,0.00,0.00,99.60,0.00,334.40,223.00,0.00,0.00,0.00,17.60,9.00,0.00,279.00,0.00,0.00,0.00,0.00,1.20,0.00,1.20,0.00,35.20,11530056,0,4128944,26.37,40316,3075236,1590968,10.16,1157184,2744340,308,785956,122284,2272,4684,31532,0,0,0.00,0,0.00,0,270,1.18,1.88,1.49,0,1.20,0.00,35.20,29.33,0.00,0.00,0.00,0.00,6.60,9.00,0.72,1.77,0.00,0.00,0.00,0.00
2018-01-06 23:29:44,0.30,0.00,0.10,0.00,0.00,0.00,0.00,0.00,0.00,99.60,0.00,342.60,228.00,0.00,0.00,0.00,0.00,8.00,0.00,280.60,0.00,0.00,0.00,0.00,0.00,0.00,0.00,0.00,0.00,11535120,0,4123880,26.34,40316,3070172,1590968,10.16,1156868,2739584,360,785960,122252,2272,4684,31532,0,0,0.00,0,0.00,0,270,1.09,1.85,1.48,0,0.00,0.00,0.00,0.00,0.00,0.00,0.00,0.00,6.80,9.60,0.74,2.06,0.00,0.00,0.00,0.00
2018-01-06 23:29:49,0.40,0.00,0.20,0.00,0.00,0.00,0.00,0.00,0.00,99.40,0.00,345.40,235.60,0.00,0.00,0.00,20.00,8.20,0.00,283.60,0.00,0.00,0.00,0.00,1.60,0.00,1.60,0.00,40.00,11540324,0,4118676,26.30,40328,3065036,1590968,10.16,1156528,2734772,380,785960,122164,2272,4684,31532,0,0,0.00,0,0.00,0,270,1.00,1.82,1.48,0,1.60,0.00,40.00,25.00,0.00,0.00,0.00,0.00,8.20,11.00,0.88,2.22,0.00,0.00,0.00,0.00
2018-01-06 23:29:54,0.20,0.00,0.10,0.00,0.00,0.00,0.00,0.00,0.00,99.70,0.20,331.20,227.00,0.00,0.00,0.00,78.40,11.20,0.00,289.60,0.00,0.00,0.00,0.00,4.80,0.00,4.80,0.00,156.80,11545484,0,4113516,26.27,40336,3059948,1590968,10.16,1156308,2730124,28,785960,122076,2272,4684,31532,0,0,0.00,0,0.00,0,270,0.92,1.79,1.47,0,4.80,0.00,156.80,32.67,0.00,0.00,0.00,0.00,8.00,10.60,0.76,13.91,0.00,0.00,0.00,0.00
2018-01-06 23:29:59,0.30,0.00,0.00,0.00,0.00,0.00,0.00,0.00,0.00,99.70,0.00,373.40,262.00,0.00,0.00,0.00,6.40,14.00,0.00,232.60,0.00,0.00,0.00,0.00,0.40,0.00,0.40,0.00,12.80,11549624,0,4109376,26.24,40344,3055880,1590968,10.16,1156772,2725336,124,785968,121992,2272,4684,31532,0,0,0.00,0,0.00,0,270,0.85,1.76,1.46,0,0.40,0.00,12.80,32.00,0.00,0.00,0.00,0.00,7.20,10.00,0.77,2.09,0.00,0.00,0.00,0.00
2018-01-06 23:30:04,0.40,0.00,0.00,0.00,0.00,0.00,0.00,0.00,0.00,99.60,0.00,348.40,236.40,0.00,0.00,0.00,4.80,7.60,0.00,285.20,0.00,0.00,0.00,0.00,0.40,0.00,0.40,0.00,9.60,11554900,0,4104100,26.21,40352,3050744,1590968,10.16,1156420,2720648,156,785968,121904,2272,4684,31532,0,0,0.00,0,0.00,1,270,0.78,1.73,1.45,0,0.40,0.00,9.60,24.00,0.00,0.00,0.00,0.00,7.80,10.60,0.79,2.11,0.00,0.00,0.00,0.00
2018-01-06 23:30:09,0.20,0.00,0.20,0.00,0.10,0.00,0.00,0.00,0.00,99.50,0.00,343.00,234.60,0.00,0.00,0.00,15.20,9.20,0.00,308.00,0.00,0.00,0.00,0.00,1.20,0.00,1.20,0.00,30.40,11558400,0,4100600,26.19,40360,3045652,1590968,10.16,1157616,2715924,200,787528,121816,2272,4684,31532,0,0,0.00,0,0.00,0,270,0.72,1.70,1.45,0,1.20,0.00,30.40,25.33,0.00,0.67,0.67,0.08,8.20,10.60,0.87,1.94,0.00,0.00,0.00,0.00
2018-01-06 23:30:14,0.20,0.00,0.10,0.00,0.00,0.00,0.00,0.00,0.00,99.70,0.00,335.60,225.60,0.00,0.00,0.00,6.40,8.20,0.00,283.00,0.00,0.00,0.00,0.00,0.40,0.00,0.40,0.00,12.80,11563640,0,4095360,26.15,40368,3040556,1590968,10.16,1157248,2711200,192,787528,121728,2272,4684,31532,0,0,0.00,0,0.00,0,270,0.66,1.68,1.44,0,0.40,0.00,12.80,32.00,0.00,0.00,0.00,0.00,6.60,9.00,0.67,1.95,0.00,0.00,0.00,0.00
2018-01-06 23:30:19,0.30,0.00,0.00,0.10,0.00,0.00,0.00,0.00,0.00,99.60,0.00,339.40,228.20,0.00,0.00,0.00,4.80,8.20,0.00,395.60,0.00,0.00,0.00,0.00,0.40,0.00,0.40,0.00,9.60,11569148,0,4089852,26.12,40376,3035460,1590968,10.16,1156728,2706436,228,787324,121640,2248,4684,31532,0,0,0.00,0,0.00,1,267,0.61,1.65,1.43,0,0.40,0.00,9.60,24.00,0.00,0.00,0.00,0.00,4.80,7.60,0.51,1.79,0.00,0.00,0.00,0.00
2018-01-06 23:30:24,0.20,0.00,0.10,0.00,0.00,0.00,0.00,0.00,0.00,99.70,0.00,325.20,213.40,0.00,0.00,0.00,6.40,7.40,0.00,280.20,0.00,0.00,0.00,0.00,0.60,0.00,0.60,0.00,12.80,11574264,0,4084736,26.09,40384,3030364,1590968,10.16,1156372,2701704,256,787328,121556,2248,4684,31532,0,0,0.00,0,0.00,0,267,0.56,1.62,1.42,0,0.60,0.00,12.80,21.33,0.00,0.00,0.00,0.00,5.60,8.00,0.60,1.63,0.00,0.00,0.00,0.00
2018-01-06 23:30:29,0.20,0.00,0.10,0.00,0.10,0.00,0.00,0.00,0.00,99.60,0.00,340.00,231.00,0.00,0.00,0.00,48.80,8.40,0.00,621.60,0.00,0.00,0.00,0.00,1.40,0.00,1.40,0.00,97.60,11571740,0,4087260,26.10,40392,3025276,1590968,10.16,1163672,2696984,92,794992,121404,2240,4684,31532,0,0,0.00,0,0.00,0,266,0.51,1.59,1.41,0,1.40,0.00,97.60,69.71,0.00,0.00,0.00,0.00,7.40,10.20,0.78,2.10,0.00,0.00,0.00,0.00
2018-01-06 23:30:34,0.40,0.00,0.10,0.00,0.00,0.00,0.00,0.00,0.00,99.50,0.00,332.20,219.20,0.00,0.00,0.00,0.00,7.60,0.00,283.20,0.00,0.00,0.00,0.00,0.00,0.00,0.00,0.00,0.00,11576812,0,4082188,26.07,40392,3020124,1590968,10.16,1163376,2692272,120,794992,121328,2240,4684,31532,0,0,0.00,0,0.00,1,266,0.47,1.57,1.41,0,0.00,0.00,0.00,0.00,0.00,0.00,0.00,0.00,7.40,10.20,0.78,2.10,0.00,0.00,0.00,0.00
2018-01-06 23:30:39,0.30,0.00,0.00,0.00,0.00,0.00,0.00,0.00,0.00,99.70,0.20,358.40,251.20,0.00,0.00,0.00,16.80,16.60,0.00,376.00,0.00,0.00,0.00,0.00,1.20,0.00,1.20,0.00,33.60,11577656,0,4081344,26.06,40400,3015092,1590968,10.16,1167416,2687408,184,799336,121224,2248,4684,31532,0,0,0.00,0,0.00,1,267,0.43,1.54,1.40,0,1.20,0.00,33.60,28.00,0.00,0.00,0.00,0.00,6.60,9.00,0.63,10.11,0.00,0.00,0.00,0.00
2018-01-06 23:30:44,0.90,0.00,0.10,0.00,0.00,0.00,0.00,0.00,0.00,98.99,0.00,358.60,244.80,0.00,0.00,0.00,6.40,9.80,0.00,291.80,0.00,0.00,0.00,0.00,0.40,0.00,0.40,0.00,12.80,11583152,0,4075848,26.03,40408,3009996,1590968,10.16,1166820,2682860,188,799272,121144,2240,4684,31532,0,0,0.00,0,0.00,1,266,0.40,1.52,1.39,0,0.40,0.00,12.80,32.00,0.00,0.00,0.00,0.00,9.40,12.00,0.95,2.29,0.00,0.00,0.00,0.00
2018-01-06 23:30:49,0.80,0.00,0.00,0.00,0.10,0.00,0.00,0.00,0.00,99.10,0.00,347.60,236.00,0.00,0.00,0.00,5.60,7.80,0.00,286.20,0.00,0.00,0.00,0.00,0.40,0.00,0.40,0.00,11.20,11588360,0,4070640,26.00,40416,3004908,1590968,10.16,1166504,2678096,220,799272,121060,2240,4684,31532,0,0,0.00,0,0.00,1,266,0.37,1.49,1.38,0,0.40,0.00,11.20,28.00,0.00,0.00,0.00,0.00,9.60,12.40,0.95,2.30,0.00,0.00,0.00,0.00
2018-01-06 23:30:54,0.20,0.00,0.00,0.00,0.00,0.00,0.00,0.00,0.00,99.80,0.00,325.80,211.80,0.00,0.00,0.00,4.00,7.40,0.00,285.00,0.00,0.00,0.00,0.00,0.40,0.00,0.40,0.00,8.00,11593508,0,4065492,25.96,40424,2999856,1590968,10.16,1166272,2673336,244,799272,120964,2240,4684,31532,0,0,0.00,0,0.00,1,266,0.34,1.47,1.38,0,0.40,0.00,8.00,20.00,0.00,0.00,0.00,0.00,4.60,7.00,0.49,1.50,0.00,0.00,0.00,0.00
2018-01-06 23:30:59,0.50,0.00,0.10,0.00,0.00,0.00,0.00,0.00,0.00,99.40,0.00,341.60,231.40,0.00,0.00,0.00,11.20,8.60,0.00,415.00,0.00,0.00,0.00,0.00,1.60,0.00,1.60,0.00,22.40,11597164,0,4061836,25.94,40432,2994760,1590968,10.16,1167264,2668556,272,800716,120864,2240,4684,31532,0,0,0.00,0,0.00,1,266,0.31,1.44,1.37,0,1.60,0.00,22.40,14.00,0.00,0.00,0.00,0.00,9.20,11.60,0.93,2.25,0.00,0.00,0.00,0.00
2018-01-06 23:31:04,50.05,0.00,1.61,0.00,0.10,0.00,0.00,0.00,0.00,48.24,5.60,678.00,716.00,0.00,0.00,0.00,69.60,5054.80,0.00,1860.20,0.00,0.00,0.00,0.00,1.60,0.00,1.60,0.00,139.20,11464584,0,4194416,26.79,40444,2989848,1834448,11.71,1304844,2663956,476,938712,121000,2416,5340,31532,0,0,0.00,0,0.00,2,289,0.37,1.43,1.37,0,1.60,0.00,139.20,87.00,0.01,7.50,3.00,0.48,9.80,12.80,1.52,2.41,0.00,0.00,0.00,0.00
2018-01-06 23:31:09,70.49,0.00,0.91,0.00,0.00,0.00,0.60,0.00,0.00,28.00,2.00,639.20,1586.80,0.00,0.00,0.00,22.40,575.80,0.00,4645.00,0.00,0.00,0.00,0.00,1.00,0.00,1.00,0.00,44.80,11353128,0,4305872,27.50,40452,2984668,1865072,11.91,1417264,2659304,432,1051268,121096,2464,5576,31532,0,0,0.00,0,0.00,4,294,0.42,1.43,1.37,0,1.00,0.00,44.80,44.80,0.00,0.00,0.00,0.00,998.40,282.40,8604.17,19.57,0.00,0.00,0.00,0.00
2018-01-06 23:31:14,61.92,0.00,0.71,0.10,0.20,0.00,0.30,0.00,0.00,36.77,0.00,636.40,1915.20,0.00,0.00,0.00,102.40,88.40,0.00,4170.80,0.00,0.00,0.00,0.00,8.80,0.00,8.80,0.00,204.80,11355260,0,4303740,27.48,40460,2979700,1865072,11.91,1418268,2654560,176,1052636,121080,2464,5584,31532,0,0,0.00,0,0.00,2,294,0.46,1.42,1.36,0,8.80,0.00,204.80,23.27,0.00,0.36,0.09,0.08,1164.60,318.00,10168.12,22.28,0.00,0.00,0.00,0.00
2018-01-06 23:31:19,56.18,0.00,0.70,0.00,0.20,0.00,0.40,0.00,0.00,42.51,0.00,495.60,1389.20,0.00,0.00,0.00,0.00,22.40,0.00,4136.00,0.00,0.00,0.00,0.00,0.00,0.00,0.00,0.00,0.00,11363260,0,4295740,27.43,40460,2974640,1865072,11.91,1418868,2649824,224,1053532,121080,2456,5588,31532,0,0,0.00,0,0.00,2,293,0.51,1.41,1.36,0,0.00,0.00,0.00,0.00,0.00,0.00,0.00,0.00,923.20,256.80,8034.77,18.24,0.00,0.00,0.00,0.00
2018-01-06 23:31:24,18.41,0.00,0.50,0.00,0.00,0.00,0.00,0.00,0.00,81.09,4.00,998.00,597.40,0.00,0.00,0.00,12.80,372.40,0.00,13132.20,0.00,0.00,0.00,0.00,0.80,0.00,0.80,0.00,25.60,11618404,0,4040596,25.80,40468,2969368,1574776,10.06,1169652,2644916,288,804684,120848,2272,4688,31532,0,0,0.00,0,0.00,0,270,0.47,1.39,1.35,0,0.80,0.00,25.60,32.00,0.00,1.00,1.00,0.08,44.00,46.80,4.80,13.95,0.00,0.00,0.00,0.00
2018-01-06 23:31:29,0.30,0.00,0.10,0.00,0.00,0.00,0.00,0.00,0.00,99.60,0.20,365.20,261.00,0.00,0.00,0.00,23.20,13.00,0.00,499.20,0.00,0.00,0.00,0.00,0.60,0.00,0.60,0.00,46.40,11623524,0,4035476,25.77,40480,2964276,1574776,10.06,1167080,2640172,356,804620,120848,2264,4688,31532,0,0,0.00,0,0.00,1,269,0.43,1.37,1.35,0,0.60,0.00,46.40,77.33,0.00,0.00,0.00,0.00,11.60,14.00,1.08,9.98,0.00,0.00,0.00,0.00
2018-01-06 23:31:34,0.40,0.00,0.10,0.00,0.10,0.00,0.00,0.00,0.00,99.40,0.00,338.60,229.60,0.00,0.00,0.00,4.80,8.00,0.00,281.20,0.00,0.00,0.00,0.00,0.40,0.00,0.40,0.00,9.60,11628612,0,4030388,25.74,40488,2959228,1574776,10.06,1168800,2635452,392,804620,120844,2264,4688,31532,0,0,0.00,0,0.00,0,269,0.39,1.34,1.34,0,0.40,0.00,9.60,24.00,0.00,0.00,0.00,0.00,7.20,10.00,0.77,2.08,0.00,0.00,0.00,0.00
2018-01-06 23:31:39,0.40,0.00,0.10,0.00,0.00,0.00,0.00,0.00,0.00,99.50,0.00,329.60,222.40,0.00,0.00,0.00,4.00,7.60,0.00,362.80,0.00,0.00,0.00,0.00,0.40,0.00,0.40,0.00,8.00,11633392,0,4025608,25.71,40496,2954164,1574776,10.06,1168908,2630716,416,804968,120828,2264,4688,31532,0,0,0.00,0,0.00,0,269,0.36,1.32,1.33,0,0.40,0.00,8.00,20.00,0.00,0.00,0.00,0.00,6.60,9.00,0.72,1.77,0.00,0.00,0.00,0.00
2018-01-06 23:31:44,26.79,0.00,1.61,0.00,0.10,0.00,0.00,0.00,0.00,71.50,4.40,579.80,561.20,0.00,0.00,0.00,76.80,4328.00,0.00,1658.00,0.00,0.00,0.00,0.00,6.00,0.00,6.00,0.00,153.60,11526672,0,4132328,26.39,40508,2949060,1863576,11.90,1280908,2626036,364,917332,120904,2392,5204,31532,0,0,0.00,0,0.00,2,286,0.33,1.30,1.33,0,6.00,0.00,153.60,25.60,0.01,1.33,0.67,0.40,7.20,9.60,1.22,2.01,0.00,0.00,0.00,0.00
2018-01-06 23:31:49,79.07,0.00,1.72,0.00,0.00,0.00,0.20,0.00,0.00,19.01,2.80,719.60,1460.60,0.00,0.00,0.00,70.40,1391.40,0.00,4709.60,0.00,0.00,0.00,0.00,2.00,0.00,2.00,0.00,140.80,11394308,0,4264692,27.23,40520,2945060,1863576,11.90,1414532,2621440,208,1050388,120948,2480,5576,31532,0,0,0.00,0,0.00,2,295,0.55,1.33,1.33,0,2.00,0.00,140.80,70.40,0.00,0.00,0.00,0.00,990.60,284.40,8590.85,20.22,0.00,0.00,0.00,0.00
2018-01-06 23:31:54,62.59,0.00,0.70,0.00,0.20,0.00,0.20,0.00,0.00,36.31,0.00,522.60,1240.00,0.00,0.00,0.00,75.20,49.60,0.00,2929.40,0.00,0.00,0.00,0.00,8.00,0.00,8.00,0.00,150.40,11398088,0,4260912,27.21,40520,2940000,1863576,11.90,1414672,2616736,32,1050884,120976,2472,5580,31532,0,0,0.00,0,0.00,2,295,0.58,1.32,1.33,0,8.00,0.00,150.40,18.80,0.00,0.00,0.00,0.00,778.40,212.00,6769.26,15.02,0.00,0.00,0.00,0.00
2018-01-06 23:31:59,56.84,0.00,0.80,0.00,0.20,0.00,0.40,0.00,0.00,41.75,0.00,508.00,1744.80,0.00,0.00,0.00,19.20,22.60,0.00,4920.60,0.00,0.00,0.00,0.00,0.40,0.00,0.40,0.00,38.40,11405616,0,4253384,27.16,40528,2934944,1863576,11.90,1414432,2611968,220,1050928,120936,2464,5580,31532,0,0,0.00,0,0.00,2,294,0.62,1.32,1.33,0,0.40,0.00,38.40,96.00,0.00,0.00,0.00,0.00,1309.60,373.40,11439.16,26.25,0.00,0.00,0.00,0.00
2018-01-06 23:32:04,36.95,0.00,1.20,0.00,0.10,0.00,0.00,0.00,0.00,61.75,7.20,1068.00,927.80,0.00,0.00,0.00,12.80,2697.00,0.00,13189.00,0.00,0.00,0.00,0.00,0.80,0.00,0.80,0.00,25.60,11599296,0,4059704,25.93,40536,2929688,1832176,11.70,1225024,2607144,292,864048,120892,2272,5000,31532,0,0,0.00,0,0.00,2,284,0.57,1.29,1.32,0,0.80,0.00,25.60,32.00,0.00,0.00,0.00,0.00,43.60,47.20,5.38,6.81,0.00,0.00,0.00,0.00
2018-01-06 23:32:09,79.38,0.00,1.91,0.00,0.10,0.00,0.40,0.00,0.00,18.21,3.60,774.80,1267.60,0.00,0.00,0.00,32.00,5142.00,0.00,6206.20,0.00,0.00,0.00,0.00,0.80,0.00,0.80,0.00,64.00,11401448,0,4257552,27.19,40548,2924772,1863172,11.90,1426200,2602628,564,1063500,121052,2480,5580,31532,0,0,0.00,0,0.00,5,296,0.68,1.31,1.33,0,0.80,0.00,64.00,80.00,0.00,0.00,0.00,0.00,809.80,230.60,6994.64,16.33,0.00,0.00,0.00,0.00
2018-01-06 23:32:14,68.71,0.00,0.80,0.00,0.10,0.00,0.30,0.00,0.00,30.09,0.00,589.60,1212.80,0.00,0.00,0.00,15.20,53.20,0.00,4137.80,0.00,0.00,0.00,0.00,0.60,0.00,0.60,0.00,30.40,11415864,0,4243136,27.10,40560,2919700,1863172,11.90,1416964,2597768,612,1054468,121052,2472,5560,31532,0,0,0.00,0,0.00,2,295,0.71,1.30,1.32,0,0.60,0.00,30.40,50.67,0.00,0.00,0.00,0.00,951.00,264.60,8293.26,18.62,0.00,0.00,0.00,0.00
2018-01-06 23:32:19,57.03,0.00,0.60,0.00,0.10,0.00,0.50,0.00,0.00,41.77,0.00,463.40,1035.40,0.00,0.00,0.00,8.00,18.00,0.00,2998.60,0.00,0.00,0.00,0.00,0.40,0.00,0.40,0.00,16.00,11419680,0,4239320,27.07,40568,2914636,1863172,11.90,1417108,2593044,668,1054968,121084,2464,5564,31532,0,0,0.00,0,0.00,2,294,0.81,1.31,1.33,0,0.40,0.00,16.00,40.00,0.00,0.00,0.00,0.00,768.00,215.60,6681.31,15.55,0.00,0.00,0.00,0.00
2018-01-06 23:32:24,39.42,0.00,1.01,0.00,0.10,0.00,0.00,0.00,0.00,59.48,3.60,919.80,1136.60,0.00,0.00,0.00,26.40,375.20,0.00,15094.40,0.00,0.00,0.00,0.00,2.00,0.00,2.00,0.00,52.80,11678624,0,3980376,25.42,40576,2909380,1576584,10.07,1166288,2588156,492,804480,120760,2264,4688,31532,0,0,0.00,0,0.00,0,269,1.07,1.36,1.34,0,2.00,0.00,52.80,26.40,0.00,0.00,0.00,0.00,586.60,191.80,4774.94,15.94,0.00,0.00,0.00,0.00
2018-01-06 23:32:29,0.20,0.00,0.00,0.10,0.00,0.00,0.00,0.00,0.00,99.70,0.00,327.40,216.60,0.00,0.00,0.00,96.80,8.20,0.00,275.80,0.00,0.00,0.00,0.00,5.40,0.00,5.40,0.00,193.60,11683832,0,3975168,25.39,40588,2904284,1576584,10.07,1166028,2583332,116,804484,120752,2264,4688,31532,0,0,0.00,0,0.00,0,269,0.98,1.34,1.33,0,5.40,0.00,193.60,35.85,0.00,0.00,0.00,0.00,4.80,7.60,0.53,1.80,0.00,0.00,0.00,0.00
2018-01-06 23:32:34,0.30,0.00,0.20,0.00,0.00,0.00,0.00,0.00,0.00,99.50,0.20,354.20,248.00,0.00,0.00,0.00,16.00,12.80,0.00,287.60,0.00,0.00,0.00,0.00,1.00,0.00,1.00,0.00,32.00,11688924,0,3970076,25.35,40596,2899196,1576584,10.07,1165560,2578724,212,804492,120736,2264,4688,31532,0,0,0.00,0,0.00,0,269,0.90,1.31,1.33,0,1.00,0.00,32.00,32.00,0.00,0.80,0.80,0.08,10.40,13.00,1.02,7.20,0.00,0.00,0.00,0.00
2018-01-06 23:32:39,0.20,0.00,0.20,0.00,0.10,0.00,0.00,0.00,0.00,99.50,0.00,333.00,223.60,0.00,0.00,0.00,16.80,7.60,0.00,280.80,0.00,0.00,0.00,0.00,0.60,0.00,0.60,0.00,33.60,11694256,0,3964744,25.32,40604,2894104,1576584,10.07,1165256,2573948,236,804492,120712,2264,4688,31532,0,0,0.00,0,0.00,0,269,0.83,1.29,1.32,0,0.60,0.00,33.60,56.00,0.00,0.00,0.00,0.00,7.20,9.60,0.76,1.81,0.00,0.00,0.00,0.00
2018-01-06 23:32:44,0.40,0.00,0.10,0.00,0.00,0.00,0.00,0.00,0.00,99.50,0.00,376.00,263.00,0.00,0.00,0.00,6.40,11.80,0.00,357.20,0.00,0.00,0.00,0.00,0.40,0.00,0.40,0.00,12.80,11700828,0,3958172,25.28,40612,2889008,1576584,10.07,1163348,2569228,224,802952,120708,2264,4688,31532,0,0,0.00,0,0.00,0,269,0.76,1.27,1.31,0,0.40,0.00,12.80,32.00,0.00,0.00,0.00,0.00,7.20,10.00,0.77,2.08,0.00,0.00,0.00,0.00
2018-01-06 23:32:49,5.83,0.00,0.60,0.00,0.00,0.00,0.00,0.00,0.00,93.57,3.60,435.20,336.40,0.00,0.00,0.00,4.00,2191.40,0.00,458.60,0.00,0.00,0.00,0.00,0.40,0.00,0.40,0.00,8.00,11668008,0,3990992,25.49,40620,2883872,1825516,11.66,1201404,2564560,248,841448,120692,2264,4884,31532,0,0,0.00,0,0.00,2,284,0.70,1.25,1.31,0,0.40,0.00,8.00,20.00,0.00,0.00,0.00,0.00,6.40,8.80,1.16,1.94,0.00,0.00,0.00,0.00
2018-01-06 23:32:54,78.39,0.00,1.91,0.20,0.10,0.00,0.20,0.00,0.00,19.20,3.60,757.60,1595.00,0.00,0.00,0.00,40.80,4086.00,0.00,5389.80,0.00,0.00,0.00,0.00,1.80,0.00,1.80,0.00,81.60,11460744,0,4198256,26.81,40632,2879044,1825516,11.66,1411096,2559920,572,1051452,120848,2480,5580,31532,0,0,0.00,0,0.00,2,296,0.81,1.26,1.31,0,1.80,0.00,81.60,45.33,0.00,1.78,1.78,0.32,785.40,235.00,6821.78,16.52,0.00,0.00,0.00,0.00
2018-01-06 23:32:59,68.15,0.00,0.40,0.00,0.10,0.00,0.30,0.00,0.00,31.05,0.00,618.20,1623.40,0.00,0.00,0.00,0.00,60.80,0.00,3872.60,0.00,0.00,0.00,0.00,0.00,0.00,0.00,0.00,0.00,11467552,0,4191448,26.77,40632,2873972,1825516,11.66,1406572,2555208,600,1047280,120848,2472,5576,31532,0,0,0.00,0,0.00,2,295,0.82,1.26,1.31,0,0.00,0.00,0.00,0.00,0.00,0.00,0.00,0.00,990.80,272.80,8629.52,19.24,0.00,0.00,0.00,0.00
2018-01-06 23:33:04,57.19,0.00,0.50,0.00,0.10,0.00,0.20,0.00,0.00,42.01,0.20,472.60,1230.20,0.00,0.00,0.00,72.80,21.60,0.00,3134.20,0.00,0.00,0.00,0.00,5.00,0.00,5.00,0.00,145.60,11472608,0,4186392,26.73,40640,2868908,1825516,11.66,1406256,2550484,340,1047268,120848,2464,5576,31532,0,0,0.00,0,0.00,2,295,0.92,1.27,1.31,0,5.00,0.00,145.60,29.12,0.00,0.00,0.00,0.00,772.20,220.40,6690.01,19.78,0.00,0.00,0.00,0.00
2018-01-06 23:33:09,40.73,0.00,1.01,0.00,0.20,0.00,0.10,0.00,0.00,57.96,3.60,922.00,1329.40,0.00,0.00,0.00,20.00,376.00,0.00,15022.00,0.00,0.00,0.00,0.00,1.00,0.00,1.00,0.00,40.00,11730356,0,3928644,25.09,40648,2863608,1567360,10.01,1157148,2545572,208,798336,120876,2264,4684,31532,0,0,0.00,0,0.00,0,269,0.92,1.27,1.31,0,1.00,0.00,40.00,40.00,0.00,1.60,1.60,0.16,581.60,195.40,4707.02,16.31,0.00,0.00,0.00,0.00
2018-01-06 23:33:14,0.10,0.00,0.10,0.00,0.00,0.00,0.00,0.00,0.00,99.80,0.00,340.60,233.00,0.00,0.00,0.00,23.20,8.00,0.00,281.20,0.00,0.00,0.00,0.00,0.60,0.00,0.60,0.00,46.40,11735440,0,3923560,25.06,40660,2858588,1567360,10.01,1156880,2540792,308,798336,120872,2264,4684,31532,0,0,0.00,0,0.00,1,269,0.85,1.24,1.30,0,0.60,0.00,46.40,77.33,0.00,0.00,0.00,0.00,8.20,11.00,0.82,2.14,0.00,0.00,0.00,0.00
2018-01-06 23:33:19,0.30,0.00,0.10,0.00,0.00,0.00,0.00,0.00,0.00,99.60,0.00,361.00,266.00,0.00,0.00,0.00,67.20,13.00,0.00,302.60,0.00,0.00,0.00,0.00,5.80,0.00,5.80,0.00,134.40,11741020,0,3917980,25.02,40668,2853480,1567360,10.01,1155960,2536196,148,797832,120856,2264,4684,31532,0,0,0.00,0,0.00,1,269,0.78,1.22,1.30,0,5.80,0.00,134.40,23.17,0.00,0.00,0.00,0.00,5.20,8.00,0.54,1.81,0.00,0.00,0.00,0.00
2018-01-06 23:33:24,0.20,0.00,0.00,0.00,0.00,0.00,0.00,0.00,0.00,99.80,0.20,329.80,223.00,0.00,0.00,0.00,12.80,11.80,0.00,280.80,0.00,0.00,0.00,0.00,0.40,0.00,0.40,0.00,25.60,11746048,0,3912952,24.99,40676,2848380,1567360,10.01,1155616,2531384,132,797896,120828,2272,4684,31532,0,0,0.00,0,0.00,1,270,0.72,1.20,1.29,0,0.40,0.00,25.60,64.00,0.00,0.00,0.00,0.00,7.40,9.60,0.72,5.07,0.00,0.00,0.00,0.00
2018-01-06 23:33:29,0.10,0.00,0.20,0.00,0.10,0.00,0.00,0.00,0.00,99.60,0.00,337.20,230.40,0.00,0.00,0.00,4.80,8.00,0.00,290.20,0.00,0.00,0.00,0.00,0.40,0.00,0.40,0.00,9.60,11751400,0,3907600,24.95,40684,2843284,1567360,10.01,1155196,2526656,164,797828,120656,2264,4684,31532,0,0,0.00,0,0.00,1,269,0.66,1.18,1.28,0,0.40,0.00,9.60,24.00,0.00,0.00,0.00,0.00,6.80,9.40,0.69,1.98,0.00,0.00,0.00,0.00
2018-01-06 23:33:34,0.30,0.00,0.10,0.00,0.00,0.00,0.00,0.00,0.00,99.60,0.00,331.60,218.00,0.00,0.00,0.00,0.00,7.40,0.00,278.80,0.00,0.00,0.00,0.00,0.00,0.00,0.00,0.00,0.00,11756524,0,3902476,24.92,40684,2838196,1567360,10.01,1154880,2521880,192,797828,120652,2264,4684,31532,0,0,0.00,0,0.00,1,269,0.61,1.16,1.28,0,0.00,0.00,0.00,0.00,0.00,0.00,0.00,0.00,6.20,9.00,0.73,2.03,0.00,0.00,0.00,0.00
2018-01-06 23:33:39,0.30,0.00,0.10,0.00,0.00,0.00,0.00,0.00,0.00,99.60,0.00,335.80,227.00,0.00,0.00,0.00,4.00,7.60,0.00,685.00,0.00,0.00,0.00,0.00,0.40,0.00,0.40,0.00,8.00,11761360,0,3897640,24.89,40692,2833072,1567360,10.01,1154704,2517068,220,797980,120600,2264,4684,31532,0,0,0.00,0,0.00,1,269,0.56,1.14,1.27,0,0.40,0.00,8.00,20.00,0.00,0.00,0.00,0.00,8.00,10.40,0.85,1.92,0.00,0.00,0.00,0.00
2018-01-06 23:33:44,0.30,0.00,0.10,0.10,0.00,0.00,0.00,0.00,0.00,99.50,0.20,353.80,246.00,0.00,0.00,0.00,4.00,11.40,0.00,232.40,0.00,0.00,0.00,0.00,0.40,0.00,0.40,0.00,8.00,11765428,0,3893572,24.86,40700,2829036,1567360,10.01,1155360,2512348,248,798048,120596,2272,4684,31532,0,0,0.00,0,0.00,0,270,0.51,1.12,1.26,0,0.40,0.00,8.00,20.00,0.00,0.00,0.00,0.00,10.60,13.20,1.04,5.00,0.00,0.00,0.00,0.00
2018-01-06 23:33:49,67.40,0.00,2.72,0.10,0.10,0.00,0.00,0.00,0.00,29.68,7.20,829.40,999.40,0.00,0.00,0.00,43.20,8073.40,0.00,4545.00,0.00,0.00,0.00,0.00,1.60,0.00,1.60,0.00,86.40,11502064,0,4156936,26.55,40712,2824080,1810844,11.56,1420316,2507904,600,1063464,120780,2480,5576,31532,0,0,0.00,0,0.00,2,296,0.63,1.14,1.27,0,1.60,0.00,86.40,54.00,0.01,4.50,2.50,0.40,101.00,39.60,768.15,4.33,0.00,0.00,0.00,0.00
2018-01-06 23:33:54,68.21,0.00,0.60,0.00,0.10,0.00,0.20,0.00,0.00,30.89,0.00,588.60,1255.80,0.00,0.00,0.00,77.60,49.80,0.00,4448.80,0.00,0.00,0.00,0.00,4.60,0.00,4.60,0.00,155.20,11506476,0,4152524,26.52,40724,2819004,1841920,11.76,1421000,2503136,244,1064412,120776,2472,5592,31532,0,0,0.00,0,0.00,2,295,0.66,1.14,1.27,0,4.60,0.00,155.20,33.74,0.00,0.35,0.17,0.08,1128.20,307.60,9759.77,21.10,0.00,0.00,0.00,0.00
2018-01-06 23:33:59,64.15,0.00,0.81,0.00,0.10,0.00,0.30,0.00,0.00,34.64,0.00,606.60,1439.80,0.00,0.00,0.00,12.80,39.20,0.00,5091.20,0.00,0.00,0.00,0.00,0.40,0.00,0.40,0.00,25.60,11512612,0,4146388,26.48,40732,2813940,1841920,11.76,1419276,2498424,400,1063028,120752,2464,5592,31532,0,0,0.00,0,0.00,2,294,0.69,1.13,1.26,0,0.40,0.00,25.60,64.00,0.00,0.00,0.00,0.00,1310.20,357.40,11445.59,24.69,0.00,0.00,0.00,0.00
2018-01-06 23:34:04,49.80,0.00,0.81,0.00,0.10,0.00,0.10,0.00,0.00,49.19,4.20,928.80,1200.00,0.00,0.00,8.00,16.80,465.40,0.00,15096.60,0.00,0.00,0.00,0.00,1.20,0.20,1.00,16.00,33.60,11776744,0,3882256,24.79,40740,2808692,1553680,9.92,1162940,2493452,276,806948,120664,2432,4616,31532,0,0,0.00,0,0.00,1,272,0.71,1.13,1.26,0,1.20,16.00,33.60,41.33,0.00,0.00,0.00,0.00,503.60,170.80,4036.51,15.99,0.00,0.00,0.00,0.00
2018-01-06 23:34:09,64.69,0.00,2.52,0.00,0.10,0.00,0.30,0.00,0.00,32.39,7.60,1644.60,1550.80,0.00,0.00,0.80,30.40,5704.40,0.00,2623.60,0.00,0.00,0.00,0.00,1.00,0.20,0.80,1.60,60.80,11638692,0,4020308,25.67,40752,2804348,1854000,11.84,1305308,2488904,1104,949120,120748,2520,5364,31532,0,0,0.00,0,0.00,0,301,0.90,1.16,1.27,0,1.00,1.60,60.80,62.40,0.00,1.60,0.80,0.08,254.80,258.80,58.65,35.85,0.00,0.00,0.00,0.00
2018-01-06 23:34:14,1.31,0.00,0.10,0.00,0.00,0.00,0.00,0.00,0.00,98.59,0.00,483.20,368.40,0.00,0.00,0.00,5.60,13.20,0.00,399.80,0.00,0.00,0.00,0.00,0.40,0.00,0.40,0.00,11.20,11645116,0,4013884,25.63,40760,2799268,1854000,11.84,1303272,2484260,1148,947500,120748,2520,5364,31532,0,0,0.00,0,0.00,1,301,0.83,1.14,1.26,0,0.40,0.00,11.20,28.00,0.00,2.00,2.00,0.08,25.80,29.80,2.92,5.25,0.00,0.00,0.00,0.00
2018-01-06 23:34:19,2.11,0.00,0.50,0.00,0.10,0.00,0.10,0.00,0.00,97.18,0.00,667.80,602.00,0.00,0.00,0.00,4.80,9.80,0.00,590.20,0.00,0.00,0.00,0.00,0.40,0.00,0.40,0.00,9.60,11646612,0,4012388,25.62,40768,2794216,1854000,11.84,1306560,2479516,1216,951096,120728,2520,5364,31532,0,0,0.00,0,0.00,1,301,0.84,1.14,1.26,0,0.40,0.00,9.60,24.00,0.00,0.00,0.00,0.00,75.40,77.20,8.55,16.15,0.00,0.00,0.00,0.00
2018-01-06 23:34:24,15.48,0.00,0.50,0.00,0.10,0.00,0.10,0.00,0.00,83.82,3.20,957.80,866.20,0.00,0.00,0.00,27.20,405.40,0.00,768.40,0.00,0.00,0.00,0.00,1.40,0.00,1.40,0.00,54.40,11654264,0,4004736,25.57,40776,2789124,1854000,11.84,1304472,2474792,1208,949404,120728,2488,5368,31532,0,0,0.00,0,0.00,5,285,0.77,1.12,1.26,0,1.40,0.00,54.40,38.86,0.00,0.57,0.57,0.08,89.80,94.40,9.74,19.87,0.00,0.00,0.00,0.00
2018-01-06 23:34:29,94.30,0.00,3.80,0.00,0.00,0.00,0.20,0.00,0.00,1.70,15.40,1480.20,1059.80,0.00,0.00,0.00,84.80,12934.80,0.00,21416.80,0.00,0.00,0.00,0.00,1.60,0.00,1.60,0.00,169.60,11704364,0,3954636,25.25,40788,2783948,1808992,11.55,1260016,2470052,1256,905364,120600,2304,5148,31532,0,0,0.00,0,0.00,2,277,0.87,1.14,1.26,0,1.60,0.00,169.60,106.00,0.01,7.00,3.50,0.56,50.60,53.40,6.32,10.55,0.00,0.00,0.00,0.00
2018-01-06 23:34:34,94.38,0.00,4.21,0.00,0.00,0.00,1.10,0.00,0.00,0.30,12.80,3717.40,2500.00,0.00,0.00,3.20,84.00,6724.60,0.00,11309.40,0.00,0.00,0.00,0.00,7.60,0.80,6.80,6.40,168.00,11771196,0,3887804,24.83,40800,2779904,1800920,11.50,1197544,2465488,2124,842396,120484,2392,5008,31532,0,0,0.00,0,0.00,6,285,1.52,1.27,1.30,0,7.60,6.40,168.00,22.95,0.00,0.11,0.11,0.08,738.20,741.00,148.56,127.35,0.00,0.00,0.00,0.00
2018-01-06 23:34:39,90.08,0.00,2.81,0.30,0.10,0.00,0.20,0.00,0.00,6.51,8.80,2287.60,1885.80,0.00,0.00,2.40,46.40,4843.80,0.00,11848.80,0.00,0.00,0.00,0.00,2.20,0.60,1.60,4.80,92.80,11823732,0,3835268,24.49,40812,2775304,1552384,9.91,1150140,2460820,2688,794756,120444,2272,4676,31532,0,0,0.00,0,0.00,4,263,1.72,1.31,1.32,0,2.20,4.80,92.80,44.36,0.01,2.91,2.91,0.64,251.60,259.60,61.41,39.90,0.00,0.00,0.00,0.00
