timestamp,cpu.%usr,cpu.%nice,cpu.%sys,cpu.%iowait,cpu.%steal,cpu.%irq,cpu.%soft,cpu.%guest,cpu.%gnice,cpu.%idle,task.proc/s,task.cswch/s,intr.intr/s,swap.pswpin/s,swap.pswpout/s,paging.pgpgin/s,paging.pgpgout/s,paging.fault/s,paging.majflt/s,paging.pgfree/s,paging.pgscank/s,paging.pgscand/s,paging.pgsteal/s,paging.%vmeff,io.tps,io.rtps,io.wtps,io.bread/s,io.bwrtn/s,memory.kbmemfree,memory.kbavail,memory.kbmemused,memory.%memused,memory.kbbuffers,memory.kbcached,memory.kbcommit,memory.%commit,memory.kbactive,memory.kbinact,memory.kbdirty,memory.kbanonpg,memory.kbslab,memory.kbkstack,memory.kbpgtbl,memory.kbvmused,swap.kbswpfree,swap.kbswpused,swap.%swpused,swap.kbswpcad,swap.%swpcad,load.runq-sz,load.plist-sz,load.ldavg-1,load.ldavg-5,load.ldavg-15,load.blocked,disk.tps,disk.rd_sec/s,disk.wr_sec/s,disk.avgrq-sz,disk.avgqu-sz,disk.await,disk.svctm,disk.%util,network.rxpck/s,network.txpck/s,network.rxkB/s,network.txkB/s,network.rxcmp/s,network.txcmp/s,network.rxmcst/s,network.%ifutil
2018-01-06 03:19:09,0.18,0.00,0.08,0.00,0.00,0.00,0.00,0.00,0.00,99.75,2.00,500.40,386.60,0.00,0.00,0.00,16.00,862.80,0.00,29150.40,0.00,0.00,0.00,0.00,0.40,0.00,0.40,0.00,32.00,4718896,0,10682056,69.36,35784,9594284,1165664,7.57,1405568,8842136,3752,617204,315908,2712,3720,31276,0,0,0.00,0,0.00,0,300,0.20,3.23,5.75,0,0.40,0.00,32.00,80.00,0.00,2.00,2.00,0.08,7.80,8.80,0.84,1.28,0.00,0.00,0.00,0.00
2018-01-06 03:19:14,0.38,0.00,0.15,0.00,0.03,0.00,0.00,0.00,0.00,99.45,14.40,521.60,410.00,0.00,0.00,0.00,48.80,7753.40,0.00,2664.00,0.00,0.00,0.00,0.00,0.80,0.00,0.80,0.00,97.60,4718040,0,10682912,69.37,35796,9594344,1164360,7.56,1406392,8842128,3776,618596,315424,2440,4632,31276,0,0,0.00,0,0.00,0,302,0.18,3.18,5.72,0,0.80,0.00,97.60,122.00,0.00,0.00,0.00,0.00,7.80,8.80,1.62,1.61,0.00,0.00,0.00,0.00
2018-01-06 03:19:19,0.00,0.00,0.00,0.00,0.00,0.00,0.00,0.00,0.00,100.00,0.00,297.00,176.80,0.00,0.00,0.00,0.00,9.40,0.00,27.40,0.00,0.00,0.00,0.00,0.00,0.00,0.00,0.00,0.00,4718272,0,10682680,69.36,35796,9594376,1164360,7.56,1406172,8842144,3996,618168,315340,2528,4148,31276,0,0,0.00,0,0.00,0,302,0.17,3.13,5.69,0,0.00,0.00,0.00,0.00,0.00,0.00,0.00,0.00,2.60,3.80,0.22,0.82,0.00,0.00,0.00,0.00
2018-01-06 03:19:24,0.00,0.00,0.03,0.00,0.00,0.00,0.00,0.00,0.00,99.97,0.00,296.40,177.20,0.00,0.00,0.00,18.40,8.80,0.00,23.80,0.00,0.00,0.00,0.00,1.60,0.00,1.60,0.00,36.80,4718396,0,10682556,69.36,35804,9594400,1164360,7.56,1406184,8842164,3952,618168,315340,2528,4148,31276,0,0,0.00,0,0.00,0,302,0.15,3.07,5.66,0,1.60,0.00,36.80,23.00,0.00,0.00,0.00,0.00,2.20,3.60,0.20,0.81,0.00,0.00,0.00,0.00
2018-01-06 03:19:29,0.00,0.00,0.00,0.00,0.00,0.00,0.00,0.00,0.00,100.00,0.00,290.20,166.20,0.00,0.00,0.00,8.80,9.40,0.00,24.20,0.00,0.00,0.00,0.00,0.40,0.00,0.40,0.00,17.60,4718396,0,10682556,69.36,35812,9594424,1164360,7.56,1406196,8842184,4000,618168,315340,2528,4148,31276,0,0,0.00,0,0.00,0,302,0.14,3.02,5.63,0,0.40,0.00,17.60,44.00,0.00,0.00,0.00,0.00,1.80,3.00,0.16,0.69,0.00,0.00,0.00,0.00
2018-01-06 03:19:34,0.03,0.00,0.00,0.00,0.00,0.00,0.00,0.00,0.00,99.97,0.00,296.60,180.00,0.00,0.00,0.00,716.80,7.80,0.00,25.40,0.00,0.00,0.00,0.00,7.00,0.00,7.00,0.00,1433.60,4718272,0,10682680,69.36,35820,9594448,1164360,7.56,1406208,8842204,432,618172,315340,2528,4148,31276,0,0,0.00,0,0.00,0,302,0.13,2.97,5.60,0,7.00,0.00,1433.60,204.80,0.03,4.46,0.23,0.16,2.60,3.80,0.24,0.82,0.00,0.00,0.00,0.00
2018-01-06 03:19:39,0.03,0.00,0.03,0.03,0.00,0.00,0.00,0.00,0.00,99.92,0.00,292.20,183.60,0.00,0.00,0.00,104.00,9.40,0.00,142.40,0.00,0.00,0.00,0.00,9.60,0.00,9.60,0.00,208.00,4710360,0,10690592,69.42,35828,9594472,1164360,7.56,1412240,8842224,32,626172,315244,2528,4148,31276,0,0,0.00,0,0.00,0,302,0.12,2.92,5.56,0,9.60,0.00,208.00,21.67,0.00,0.17,0.08,0.08,2.40,3.80,0.21,0.82,0.00,0.00,0.00,0.00
2018-01-06 03:19:44,0.00,0.00,0.00,0.00,0.03,0.00,0.00,0.00,0.00,99.97,0.00,285.40,165.60,0.00,0.00,0.00,4.00,8.00,0.00,23.20,0.00,0.00,0.00,0.00,0.40,0.00,0.40,0.00,8.00,4710236,0,10690716,69.42,35836,9594496,1164360,7.56,1412180,8842244,76,626164,315244,2528,4148,31276,0,0,0.00,0,0.00,0,302,0.11,2.87,5.54,0,0.40,0.00,8.00,20.00,0.00,12.00,12.00,0.48,2.00,3.20,0.18,0.70,0.00,0.00,0.00,0.00
2018-01-06 03:19:49,0.05,0.00,0.00,0.03,0.00,0.00,0.00,0.00,0.00,99.92,0.00,292.60,179.60,0.00,0.00,0.00,3.20,9.60,0.00,27.60,0.00,0.00,0.00,0.00,0.40,0.00,0.40,0.00,6.40,4693852,0,10707100,69.52,35844,9594520,1164360,7.56,1420316,8842264,104,642480,315244,2528,4148,31276,0,0,0.00,0,0.00,0,302,0.10,2.83,5.51,0,0.40,0.00,6.40,16.00,0.00,0.00,0.00,0.00,2.20,3.60,0.20,0.81,0.00,0.00,0.00,0.00
2018-01-06 03:19:54,0.03,0.00,0.00,0.00,0.00,0.00,0.00,0.00,0.00,99.97,0.00,292.80,174.20,0.00,0.00,0.00,8.80,8.80,0.00,23.20,0.00,0.00,0.00,0.00,1.00,0.00,1.00,0.00,17.60,4693852,0,10707100,69.52,35852,9594544,1164360,7.56,1420328,8842284,116,642480,315244,2528,4148,31276,0,0,0.00,0,0.00,0,302,0.09,2.78,5.48,0,1.00,0.00,17.60,17.60,0.00,0.80,0.80,0.08,2.00,3.40,0.18,0.79,0.00,0.00,0.00,0.00
2018-01-06 03:19:59,0.03,0.00,0.00,0.00,0.00,0.00,0.00,0.00,0.00,99.97,0.00,294.80,176.20,0.00,0.00,0.00,4.00,9.40,0.00,628.00,0.00,0.00,0.00,0.00,0.40,0.00,0.40,0.00,8.00,4693220,0,10707732,69.53,35860,9594568,1164360,7.56,1426728,8842304,148,642724,315244,2528,4148,31276,0,0,0.00,0,0.00,0,302,0.09,2.73,5.45,0,0.40,0.00,8.00,20.00,0.00,2.00,2.00,0.08,2.20,3.40,0.19,0.71,0.00,0.00,0.00,0.00
2018-01-06 03:20:04,0.03,0.00,0.00,0.00,0.00,0.00,0.00,0.00,0.00,99.97,0.00,295.40,172.40,0.00,0.00,0.00,2.40,8.20,0.00,25.40,0.00,0.00,0.00,0.00,0.40,0.00,0.40,0.00,4.80,4693104,0,10707848,69.53,35868,9594592,1164360,7.56,1428788,8842324,180,642724,315236,2528,4148,31276,0,0,0.00,0,0.00,0,302,0.08,2.69,5.42,0,0.40,0.00,4.80,12.00,0.00,2.00,2.00,0.08,2.20,3.60,0.20,0.81,0.00,0.00,0.00,0.00
2018-01-06 03:20:09,0.03,0.00,0.03,0.00,0.00,0.00,0.00,0.00,0.00,99.95,0.00,296.00,186.00,0.00,0.00,0.00,4.80,9.60,0.00,685.80,0.00,0.00,0.00,0.00,0.80,0.00,0.80,0.00,9.60,4690004,0,10710948,69.55,35876,9594616,1164360,7.56,1432080,8842356,196,645992,315236,2512,4148,31276,0,0,0.00,0,0.00,0,299,0.07,2.64,5.39,0,0.80,0.00,9.60,12.00,0.00,1.00,1.00,0.08,2.40,3.80,0.21,0.82,0.00,0.00,0.00,0.00
2018-01-06 03:20:14,0.00,0.00,0.00,0.03,0.00,0.00,0.00,0.00,0.00,99.97,0.00,285.40,169.40,0.00,0.00,0.00,38.40,7.60,0.00,23.00,0.00,0.00,0.00,0.00,1.40,0.00,1.40,0.00,76.80,4690044,0,10710908,69.55,35884,9594640,1164360,7.56,1432084,8842356,32,645992,315200,2504,4148,31276,0,0,0.00,0,0.00,0,299,0.07,2.60,5.36,0,1.40,0.00,76.80,54.86,0.00,0.57,0.57,0.08,2.00,3.20,0.17,0.70,0.00,0.00,0.00,0.00
2018-01-06 03:20:19,0.00,0.00,0.03,0.00,0.00,0.00,0.00,0.00,0.00,99.97,0.00,298.20,185.60,0.00,0.00,0.00,4.00,9.40,0.00,729.60,0.00,0.00,0.00,0.00,0.40,0.00,0.40,0.00,8.00,4687548,0,10713404,69.56,35892,9594664,1164360,7.56,1434412,8842384,68,648308,315200,2504,4148,31276,0,0,0.00,0,0.00,0,299,0.06,2.56,5.33,0,0.40,0.00,8.00,20.00,0.00,2.00,2.00,0.08,2.00,3.40,0.18,0.79,0.00,0.00,0.00,0.00
2018-01-06 03:20:24,0.00,0.00,0.03,0.00,0.03,0.00,0.00,0.00,0.00,99.95,2.20,325.80,214.60,0.00,0.00,0.00,10.40,702.20,0.00,238.20,0.00,0.00,0.00,0.00,0.80,0.00,0.80,0.00,20.80,4687364,0,10713588,69.56,35900,9594692,1164360,7.56,1436488,8842412,132,648308,315124,2504,4148,31276,0,0,0.00,0,0.00,0,299,0.06,2.51,5.30,0,0.80,0.00,20.80,26.00,0.00,1.00,1.00,0.08,2.60,4.00,0.28,0.89,0.00,0.00,0.00,0.00
2018-01-06 03:20:29,0.00,0.00,0.03,0.00,0.00,0.00,0.00,0.00,0.00,99.97,0.00,287.40,171.00,0.00,0.00,0.00,5.60,9.40,0.00,332.20,0.00,0.00,0.00,0.00,0.40,0.00,0.40,0.00,11.20,4687512,0,10713440,69.56,35908,9594716,1164360,7.56,1434440,8842420,136,648308,315152,2504,4148,31276,0,0,0.00,0,0.00,0,299,0.05,2.47,5.27,0,0.40,0.00,11.20,28.00,0.00,2.00,2.00,0.08,2.00,3.20,0.17,0.70,0.00,0.00,0.00,0.00
2018-01-06 03:20:34,0.00,0.00,0.00,0.00,0.00,0.00,0.00,0.00,0.00,100.00,0.60,313.20,197.80,0.00,0.00,0.00,2.40,71.00,0.00,50.60,0.00,0.00,0.00,0.00,0.40,0.00,0.40,0.00,4.80,4687360,0,10713592,69.56,35916,9594740,1164360,7.56,1434516,8842432,164,648376,315296,2512,4148,31276,0,0,0.00,0,0.00,0,300,0.05,2.43,5.24,0,0.40,0.00,4.80,12.00,0.00,2.00,2.00,0.08,2.00,3.40,0.18,0.79,0.00,0.00,0.00,0.00
2018-01-06 03:20:39,7.82,0.00,1.56,0.03,0.05,0.00,0.13,0.00,0.00,90.41,24.00,2907.20,3654.60,0.00,0.00,0.00,7.20,12009.60,0.00,29896.40,0.00,0.00,0.00,0.00,0.40,0.00,0.40,0.00,14.40,4268512,0,11132440,72.28,35988,9791456,2213320,14.37,1755532,8939196,196928,867480,320612,2840,5332,31276,0,0,0.00,0,0.00,7,375,0.04,2.39,5.22,0,0.40,0.00,14.40,36.00,0.00,2.00,2.00,0.08,4546.20,1571.20,39851.74,102.62,0.00,0.00,0.00,3.26
2018-01-06 03:20:44,60.52,0.00,2.32,0.68,0.03,0.00,0.00,0.00,0.00,36.46,67.00,2986.00,4060.00,0.00,0.00,39.20,67.20,41314.80,0.00,26690.40,0.00,0.00,0.00,0.00,3.40,2.40,1.00,78.40,134.40,2980580,0,12420372,80.65,36080,9791976,5029476,32.66,3034988,8935676,197716,2142772,323468,4600,10172,31276,0,0,0.00,0,0.00,2,592,0.28,2.40,5.20,0,3.40,78.40,134.40,62.59,0.06,17.18,13.88,4.72,57.60,62.00,10.16,19.67,0.00,0.00,0.00,0.00
2018-01-06 03:20:49,19.42,0.00,0.83,0.03,0.05,0.00,0.00,0.00,0.00,79.67,17.80,1625.20,1881.20,0.00,0.00,0.00,176.00,13706.80,0.00,11268.60,0.00,0.00,0.00,0.00,9.20,0.00,9.20,0.00,352.00,2547368,0,12853584,83.46,36096,9792232,5318396,34.53,3465408,8935820,197464,2572948,324928,5064,11732,31276,0,0,0.00,0,0.00,1,605,0.58,2.43,5.20,0,9.20,0.00,352.00,38.26,0.01,0.78,0.09,0.08,17.80,21.00,2.47,7.11,0.00,0.00,0.00,0.00
2018-01-06 03:20:54,12.32,0.00,0.58,0.00,0.03,0.00,0.00,0.00,0.00,87.07,3.20,1173.60,978.20,0.00,0.00,14.40,21.60,12431.00,0.00,10524.60,0.00,0.00,0.00,0.00,2.80,1.20,1.60,28.80,43.20,2275032,0,13125920,85.23,36140,9807000,5476164,35.56,3725060,8944172,212220,2827152,325120,5064,12152,31276,0,0,0.00,0,0.00,0,620,0.53,2.39,5.17,0,2.80,28.80,43.20,25.71,0.00,0.00,0.00,0.00,357.20,192.80,2983.20,18.13,0.00,0.00,0.00,0.24
2018-01-06 03:20:59,0.48,0.00,0.15,0.00,0.00,0.00,0.00,0.00,0.00,99.37,0.00,1208.60,899.40,0.00,0.00,0.00,21.60,27.20,0.00,5208.20,0.00,0.00,0.00,0.00,0.40,0.00,0.40,0.00,43.20,2282828,0,13118124,85.18,36148,9830652,5454500,35.42,3703264,8958752,235908,2796304,325000,5072,12272,31276,0,0,0.00,0,0.00,1,620,0.49,2.35,5.14,0,0.40,0.00,43.20,108.00,0.00,2.00,2.00,0.08,558.20,207.00,4756.06,17.05,0.00,0.00,0.00,0.39
2018-01-06 03:21:04,0.33,0.00,0.15,0.00,0.03,0.00,0.03,0.00,0.00,99.47,0.00,1098.00,817.80,0.00,0.00,0.00,4.80,21.20,0.00,2499.80,0.00,0.00,0.00,0.00,0.40,0.00,0.40,0.00,9.60,2259564,0,13141388,85.33,36156,9849032,5454500,35.42,3711708,8971220,254300,2800348,324980,5072,12256,31276,0,0,0.00,0,0.00,1,620,0.45,2.31,5.11,0,0.40,0.00,9.60,24.00,0.00,0.00,0.00,0.00,439.40,166.20,3714.78,12.72,0.00,0.00,0.00,0.30
2018-01-06 03:21:09,0.58,0.00,0.13,0.00,0.00,0.00,0.00,0.00,0.00,99.30,0.00,1122.00,846.40,0.00,0.00,0.00,15.20,30.80,0.00,2662.20,0.00,0.00,0.00,0.00,0.60,0.00,0.60,0.00,30.40,2236396,0,13164556,85.48,36164,9868708,5454500,35.42,3722568,8983872,273928,2804680,324932,5072,12272,31276,0,0,0.00,0,0.00,1,620,0.41,2.27,5.09,0,0.60,0.00,30.40,50.67,0.00,8.00,8.00,0.48,464.00,183.00,3921.16,13.51,0.00,0.00,0.00,0.32
2018-01-06 03:21:14,0.40,0.00,0.20,1.05,0.03,0.00,0.00,0.00,0.00,98.32,0.00,1110.40,1110.00,0.00,0.00,0.00,39451.20,21.80,0.00,2811.80,0.00,0.00,0.00,0.00,324.40,0.00,324.40,0.00,78902.40,2226072,0,13174880,85.55,36172,9885620,5454500,35.42,3723392,8995364,93672,2797320,325220,5072,12256,31276,0,0,0.00,0,0.00,1,620,0.38,2.23,5.06,0,324.40,0.00,78902.40,243.23,15.82,48.74,0.38,12.40,416.40,168.00,3508.48,12.76,0.00,0.00,0.00,0.29
2018-01-06 03:21:19,0.48,0.00,0.10,0.03,0.03,0.00,0.00,0.00,0.00,99.37,0.00,1092.40,816.00,0.00,0.00,0.00,72.00,20.40,0.00,3160.00,0.00,0.00,0.00,0.00,7.40,0.00,7.40,0.00,144.00,2204796,0,13196156,85.68,36180,9907216,5454500,35.42,3729316,9009988,115264,2796372,325124,5072,12260,31276,0,0,0.00,0,0.00,0,620,0.35,2.20,5.03,0,7.40,0.00,144.00,19.46,0.01,1.73,0.22,0.16,516.80,195.80,4334.16,14.45,0.00,0.00,0.00,0.36
2018-01-06 03:21:24,0.96,0.00,0.30,0.70,0.05,0.00,0.00,0.00,0.00,97.99,0.00,1625.00,1510.80,0.00,0.00,0.00,31831.20,14.60,0.00,7010.40,0.00,0.00,0.00,0.00,253.60,0.00,253.60,0.00,63662.40,2156260,0,13244692,86.00,36188,9956892,5454500,35.42,3742184,9046684,5872,2796416,324856,5072,12260,31276,0,0,0.00,0,0.00,1,620,0.32,2.16,5.01,0,253.60,0.00,63662.40,251.03,10.22,40.32,0.30,7.60,1220.40,218.60,9960.31,15.52,0.00,0.00,0.00,0.82
2018-01-06 03:21:29,32.75,0.00,2.93,0.03,0.21,0.00,0.33,0.00,0.00,63.76,3.60,7858.80,10408.40,0.00,0.00,33.60,3650.40,5019.60,0.00,57729.00,0.00,0.00,0.00,0.00,32.80,3.40,29.40,67.20,7300.80,1034672,0,14366280,93.28,36824,10312608,6032320,39.17,4703732,9192384,343564,3549016,335192,5184,13760,31276,0,0,0.00,0,0.00,5,634,0.30,2.12,4.98,0,32.80,67.20,7300.80,224.63,0.34,10.24,0.37,1.20,3761.20,2077.40,32672.06,163.21,0.00,0.00,0.00,2.68
2018-01-06 03:21:34,33.73,0.00,1.89,0.34,0.23,0.00,0.28,0.00,0.00,63.53,0.40,9603.00,11131.40,0.00,0.00,0.00,139.20,1622.00,0.00,42775.60,0.00,0.00,0.00,0.00,1.40,0.00,1.40,0.00,278.40,739424,0,14661528,95.20,36836,10484192,6022236,39.10,4904968,9281124,518812,3667212,340656,5176,13988,31276,0,0,0.00,0,0.00,4,633,0.43,2.12,4.96,0,1.40,0.00,278.40,198.86,0.03,21.71,4.00,0.56,3416.60,1878.40,29905.40,143.70,0.00,0.00,0.00,2.45
2018-01-06 03:21:39,30.84,0.00,1.55,0.00,0.26,0.00,0.31,0.00,0.00,67.04,0.00,9928.60,11201.20,0.00,0.00,0.00,76.00,2269.40,0.00,35979.40,0.00,0.00,0.00,0.00,0.80,0.00,0.80,0.00,152.00,485120,0,14915832,96.85,36848,10664960,6051500,39.29,5058940,9376388,704724,3735812,346116,5160,14104,31276,0,0,0.00,0,0.00,1,631,0.64,2.14,4.95,0,0.80,0.00,152.00,190.00,0.00,2.00,1.00,0.08,3945.60,2102.60,34473.76,158.71,0.00,0.00,0.00,2.82
2018-01-06 03:21:44,64.91,0.00,5.50,2.57,0.18,0.00,0.36,0.00,0.00,26.49,8.60,9882.80,11741.40,0.00,0.00,3094.40,105999.20,27177.40,0.60,94193.80,41394.20,19276.80,60584.40,99.86,868.60,38.20,830.40,6188.80,211998.40,150240,0,15250712,99.02,21672,10099884,7158660,46.48,6263840,8505040,795904,4647228,354456,5304,15892,31276,0,0,0.00,0,0.00,20,649,0.75,2.13,4.94,0,868.60,6188.80,211998.40,251.19,74.20,85.42,0.66,56.96,2015.60,1038.80,17401.65,88.77,0.00,0.00,0.00,1.43
2018-01-06 03:21:49,94.90,0.00,4.48,0.03,0.00,0.00,0.30,0.00,0.00,0.30,5.60,7868.80,8291.60,0.00,0.00,13316.80,301.60,41072.00,0.00,95162.00,30225.80,27296.00,57521.80,100.00,203.00,198.80,4.20,26633.60,603.20,152408,0,15248544,99.01,22804,9030516,7471304,48.51,7330496,7431572,817072,5708964,356424,5432,18060,31276,0,0,0.00,0,0.00,18,665,2.37,2.45,5.02,0,203.00,26633.60,603.20,134.17,0.86,4.22,0.26,5.36,29.20,37.00,16.13,23.23,0.00,0.00,0.00,0.00
2018-01-06 03:21:54,96.22,0.00,3.30,0.05,0.00,0.00,0.25,0.00,0.00,0.18,1.60,10779.40,6796.20,0.00,0.00,51491.20,532.80,12552.40,0.00,46353.00,13872.80,13529.60,27402.40,100.00,822.60,816.20,6.40,102982.40,1065.60,144620,0,15256332,99.06,22924,8744004,7776728,50.50,7625808,7143108,826844,6002572,356912,5448,18712,31276,0,0,0.00,0,0.00,10,667,3.38,2.66,5.08,0,822.60,102982.40,1065.60,126.49,3.64,4.42,0.22,18.24,14.60,18.20,8.93,13.08,0.00,0.00,0.00,0.00
2018-01-06 03:21:59,95.22,0.00,2.88,0.50,0.00,0.00,0.45,0.00,0.00,0.95,2.80,9847.00,6534.00,0.00,0.00,86345.60,38569.60,2843.60,0.00,42031.00,25053.00,5107.20,29811.60,98.84,1633.40,1349.80,283.60,171296.00,69673.60,181024,0,15219928,98.82,22928,8580356,7776728,50.50,7753916,6976396,640708,6127532,357448,5448,18944,31276,0,0,0.00,0,0.00,16,667,3.75,2.74,5.09,3,1633.60,171318.40,69673.60,147.52,29.35,15.76,0.25,40.40,13.60,18.20,10.36,15.42,0.00,0.00,0.00,0.00
2018-01-06 03:22:04,96.09,0.00,2.43,0.53,0.00,0.00,0.25,0.00,0.00,0.70,2.40,9100.00,5891.40,0.00,0.00,93109.60,1256.00,2434.00,0.00,34284.00,22642.80,1939.20,24588.40,100.03,1571.80,1532.20,39.60,187614.40,9977.60,161276,0,15239676,98.95,22920,8552216,7776728,50.50,7802880,6947024,641608,6174732,357116,5448,19056,31276,0,0,0.00,0,0.00,15,667,4.25,2.86,5.12,0,1571.60,187592.00,9977.60,125.71,28.11,20.19,0.27,41.92,12.80,17.20,8.46,11.44,0.00,0.00,0.00,0.00
2018-01-06 03:22:09,97.28,0.00,2.27,0.03,0.00,0.00,0.33,0.00,0.00,0.10,3.20,6759.20,5159.40,0.00,0.00,102920.00,5570.40,1552.80,0.00,38395.00,23589.00,4915.20,28504.20,100.00,1766.40,1722.20,44.20,205840.00,11140.80,142804,0,15258148,99.07,22936,8498408,7834248,50.87,7881176,6889740,623036,6249628,356904,5448,19184,31276,0,0,0.00,0,0.00,14,667,5.11,3.07,5.17,0,1766.40,205840.00,11140.80,122.84,9.15,5.18,0.18,31.36,14.00,19.40,12.21,17.09,0.00,0.00,0.00,0.00
2018-01-06 03:22:14,97.97,0.00,1.68,0.05,0.00,0.00,0.25,0.00,0.00,0.05,2.60,6710.20,4715.40,0.00,0.00,107596.00,7740.80,1627.20,0.00,37828.40,28830.00,2048.00,30878.00,100.00,1804.60,1742.80,61.80,215192.00,15481.60,161396,0,15239556,98.95,22936,8419284,7896428,51.27,7941600,6807748,591276,6307312,356776,5448,19308,31276,0,0,0.00,0,0.00,14,667,5.90,3.26,5.22,0,1804.60,215192.00,15481.60,127.83,9.82,5.44,0.18,31.76,11.00,15.40,10.12,12.35,0.00,0.00,0.00,0.00
2018-01-06 03:22:19,71.64,0.00,1.67,16.43,0.10,0.00,0.15,0.00,0.00,10.02,1.80,6648.00,5624.60,0.00,0.00,73743.20,91644.80,1134.00,0.00,27773.00,19213.40,2457.60,21671.00,100.00,1846.20,1156.60,689.60,143803.20,176131.20,172052,0,15228900,98.88,22952,8353448,7888712,51.22,7997124,6739544,139464,6360676,356736,5448,19412,31276,0,0,0.00,0,0.00,5,667,7.27,3.59,5.32,12,1846.60,143849.60,176131.20,173.28,255.30,134.69,0.52,96.80,9.80,13.60,8.20,12.74,0.00,0.00,0.00,0.00
2018-01-06 03:22:24,77.46,0.00,2.11,10.23,0.05,0.00,0.28,0.00,0.00,9.87,2.60,8263.20,5659.40,0.00,0.00,94266.40,22399.20,3015.80,0.00,27450.80,25806.20,0.00,25806.20,100.00,1780.80,1576.40,204.40,192216.00,51956.80,168584,0,15232368,98.91,22960,8308592,7935004,51.52,8047764,6693220,34120,6408916,356740,5440,19512,31276,0,0,0.00,0,0.00,18,667,7.97,3.80,5.38,0,1780.40,192169.60,51956.80,137.12,152.89,89.58,0.46,81.44,15.00,20.00,10.50,12.84,0.00,0.00,0.00,0.00
2018-01-06 03:22:29,96.85,0.00,2.48,0.08,0.00,0.00,0.43,0.00,0.00,0.18,2.80,10195.40,5930.40,0.00,0.00,88157.60,707.20,898.40,0.00,26093.40,21958.80,204.80,22163.60,100.00,1470.80,1463.60,7.20,176315.20,1414.40,151136,0,15249816,99.02,22972,8306416,7916668,51.40,8074152,6688040,36724,6432724,356440,5432,19588,31276,0,0,0.00,0,0.00,16,665,8.21,3.92,5.41,0,1470.80,176315.20,1414.40,120.84,8.15,5.54,0.24,34.96,12.40,16.60,8.43,12.91,0.00,0.00,0.00,0.00
2018-01-06 03:22:34,96.62,0.00,2.90,0.03,0.03,0.00,0.23,0.00,0.00,0.20,2.40,10308.80,5599.40,0.00,0.00,93561.60,1260.80,1316.60,0.00,31500.40,24459.40,614.40,25073.80,100.00,1571.40,1559.80,11.60,187123.20,2521.60,166404,0,15234548,98.92,22980,8273864,7908676,51.35,8095708,6651808,37844,6452004,355652,5432,19620,31276,0,0,0.00,0,0.00,8,665,8.20,3.99,5.42,0,1571.40,187123.20,2521.60,120.69,8.01,5.10,0.21,33.68,10.20,14.60,10.04,12.35,0.00,0.00,0.00,0.00
2018-01-06 03:22:39,96.25,0.00,2.90,0.00,0.00,0.00,0.50,0.00,0.00,0.35,2.80,9723.40,5679.60,0.00,0.00,93918.40,1938.40,769.80,0.00,25669.80,22498.60,0.00,22498.60,100.00,1633.60,1609.60,24.00,187836.80,3876.80,157660,0,15243292,98.98,22984,8294460,7894808,51.26,8084740,6670432,37252,6438144,355092,5432,19600,31276,0,0,0.00,0,0.00,8,664,8.18,4.05,5.44,0,1633.60,187836.80,3876.80,117.36,9.00,5.51,0.22,36.24,12.60,17.60,12.09,16.01,0.00,0.00,0.00,0.00
2018-01-06 03:22:44,97.75,0.00,1.80,0.12,0.00,0.00,0.20,0.00,0.00,0.12,2.00,6741.40,6883.40,0.00,0.00,102734.40,1253.60,623.20,0.00,29025.60,27984.40,0.00,27715.60,99.04,1744.40,1733.40,11.00,205233.60,2507.20,172428,0,15228524,98.88,22656,8252080,7894808,51.26,8116692,6622996,37828,6464504,355152,5384,19652,31276,0,0,0.00,0,0.00,17,659,8.89,4.27,5.50,0,1745.20,205328.00,2507.20,119.09,9.16,5.25,0.19,33.04,8.60,12.20,8.08,10.60,0.00,0.00,0.00,0.00
2018-01-06 03:22:49,97.70,0.00,1.93,0.03,0.00,0.00,0.25,0.00,0.00,0.10,3.60,6316.00,5807.60,0.00,0.00,107647.20,1580.00,1148.20,0.00,28789.60,27334.00,0.00,26334.60,96.34,1838.60,1824.80,13.80,215529.60,3160.00,163728,0,15237224,98.94,22592,8265580,7915284,51.39,8141256,6612920,40360,6465672,348528,5384,19652,31276,0,0,0.00,0,0.00,14,659,9.62,4.50,5.56,0,1837.80,215435.20,3160.00,118.94,8.26,4.50,0.19,34.88,14.00,19.60,14.03,17.65,0.00,0.00,0.00,0.00
2018-01-06 03:22:54,97.70,0.00,1.78,0.13,0.00,0.00,0.28,0.00,0.00,0.13,1.80,6287.20,6933.20,0.00,0.00,104979.20,1311.20,631.00,0.00,27723.80,27327.00,0.00,26370.40,96.50,1800.20,1787.20,13.00,209958.40,2622.40,167460,0,15233492,98.91,22428,8261536,7915284,51.39,8162688,6588916,39596,6467812,346984,5384,19656,31276,0,0,0.00,0,0.00,15,659,10.05,4.67,5.62,0,1800.20,209958.40,2622.40,118.09,19.97,11.09,0.22,38.88,9.60,14.00,8.15,10.80,0.00,0.00,0.00,0.00
2018-01-06 03:22:59,97.80,0.00,1.65,0.15,0.00,0.00,0.35,0.00,0.00,0.05,3.00,6385.80,4547.60,0.00,0.00,108986.40,1313.60,905.60,0.00,28724.80,26716.60,0.00,26475.40,99.10,1807.40,1795.80,11.60,217590.40,2627.20,157332,0,15243620,98.98,22384,8277540,7942492,51.57,8163932,6599252,42476,6463292,346304,5384,19652,31276,0,0,0.00,0,0.00,12,659,10.44,4.84,5.67,0,1808.00,217686.40,2627.20,121.85,10.15,5.61,0.19,34.16,12.60,17.40,12.08,15.91,0.00,0.00,0.00,0.00
2018-01-06 03:23:04,90.07,0.00,1.61,0.08,0.03,0.00,0.28,0.00,0.00,7.95,1.00,8004.80,4982.80,0.00,0.00,98762.40,1818.40,522.00,0.00,25714.80,24456.00,0.00,24425.40,99.87,1634.00,1617.60,16.40,197907.20,3636.80,153200,0,15247752,99.01,22384,8282672,7950604,51.62,8165056,6602020,40896,6462040,345672,5352,19652,31276,0,0,0.00,0,0.00,4,655,10.97,5.04,5.73,0,1633.40,197811.20,3636.80,123.33,6.84,4.20,0.19,31.52,7.40,11.00,4.30,10.60,0.00,0.00,0.00,0.00
2018-01-06 03:23:09,16.83,0.00,0.33,0.25,0.05,0.00,0.08,0.00,0.00,82.47,0.00,2576.40,2575.40,0.00,0.00,17176.80,1461.60,326.60,0.00,5840.00,4832.80,0.00,4832.00,99.98,311.40,298.00,13.40,34353.60,2923.20,168964,0,15231988,98.90,22396,8272188,7958732,51.68,8162164,6589212,40276,6456816,344436,5272,19644,31276,0,0,0.00,0,0.00,1,645,10.33,5.01,5.71,0,311.40,34353.60,2923.20,119.71,1.50,4.81,0.27,8.40,6.80,10.00,0.59,8.08,0.00,0.00,0.00,0.00
2018-01-06 03:23:14,0.15,0.00,0.10,0.03,0.03,0.00,0.00,0.00,0.00,99.70,0.00,698.40,437.80,0.00,0.00,1172.00,1623.20,8.40,0.00,304.00,0.00,0.00,0.00,0.00,34.20,15.20,19.00,2344.00,3246.40,168784,0,15232168,98.90,22396,8273208,7958732,51.68,8161912,6590364,32172,6456744,344340,5256,19644,31276,0,0,0.00,0,0.00,0,643,9.50,4.93,5.68,0,34.20,2344.00,3246.40,163.46,0.17,4.87,0.23,0.80,4.40,6.00,0.39,2.03,0.00,0.00,0.00,0.00
2018-01-06 03:23:19,13.40,0.00,0.25,0.00,0.03,0.00,0.13,0.00,0.00,86.19,1.60,1894.60,2486.80,0.00,0.00,781.60,1099.20,191.60,0.00,8560.60,0.00,0.00,0.00,0.00,20.60,10.00,10.60,1563.20,2198.40,174232,0,15226720,98.87,22404,8271780,7950776,51.63,8156384,6589280,26860,6451488,344152,5320,19636,31276,0,0,0.00,0,0.00,2,651,8.74,4.84,5.65,0,20.60,1563.20,2198.40,182.60,0.32,15.42,1.51,3.12,1959.40,671.40,16922.11,53.68,0.00,0.00,0.00,1.39
2018-01-06 03:23:24,31.85,0.00,0.53,0.20,0.10,0.00,0.30,0.00,0.00,67.01,0.00,5493.80,7210.20,0.00,0.00,1170.40,1717.60,295.20,0.00,21081.00,0.00,0.00,0.00,0.00,28.20,15.00,13.20,2340.80,2633.60,169288,0,15231664,98.90,22420,8273428,7968996,51.74,8158492,6590256,23364,6453032,344164,5320,19636,31276,0,0,0.00,0,0.00,7,651,8.04,4.76,5.62,3,28.20,2340.80,2633.60,176.40,0.24,8.62,0.82,2.32,5172.20,1657.40,45201.76,118.60,0.00,0.00,0.00,3.70
2018-01-06 03:23:29,35.27,0.00,0.59,0.31,0.13,0.00,0.71,0.00,0.00,63.00,0.00,7897.20,9720.00,0.00,0.00,780.00,1082.40,215.20,0.00,24689.00,0.00,0.00,0.00,0.00,23.40,10.00,13.40,1560.00,2966.40,172964,0,15227988,98.88,22424,8273408,7953188,51.64,8152532,6590068,20400,6446716,344356,5272,19628,31276,0,0,0.00,0,0.00,19,645,7.64,4.73,5.61,0,23.40,1560.00,2966.40,193.44,0.26,11.32,1.54,3.60,5908.00,2150.40,51653.44,146.35,0.00,0.00,0.00,4.23
2018-01-06 03:23:34,34.03,0.00,0.58,0.03,0.08,0.00,0.23,0.00,0.00,65.06,0.20,4220.20,5881.00,0.00,0.00,1172.80,1324.80,334.40,0.00,25639.20,0.00,0.00,0.00,0.00,26.60,14.80,11.80,2345.60,2649.60,170240,0,15230712,98.89,22432,8276716,7953188,51.64,8155860,6591968,17812,6448904,344136,5280,19632,31276,0,0,0.00,0,0.00,1,646,7.35,4.72,5.60,0,26.60,2345.60,2649.60,187.79,0.16,6.17,0.57,1.52,6177.20,1540.80,53196.37,110.02,0.00,0.00,0.00,4.36
2018-01-06 03:23:39,26.49,0.00,0.30,0.05,0.10,0.00,0.30,0.00,0.00,72.75,0.00,5167.40,6504.40,0.00,0.00,389.60,1801.60,54.60,0.00,20246.60,0.00,0.00,0.00,0.00,21.20,5.00,16.20,779.20,3603.20,176844,0,15224108,98.85,22440,8273596,7960876,51.69,8151532,6589236,9984,6444820,344056,5280,19628,31276,0,0,0.00,0,0.00,3,646,7.56,4.81,5.62,0,21.20,779.20,3603.20,206.72,0.20,9.58,0.72,1.52,4943.80,1314.40,41816.72,91.79,0.00,0.00,0.00,3.43
2018-01-06 03:23:44,19.03,0.00,0.45,0.03,0.05,0.00,0.18,0.00,0.00,80.27,0.00,2874.60,4225.20,0.00,0.00,1538.40,592.80,408.40,0.00,16482.20,0.00,0.00,0.00,0.00,31.40,25.60,5.80,3076.80,1185.60,175568,0,15225384,98.86,22448,8282392,7960876,51.69,8149944,6595028,13576,6440280,343872,5256,19624,31276,0,0,0.00,0,0.00,0,643,7.19,4.78,5.61,0,31.40,3076.80,1185.60,135.75,0.11,3.59,0.18,0.56,3859.00,818.80,32171.40,60.45,0.00,0.00,0.00,2.64
2018-01-06 03:23:49,1.25,0.00,0.13,0.35,0.00,0.00,0.00,0.00,0.00,98.27,0.00,820.40,638.80,0.00,0.00,768.80,851.20,11.60,0.00,1210.20,0.00,0.00,0.00,0.00,25.00,12.80,12.20,1537.60,1702.40,177444,0,15223508,98.85,22460,8281396,7960876,51.69,8149156,6594264,11076,6439696,343820,5256,19624,31276,0,0,0.00,0,0.00,0,643,6.62,4.70,5.58,0,25.00,1537.60,1702.40,129.60,0.24,9.79,1.09,2.72,226.00,59.00,1886.10,7.49,0.00,0.00,0.00,0.15
2018-01-06 03:23:54,1.05,0.00,0.05,0.00,0.03,0.00,0.00,0.00,0.00,98.87,0.00,830.60,613.80,0.00,0.00,1153.60,136.80,14.40,0.00,1384.80,0.00,0.00,0.00,0.00,23.80,19.20,4.60,2307.20,273.60,183664,0,15217288,98.81,22468,8281804,7952172,51.63,8142460,6595096,10600,6433300,343760,5256,19620,31276,0,0,0.00,0,0.00,1,643,6.09,4.62,5.55,0,23.80,2307.20,273.60,108.44,0.09,3.90,0.47,1.12,195.80,55.20,1579.61,5.97,0.00,0.00,0.00,0.13
2018-01-06 03:23:59,5.69,0.00,0.13,0.00,0.00,0.00,0.03,0.00,0.00,94.16,0.00,1026.60,1168.40,0.00,0.00,768.00,108.00,18.40,0.00,4861.00,0.00,0.00,0.00,0.00,15.20,13.20,2.00,1536.00,216.00,188760,0,15212192,98.77,22476,8280556,7941924,51.57,8137712,6594204,10248,6428920,343640,5256,19604,31276,0,0,0.00,0,0.00,1,643,5.60,4.55,5.52,0,15.20,1536.00,216.00,115.26,0.04,2.68,0.63,0.96,1093.80,182.60,9112.55,15.37,0.00,0.00,0.00,0.75
2018-01-06 03:24:04,10.02,0.00,0.23,0.13,0.03,0.00,0.10,0.00,0.00,89.50,0.00,1479.20,1760.00,0.00,0.00,1152.00,830.40,52.80,0.00,9505.80,0.00,0.00,0.00,0.00,27.40,19.80,7.60,2304.00,1660.80,191472,0,15209480,98.76,22484,8281664,7933864,51.52,8130900,6595176,7376,6424060,343564,5256,19592,31276,0,0,0.00,0,0.00,1,643,5.23,4.49,5.49,0,27.40,2304.00,1660.80,144.70,0.11,4.20,0.38,1.04,1961.00,238.20,15827.14,18.72,0.00,0.00,0.00,1.30
2018-01-06 03:24:09,9.24,0.00,0.18,0.03,0.03,0.00,0.03,0.00,0.00,90.51,0.00,1372.00,1649.80,0.00,0.00,768.80,16.80,43.20,0.00,7906.00,0.00,0.00,0.00,0.00,14.00,13.20,0.80,1537.60,33.60,197136,0,15203816,98.72,22492,8280416,7933864,51.52,8128584,6594280,7408,6419988,343520,5256,19592,31276,0,0,0.00,0,0.00,1,643,4.81,4.41,5.46,0,14.00,1537.60,33.60,112.23,0.11,7.60,0.34,0.48,1840.80,199.40,14857.41,15.83,0.00,0.00,0.00,1.22
2018-01-06 03:24:14,12.17,0.00,0.58,0.18,0.03,0.00,0.08,0.00,0.00,86.98,0.00,1866.40,2132.60,0.00,0.00,1622.40,252.80,905.20,0.40,9831.80,2489.40,0.00,2489.40,100.00,92.60,90.00,2.60,3235.20,505.60,176900,0,15224052,98.85,22500,8231080,7982492,51.83,8195412,6547844,8720,6491456,343316,5256,19680,31276,0,0,0.00,0,0.00,14,643,4.59,4.37,5.45,1,92.60,3235.20,505.60,40.40,0.17,1.84,0.33,3.04,1625.00,376.00,11653.37,196.38,0.00,0.00,0.00,0.95
2018-01-06 03:24:19,94.47,0.00,3.00,0.13,0.03,0.00,2.03,0.00,0.00,0.35,0.00,9848.80,19822.60,0.00,0.00,12778.40,1230.40,8219.20,0.40,65809.20,7842.00,5324.80,13166.80,100.00,719.80,708.20,11.60,25566.40,2460.80,174276,0,15226676,98.87,22504,8030928,8422016,54.69,8398268,6345680,8604,6692852,345096,5216,20096,31276,0,0,0.00,0,0.00,23,638,5.42,4.55,5.50,1,719.80,25566.40,2460.80,38.94,0.76,1.06,0.39,28.08,11031.60,11616.80,16591.03,23163.41,0.00,0.00,0.00,1.90
2018-01-06 03:24:24,67.58,0.00,2.63,2.23,0.00,0.00,1.60,0.00,0.00,25.96,0.00,4275.80,14078.00,0.00,0.00,8527.20,571.20,17875.00,0.00,58565.80,9409.00,6553.60,15962.40,100.00,499.40,487.40,12.00,17054.40,1142.40,155252,0,15245700,98.99,22500,7778692,8880988,57.67,8681364,6085392,38524,6965796,345236,5216,20612,31276,0,0,0.00,0,0.00,1,638,7.23,4.94,5.62,0,499.40,17054.40,1142.40,36.44,1.08,2.17,0.50,24.96,7718.60,8217.80,11808.21,16931.99,0.00,0.00,0.00,1.39
2018-01-06 03:24:29,68.75,0.00,2.93,0.45,0.00,0.00,2.13,0.00,0.00,25.74,7.40,5372.20,16813.60,0.00,0.00,1278.40,523.20,3329.00,0.00,53985.00,3185.60,204.80,3390.40,100.00,55.00,50.00,5.00,2556.80,1046.40,166812,0,15234140,98.92,22512,7743800,8881248,57.67,8715196,6039160,69976,6988624,345780,5408,20644,31276,0,0,0.00,0,0.00,0,675,8.81,5.30,5.73,0,55.00,2556.80,1046.40,65.51,0.38,6.87,0.97,5.36,11685.40,11791.20,17059.19,15717.79,0.00,0.00,0.00,1.40
2018-01-06 03:24:34,3.33,0.00,0.13,0.03,0.03,0.00,0.00,0.00,0.00,96.49,0.80,919.60,651.00,0.00,0.00,788.00,112.80,82.60,0.20,1744.40,0.00,0.00,0.00,0.00,18.80,17.00,1.80,1576.00,225.60,192292,0,15208660,98.75,22520,7742120,8873108,57.61,8688612,6038052,69560,6962196,345748,5544,20648,31276,0,0,0.00,0,0.00,1,679,8.11,5.22,5.70,0,18.80,1576.00,225.60,95.83,0.05,2.89,0.51,0.96,4.40,6.40,0.42,6.15,0.00,0.00,0.00,0.00
2018-01-06 03:24:39,0.25,0.00,0.10,0.28,0.00,0.00,0.00,0.00,0.00,99.37,0.00,745.00,581.40,0.00,0.00,1156.00,13934.40,18.60,0.00,505.20,0.00,0.00,0.00,0.00,143.20,19.20,124.00,2312.00,27868.80,196172,0,15204780,98.73,22544,7742552,8873108,57.61,8684456,6038752,124,6958280,345696,5544,20648,31276,0,0,0.00,0,0.00,0,679,7.46,5.13,5.67,0,143.20,2312.00,27868.80,210.76,3.94,27.54,0.27,3.92,4.60,6.60,0.44,8.92,0.00,0.00,0.00,0.00
2018-01-06 03:24:44,1.83,0.00,0.10,0.00,0.00,0.00,0.00,0.00,0.00,98.07,0.60,856.00,580.80,0.00,0.00,772.00,0.00,56.00,0.00,349.60,0.00,0.00,0.00,0.00,12.20,12.20,0.00,1544.00,0.00,198216,0,15202736,98.71,22544,7741332,8873108,57.61,8683856,6037800,380,6957908,345680,5560,20648,31276,0,0,0.00,0,0.00,0,681,7.02,5.08,5.65,0,12.20,1544.00,0.00,126.56,0.06,4.66,0.26,0.32,4.80,6.80,0.46,5.91,0.00,0.00,0.00,0.00
2018-01-06 03:24:49,8.20,0.00,0.10,0.00,0.03,0.00,0.00,0.00,0.00,91.68,2.40,1069.40,929.60,0.00,0.00,1152.00,15.20,142.00,0.00,384.00,0.00,0.00,0.00,0.00,20.40,19.80,0.60,2304.00,30.40,196228,0,15204724,98.73,22556,7742084,8873108,57.61,8684652,6038812,464,6958952,345740,5600,20660,31276,0,0,0.00,0,0.00,0,689,6.46,4.99,5.62,0,20.40,2304.00,30.40,114.43,0.12,5.76,0.35,0.72,10.40,14.00,1.03,9.78,0.00,0.00,0.00,0.00
2018-01-06 03:24:54,1.93,0.00,0.15,0.00,0.00,0.00,0.00,0.00,0.00,97.92,0.60,873.20,589.00,0.00,0.00,767.20,4.80,34.00,0.00,509.60,0.00,0.00,0.00,0.00,13.80,13.40,0.40,1534.40,9.60,200444,0,15200508,98.70,22564,7740768,8865356,57.56,8680696,6037708,492,6955360,345576,5640,20672,31276,0,0,0.00,0,0.00,0,691,6.02,4.93,5.60,0,13.80,1534.40,9.60,111.88,0.09,6.32,0.29,0.40,5.00,7.00,0.47,5.92,0.00,0.00,0.00,0.00
2018-01-06 03:24:59,10.52,0.00,0.93,0.03,0.03,0.00,0.28,0.00,0.00,88.22,6.60,2919.00,3951.80,0.00,0.00,1172.00,3.20,2770.40,0.20,14388.60,1098.60,2662.40,3761.00,100.00,25.20,24.80,0.40,2344.00,6.40,160020,0,15240932,98.96,22568,7695732,8877112,57.64,8767364,5992232,30792,7041132,345640,5584,20852,31276,0,0,0.00,0,0.00,0,684,5.54,4.84,5.57,0,25.20,2344.00,6.40,93.27,0.06,2.29,0.25,0.64,1345.00,1330.80,2187.67,1600.93,0.00,0.00,0.00,0.18
2018-01-06 03:25:04,11.12,0.00,0.43,0.13,0.05,0.00,0.15,0.00,0.00,88.13,6.80,1894.80,2440.60,0.00,0.00,905.60,20.00,336.00,4.00,6381.00,1099.00,0.00,1099.00,100.00,25.80,25.40,0.40,1811.20,40.00,166188,0,15234764,98.92,22680,7697580,8884756,57.69,8760540,5992696,54952,7032972,345752,5576,20832,31276,0,0,0.00,0,0.00,0,683,5.10,4.76,5.54,0,25.80,1811.20,40.00,71.75,0.08,3.16,0.47,1.20,854.60,906.20,1089.43,1428.54,0.00,0.00,0.00,0.12
2018-01-06 03:25:09,1.81,0.00,1.38,0.25,0.03,0.00,0.05,0.00,0.00,96.48,25.60,2055.00,1686.60,0.00,0.00,1208.00,11012.00,1795.20,1.60,383566.80,0.00,0.00,0.00,0.00,128.20,27.00,101.20,2416.00,22024.00,7776260,0,7624692,49.51,22692,6644184,1023228,6.64,1414488,5776348,164,522900,316172,5224,4800,31276,0,0,0.00,0,0.00,0,315,4.69,4.68,5.51,0,128.20,2416.00,22024.00,190.64,10.69,83.42,1.10,14.08,368.20,342.20,25.57,23.75,0.00,0.00,0.00,0.00
2018-01-06 06:08:24,47.76,0.00,0.65,2.74,0.03,0.00,0.03,0.00,0.00,48.78,7.18,7565.38,2673.81,0.00,0.00,669.98,7582.60,3922.60,0.11,12219.47,604.97,5.16,609.52,99.90,72.29,9.55,62.73,1339.97,15165.21,2239976,0,13160976,85.46,6008,12146024,1061056,6.89,1860940,10780548,1414764,489816,400624,2576,4320,31276,0,0,0.00,0,0.00,1,317,10.30,8.89,9.65,0,72.29,1339.97,15165.21,228.33,12.43,171.96,1.31,9.49,343.88,365.79,2083.99,1933.87,0.00,0.00,0.00,0.17
2018-01-06 06:08:29,0.10,0.00,0.15,8.35,0.05,0.00,0.00,0.00,0.00,91.35,0.20,385.80,1084.20,0.00,0.00,19.20,113759.20,565.60,0.00,2054.80,0.00,0.00,0.00,0.00,865.00,4.80,860.20,38.40,220131.20,2266444,0,13134508,85.28,6128,12141264,1043664,6.78,1833888,10779968,846088,468300,400328,2624,3496,31276,0,0,0.00,0,0.00,1,314,9.56,8.76,9.60,1,865.00,38.40,220131.20,254.53,100.32,111.04,0.81,70.24,3.00,4.20,0.31,0.58,0.00,0.00,0.00,0.00
2018-01-06 06:08:34,0.15,0.00,0.25,12.45,0.08,0.00,0.00,0.00,0.00,87.07,13.20,543.80,1336.20,0.00,0.00,92.00,121628.80,5541.60,1.40,1470.40,0.00,0.00,0.00,0.00,960.60,5.20,955.40,184.00,244160.00,2262896,0,13138056,85.31,6164,12141596,1049988,6.82,1840112,10780184,238800,472452,400032,2736,3644,31276,0,0,0.00,0,0.00,0,317,8.87,8.63,9.55,1,960.60,184.00,244160.00,254.37,141.43,131.82,1.04,100.00,7.40,9.00,1.60,1.71,0.00,0.00,0.00,0.00
2018-01-06 06:08:39,0.00,0.00,0.08,5.01,0.03,0.00,0.00,0.00,0.00,94.89,0.00,328.40,586.80,0.00,0.00,0.00,47591.20,9.40,0.00,34.20,0.00,0.00,0.00,0.00,398.80,0.00,398.80,0.00,101667.20,2263060,0,13137892,85.31,6184,12141636,1049988,6.82,1840256,10780204,636,472660,399864,2648,4000,31276,0,0,0.00,0,0.00,1,317,8.16,8.49,9.50,0,398.80,0.00,101667.20,254.93,55.44,186.59,1.04,41.60,2.20,3.60,0.20,0.81,0.00,0.00,0.00,0.00
2018-01-06 06:08:44,0.03,0.00,0.00,0.00,0.00,0.00,0.00,0.00,0.00,99.97,0.00,278.00,161.60,0.00,0.00,0.00,24.00,7.80,0.00,22.20,0.00,0.00,0.00,0.00,0.60,0.00,0.60,0.00,48.00,2262936,0,13138016,85.31,6196,12141660,1049988,6.82,1840260,10780212,688,472660,399864,2648,4000,31276,0,0,0.00,0,0.00,1,317,7.51,8.34,9.45,0,0.60,0.00,48.00,80.00,0.00,0.00,0.00,0.00,1.80,3.00,0.16,0.70,0.00,0.00,0.00,0.00
2018-01-06 06:08:49,3.72,0.00,1.26,0.05,0.05,0.00,0.05,0.00,0.00,94.87,22.80,3217.40,3763.20,0.00,0.00,192.00,0.00,7425.80,2.80,29114.20,0.00,0.00,0.00,0.00,6.20,6.20,0.00,384.00,0.00,1985600,0,13415352,87.11,6212,12339000,2120656,13.77,2014844,10879236,197256,548608,405848,2688,4020,31276,0,0,0.00,0,0.00,4,388,6.99,8.22,9.41,0,6.20,384.00,0.00,61.94,0.00,0.77,0.52,0.32,4544.60,1693.20,39851.64,111.23,0.00,0.00,0.00,3.26
2018-01-06 06:08:54,65.67,0.00,2.94,0.05,0.08,0.00,0.03,0.00,0.00,31.24,57.20,3327.40,4225.80,0.00,0.00,147.20,184.80,44055.00,2.00,27218.40,0.00,0.00,0.00,0.00,24.80,11.00,13.80,294.40,369.60,508964,0,14891988,96.70,6252,12340360,4326268,28.09,3484756,10874908,197376,2013060,408024,4552,9548,31276,0,0,0.00,0,0.00,0,562,6.67,8.14,9.37,0,24.80,294.40,369.60,26.77,0.04,1.58,0.32,0.80,54.00,59.20,8.89,19.45,0.00,0.00,0.00,0.00
2018-01-06 06:08:59,18.86,0.00,1.08,0.00,0.03,0.00,0.00,0.00,0.00,80.04,25.20,1801.60,2422.60,0.00,0.00,0.00,93.60,26972.80,0.00,24083.60,8928.00,2252.80,11180.80,100.00,1.80,0.00,1.80,0.00,187.20,186884,0,15214068,98.79,6276,12117188,5553928,36.06,4026548,10651696,197688,2554756,409464,5128,11876,31276,0,0,0.00,0,0.00,0,608,6.13,8.00,9.32,0,1.80,0.00,187.20,104.00,0.00,0.00,0.00,0.00,21.20,23.40,3.72,7.31,0.00,0.00,0.00,0.00
2018-01-06 06:09:04,0.13,0.00,0.05,0.00,0.00,0.00,0.00,0.00,0.00,99.82,0.00,692.20,401.80,0.00,0.00,0.00,32.00,14.00,0.00,402.40,0.00,0.00,0.00,0.00,0.60,0.00,0.60,0.00,64.00,193124,0,15207828,98.75,6284,12116996,5553928,36.06,4019156,10651440,197788,2547484,409408,4952,11980,31276,0,0,0.00,0,0.00,0,605,5.64,7.87,9.27,0,0.60,0.00,64.00,106.67,0.00,0.00,0.00,0.00,3.00,4.40,0.27,1.43,0.00,0.00,0.00,0.00
2018-01-06 06:09:09,13.56,0.00,1.24,0.00,0.03,0.00,0.18,0.00,0.00,85.00,3.20,3062.00,3849.60,0.00,0.00,16.00,7.20,15961.40,0.20,34513.20,10482.00,4332.80,14814.80,100.00,2.60,1.80,0.80,32.00,14.40,184236,0,15216716,98.80,6292,11876128,5697540,36.99,4292796,10380000,252964,2791988,409312,5040,12260,31276,0,0,0.00,0,0.00,0,620,5.19,7.74,9.22,0,2.60,32.00,14.40,17.85,0.00,0.00,0.00,0.00,1303.20,789.20,11357.64,60.60,0.00,0.00,0.00,0.93
2018-01-06 06:09:14,2.98,0.00,0.77,0.03,0.15,0.03,0.13,0.00,0.00,95.91,0.00,6526.00,7279.20,0.00,0.00,0.00,18.40,146.20,0.00,24270.40,3547.20,0.00,3547.20,100.00,0.40,0.00,0.40,0.00,36.80,145556,0,15255396,99.05,6300,11945528,5697540,36.99,4338336,10373956,393516,2763396,409504,5072,12452,31276,0,0,0.00,0,0.00,0,620,4.78,7.61,9.17,0,0.40,0.00,36.80,92.00,0.00,0.00,0.00,0.00,3202.80,1882.60,28144.28,129.45,0.00,0.00,0.00,2.31
2018-01-06 06:09:19,3.68,0.00,0.91,0.21,0.23,0.00,0.13,0.00,0.00,94.85,0.00,8519.00,9666.20,0.00,0.00,0.80,12340.80,181.00,0.00,33905.60,10073.00,0.00,10073.00,100.00,103.40,0.20,103.20,1.60,24681.60,178456,0,15222496,98.84,6304,11915640,5687784,36.93,4428476,10252244,503264,2761116,409692,5072,12452,31276,0,0,0.00,0,0.00,0,620,4.47,7.50,9.13,0,103.40,1.60,24681.60,238.72,3.54,34.27,0.28,2.88,3943.60,2204.00,34681.76,149.17,0.00,0.00,0.00,2.84
2018-01-06 06:09:24,3.53,0.00,1.00,9.14,0.21,0.00,0.08,0.00,0.00,86.04,0.00,8477.40,9702.40,0.00,0.00,0.00,98760.80,163.80,0.00,28532.40,6242.60,0.00,6242.60,100.00,785.80,0.00,785.80,0.00,190097.60,145444,0,15255508,99.06,6312,11951020,5687784,36.93,4511936,10201612,170360,2757804,410136,5072,12448,31276,0,0,0.00,0,0.00,0,619,4.27,7.41,9.09,1,785.80,0.00,190097.60,241.92,80.35,99.53,0.74,57.84,3667.80,2115.40,32236.25,143.02,0.00,0.00,0.00,2.64
2018-01-06 06:09:29,46.12,0.00,6.85,3.89,0.26,0.00,0.33,0.00,0.00,42.54,9.80,11286.00,16566.40,0.00,0.00,9242.40,61768.80,38889.60,0.60,153202.60,78816.80,19635.20,98445.60,99.99,681.80,168.60,513.20,18484.80,130961.60,155296,0,15245656,98.99,6948,10818240,6455128,41.91,6019728,8685764,651236,3883100,412360,5256,14076,31276,0,0,0.00,0,0.00,10,646,4.33,7.37,9.07,0,681.80,18484.80,130961.60,219.19,52.84,80.64,0.63,43.12,3969.20,1990.80,34622.15,142.21,0.00,0.00,0.00,2.84
2018-01-06 06:09:34,93.44,0.00,6.06,0.00,0.00,0.00,0.15,0.00,0.00,0.35,5.80,9957.80,11778.20,0.00,0.00,48080.80,8286.40,50603.00,0.00,124251.00,52185.20,28774.40,80915.40,99.95,905.60,840.20,65.40,96161.60,16572.80,188588,0,15212364,98.78,8524,9526324,7381852,47.93,7316380,7349796,707312,5132772,413864,5448,16944,31276,0,0,0.00,0,0.00,19,667,4.95,7.44,9.08,0,905.60,96161.60,16572.80,124.49,5.92,6.54,0.20,18.32,146.40,63.40,1105.01,13.72,0.00,0.00,0.00,0.09
2018-01-06 06:09:39,95.75,0.00,4.00,0.00,0.00,0.00,0.18,0.00,0.00,0.08,2.60,8547.80,7755.80,0.00,0.00,94652.00,267.20,15078.40,0.00,82007.40,25347.20,19238.40,44501.80,99.81,1595.40,1593.00,2.40,189016.00,534.40,189164,0,15211788,98.77,8612,9108836,7541216,48.97,7729292,6930840,712404,5546460,414036,5432,18052,31276,0,0,0.00,0,0.00,36,669,6.23,7.67,9.15,0,1596.40,189132.80,534.40,118.81,7.30,4.57,0.17,27.20,11.60,16.20,7.19,10.36,0.00,0.00,0.00,0.00
2018-01-06 06:09:44,97.75,0.00,1.88,0.00,0.00,0.00,0.28,0.00,0.00,0.10,3.00,6817.20,4549.60,0.00,0.00,104820.00,273.60,4499.20,0.00,34231.80,26891.80,3904.00,30827.80,100.10,1720.60,1718.20,2.40,209928.00,547.20,171936,0,15229016,98.88,8672,9016668,7541216,48.97,7842952,6837188,716600,5655648,414320,5456,18312,31276,0,0,0.00,0,0.00,23,671,7.09,7.82,9.19,0,1719.60,209811.20,547.20,122.33,7.14,4.16,0.17,28.80,12.40,16.60,7.27,12.18,0.00,0.00,0.00,0.00
2018-01-06 06:09:49,97.40,0.00,2.17,0.05,0.00,0.00,0.25,0.00,0.00,0.12,3.20,6866.20,5257.80,0.00,0.00,102428.00,470.40,4423.80,0.00,44502.60,27437.80,3686.40,31124.20,100.00,1729.60,1725.60,4.00,204856.00,940.80,153816,0,15247136,99.00,8708,8906512,7541216,48.97,7974636,6723880,721992,5786044,414412,5512,18500,31276,0,0,0.00,0,0.00,14,675,7.97,7.99,9.24,0,1729.60,204856.00,940.80,118.99,9.48,5.48,0.18,30.40,12.00,16.80,11.32,12.93,0.00,0.00,0.00,0.00
2018-01-06 06:09:54,97.32,0.00,2.15,0.00,0.00,0.00,0.35,0.00,0.00,0.18,3.40,6625.00,5909.80,0.00,0.00,110655.20,248.00,1937.60,0.00,37894.20,27310.40,3481.60,30792.00,100.00,1868.00,1865.40,2.60,221310.40,496.00,149932,0,15251020,99.03,8720,8848364,7541216,48.97,8042204,6661832,728736,5848960,414548,5480,18592,31276,0,0,0.00,0,0.00,18,669,9.09,8.23,9.31,0,1868.00,221310.40,496.00,118.74,7.83,4.19,0.16,29.76,12.40,17.40,13.39,16.04,0.00,0.00,0.00,0.00
2018-01-06 06:09:59,97.55,0.00,2.03,0.05,0.00,0.00,0.23,0.00,0.00,0.15,1.60,7382.00,4652.20,0.00,0.00,116194.40,793.60,3638.20,0.00,36236.80,32646.80,1433.60,34074.00,99.98,1985.80,1966.60,19.20,232107.20,1587.20,157088,0,15243864,98.98,8732,8741904,7618816,49.47,8142368,6553624,732200,5946740,414640,5448,18888,31276,0,0,0.00,0,0.00,17,667,9.00,8.22,9.30,1,1985.80,232107.20,1587.20,117.68,8.38,4.21,0.15,30.32,8.60,11.80,6.92,9.08,0.00,0.00,0.00,0.00
2018-01-06 06:10:04,74.60,0.00,2.04,17.14,0.08,0.00,0.15,0.00,0.00,6.01,3.40,6337.40,6455.60,0.00,0.00,83215.20,77427.20,1589.00,0.00,32187.40,20129.80,3891.20,24027.40,100.03,1948.00,1366.60,581.40,163193.60,148248.00,154908,0,15246044,98.99,8748,8682800,7618816,49.47,8203640,6492244,354520,6006668,414032,5456,18964,31276,0,0,0.00,0,0.00,9,667,9.48,8.33,9.33,14,1948.00,163193.60,148248.00,159.88,201.35,100.23,0.42,82.24,12.40,17.40,13.39,16.02,0.00,0.00,0.00,0.00
2018-01-06 06:10:09,52.86,0.00,1.37,26.09,0.13,0.00,0.03,0.00,0.00,19.53,0.60,6829.00,6824.00,0.00,0.00,65481.60,65098.40,2248.60,0.00,23431.80,15720.60,3481.60,19202.20,100.00,1610.20,1074.60,535.60,130881.60,136664.00,167964,0,15232988,98.91,8764,8622928,7671928,49.81,8251784,6430244,32740,6051760,414488,5440,19124,31276,0,0,0.00,0,0.00,6,665,10.09,8.48,9.37,12,1610.20,130881.60,136664.00,166.16,280.17,176.78,0.62,100.00,6.00,8.20,4.07,6.80,0.00,0.00,0.00,0.00
2018-01-06 06:10:14,95.42,0.00,2.58,1.35,0.00,0.00,0.35,0.00,0.00,0.30,3.60,9782.80,6378.20,0.00,0.00,121545.60,832.80,1283.00,0.00,32040.40,30181.40,0.00,30181.40,100.00,2098.60,2090.40,8.20,244809.60,1804.80,149456,0,15251496,99.03,8752,8626572,7671928,49.81,8272652,6432532,34228,6070596,414796,5400,19156,31276,0,0,0.00,0,0.00,12,665,9.92,8.47,9.36,1,2099.40,244905.60,1804.80,117.51,115.83,55.80,0.41,86.40,16.80,22.20,10.27,13.92,0.00,0.00,0.00,0.00
2018-01-06 06:10:19,95.67,0.00,3.18,0.00,0.03,0.00,0.48,0.00,0.00,0.65,2.80,10241.00,12088.00,0.00,0.00,116375.20,1686.40,4264.80,0.00,43204.40,30190.00,6707.20,36383.00,98.61,1991.40,1976.80,14.60,233184.00,3371.20,174680,0,15226272,98.87,8564,8481592,7769688,50.45,8401372,6274652,33316,6186380,414812,5448,19416,31276,0,0,0.00,0,0.00,8,667,9.77,8.46,9.36,1,1991.40,233180.80,3371.20,118.79,9.40,4.83,0.19,36.96,12.00,16.00,9.29,11.02,0.00,0.00,0.00,0.00
2018-01-06 06:10:24,95.45,0.00,3.15,0.03,0.00,0.00,0.55,0.00,0.00,0.83,4.40,11178.40,7174.00,0.00,0.00,111550.40,1939.20,3820.00,0.00,33758.00,28101.40,0.00,27596.20,98.20,1890.00,1885.40,4.60,224548.80,1046.40,187040,0,15213912,98.79,8568,8491392,7692412,49.95,8394504,6269296,35668,6164888,414280,5448,19428,31276,0,0,0.00,0,0.00,8,667,10.83,8.70,9.43,0,1889.40,224456.00,1148.80,119.41,9.86,5.28,0.19,35.44,15.00,21.20,17.70,19.28,0.00,0.00,0.00,0.00
2018-01-06 06:10:29,97.15,0.00,2.30,0.00,0.00,0.00,0.40,0.00,0.00,0.15,1.00,8686.80,8361.80,0.00,0.00,116388.80,0.00,505.60,0.60,29106.20,28193.40,0.00,27484.20,97.48,1979.20,1966.80,12.40,232777.60,2833.60,161960,0,15238992,98.95,8492,8507416,7713032,50.08,8407708,6282048,36596,6175664,414024,5424,19368,31276,0,0,0.00,0,0.00,13,661,11.48,8.87,9.48,0,1979.00,232777.60,2731.20,119.00,8.76,4.43,0.18,35.12,5.00,6.80,2.50,5.69,0.00,0.00,0.00,0.00
2018-01-06 06:10:34,97.60,0.00,1.90,0.00,0.00,0.00,0.38,0.00,0.00,0.13,3.80,6963.20,5047.20,0.00,0.00,116543.20,1518.40,1962.60,0.00,31866.00,28626.80,0.00,28410.00,99.24,1982.00,1958.00,24.00,233086.40,3036.80,159492,0,15241460,98.96,8464,8523816,7694284,49.96,8400324,6292932,38704,6161744,413996,5392,19372,31276,0,0,0.00,0,0.00,16,660,11.84,8.99,9.52,0,1982.00,233086.40,3036.80,119.13,8.60,4.34,0.16,32.32,13.60,19.20,15.54,17.67,0.00,0.00,0.00,0.00
2018-01-06 06:10:39,98.47,0.00,1.35,0.00,0.00,0.00,0.12,0.00,0.00,0.05,1.00,6319.40,5039.80,0.00,0.00,120262.40,1896.00,316.60,0.00,31241.80,30390.00,0.00,30173.60,99.29,2045.40,2028.20,17.20,240524.80,3792.00,166072,0,15234880,98.92,8484,8517968,7694284,49.96,8404744,6281960,36164,6161532,414076,5392,19372,31276,0,0,0.00,0,0.00,18,660,12.25,9.13,9.56,0,2045.40,240524.80,3792.00,119.45,9.09,4.44,0.16,32.00,6.60,9.20,4.69,7.46,0.00,0.00,0.00,0.00
2018-01-06 06:10:44,97.95,0.00,1.70,0.05,0.00,0.00,0.22,0.00,0.00,0.07,3.20,6927.00,4551.40,0.00,0.00,118872.00,680.00,1453.60,0.00,32147.00,30415.00,0.00,30415.00,100.00,2001.40,1994.80,6.60,237744.00,1360.00,169080,0,15231872,98.90,8480,8506480,7713156,50.08,8415776,6267632,41472,6168940,414212,5392,19384,31276,0,0,0.00,0,0.00,17,660,12.63,9.26,9.60,0,2001.40,237744.00,1360.00,119.47,8.82,4.41,0.16,31.36,12.40,17.20,13.38,15.93,0.00,0.00,0.00,0.00
2018-01-06 06:10:49,97.95,0.00,1.70,0.00,0.00,0.00,0.25,0.00,0.00,0.10,3.00,6655.40,4630.80,0.00,0.00,117543.20,1409.60,1082.20,0.00,30142.00,28332.40,0.00,28332.40,100.00,1990.20,1977.40,12.80,235086.40,2819.20,149192,0,15251760,99.03,8484,8529380,7731752,50.20,8420076,6285796,43620,6169652,414268,5392,19384,31276,0,0,0.00,0,0.00,12,660,13.22,9.43,9.65,0,1990.20,235086.40,2819.20,119.54,8.91,4.48,0.16,31.20,11.20,16.20,13.27,13.96,0.00,0.00,0.00,0.00
2018-01-06 06:10:54,97.97,0.00,1.68,0.08,0.00,0.00,0.25,0.00,0.00,0.03,2.80,6881.80,4491.20,0.00,0.00,118211.20,1340.00,1855.20,0.00,33018.20,30391.60,0.00,30391.60,100.00,2003.80,1992.00,11.80,236422.40,2680.00,164132,0,15236820,98.93,8496,8507776,7760020,50.39,8421452,6268376,45984,6174260,414060,5392,19396,31276,0,0,0.00,0,0.00,24,659,13.29,9.51,9.67,0,2003.80,236422.40,2680.00,119.32,13.76,6.87,0.17,34.96,12.00,16.60,12.79,15.93,0.00,0.00,0.00,0.00
2018-01-06 06:10:59,97.55,0.00,2.03,0.00,0.00,0.00,0.25,0.00,0.00,0.18,2.60,8819.00,4601.60,0.00,0.00,118996.80,2395.20,646.60,0.00,31322.80,29858.60,0.00,29858.60,100.00,2026.80,2006.00,20.80,237993.60,4790.40,171100,0,15229852,98.89,8488,8503208,7787712,50.57,8420640,6263732,41492,6172876,413936,5392,19396,31276,0,0,0.00,0,0.00,16,660,13.34,9.58,9.70,0,2026.80,237993.60,4790.40,119.79,9.67,4.77,0.17,33.52,9.00,13.00,9.55,10.71,0.00,0.00,0.00,0.00
2018-01-06 06:11:04,97.90,0.00,1.60,0.05,0.00,0.00,0.33,0.00,0.00,0.13,3.40,7087.00,4589.00,0.00,0.00,119164.00,612.80,1057.40,0.00,31483.80,29976.00,0.00,29973.60,99.99,2019.20,2011.80,7.40,237638.40,1225.60,165880,0,15235072,98.92,8492,8502992,7787712,50.57,8431220,6258324,47716,6180104,413576,5392,19408,31276,0,0,0.00,0,0.00,24,660,13.88,9.76,9.75,0,2019.20,237638.40,1225.60,118.30,9.68,4.79,0.16,32.32,12.80,17.80,13.41,16.04,0.00,0.00,0.00,0.00
2018-01-06 06:11:09,97.85,0.00,1.65,0.03,0.00,0.00,0.23,0.00,0.00,0.25,1.40,6274.60,4699.40,0.00,0.00,122068.80,2692.00,837.40,0.00,32695.00,31493.60,0.00,31489.40,99.99,2125.60,2089.00,36.60,244827.20,5384.00,179384,0,15221568,98.84,8488,8482292,7787712,50.57,8438700,6236452,39856,6185924,413668,5392,19408,31276,0,0,0.00,0,0.00,22,660,14.13,9.88,9.79,0,2125.60,244827.20,5384.00,117.71,14.20,6.68,0.16,34.24,9.40,14.20,6.94,9.28,0.00,0.00,0.00,0.00
2018-01-06 06:11:14,97.95,0.00,1.80,0.00,0.00,0.00,0.23,0.00,0.00,0.03,3.40,7483.20,4463.20,0.00,0.00,119219.20,728.00,842.40,0.00,30439.60,28846.60,0.00,28846.60,100.00,2026.60,2019.80,6.80,238438.40,1456.00,159080,0,15241872,98.97,8492,8500348,7787712,50.57,8440956,6254176,45940,6186572,413320,5392,19424,31276,0,0,0.00,0,0.00,17,660,14.44,10.01,9.84,0,2026.60,238438.40,1456.00,118.37,7.83,3.86,0.15,30.72,12.20,17.00,13.37,15.93,0.00,0.00,0.00,0.00
2018-01-06 06:11:19,97.90,0.00,1.77,0.00,0.00,0.00,0.25,0.00,0.00,0.07,3.20,7507.40,4585.80,0.00,0.00,117678.40,1953.60,1060.20,0.00,31497.80,29061.00,204.80,29265.80,100.00,2011.40,1993.40,18.00,235356.80,3907.20,149948,0,15251004,99.03,8492,8502100,7787712,50.57,8448572,6255544,47816,6193868,413168,5392,19436,31276,0,0,0.00,0,0.00,16,660,15.36,10.28,9.92,0,2011.40,235356.80,3907.20,118.95,9.01,4.48,0.16,31.28,11.20,16.20,13.27,13.97,0.00,0.00,0.00,0.00
2018-01-06 06:11:24,98.07,0.00,1.58,0.03,0.00,0.00,0.33,0.00,0.00,0.00,1.00,7700.80,4714.80,0.00,0.00,121920.80,1850.40,438.80,0.00,33646.80,31443.80,0.00,31443.80,100.00,2062.20,2045.60,16.60,243230.40,3700.80,170124,0,15230828,98.90,8496,8479868,7779132,50.51,8455128,6231360,42384,6199692,412968,5392,19448,31276,0,0,0.00,0,0.00,17,660,15.41,10.37,9.96,0,2063.00,243374.40,3700.80,119.77,8.75,4.24,0.16,33.44,7.60,10.20,4.79,9.48,0.00,0.00,0.00,0.00
2018-01-06 06:11:29,97.45,0.00,2.10,0.03,0.00,0.00,0.30,0.00,0.00,0.13,4.40,6737.00,4544.00,0.00,0.00,119196.80,1610.40,1074.60,0.00,32185.20,30351.80,0.00,30351.80,100.00,2029.40,2014.80,14.60,239004.80,3220.80,167004,0,15233948,98.92,8492,8472804,7771124,50.46,8466400,6220404,45288,6207364,412980,5376,19460,31276,0,0,0.00,0,0.00,15,659,15.38,10.45,9.98,0,2028.60,238860.80,3220.80,119.33,8.72,4.30,0.15,31.04,13.40,19.40,17.55,17.16,0.00,0.00,0.00,0.00
2018-01-06 06:11:34,97.72,0.00,1.63,0.00,0.03,0.00,0.30,0.00,0.00,0.33,1.80,7643.80,4786.20,0.00,0.00,119479.20,1560.80,856.00,0.00,32437.00,29470.00,204.80,29674.80,100.00,2028.40,2013.20,15.20,238958.40,3121.60,155952,0,15245000,98.99,8488,8473340,7771204,50.46,8477596,6222840,44416,6219216,413260,5384,19484,31276,0,0,0.00,0,0.00,16,659,15.35,10.53,10.01,0,2028.40,238958.40,3121.60,119.35,9.24,4.55,0.16,31.84,10.20,14.00,9.10,12.77,0.00,0.00,0.00,0.00
2018-01-06 06:11:39,97.95,0.00,1.75,0.03,0.00,0.00,0.25,0.00,0.00,0.03,2.80,7192.80,4706.80,0.00,0.00,119168.80,1764.00,1036.80,0.00,34885.00,30192.00,1433.60,31625.60,100.00,2028.20,2012.80,15.40,238337.60,3528.00,165624,0,15235328,98.92,8496,8436020,7763196,50.41,8507264,6183348,43688,6247492,412968,5384,19540,31276,0,0,0.00,0,0.00,16,659,15.40,10.62,10.04,0,2028.20,238337.60,3528.00,119.25,8.17,4.03,0.16,31.60,10.00,14.40,11.12,12.32,0.00,0.00,0.00,0.00
2018-01-06 06:11:44,97.95,0.00,1.77,0.03,0.00,0.00,0.15,0.00,0.00,0.10,2.60,6598.20,4525.20,0.00,0.00,119952.80,1692.00,913.00,0.00,31483.00,29886.20,0.00,29886.20,100.00,2062.40,2037.20,25.20,239905.60,3384.00,157964,0,15242988,98.97,8496,8436612,7763196,50.41,8514296,6183416,43400,6254136,413052,5400,19552,31276,0,0,0.00,0,0.00,22,659,15.37,10.69,10.07,0,2062.40,239905.60,3384.00,117.96,8.24,4.00,0.15,31.92,11.00,15.20,11.22,14.27,0.00,0.00,0.00,0.00
2018-01-06 06:11:49,97.85,0.00,1.88,0.03,0.00,0.00,0.25,0.00,0.00,0.00,2.20,6737.40,5069.40,0.00,0.00,120268.00,1808.80,601.00,0.00,38785.00,29786.00,1024.00,30810.00,100.00,2039.40,2023.40,16.00,240536.00,3617.60,167044,0,15233908,98.92,8500,8418348,7774032,50.48,8523628,6166132,42864,6263588,413036,5384,19564,31276,0,0,0.00,0,0.00,14,659,15.26,10.74,10.09,0,2039.40,240536.00,3617.60,119.72,7.77,3.81,0.14,29.28,8.40,11.80,8.93,10.45,0.00,0.00,0.00,0.00
2018-01-06 06:11:54,97.85,0.00,1.78,0.03,0.00,0.00,0.25,0.00,0.00,0.10,2.60,6989.60,4538.40,0.00,0.00,122267.20,1832.80,690.60,0.00,31791.60,30332.60,0.00,30332.60,100.00,2081.80,2065.40,16.40,244086.40,3665.60,160288,0,15240664,98.96,8500,8422544,7782460,50.53,8525444,6169128,42372,6263940,413084,5384,19564,31276,0,0,0.00,0,0.00,12,659,15.24,10.82,10.12,0,2082.80,244204.80,3665.60,119.01,9.78,4.69,0.16,33.44,11.40,15.80,11.25,14.39,0.00,0.00,0.00,0.00
2018-01-06 06:11:59,98.25,0.00,1.45,0.03,0.00,0.00,0.25,0.00,0.00,0.03,2.80,6279.00,4419.40,0.00,0.00,119986.40,792.00,890.20,0.00,33250.20,30903.60,0.00,30903.60,100.00,2032.20,2024.80,7.40,240420.80,1584.00,165184,0,15235768,98.93,8504,8403412,7772732,50.47,8543188,6148056,46116,6280080,413020,5384,19568,31276,0,0,0.00,0,0.00,16,659,15.30,10.90,10.15,0,2031.20,240302.40,1584.00,119.09,9.28,4.57,0.15,30.56,10.00,14.20,11.11,12.23,0.00,0.00,0.00,0.00
2018-01-06 06:12:04,97.42,0.00,2.08,0.03,0.00,0.00,0.25,0.00,0.00,0.23,1.60,7300.80,4663.80,0.00,0.00,88370.40,2403.20,3417.20,0.00,29756.80,24798.80,204.80,25003.60,100.00,1527.40,1503.40,24.00,176740.80,4806.40,163120,0,15237832,98.94,8520,8377360,7807188,50.69,8574636,6117836,73728,6306704,413036,5376,19616,31276,0,0,0.00,0,0.00,13,659,14.88,10.89,10.15,0,1527.40,176740.80,4806.40,118.86,6.72,4.40,0.16,24.48,35.60,42.80,27.37,32.95,0.00,0.00,0.00,0.00
2018-01-06 06:12:09,48.53,0.00,1.95,0.00,0.05,0.00,0.03,0.00,0.00,49.44,0.20,4395.40,2654.40,0.00,0.00,15047.20,1348.00,7505.60,0.00,22861.60,9158.20,1638.40,10796.60,100.00,235.00,223.20,11.80,30094.40,2696.00,174952,0,15226000,98.86,8532,8344268,7847316,50.95,8602628,6075404,180824,6324896,412724,5376,19668,31276,0,0,0.00,0,0.00,0,657,13.68,10.71,10.09,0,235.00,30094.40,2696.00,139.53,1.26,5.36,0.22,5.28,21.40,29.40,16.62,27.69,0.00,0.00,0.00,0.00
2018-01-06 06:12:14,0.10,0.00,0.05,0.00,0.00,0.00,0.00,0.00,0.00,99.85,0.00,735.60,490.60,0.00,0.00,767.20,1696.80,9.00,0.00,284.20,0.00,0.00,0.00,0.00,28.40,13.40,15.00,1534.40,3393.60,176084,0,15224868,98.86,8544,8343788,7847316,50.95,8601424,6074952,175008,6324180,412648,5312,19668,31276,0,0,0.00,0,0.00,0,650,12.59,10.53,10.04,0,28.40,1534.40,3393.60,173.52,0.11,3.97,0.20,0.56,4.80,6.00,0.46,2.60,0.00,0.00,0.00,0.00
2018-01-06 06:12:19,0.23,0.00,0.05,0.05,0.00,0.00,0.00,0.00,0.00,99.67,0.00,779.00,537.00,0.00,0.00,1152.00,2066.40,12.00,0.00,328.20,0.00,0.00,0.00,0.00,47.20,19.80,27.40,2304.00,4132.80,176412,0,15224540,98.85,8552,8344704,7847316,50.95,8600692,6076116,164728,6323692,412692,5256,19668,31276,0,0,0.00,0,0.00,0,643,11.58,10.35,9.98,0,47.20,2304.00,4132.80,136.37,0.36,7.73,0.17,0.80,5.20,8.00,0.45,2.24,0.00,0.00,0.00,0.00
2018-01-06 06:12:24,7.88,0.00,0.23,0.03,0.00,0.00,0.00,0.00,0.00,91.87,0.60,1470.40,1566.80,0.00,0.00,768.00,935.20,1453.40,0.00,4561.80,0.00,409.60,409.60,100.00,22.20,13.60,8.60,1536.00,1870.40,161764,0,15239188,98.95,8548,8360972,7884480,51.19,8604088,6090824,186176,6325488,412620,5280,19672,31276,0,0,0.00,0,0.00,1,646,10.65,10.18,9.93,0,22.20,1536.00,1870.40,153.44,0.07,3.10,0.18,0.40,393.40,114.20,3266.89,14.38,0.00,0.00,0.00,0.27
2018-01-06 06:12:29,13.26,0.00,1.26,0.48,0.03,0.00,0.50,0.00,0.00,84.48,0.00,3373.80,4021.60,0.00,0.00,1369.60,1195.20,700.40,1.00,14500.00,0.00,819.20,819.20,100.00,86.80,75.00,11.80,2739.20,2390.40,149252,0,15251700,99.03,8556,8346192,7884480,51.19,8627068,6075684,182176,6348672,413184,5280,19680,31276,0,0,0.00,0,0.00,22,646,9.88,10.03,9.88,1,86.80,2739.20,2390.40,59.10,0.14,1.67,0.27,2.32,2769.80,2957.80,8302.76,11091.76,0.00,0.00,0.00,0.91
2018-01-06 06:12:34,93.39,0.00,4.30,0.03,0.00,0.00,2.20,0.00,0.00,0.08,0.00,6647.40,24168.60,0.00,0.00,6740.80,1248.80,25501.20,0.00,97251.20,22709.80,10700.80,33403.60,99.98,1423.20,1409.40,13.80,13481.60,2497.60,159668,0,15241284,98.96,8564,7704276,8542804,55.47,9260916,5432124,176576,6980780,414216,5256,20248,31276,0,0,0.00,0,0.00,27,643,11.01,10.26,9.96,0,1423.20,13481.60,2497.60,11.23,1.12,0.78,0.20,28.48,12420.60,12275.40,20910.32,20031.89,0.00,0.00,0.00,1.71
2018-01-06 06:12:39,93.55,0.00,4.33,0.00,0.00,0.00,2.08,0.00,0.00,0.05,0.00,6260.80,22354.60,0.00,0.00,5998.40,8495.20,30319.00,0.00,103647.20,20623.60,8390.40,29018.80,100.02,1205.20,1135.80,69.40,11996.80,16990.40,160952,0,15240000,98.95,8552,7188068,9249216,60.06,9780600,4911556,173884,7495748,414132,5256,21884,31276,0,0,0.00,0,0.00,10,643,11.89,10.46,10.02,0,1205.20,11996.80,16990.40,24.05,3.17,2.63,0.14,17.04,13734.60,13952.20,29092.60,32141.88,0.00,0.00,0.00,2.63
2018-01-06 06:12:44,33.02,0.00,1.03,0.45,0.05,0.00,0.65,0.00,0.00,64.80,0.00,2738.60,6129.40,0.00,0.00,776.80,21948.00,3741.60,0.00,24761.80,3692.40,256.00,3948.40,100.00,190.20,15.80,174.40,1553.60,43896.00,195464,0,15205488,98.73,8568,7134500,9233536,59.95,9799284,4853624,94584,7509904,413660,5256,21924,31276,0,0,0.00,0,0.00,0,643,10.94,10.28,9.97,0,190.20,1553.60,43896.00,238.96,6.92,36.40,0.40,7.60,4254.40,4306.20,10021.44,10456.21,0.00,0.00,0.00,0.86
2018-01-06 06:12:49,0.15,0.00,0.10,0.00,0.00,0.00,0.00,0.00,0.00,99.75,0.00,761.00,494.00,0.00,0.00,1150.40,387.20,12.60,0.00,681.80,0.00,0.00,0.00,0.00,23.60,20.20,3.40,2300.80,774.40,203568,0,15197384,98.68,8580,7134936,9222604,59.88,9791372,4854208,94620,7502208,413880,5256,21912,31276,0,0,0.00,0,0.00,0,643,10.06,10.11,9.92,0,23.60,2300.80,774.40,130.31,0.07,2.95,0.17,0.40,4.60,5.40,0.41,2.07,0.00,0.00,0.00,0.00
2018-01-06 06:12:54,20.63,0.00,0.90,0.03,0.00,0.00,0.38,0.00,0.00,78.07,0.00,1918.80,4379.20,0.00,0.00,772.80,579.20,2063.80,0.00,15731.40,0.00,0.00,0.00,0.00,28.20,14.80,13.40,1545.60,1158.40,170252,0,15230700,98.89,8588,7165012,9232980,59.95,9797660,4879048,122868,7503300,414448,5256,21912,31276,0,0,0.00,0,0.00,1,643,9.26,9.94,9.86,0,28.20,1545.60,1158.40,95.89,0.10,3.49,0.20,0.56,3349.60,3316.20,7690.63,8394.52,0.00,0.00,0.00,0.69
2018-01-06 06:12:59,2.93,0.00,0.23,0.05,0.00,0.00,0.13,0.00,0.00,96.66,0.00,1061.80,1608.00,0.00,0.00,1151.20,5667.20,892.40,0.00,4139.40,0.00,0.00,0.00,0.00,65.20,20.00,45.20,2302.40,11334.40,158440,0,15242512,98.97,8600,7177092,9247296,60.04,9798700,4889612,110716,7502552,414448,5248,21916,31276,0,0,0.00,0,0.00,0,642,8.68,9.81,9.82,0,65.20,2302.40,11334.40,209.15,0.87,13.31,0.25,1.60,729.60,654.80,2265.36,1374.03,0.00,0.00,0.00,0.19
2018-01-06 06:13:04,23.65,0.00,0.98,0.05,0.03,0.00,0.63,0.00,0.00,74.67,2.20,2463.00,5894.00,0.00,0.00,901.60,251.20,1653.60,0.40,20723.80,1848.60,0.00,1848.60,100.00,52.60,46.60,6.00,1803.20,502.40,174308,0,15226644,98.87,8624,7154724,9222680,59.88,9810984,4864304,126256,7512088,414644,5328,21940,31276,0,0,0.00,0,0.00,1,653,7.98,9.65,9.77,0,52.60,1803.20,502.40,43.83,0.06,1.06,0.27,1.44,4005.60,4126.00,8845.50,9929.07,0.00,0.00,0.00,0.81
2018-01-06 06:13:09,33.81,0.00,1.61,0.03,0.05,0.00,0.43,0.00,0.00,64.07,9.40,5227.20,6246.80,0.00,0.00,1172.00,265.60,522.40,0.00,17234.80,3684.80,204.80,3889.60,100.00,27.60,25.20,2.40,2344.00,531.20,181208,0,15219744,98.82,8632,7137712,9208920,59.79,9823980,4844040,186180,7521928,414676,5400,21960,31276,0,0,0.00,0,0.00,0,661,7.42,9.50,9.72,0,27.60,2344.00,531.20,104.17,0.07,2.49,0.14,0.40,2406.40,2324.40,6178.52,5389.36,0.00,0.00,0.00,0.51
2018-01-06 06:13:14,7.97,0.00,0.30,0.28,0.05,0.00,0.00,0.00,0.00,91.40,4.60,1830.00,1680.80,0.00,0.00,767.20,13122.40,195.60,0.00,4261.40,1837.40,0.00,1837.40,100.00,119.00,13.40,105.60,1534.40,26244.80,169820,0,15231132,98.90,8648,7140128,9217600,59.85,9835224,4844536,161116,7531144,414604,5376,21976,31276,0,0,0.00,0,0.00,0,659,6.83,9.35,9.67,0,119.00,1534.40,26244.80,233.44,3.64,30.59,0.27,3.20,51.00,70.60,4.86,182.96,0.00,0.00,0.00,0.01
2018-01-06 06:13:19,0.28,0.00,0.05,0.00,0.00,0.00,0.00,0.00,0.00,99.67,0.00,756.80,481.40,0.00,0.00,1152.00,32.00,14.40,0.00,324.40,0.00,0.00,0.00,0.00,20.80,19.80,1.00,2304.00,64.00,170064,0,15230888,98.90,8660,7141284,9217600,59.85,9834816,4845644,161532,7530772,414620,5376,21976,31276,0,0,0.00,0,0.00,0,658,6.28,9.19,9.62,0,20.80,2304.00,64.00,113.85,0.07,3.23,0.19,0.40,5.00,6.80,0.45,5.01,0.00,0.00,0.00,0.00
2018-01-06 06:13:24,0.28,0.00,0.03,0.00,0.00,0.00,0.00,0.00,0.00,99.70,0.00,786.60,516.00,0.00,0.00,767.20,532.80,10.60,0.00,332.40,0.00,0.00,0.00,0.00,28.20,13.40,14.80,1534.40,1065.60,170596,0,15230356,98.89,8668,7140056,9217600,59.85,9834344,4844844,158908,7530424,414716,5360,21976,31276,0,0,0.00,0,0.00,0,651,5.78,9.04,9.56,0,28.20,1534.40,1065.60,92.20,0.09,3.21,0.11,0.32,6.60,8.80,0.58,2.78,0.00,0.00,0.00,0.00
2018-01-06 06:13:29,1.46,0.00,2.82,0.13,0.00,0.00,0.10,0.00,0.00,95.50,25.80,1753.60,1658.60,0.00,0.00,1412.00,6376.80,1779.60,2.20,418060.80,0.00,0.00,0.00,0.00,117.00,64.00,53.00,2824.00,12753.60,8472892,0,6928060,44.98,9352,5943520,981884,6.38,1886524,4520572,101496,452904,404080,3472,4204,31276,0,0,0.00,0,0.00,0,316,5.32,8.89,9.51,0,117.00,2824.00,12753.60,133.14,1.84,15.71,0.21,2.40,351.80,355.60,24.53,24.55,0.00,0.00,0.00,0.00
