timestamp,cpu.%usr,cpu.%nice,cpu.%sys,cpu.%iowait,cpu.%steal,cpu.%irq,cpu.%soft,cpu.%guest,cpu.%gnice,cpu.%idle,task.proc/s,task.cswch/s,intr.intr/s,swap.pswpin/s,swap.pswpout/s,paging.pgpgin/s,paging.pgpgout/s,paging.fault/s,paging.majflt/s,paging.pgfree/s,paging.pgscank/s,paging.pgscand/s,paging.pgsteal/s,paging.%vmeff,io.tps,io.rtps,io.wtps,io.bread/s,io.bwrtn/s,memory.kbmemfree,memory.kbavail,memory.kbmemused,memory.%memused,memory.kbbuffers,memory.kbcached,memory.kbcommit,memory.%commit,memory.kbactive,memory.kbinact,memory.kbdirty,memory.kbanonpg,memory.kbslab,memory.kbkstack,memory.kbpgtbl,memory.kbvmused,swap.kbswpfree,swap.kbswpused,swap.%swpused,swap.kbswpcad,swap.%swpcad,load.runq-sz,load.plist-sz,load.ldavg-1,load.ldavg-5,load.ldavg-15,load.blocked,disk.tps,disk.rd_sec/s,disk.wr_sec/s,disk.avgrq-sz,disk.avgqu-sz,disk.await,disk.svctm,disk.%util,network.rxpck/s,network.txpck/s,network.rxkB/s,network.txkB/s,network.rxcmp/s,network.txcmp/s,network.rxmcst/s,network.%ifutil
2018-01-05 22:01:43,7.82,0.00,0.25,0.20,0.00,0.00,0.00,0.00,0.00,91.73,1.00,387.60,360.20,0.00,0.00,115.20,45.60,1279.80,0.00,1616.60,0.00,0.00,0.00,0.00,13.60,12.80,0.80,230.40,91.20,7070068,0,589444,7.70,12868,101236,789136,10.30,452968,30560,288,371548,40024,2040,3024,17940,0,0,0.00,0,0.00,0,241,0.26,2.04,3.24,0,13.60,230.40,91.20,23.65,0.01,0.53,0.47,0.64,3.80,5.20,0.37,0.69,0.00,0.00,0.00,0.00
2018-01-05 22:01:48,0.05,0.00,0.00,0.00,0.00,0.00,0.00,0.00,0.00,99.95,0.00,253.40,166.60,0.00,0.00,0.00,59.20,13.00,0.00,25.40,0.00,0.00,0.00,0.00,9.80,0.00,9.80,0.00,118.40,7070192,0,589320,7.69,12868,101256,789136,10.30,452892,30572,88,371456,40024,2040,3024,17940,0,0,0.00,0,0.00,0,241,0.23,2.01,3.23,0,9.80,0.00,118.40,12.08,0.00,0.00,0.00,0.00,1.40,2.80,0.14,0.53,0.00,0.00,0.00,0.00
2018-01-05 22:01:53,11.20,0.00,1.08,0.41,0.15,0.00,0.26,0.00,0.00,86.90,7.00,3505.60,4427.20,0.00,0.00,62.40,10040.00,2051.00,0.00,12269.60,0.00,0.00,0.00,0.00,89.20,10.00,79.20,124.80,19708.80,6898208,0,761304,9.94,12876,218796,961912,12.56,509316,147884,67344,425744,39908,2128,3152,17940,0,0,0.00,0,0.00,0,252,0.22,1.98,3.21,0,89.40,124.80,19760.00,222.43,2.77,29.89,0.31,2.80,2703.20,886.80,23676.42,59.49,0.00,0.00,0.00,1.94
2018-01-05 22:01:58,76.58,0.00,3.52,0.10,0.05,0.00,0.00,0.00,0.00,19.75,33.40,2819.40,2305.40,0.00,0.00,359.20,5839.20,23125.80,1.60,9814.60,0.00,0.00,0.00,0.00,51.60,32.80,18.80,718.40,4369.60,6100008,0,1559504,20.36,13048,232208,5642896,73.67,1295100,154892,50008,1204736,41972,2800,5948,17940,0,0,0.00,0,0.00,16,390,0.52,2.01,3.21,1,51.80,718.40,4420.80,99.21,0.70,6.97,0.32,1.68,257.80,135.80,2239.37,9.26,0.00,0.00,0.00,0.18
2018-01-05 22:02:03,32.24,0.00,1.72,0.00,0.00,0.00,0.05,0.00,0.00,65.99,18.60,2803.20,1550.40,0.00,0.00,4.00,9915.20,7187.40,0.00,4866.60,0.00,0.00,0.00,0.00,108.40,0.60,107.80,8.00,27510.40,5736816,0,1922696,25.10,13060,232256,5714268,74.60,1660440,150992,792,1566164,42472,3440,7228,17940,0,0,0.00,0,0.00,1,416,0.48,1.98,3.20,0,108.00,8.00,27408.00,253.85,3.34,34.96,0.30,3.20,17.60,26.40,4.94,6.87,0.00,0.00,0.00,0.00
2018-01-05 22:02:08,73.26,0.00,3.32,0.05,0.00,0.00,0.00,0.00,0.00,23.36,4.80,3053.20,5864.60,0.00,0.00,26.40,1995.20,5569.00,0.20,23586.00,0.00,0.00,0.00,0.00,18.20,1.80,16.40,52.80,3990.40,4578624,0,3080888,40.22,13068,253276,5815064,75.92,2807856,159376,11796,2701128,43204,3504,9244,17940,0,0,0.00,0,0.00,8,424,0.92,2.04,3.21,0,18.20,52.80,3990.40,222.15,0.10,5.32,0.40,0.72,242.00,149.40,2001.07,12.83,0.00,0.00,0.00,0.16
2018-01-05 22:02:13,96.50,0.00,3.45,0.00,0.00,0.00,0.05,0.00,0.00,0.00,0.00,2881.20,7647.20,0.00,0.00,0.00,37.60,180.40,0.00,28685.00,0.00,0.00,0.00,0.00,0.60,0.00,0.60,0.00,75.20,3386928,0,4272584,55.78,13076,253300,5815064,75.92,3983192,159384,11876,3890700,43108,3472,11596,17940,0,0,0.00,0,0.00,5,420,1.41,2.13,3.23,0,0.60,0.00,75.20,125.33,0.00,0.00,0.00,0.00,2.20,4.20,0.19,0.68,0.00,0.00,0.00,0.00
2018-01-05 22:02:18,97.00,0.00,2.85,0.00,0.05,0.00,0.00,0.00,0.00,0.10,0.00,2748.80,6086.20,0.00,0.00,0.00,4.80,156.80,0.00,21910.20,0.00,0.00,0.00,0.00,0.40,0.00,0.40,0.00,9.60,2501404,0,5158108,67.34,13084,253328,5815064,75.92,4872688,159360,11912,4773868,43108,3464,13552,17940,0,0,0.00,0,0.00,10,419,1.93,2.22,3.26,0,0.40,0.00,9.60,24.00,0.00,0.00,0.00,0.00,2.00,4.00,0.34,1.57,0.00,0.00,0.00,0.00
2018-01-05 22:02:23,99.75,0.00,0.25,0.00,0.00,0.00,0.00,0.00,0.00,0.00,0.00,2844.40,1655.80,0.00,0.00,0.00,4.80,30.40,0.00,145.40,0.00,0.00,0.00,0.00,0.40,0.00,0.40,0.00,9.60,2484712,0,5174800,67.56,13092,253348,5815064,75.92,4892960,159392,11932,4790040,43108,3440,13584,17940,0,0,0.00,0,0.00,4,416,2.10,2.25,3.26,0,0.40,0.00,9.60,24.00,0.00,0.00,0.00,0.00,1.60,3.20,0.21,0.99,0.00,0.00,0.00,0.00
2018-01-05 22:02:28,99.55,0.00,0.45,0.00,0.00,0.00,0.00,0.00,0.00,0.00,0.00,2450.60,1718.60,0.00,0.00,0.00,119.20,36.80,0.00,505.40,0.00,0.00,0.00,0.00,7.20,0.00,7.20,0.00,238.40,2458060,0,5201452,67.91,13092,253376,5882200,76.80,4919752,159416,11384,4816868,43108,3432,13636,17940,0,0,0.00,0,0.00,5,415,2.25,2.28,3.27,0,7.20,0.00,238.40,33.11,0.00,0.00,0.00,0.00,1.60,3.20,0.30,1.42,0.00,0.00,0.00,0.00
2018-01-05 22:02:33,99.70,0.00,0.30,0.00,0.00,0.00,0.00,0.00,0.00,0.00,0.00,2354.80,1675.80,0.00,0.00,0.00,88.00,25.00,0.00,89.00,0.00,0.00,0.00,0.00,11.20,0.00,11.20,0.00,176.00,2456192,0,5203320,67.93,13100,253400,5882200,76.80,4923860,159428,11120,4818876,43124,3424,13640,17940,0,0,0.00,0,0.00,6,414,2.39,2.31,3.27,0,11.20,0.00,176.00,15.71,0.01,0.86,0.14,0.16,1.60,3.20,0.21,0.99,0.00,0.00,0.00,0.00
2018-01-05 22:02:38,99.60,0.00,0.40,0.00,0.00,0.00,0.00,0.00,0.00,0.00,0.00,2619.40,1621.80,0.00,0.00,0.00,14.40,19.60,0.00,33.20,0.00,0.00,0.00,0.00,0.40,0.00,0.40,0.00,28.80,2456084,0,5203428,67.93,13108,253428,5882200,76.80,4925916,159428,11196,4818924,43116,3424,13640,17940,0,0,0.00,0,0.00,5,412,2.52,2.34,3.27,0,0.40,0.00,28.80,72.00,0.00,0.00,0.00,0.00,2.20,4.20,0.35,1.63,0.00,0.00,0.00,0.00
2018-01-05 22:02:43,99.50,0.00,0.50,0.00,0.00,0.00,0.00,0.00,0.00,0.00,0.00,2226.80,1641.80,0.00,0.00,0.80,2196.00,19.00,0.00,27.80,0.00,0.00,0.00,0.00,19.00,0.20,18.80,1.60,4392.00,2454060,0,5205452,67.96,13116,253452,5882200,76.80,4927868,159464,288,4820780,43096,3400,13644,17940,0,0,0.00,0,0.00,5,411,2.64,2.37,3.28,0,19.00,1.60,4392.00,231.24,0.27,14.15,0.29,0.56,1.40,2.80,0.19,0.88,0.00,0.00,0.00,0.00
2018-01-05 22:02:48,99.65,0.00,0.35,0.00,0.00,0.00,0.00,0.00,0.00,0.00,0.00,2202.80,1608.00,0.00,0.00,0.00,3.20,18.40,0.00,28.80,0.00,0.00,0.00,0.00,0.40,0.00,0.40,0.00,6.40,2454068,0,5205444,67.96,13124,253472,5882200,76.80,4927812,159488,316,4820732,43096,3392,13644,17940,0,0,0.00,0,0.00,5,410,2.75,2.39,3.28,0,0.40,0.00,6.40,16.00,0.00,0.00,0.00,0.00,2.00,4.00,0.34,1.62,0.00,0.00,0.00,0.00
2018-01-05 22:02:53,99.50,0.00,0.45,0.00,0.00,0.00,0.00,0.00,0.00,0.05,0.00,2484.60,1619.20,0.00,0.00,0.00,0.00,19.40,0.00,32.00,0.00,0.00,0.00,0.00,0.00,0.00,0.00,0.00,0.00,2450024,0,5209488,68.01,13124,253504,5882200,76.80,4931916,159496,340,4824844,42920,3392,13652,17940,0,0,0.00,0,0.00,5,410,2.85,2.42,3.29,0,0.00,0.00,0.00,0.00,0.00,0.00,0.00,0.00,1.60,3.20,0.21,0.99,0.00,0.00,0.00,0.00
2018-01-05 22:02:58,99.70,0.00,0.30,0.00,0.00,0.00,0.00,0.00,0.00,0.00,0.00,2358.60,1612.00,0.00,0.00,0.00,10.40,19.20,0.00,33.20,0.00,0.00,0.00,0.00,1.00,0.00,1.00,0.00,20.80,2450000,0,5209512,68.01,13132,253524,5882200,76.80,4931944,159524,356,4824860,42944,3392,13652,17940,0,0,0.00,0,0.00,5,408,2.94,2.45,3.29,0,1.00,0.00,20.80,20.80,0.00,0.80,0.80,0.08,1.80,3.60,0.32,1.51,0.00,0.00,0.00,0.00
2018-01-05 22:03:03,99.55,0.00,0.40,0.00,0.00,0.00,0.00,0.00,0.00,0.05,0.00,2508.00,1621.60,0.00,0.00,0.00,68.80,22.80,0.00,24.40,0.00,0.00,0.00,0.00,2.60,0.00,2.60,0.00,137.60,2450008,0,5209504,68.01,13140,253552,5882200,76.80,4931868,159536,152,4824724,42952,3376,13652,17940,0,0,0.00,0,0.00,5,408,3.03,2.47,3.29,0,2.60,0.00,137.60,52.92,0.00,0.00,0.00,0.00,1.60,3.20,0.21,0.99,0.00,0.00,0.00,0.00
2018-01-05 22:03:08,99.75,0.00,0.25,0.00,0.00,0.00,0.00,0.00,0.00,0.00,0.00,2293.60,1656.20,0.00,0.00,0.00,10.40,18.20,0.00,243.00,0.00,0.00,0.00,0.00,0.60,0.00,0.60,0.00,20.80,2449404,0,5210108,68.02,13148,253576,5882200,76.80,4931476,159564,188,4824320,42952,3328,13652,17940,0,0,0.00,0,0.00,5,402,3.18,2.51,3.30,0,0.60,0.00,20.80,34.67,0.00,0.00,0.00,0.00,2.20,4.20,0.35,1.63,0.00,0.00,0.00,0.00
2018-01-05 22:03:13,99.75,0.00,0.25,0.00,0.00,0.00,0.00,0.00,0.00,0.00,0.00,2226.60,1606.00,0.00,0.00,0.00,4.00,20.00,0.00,23.80,0.00,0.00,0.00,0.00,0.40,0.00,0.40,0.00,8.00,2449372,0,5210140,68.02,13156,253604,5882200,76.80,4931480,159564,216,4824332,42968,3328,13652,17940,0,0,0.00,0,0.00,5,402,3.25,2.54,3.31,0,0.40,0.00,8.00,20.00,0.00,0.00,0.00,0.00,1.40,2.80,0.19,0.88,0.00,0.00,0.00,0.00
2018-01-05 22:03:18,99.85,0.00,0.15,0.00,0.00,0.00,0.00,0.00,0.00,0.00,0.00,2356.20,1629.00,0.00,0.00,0.00,3.20,18.60,0.00,80.60,0.00,0.00,0.00,0.00,0.40,0.00,0.40,0.00,6.40,2439904,0,5219608,68.15,13164,253628,5882200,76.80,4934568,159584,240,4833556,42984,3328,13672,17940,0,0,0.00,0,0.00,5,402,3.31,2.56,3.31,0,0.40,0.00,6.40,16.00,0.00,0.00,0.00,0.00,2.00,4.00,0.34,1.62,0.00,0.00,0.00,0.00
2018-01-05 22:03:23,99.80,0.00,0.20,0.00,0.00,0.00,0.00,0.00,0.00,0.00,0.00,2255.60,1619.40,0.00,0.00,0.00,3.20,20.20,0.00,33.60,0.00,0.00,0.00,0.00,0.40,0.00,0.40,0.00,6.40,2439764,0,5219748,68.15,13172,253656,5882200,76.80,4940620,159604,268,4833436,43016,3312,13672,17940,0,0,0.00,0,0.00,4,400,3.36,2.59,3.31,0,0.40,0.00,6.40,16.00,0.00,0.00,0.00,0.00,1.60,3.20,0.21,0.99,0.00,0.00,0.00,0.00
2018-01-05 22:03:28,99.75,0.00,0.20,0.00,0.00,0.00,0.00,0.00,0.00,0.05,0.00,2418.20,1599.40,0.00,0.00,0.00,12.80,18.60,0.00,96.40,0.00,0.00,0.00,0.00,0.80,0.00,0.80,0.00,25.60,2438692,0,5220820,68.16,13180,253680,5882200,76.80,4939144,159640,280,4834000,43040,3304,13672,17940,0,0,0.00,0,0.00,4,399,3.42,2.61,3.32,0,0.80,0.00,25.60,32.00,0.00,0.00,0.00,0.00,1.80,3.60,0.32,1.51,0.00,0.00,0.00,0.00
2018-01-05 22:03:33,99.70,0.00,0.25,0.00,0.00,0.00,0.00,0.00,0.00,0.05,0.00,2260.00,1615.40,0.00,0.00,0.00,21.60,23.00,0.00,29.00,0.00,0.00,0.00,0.00,2.00,0.00,2.00,0.00,43.20,2438700,0,5220812,68.16,13180,253704,5882200,76.80,4941216,159656,256,4834020,43032,3304,13672,17940,0,0,0.00,0,0.00,4,399,3.46,2.63,3.32,0,2.00,0.00,43.20,21.60,0.00,0.00,0.00,0.00,1.80,3.40,0.22,1.00,0.00,0.00,0.00,0.00
2018-01-05 22:03:38,99.85,0.00,0.15,0.00,0.00,0.00,0.00,0.00,0.00,0.00,0.00,2551.40,1617.00,0.00,0.00,0.00,38.40,17.40,0.00,26.40,0.00,0.00,0.00,0.00,1.00,0.00,1.00,0.00,76.80,2438592,0,5220920,68.16,13192,253728,5882200,76.80,4941236,159676,136,4834036,43016,3304,13672,17940,0,0,0.00,0,0.00,4,399,3.59,2.67,3.33,0,1.00,0.00,76.80,76.80,0.00,0.00,0.00,0.00,2.20,4.20,0.35,1.63,0.00,0.00,0.00,0.00
2018-01-05 22:03:43,99.75,0.00,0.25,0.00,0.00,0.00,0.00,0.00,0.00,0.00,0.00,2471.40,1598.60,0.00,0.00,0.00,20.00,20.00,0.00,24.00,0.00,0.00,0.00,0.00,0.80,0.00,0.80,0.00,40.00,2438468,0,5221044,68.16,13204,253756,5882200,76.80,4941260,159688,216,4834072,43028,3304,13672,17940,0,0,0.00,0,0.00,4,399,3.70,2.71,3.34,0,0.80,0.00,40.00,50.00,0.00,0.00,0.00,0.00,1.60,3.00,0.20,0.89,0.00,0.00,0.00,0.00
2018-01-05 22:03:48,99.75,0.00,0.25,0.00,0.00,0.00,0.00,0.00,0.00,0.00,0.00,2426.00,1613.20,0.00,0.00,0.00,3.20,18.20,0.00,76.40,0.00,0.00,0.00,0.00,0.40,0.00,0.40,0.00,6.40,2436744,0,5222768,68.19,13212,253780,5882200,76.80,4941244,159712,244,4836072,43012,3296,13676,17940,0,0,0.00,0,0.00,4,398,3.72,2.73,3.34,0,0.40,0.00,6.40,16.00,0.00,0.00,0.00,0.00,2.00,4.00,0.34,1.62,0.00,0.00,0.00,0.00
2018-01-05 22:03:53,99.75,0.00,0.25,0.00,0.00,0.00,0.00,0.00,0.00,0.00,0.00,2705.60,1579.20,0.00,0.00,0.00,4.80,20.20,0.00,25.60,0.00,0.00,0.00,0.00,0.40,0.00,0.40,0.00,9.60,2434672,0,5224840,68.21,13220,253804,5882200,76.80,4943320,159720,280,4838140,43036,3296,13680,17940,0,0,0.00,0,0.00,4,398,3.74,2.75,3.35,0,0.40,0.00,9.60,24.00,0.00,0.00,0.00,0.00,1.60,3.20,0.21,0.99,0.00,0.00,0.00,0.00
2018-01-05 22:03:58,70.48,0.00,0.20,0.00,0.05,0.00,0.00,0.00,0.00,29.27,0.00,1912.80,1537.00,0.00,0.00,0.00,13.60,26.00,0.00,249.40,0.00,0.00,0.00,0.00,1.00,0.00,1.00,0.00,27.20,2433772,0,5225740,68.23,13228,253824,5882200,76.80,4947476,159756,312,4840284,42948,3296,13684,17940,0,0,0.00,0,0.00,0,398,3.68,2.76,3.34,0,1.00,0.00,27.20,27.20,0.00,0.80,0.80,0.08,3.00,4.40,0.40,3.37,0.00,0.00,0.00,0.00
2018-01-05 22:04:03,72.00,0.00,1.00,0.00,0.00,0.00,0.00,0.00,0.00,26.99,0.00,2557.20,2716.60,0.00,0.00,0.00,16.00,1322.00,0.00,7662.40,0.00,0.00,0.00,0.00,0.80,0.00,0.80,0.00,32.00,2005492,0,5654020,73.82,13228,253856,6041820,78.88,5374140,159644,348,5266772,42948,3296,14504,17940,0,0,0.00,0,0.00,8,398,4.35,2.91,3.39,0,0.80,0.00,32.00,40.00,0.00,0.00,0.00,0.00,10.00,13.20,5.51,3.98,0.00,0.00,0.00,0.00
2018-01-05 22:04:08,99.65,0.00,0.30,0.00,0.00,0.00,0.00,0.00,0.00,0.05,0.00,3220.00,1668.40,0.00,0.00,0.00,40.80,21.80,0.00,816.00,0.00,0.00,0.00,0.00,4.80,0.00,4.80,0.00,81.60,2001184,0,5658328,73.87,13236,253880,6041820,78.88,5368056,159664,288,5268844,42944,3296,14512,17940,0,0,0.00,0,0.00,5,398,4.40,2.95,3.40,0,4.80,0.00,81.60,17.00,0.00,0.00,0.00,0.00,2.20,4.20,0.35,1.69,0.00,0.00,0.00,0.00
2018-01-05 22:04:13,99.80,0.00,0.15,0.00,0.00,0.00,0.00,0.00,0.00,0.05,0.00,3031.60,1593.20,0.00,0.00,0.00,39.20,40.20,0.00,22.80,0.00,0.00,0.00,0.00,0.80,0.00,0.80,0.00,78.40,1992340,0,5667172,73.99,13244,253904,6041820,78.88,5380844,159564,160,5277436,42988,3296,14528,17940,0,0,0.00,0,0.00,5,398,4.45,2.98,3.41,0,0.80,0.00,78.40,98.00,0.00,1.00,1.00,0.08,1.40,2.80,0.19,0.91,0.00,0.00,0.00,0.00
2018-01-05 22:04:18,99.65,0.00,0.35,0.00,0.00,0.00,0.00,0.00,0.00,0.00,0.00,2397.60,1606.80,0.00,0.00,0.00,10.40,18.80,0.00,260.40,0.00,0.00,0.00,0.00,0.80,0.00,0.80,0.00,20.80,1989880,0,5669632,74.02,13252,253932,6041820,78.88,5383436,159564,192,5279964,42988,3296,14528,17940,0,0,0.00,0,0.00,5,398,4.41,3.00,3.41,0,0.80,0.00,20.80,26.00,0.00,0.00,0.00,0.00,2.00,4.00,0.34,1.71,0.00,0.00,0.00,0.00
2018-01-05 22:04:23,99.85,0.00,0.15,0.00,0.00,0.00,0.00,0.00,0.00,0.00,0.00,2381.20,1567.20,0.00,0.00,0.00,3.20,19.40,0.00,23.20,0.00,0.00,0.00,0.00,0.40,0.00,0.40,0.00,6.40,1989864,0,5669648,74.02,13260,253948,6041820,78.88,5383444,159572,216,5279976,43008,3296,14528,17940,0,0,0.00,0,0.00,9,398,4.38,3.01,3.41,0,0.40,0.00,6.40,16.00,0.00,0.00,0.00,0.00,1.60,3.20,0.21,1.02,0.00,0.00,0.00,0.00
2018-01-05 22:04:28,99.80,0.00,0.15,0.00,0.00,0.00,0.00,0.00,0.00,0.05,0.00,2296.60,1581.40,0.00,0.00,0.00,6.40,18.60,0.00,22.00,0.00,0.00,0.00,0.00,0.60,0.00,0.60,0.00,12.80,1989864,0,5669648,74.02,13260,253984,6041820,78.88,5383476,159604,236,5279988,43008,3296,14528,17940,0,0,0.00,0,0.00,5,398,4.35,3.03,3.42,0,0.60,0.00,12.80,21.33,0.00,0.00,0.00,0.00,1.80,3.60,0.32,1.61,0.00,0.00,0.00,0.00
2018-01-05 22:04:33,99.75,0.00,0.25,0.00,0.00,0.00,0.00,0.00,0.00,0.00,0.00,2288.60,1577.80,0.00,0.00,0.00,24.00,23.20,0.00,24.00,0.00,0.00,0.00,0.00,2.00,0.00,2.00,0.00,48.00,1989724,0,5669788,74.02,13268,254008,6041820,78.88,5383488,159628,252,5279996,43028,3296,14528,17940,0,0,0.00,0,0.00,5,398,4.32,3.05,3.42,0,2.00,0.00,48.00,24.00,0.00,0.00,0.00,0.00,1.80,3.40,0.22,1.03,0.00,0.00,0.00,0.00
2018-01-05 22:04:38,99.90,0.00,0.05,0.00,0.00,0.00,0.05,0.00,0.00,0.00,0.00,2346.40,1566.60,0.00,0.00,0.00,4.80,17.00,0.00,22.80,0.00,0.00,0.00,0.00,0.40,0.00,0.40,0.00,9.60,1989724,0,5669788,74.02,13276,254036,6041820,78.88,5383496,159628,292,5280008,43028,3296,14528,17940,0,0,0.00,0,0.00,5,398,4.30,3.06,3.42,0,0.40,0.00,9.60,24.00,0.00,0.00,0.00,0.00,2.00,4.00,0.34,1.71,0.00,0.00,0.00,0.00
2018-01-05 22:04:43,99.95,0.00,0.05,0.00,0.00,0.00,0.00,0.00,0.00,0.00,0.00,2348.60,1565.00,0.00,0.00,0.00,4.00,19.00,0.00,22.40,0.00,0.00,0.00,0.00,0.40,0.00,0.40,0.00,8.00,1989708,0,5669804,74.02,13284,254056,6041820,78.88,5383512,159652,312,5280020,43048,3296,14528,17940,0,0,0.00,0,0.00,5,398,4.27,3.08,3.43,0,0.40,0.00,8.00,20.00,0.00,0.00,0.00,0.00,1.40,2.80,0.19,0.91,0.00,0.00,0.00,0.00
2018-01-05 22:04:48,99.80,0.00,0.20,0.00,0.00,0.00,0.00,0.00,0.00,0.00,0.00,2506.40,1597.40,0.00,0.00,0.00,45.60,16.40,0.00,366.60,0.00,0.00,0.00,0.00,2.20,0.00,2.20,0.00,91.20,1984272,0,5675240,74.09,13292,254084,6041820,78.88,5387864,159676,144,5284348,43048,3296,14528,17940,0,0,0.00,0,0.00,5,398,4.25,3.09,3.43,0,2.20,0.00,91.20,41.45,0.00,0.00,0.00,0.00,2.00,4.00,0.34,1.71,0.00,0.00,0.00,0.00
2018-01-05 22:04:53,99.85,0.00,0.15,0.00,0.00,0.00,0.00,0.00,0.00,0.00,0.00,2585.40,1571.80,0.00,0.00,0.00,10.40,20.80,0.00,205.40,0.00,0.00,0.00,0.00,0.60,0.00,0.60,0.00,20.80,1981648,0,5677864,74.13,13300,254100,6028148,78.70,5390476,159696,160,5286912,43044,3296,14536,17940,0,0,0.00,0,0.00,7,398,4.23,3.11,3.43,0,0.60,0.00,20.80,34.67,0.00,0.00,0.00,0.00,1.60,3.20,0.21,1.02,0.00,0.00,0.00,0.00
2018-01-05 22:04:58,99.80,0.00,0.20,0.00,0.00,0.00,0.00,0.00,0.00,0.00,0.00,2224.00,1592.60,0.00,0.00,0.00,6.40,18.20,0.00,544.20,0.00,0.00,0.00,0.00,0.60,0.00,0.60,0.00,12.80,1975520,0,5683992,74.21,13300,254136,6028148,78.70,5398972,159716,192,5295376,43044,3296,14536,17940,0,0,0.00,0,0.00,5,398,4.21,3.12,3.43,0,0.60,0.00,12.80,21.33,0.00,0.00,0.00,0.00,1.80,3.60,0.32,1.61,0.00,0.00,0.00,0.00
2018-01-05 22:05:03,99.90,0.00,0.10,0.00,0.00,0.00,0.00,0.00,0.00,0.00,0.40,2344.20,1607.20,0.00,0.00,56.80,20.80,186.20,0.00,76.60,0.00,0.00,0.00,0.00,15.40,14.20,1.20,113.60,41.60,1975008,0,5684504,74.21,13552,254168,6028148,78.70,5398964,159988,228,5295384,43116,3296,14536,17940,0,0,0.00,0,0.00,5,398,4.20,3.14,3.44,0,15.40,113.60,41.60,10.08,0.02,1.25,0.21,0.32,1.60,3.20,0.21,1.02,0.00,0.00,0.00,0.00
2018-01-05 22:05:08,99.85,0.00,0.15,0.00,0.00,0.00,0.00,0.00,0.00,0.00,0.00,2285.40,1599.60,0.00,0.00,0.00,11.20,16.60,0.00,541.00,0.00,0.00,0.00,0.00,0.40,0.00,0.40,0.00,22.40,1973476,0,5686036,74.23,13560,254192,6028148,78.70,5401012,160012,292,5297428,43116,3296,14536,17940,0,0,0.00,0,0.00,7,398,4.18,3.15,3.44,0,0.40,0.00,22.40,56.00,0.00,0.00,0.00,0.00,2.00,4.00,0.34,1.71,0.00,0.00,0.00,0.00
2018-01-05 22:05:13,99.85,0.00,0.15,0.00,0.00,0.00,0.00,0.00,0.00,0.00,0.00,2283.40,1572.60,0.00,0.00,0.00,4.00,19.40,0.00,23.20,0.00,0.00,0.00,0.00,0.40,0.00,0.40,0.00,8.00,1973228,0,5686284,74.24,13568,254220,6028148,78.70,5401028,160012,324,5297448,43116,3296,14536,17940,0,0,0.00,0,0.00,5,398,4.33,3.20,3.45,0,0.40,0.00,8.00,20.00,0.00,0.00,0.00,0.00,1.60,3.00,0.20,0.92,0.00,0.00,0.00,0.00
2018-01-05 22:05:18,99.80,0.00,0.20,0.00,0.00,0.00,0.00,0.00,0.00,0.00,0.00,2263.00,1577.80,0.00,0.00,0.00,4.00,17.20,0.00,125.20,0.00,0.00,0.00,0.00,0.40,0.00,0.40,0.00,8.00,1973040,0,5686472,74.24,13576,254240,6028148,78.70,5401052,160044,348,5297464,43116,3296,14536,17940,0,0,0.00,0,0.00,5,398,4.30,3.21,3.46,0,0.40,0.00,8.00,20.00,0.00,0.00,0.00,0.00,2.00,4.00,0.34,1.71,0.00,0.00,0.00,0.00
2018-01-05 22:05:23,99.90,0.00,0.10,0.00,0.00,0.00,0.00,0.00,0.00,0.00,0.00,2372.20,1570.20,0.00,0.00,0.00,45.60,19.40,0.00,23.20,0.00,0.00,0.00,0.00,3.20,0.00,3.20,0.00,91.20,1973040,0,5686472,74.24,13576,254268,6028148,78.70,5401080,160060,140,5297484,43116,3296,14536,17940,0,0,0.00,0,0.00,5,398,4.44,3.26,3.47,0,3.20,0.00,91.20,28.50,0.00,0.00,0.00,0.00,1.60,3.20,0.21,1.02,0.00,0.00,0.00,0.00
2018-01-05 22:05:28,99.90,0.00,0.10,0.00,0.00,0.00,0.00,0.00,0.00,0.00,0.00,2320.80,1634.00,0.00,0.00,0.00,15.20,18.20,0.00,973.60,0.00,0.00,0.00,0.00,1.20,0.00,1.20,0.00,30.40,1972956,0,5686556,74.24,13584,254292,6028148,78.70,5401108,160080,168,5297496,43116,3264,14536,17940,0,0,0.00,0,0.00,5,394,4.40,3.27,3.47,0,1.20,0.00,30.40,25.33,0.00,0.00,0.00,0.00,2.00,3.80,0.33,1.61,0.00,0.00,0.00,0.00
2018-01-05 22:05:33,99.80,0.00,0.15,0.00,0.00,0.00,0.05,0.00,0.00,0.00,0.00,2162.60,1583.80,0.00,0.00,0.00,23.20,24.20,0.00,100.40,0.00,0.00,0.00,0.00,1.20,0.00,1.20,0.00,46.40,1969604,0,5689908,74.29,13592,254320,6028148,78.70,5405780,160092,216,5300056,43116,3264,14544,17940,0,0,0.00,0,0.00,5,394,4.37,3.28,3.48,0,1.20,0.00,46.40,38.67,0.00,0.00,0.00,0.00,1.60,3.20,0.21,1.02,0.00,0.00,0.00,0.00
2018-01-05 22:05:38,99.80,0.00,0.20,0.00,0.00,0.00,0.00,0.00,0.00,0.00,0.00,2424.40,1594.00,0.00,0.00,0.00,7.20,17.60,0.00,125.20,0.00,0.00,0.00,0.00,0.80,0.00,0.80,0.00,14.40,1969416,0,5690096,74.29,13600,254344,6028148,78.70,5405812,160120,240,5300072,43116,3264,14544,17940,0,0,0.00,0,0.00,5,394,4.34,3.29,3.48,0,0.80,0.00,14.40,18.00,0.00,0.00,0.00,0.00,2.00,4.00,0.34,1.71,0.00,0.00,0.00,0.00
2018-01-05 22:05:43,99.85,0.00,0.15,0.00,0.00,0.00,0.00,0.00,0.00,0.00,0.00,2267.60,1599.80,0.00,0.00,0.00,14.40,18.40,0.00,22.40,0.00,0.00,0.00,0.00,0.60,0.00,0.60,0.00,28.80,1969416,0,5690096,74.29,13612,254372,6028148,78.70,5405804,160120,312,5300084,43116,3264,14544,17940,0,0,0.00,0,0.00,5,394,4.31,3.31,3.48,0,0.60,0.00,28.80,48.00,0.00,0.00,0.00,0.00,1.40,2.80,0.19,0.91,0.00,0.00,0.00,0.00
2018-01-05 22:05:48,99.95,0.00,0.05,0.00,0.00,0.00,0.00,0.00,0.00,0.00,0.00,2382.40,1584.40,0.00,0.00,0.00,3.20,17.60,0.00,22.80,0.00,0.00,0.00,0.00,0.40,0.00,0.40,0.00,6.40,1969416,0,5690096,74.29,13620,254388,6028148,78.70,5405816,160148,336,5300104,43116,3264,14544,17940,0,0,0.00,0,0.00,5,394,4.37,3.33,3.49,0,0.40,0.00,6.40,16.00,0.00,0.00,0.00,0.00,2.00,4.00,0.34,1.71,0.00,0.00,0.00,0.00
2018-01-05 22:05:53,93.35,0.00,0.10,0.00,0.00,0.00,0.00,0.00,0.00,6.55,0.00,2213.60,1580.60,0.00,0.00,6.40,0.00,20.80,0.00,25.60,0.00,0.00,0.00,0.00,1.60,1.60,0.00,12.80,0.00,1967556,0,5691956,74.31,13624,256528,6028148,78.70,5406032,162004,2476,5300140,43116,3264,14544,17940,0,0,0.00,0,0.00,1,394,4.34,3.35,3.49,0,1.60,12.80,0.00,8.00,0.00,0.00,0.00,0.00,2.20,3.80,0.25,2.83,0.00,0.00,0.00,0.00
2018-01-05 22:05:58,28.64,0.00,0.30,0.00,0.00,0.00,0.00,0.00,0.00,71.05,0.00,2169.00,1436.40,0.00,0.00,0.00,81.60,491.40,0.00,821.60,0.00,0.00,0.00,0.00,5.40,0.00,5.40,0.00,163.20,1898804,0,5760708,75.21,13632,257612,6103352,79.68,5476576,162724,3312,5368128,43132,3264,14672,17940,0,0,0.00,0,0.00,8,394,3.99,3.29,3.48,0,5.40,0.00,163.20,30.22,0.00,0.15,0.15,0.08,57.20,97.40,13.04,640.60,0.00,0.00,0.00,0.05
2018-01-05 22:06:03,99.70,0.00,0.25,0.00,0.00,0.00,0.00,0.00,0.00,0.05,0.00,3298.80,1650.60,0.00,0.00,0.00,47.20,47.60,0.00,308.20,0.00,0.00,0.00,0.00,1.80,0.00,1.80,0.00,94.40,1886804,0,5772708,75.37,13640,257636,6123576,79.95,5489444,162736,3448,5380960,43020,3264,14700,17940,0,0,0.00,0,0.00,5,394,3.99,3.30,3.48,0,1.80,0.00,94.40,52.44,0.00,0.00,0.00,0.00,1.80,3.40,0.22,0.98,0.00,0.00,0.00,0.00
2018-01-05 22:06:08,99.65,0.00,0.30,0.00,0.00,0.00,0.00,0.00,0.00,0.05,0.00,3230.20,1574.00,0.00,0.00,0.00,4.80,21.20,0.00,24.40,0.00,0.00,0.00,0.00,0.40,0.00,0.40,0.00,9.60,1886664,0,5772848,75.37,13648,257664,6123576,79.95,5489468,162736,3496,5380992,43020,3264,14700,17940,0,0,0.00,0,0.00,5,394,3.99,3.31,3.48,0,0.40,0.00,9.60,24.00,0.00,0.00,0.00,0.00,2.00,4.00,0.34,1.57,0.00,0.00,0.00,0.00
2018-01-05 22:06:13,99.85,0.00,0.15,0.00,0.00,0.00,0.00,0.00,0.00,0.00,0.00,2640.80,1580.00,0.00,0.00,0.00,6.40,23.00,0.00,359.00,0.00,0.00,0.00,0.00,0.40,0.00,0.40,0.00,12.80,1890776,0,5768736,75.31,13656,257688,6108768,79.75,5484896,162756,3528,5376412,43004,3264,14700,17940,0,0,0.00,0,0.00,10,394,4.47,3.42,3.52,0,0.40,0.00,12.80,32.00,0.00,0.00,0.00,0.00,1.60,3.00,0.20,0.89,0.00,0.00,0.00,0.00
2018-01-05 22:06:18,99.75,0.00,0.25,0.00,0.00,0.00,0.00,0.00,0.00,0.00,0.00,2494.21,1577.45,0.00,0.00,0.00,0.00,18.16,0.00,22.75,0.00,0.00,0.00,0.00,0.00,0.00,0.00,0.00,0.00,1890528,0,5768984,75.32,13656,257716,6108768,79.75,5484884,162776,3556,5376412,43012,3264,14692,17940,0,0,0.00,0,0.00,5,394,4.68,3.48,3.54,0,0.00,0.00,0.00,0.00,0.00,0.00,0.00,0.00,2.00,3.99,0.34,1.62,0.00,0.00,0.00,0.00
2018-01-05 22:06:23,99.70,0.00,0.30,0.00,0.00,0.00,0.00,0.00,0.00,0.00,0.00,2240.60,1576.40,0.00,0.00,0.00,3.20,19.80,0.00,25.20,0.00,0.00,0.00,0.00,0.40,0.00,0.40,0.00,6.40,1890520,0,5768992,75.32,13664,257740,6108768,79.75,5484956,162792,3580,5376432,43028,3264,14692,17940,0,0,0.00,0,0.00,6,394,4.62,3.49,3.54,0,0.40,0.00,6.40,16.00,0.00,2.00,2.00,0.08,1.80,3.40,0.22,1.00,0.00,0.00,0.00,0.00
2018-01-05 22:06:28,99.80,0.00,0.20,0.00,0.00,0.00,0.00,0.00,0.00,0.00,0.00,2417.00,1573.00,0.00,0.00,0.00,653.60,19.20,0.00,26.00,0.00,0.00,0.00,0.00,8.20,0.00,8.20,0.00,1307.20,1890560,0,5768952,75.32,13672,257764,6108768,79.75,5484980,162812,432,5376440,42988,3264,14692,17940,0,0,0.00,0,0.00,4,394,4.57,3.50,3.54,0,8.20,0.00,1307.20,159.41,0.03,3.71,0.20,0.16,1.80,3.60,0.32,1.52,0.00,0.00,0.00,0.00
2018-01-05 22:06:33,99.90,0.00,0.10,0.00,0.00,0.00,0.00,0.00,0.00,0.00,0.00,2586.60,1586.80,0.00,0.00,0.00,84.80,22.60,0.00,25.60,0.00,0.00,0.00,0.00,5.40,0.00,5.40,0.00,169.60,1890312,0,5769200,75.32,13680,257788,6108768,79.75,5485008,162828,156,5376448,42940,3264,14692,17940,0,0,0.00,0,0.00,7,394,4.53,3.51,3.54,0,5.40,0.00,169.60,31.41,0.00,0.00,0.00,0.00,1.60,3.20,0.21,0.99,0.00,0.00,0.00,0.00
2018-01-05 22:06:38,99.80,0.00,0.20,0.00,0.00,0.00,0.00,0.00,0.00,0.00,0.00,2318.00,1579.60,0.00,0.00,0.00,10.40,17.60,0.00,24.40,0.00,0.00,0.00,0.00,0.60,0.00,0.60,0.00,20.80,1890320,0,5769192,75.32,13688,257816,6108768,79.75,5485024,162848,192,5376460,42932,3264,14692,17940,0,0,0.00,0,0.00,4,394,4.48,3.52,3.54,0,0.60,0.00,20.80,34.67,0.00,0.00,0.00,0.00,2.00,4.00,0.34,1.62,0.00,0.00,0.00,0.00
2018-01-05 22:06:43,99.60,0.00,0.35,0.00,0.00,0.00,0.00,0.00,0.00,0.05,2.40,2423.80,1599.60,0.00,0.00,0.00,8.80,68.40,0.00,212.20,0.00,0.00,0.00,0.00,0.40,0.00,0.40,0.00,17.60,1890464,0,5769048,75.32,13696,254688,6108768,79.75,5485668,160104,220,5377392,43012,3360,14692,17940,0,0,0.00,0,0.00,4,406,4.44,3.53,3.55,0,0.40,0.00,17.60,44.00,0.00,0.00,0.00,0.00,9.20,10.20,2.44,3.12,0.00,0.00,0.00,0.00
2018-01-05 22:06:48,99.80,0.00,0.20,0.00,0.00,0.00,0.00,0.00,0.00,0.00,0.00,2431.40,1608.60,0.00,0.00,0.00,135.20,17.00,0.00,27.20,0.00,0.00,0.00,0.00,1.40,0.00,1.40,0.00,270.40,1890604,0,5768908,75.32,13704,254716,6108768,79.75,5485672,160104,896,5377412,43008,3360,14692,17940,0,0,0.00,0,0.00,4,406,4.41,3.53,3.55,0,1.40,0.00,270.40,193.14,0.00,0.57,0.57,0.08,2.60,4.00,0.38,1.62,0.00,0.00,0.00,0.00
2018-01-05 22:06:53,99.75,0.00,0.25,0.00,0.00,0.00,0.00,0.00,0.00,0.00,0.00,2406.00,1619.60,0.00,0.00,0.00,183.20,24.20,0.00,78.20,0.00,0.00,0.00,0.00,9.00,0.00,9.00,0.00,366.40,1891464,0,5768048,75.31,13704,254740,6108768,79.75,5484700,160140,100,5376400,43044,3360,14692,17940,0,0,0.00,0,0.00,4,406,4.38,3.54,3.55,0,9.00,0.00,366.40,40.71,0.00,0.27,0.09,0.08,1.80,3.20,0.22,0.99,0.00,0.00,0.00,0.00
2018-01-05 22:06:58,99.75,0.00,0.25,0.00,0.00,0.00,0.00,0.00,0.00,0.00,0.00,2250.60,1592.20,0.00,0.00,0.00,8.80,17.40,0.00,24.00,0.00,0.00,0.00,0.00,0.40,0.00,0.40,0.00,17.60,1891472,0,5768040,75.31,13712,254764,6108768,79.75,5484700,160140,164,5376412,43044,3360,14692,17940,0,0,0.00,0,0.00,5,406,4.35,3.55,3.55,0,0.40,0.00,17.60,44.00,0.00,0.00,0.00,0.00,1.80,3.60,0.32,1.52,0.00,0.00,0.00,0.00
2018-01-05 22:07:03,99.85,0.00,0.15,0.00,0.00,0.00,0.00,0.00,0.00,0.00,0.00,2512.80,1605.40,0.00,0.00,0.00,3.20,19.00,0.00,24.00,0.00,0.00,0.00,0.00,0.40,0.00,0.40,0.00,6.40,1891224,0,5768288,75.31,13720,254788,6108768,79.75,5484720,160160,188,5376420,43056,3360,14692,17940,0,0,0.00,0,0.00,4,406,4.32,3.56,3.56,0,0.40,0.00,6.40,16.00,0.00,0.00,0.00,0.00,1.60,3.20,0.21,0.99,0.00,0.00,0.00,0.00
2018-01-05 22:07:08,99.85,0.00,0.15,0.00,0.00,0.00,0.00,0.00,0.00,0.00,0.00,2354.60,1611.60,0.00,0.00,0.00,47.20,22.60,0.00,126.80,0.00,0.00,0.00,0.00,3.80,0.00,3.80,0.00,94.40,1891028,0,5768484,75.31,13728,254816,6108768,79.75,5484752,160192,132,5376452,43072,3360,14692,17940,0,0,0.00,0,0.00,4,406,4.37,3.58,3.56,0,3.80,0.00,94.40,24.84,0.00,0.00,0.00,0.00,2.00,4.00,0.34,1.62,0.00,0.00,0.00,0.00
2018-01-05 22:07:13,99.85,0.00,0.15,0.00,0.00,0.00,0.00,0.00,0.00,0.00,0.00,2082.40,1604.80,0.00,0.00,0.00,4.00,18.80,0.00,23.60,0.00,0.00,0.00,0.00,0.40,0.00,0.40,0.00,8.00,1890896,0,5768616,75.31,13736,254840,6108768,79.75,5484756,160200,164,5376456,43092,3360,14692,17940,0,0,0.00,0,0.00,4,406,4.34,3.59,3.57,0,0.40,0.00,8.00,20.00,0.00,0.00,0.00,0.00,1.60,3.00,0.20,0.89,0.00,0.00,0.00,0.00
2018-01-05 22:07:18,99.75,0.00,0.20,0.00,0.00,0.00,0.05,0.00,0.00,0.00,0.00,2287.40,1602.80,0.00,0.00,0.00,0.00,16.80,0.00,25.20,0.00,0.00,0.00,0.00,0.00,0.00,0.00,0.00,0.00,1890888,0,5768624,75.31,13736,254864,6108768,79.75,5484768,160220,188,5376464,43108,3360,14692,17940,0,0,0.00,0,0.00,4,406,4.32,3.59,3.57,0,0.00,0.00,0.00,0.00,0.00,0.00,0.00,0.00,2.60,4.60,0.38,1.65,0.00,0.00,0.00,0.00
2018-01-05 22:07:23,99.85,0.00,0.15,0.00,0.00,0.00,0.00,0.00,0.00,0.00,0.00,2563.80,1609.80,0.00,0.00,0.00,3.20,108.20,0.00,24.40,0.00,0.00,0.00,0.00,0.40,0.00,0.40,0.00,6.40,1889672,0,5769840,75.33,13744,254892,6108768,79.75,5486568,160232,220,5378260,43112,3360,14692,17940,0,0,0.00,0,0.00,5,406,4.29,3.60,3.57,0,0.40,0.00,6.40,16.00,0.00,0.00,0.00,0.00,1.60,3.20,0.21,0.99,0.00,0.00,0.00,0.00
2018-01-05 22:07:28,99.85,0.00,0.15,0.00,0.00,0.00,0.00,0.00,0.00,0.00,0.00,2375.60,1616.40,0.00,0.00,0.00,4.00,17.40,0.00,22.80,0.00,0.00,0.00,0.00,0.40,0.00,0.40,0.00,8.00,1889408,0,5770104,75.33,13752,254916,6108768,79.75,5486580,160252,244,5378264,43120,3360,14696,17940,0,0,0.00,0,0.00,4,406,4.27,3.61,3.57,0,0.40,0.00,8.00,20.00,0.00,0.00,0.00,0.00,1.80,3.60,0.32,1.52,0.00,0.00,0.00,0.00
2018-01-05 22:07:33,99.85,0.00,0.15,0.00,0.00,0.00,0.00,0.00,0.00,0.00,0.00,2478.20,1622.20,0.00,0.00,0.00,3.20,19.00,0.00,130.00,0.00,0.00,0.00,0.00,0.40,0.00,0.40,0.00,6.40,1891268,0,5768244,75.31,13760,254944,6095900,79.59,5484532,160296,272,5376196,43132,3360,14696,17940,0,0,0.00,0,0.00,4,406,4.33,3.63,3.58,0,0.40,0.00,6.40,16.00,0.00,0.00,0.00,0.00,1.60,3.20,0.21,0.99,0.00,0.00,0.00,0.00
2018-01-05 22:07:38,99.80,0.00,0.15,0.00,0.00,0.00,0.05,0.00,0.00,0.00,0.00,2452.60,1628.20,0.00,0.00,0.00,30.40,21.60,0.00,125.20,0.00,0.00,0.00,0.00,2.60,0.00,2.60,0.00,60.80,1890956,0,5768556,75.31,13768,254964,6095900,79.59,5484580,160304,288,5376204,43140,3360,14696,17940,0,0,0.00,0,0.00,5,406,4.30,3.64,3.58,0,2.60,0.00,60.80,23.38,0.00,0.00,0.00,0.00,2.00,4.00,0.34,1.62,0.00,0.00,0.00,0.00
2018-01-05 22:07:43,99.75,0.00,0.25,0.00,0.00,0.00,0.00,0.00,0.00,0.00,0.00,2489.20,1620.20,0.00,0.00,0.00,56.00,20.60,0.00,81.40,0.00,0.00,0.00,0.00,1.80,0.00,1.80,0.00,112.00,1891912,0,5767600,75.30,13780,254992,6095900,79.59,5483756,160320,164,5375316,43068,3264,14696,17940,0,0,0.00,0,0.00,8,394,4.28,3.64,3.59,0,1.80,0.00,112.00,62.22,0.00,0.00,0.00,0.00,1.40,2.80,0.19,0.88,0.00,0.00,0.00,0.00
2018-01-05 22:07:48,70.50,0.00,0.20,0.00,0.05,0.00,0.00,0.00,0.00,29.25,0.00,2044.20,1554.00,0.00,0.00,0.00,0.00,15.00,0.00,28.00,0.00,0.00,0.00,0.00,0.00,0.00,0.00,0.00,0.00,1891864,0,5767648,75.30,13780,255016,6095900,79.59,5483756,160332,200,5375336,43116,3264,14696,17940,0,0,0.00,0,0.00,1,394,4.09,3.62,3.58,0,0.00,0.00,0.00,0.00,0.00,0.00,0.00,0.00,3.20,4.80,0.42,3.48,0.00,0.00,0.00,0.00
2018-01-05 22:07:53,42.50,0.00,0.20,0.00,0.00,0.00,0.00,0.00,0.00,57.30,0.00,3127.40,1419.00,0.00,0.00,0.80,4.80,46.00,0.20,784.60,0.00,0.00,0.00,0.00,0.60,0.20,0.40,1.60,9.60,1888732,0,5770780,75.34,13788,255044,6095900,79.59,5490592,160240,252,5382008,43068,3264,14708,17940,0,0,0.00,0,0.00,6,394,4.09,3.62,3.58,0,0.60,1.60,9.60,18.67,0.00,0.00,0.00,0.00,145.20,67.20,1209.34,7.46,0.00,0.00,0.00,0.10
2018-01-05 22:07:58,99.85,0.00,0.15,0.00,0.00,0.00,0.00,0.00,0.00,0.00,0.00,3209.00,1615.60,0.00,0.00,0.00,6.40,19.40,0.00,25.60,0.00,0.00,0.00,0.00,0.40,0.00,0.40,0.00,12.80,1888492,0,5771020,75.34,13796,255072,6095900,79.59,5490592,160240,288,5382016,43060,3264,14708,17940,0,0,0.00,0,0.00,4,394,4.08,3.63,3.58,0,0.40,0.00,12.80,32.00,0.00,2.00,2.00,0.08,1.80,3.60,0.32,1.47,0.00,0.00,0.00,0.00
2018-01-05 22:08:03,99.70,0.00,0.30,0.00,0.00,0.00,0.00,0.00,0.00,0.00,0.00,3038.40,1615.00,0.00,0.00,0.00,3.20,286.80,0.00,159.00,0.00,0.00,0.00,0.00,0.40,0.00,0.40,0.00,6.40,1885592,0,5773920,75.38,13804,255100,6095900,79.59,5493208,160260,328,5384656,43120,3264,14708,17940,0,0,0.00,0,0.00,4,394,4.07,3.63,3.59,0,0.40,0.00,6.40,16.00,0.00,0.00,0.00,0.00,1.60,3.20,0.21,0.97,0.00,0.00,0.00,0.00
2018-01-05 22:08:08,99.85,0.00,0.10,0.00,0.00,0.00,0.05,0.00,0.00,0.00,0.00,2826.00,1629.60,0.00,0.00,0.00,31.20,24.40,0.00,26.00,0.00,0.00,0.00,0.00,1.80,0.00,1.80,0.00,62.40,1885524,0,5773988,75.38,13812,255124,6095900,79.59,5493264,160264,348,5384684,43072,3264,14708,17940,0,0,0.00,0,0.00,4,394,4.31,3.69,3.60,0,1.80,0.00,62.40,34.67,0.00,0.00,0.00,0.00,2.00,4.00,0.34,1.62,0.00,0.00,0.00,0.00
2018-01-05 22:08:13,99.65,0.00,0.35,0.00,0.00,0.00,0.00,0.00,0.00,0.00,0.00,2681.20,1622.40,0.00,0.00,0.00,6.40,20.40,0.00,136.40,0.00,0.00,0.00,0.00,0.40,0.00,0.40,0.00,12.80,1886268,0,5773244,75.37,13820,255144,6095900,79.59,5491132,160280,372,5382484,43084,3264,14708,17940,0,0,0.00,0,0.00,4,394,4.28,3.70,3.61,0,0.40,0.00,12.80,32.00,0.00,0.00,0.00,0.00,1.60,3.00,0.20,0.89,0.00,0.00,0.00,0.00
2018-01-05 22:08:18,99.85,0.00,0.15,0.00,0.00,0.00,0.00,0.00,0.00,0.00,0.00,2381.80,1624.40,0.00,0.00,0.00,55.20,17.60,0.00,24.40,0.00,0.00,0.00,0.00,3.80,0.00,3.80,0.00,110.40,1886220,0,5773292,75.37,13828,255172,6095900,79.59,5491152,160296,156,5382496,43140,3264,14708,17940,0,0,0.00,0,0.00,4,394,4.42,3.73,3.62,0,3.80,0.00,110.40,29.05,0.00,0.00,0.00,0.00,2.20,4.20,0.35,1.63,0.00,0.00,0.00,0.00
2018-01-05 22:08:23,99.80,0.00,0.20,0.00,0.00,0.00,0.00,0.00,0.00,0.00,0.00,2733.60,1615.80,0.00,0.00,0.00,6.40,18.60,0.00,25.60,0.00,0.00,0.00,0.00,1.20,0.00,1.20,0.00,12.80,1885468,0,5774044,75.38,13836,255188,6095900,79.59,5491172,160316,168,5382500,43128,3264,14708,17940,0,0,0.00,0,0.00,4,394,4.39,3.74,3.62,0,1.20,0.00,12.80,10.67,0.00,0.00,0.00,0.00,1.60,3.20,0.21,0.99,0.00,0.00,0.00,0.00
2018-01-05 22:08:28,99.80,0.00,0.20,0.00,0.00,0.00,0.00,0.00,0.00,0.00,0.00,2499.00,1625.80,0.00,0.00,0.00,0.00,17.20,0.00,26.00,0.00,0.00,0.00,0.00,0.00,0.00,0.00,0.00,0.00,1885524,0,5773988,75.38,13836,255224,6095900,79.59,5491188,160336,204,5382520,43112,3264,14708,17940,0,0,0.00,0,0.00,4,394,4.36,3.74,3.62,0,0.00,0.00,0.00,0.00,0.00,0.00,0.00,0.00,1.80,3.60,0.32,1.52,0.00,0.00,0.00,0.00
2018-01-05 22:08:33,99.85,0.00,0.15,0.00,0.00,0.00,0.00,0.00,0.00,0.00,0.00,2598.40,1623.20,0.00,0.00,0.00,4.00,19.40,0.00,24.80,0.00,0.00,0.00,0.00,0.40,0.00,0.40,0.00,8.00,1885524,0,5773988,75.38,13844,255248,6095900,79.59,5491216,160348,232,5382544,43124,3264,14708,17940,0,0,0.00,0,0.00,4,394,4.65,3.81,3.65,0,0.40,0.00,8.00,20.00,0.00,0.00,0.00,0.00,1.60,3.20,0.21,0.99,0.00,0.00,0.00,0.00
2018-01-05 22:08:38,99.95,0.00,0.05,0.00,0.00,0.00,0.00,0.00,0.00,0.00,0.00,2371.40,1622.60,0.00,0.00,0.00,30.40,21.40,0.00,23.60,0.00,0.00,0.00,0.00,1.60,0.00,1.60,0.00,60.80,1885492,0,5774020,75.38,13852,255276,6095900,79.59,5491248,160368,256,5382548,43164,3264,14708,17940,0,0,0.00,0,0.00,4,394,4.60,3.82,3.65,0,1.60,0.00,60.80,38.00,0.00,0.00,0.00,0.00,2.00,4.00,0.34,1.62,0.00,0.00,0.00,0.00
2018-01-05 22:08:43,99.85,0.00,0.15,0.00,0.00,0.00,0.00,0.00,0.00,0.00,0.00,2456.80,1625.00,0.00,0.00,0.00,6.40,18.60,0.00,32.20,0.00,0.00,0.00,0.00,0.40,0.00,0.40,0.00,12.80,1885376,0,5774136,75.39,13860,255300,6095900,79.59,5491260,160392,288,5382548,43084,3264,14708,17940,0,0,0.00,0,0.00,4,394,4.55,3.82,3.65,0,0.40,0.00,12.80,32.00,0.00,0.00,0.00,0.00,1.80,3.00,0.21,0.90,0.00,0.00,0.00,0.00
2018-01-05 22:08:48,99.85,0.00,0.15,0.00,0.00,0.00,0.00,0.00,0.00,0.00,0.00,2455.40,1622.80,0.00,0.00,0.00,3.20,17.60,0.00,486.00,0.00,0.00,0.00,0.00,0.40,0.00,0.40,0.00,6.40,1894496,0,5765016,75.27,13868,255320,6078532,79.36,5482072,160412,308,5373360,43084,3264,14692,17940,0,0,0.00,0,0.00,4,394,4.50,3.82,3.65,0,0.40,0.00,6.40,16.00,0.00,0.00,0.00,0.00,2.40,4.40,0.37,1.64,0.00,0.00,0.00,0.00
2018-01-05 22:08:53,99.90,0.00,0.10,0.00,0.00,0.00,0.00,0.00,0.00,0.00,0.00,2364.80,1612.80,0.00,0.00,0.00,40.80,19.00,0.00,25.20,0.00,0.00,0.00,0.00,1.40,0.00,1.40,0.00,81.60,1894440,0,5765072,75.27,13868,255348,6078532,79.36,5482104,160428,116,5373380,43140,3264,14692,17940,0,0,0.00,0,0.00,4,394,4.46,3.82,3.65,0,1.40,0.00,81.60,58.29,0.00,0.00,0.00,0.00,1.80,3.40,0.22,1.00,0.00,0.00,0.00,0.00
2018-01-05 22:08:58,99.90,0.00,0.10,0.00,0.00,0.00,0.00,0.00,0.00,0.00,0.00,2612.40,1610.40,0.00,0.00,0.00,5.60,17.60,0.00,24.40,0.00,0.00,0.00,0.00,0.40,0.00,0.40,0.00,11.20,1894340,0,5765172,75.27,13876,255376,6078532,79.36,5482124,160440,176,5373396,43116,3264,14692,17940,0,0,0.00,0,0.00,4,394,4.43,3.83,3.66,0,0.40,0.00,11.20,28.00,0.00,0.00,0.00,0.00,1.80,3.60,0.32,1.52,0.00,0.00,0.00,0.00
2018-01-05 22:09:03,99.90,0.00,0.10,0.00,0.00,0.00,0.00,0.00,0.00,0.00,0.00,2376.40,1622.60,0.00,0.00,0.00,40.80,24.00,0.00,26.40,0.00,0.00,0.00,0.00,2.40,0.00,2.40,0.00,81.60,1894388,0,5765124,75.27,13884,255400,6078532,79.36,5482164,160460,92,5373416,43072,3264,14692,17940,0,0,0.00,0,0.00,4,394,4.39,3.83,3.66,0,2.40,0.00,81.60,34.00,0.00,0.00,0.00,0.00,1.60,3.20,0.21,0.99,0.00,0.00,0.00,0.00
2018-01-05 22:09:08,99.90,0.00,0.10,0.00,0.00,0.00,0.00,0.00,0.00,0.00,0.00,2473.80,1655.20,0.00,0.00,0.00,8.80,16.60,0.00,788.40,0.00,0.00,0.00,0.00,0.40,0.00,0.40,0.00,17.60,1892784,0,5766728,75.29,13892,255424,6078532,79.36,5482980,160500,156,5374196,43144,3264,14692,17940,0,0,0.00,0,0.00,4,394,4.44,3.85,3.67,0,0.40,0.00,17.60,44.00,0.00,0.00,0.00,0.00,2.20,4.20,0.35,1.63,0.00,0.00,0.00,0.00
2018-01-05 22:09:13,99.90,0.00,0.10,0.00,0.00,0.00,0.00,0.00,0.00,0.00,0.00,2409.60,1624.60,0.00,0.00,0.00,3.20,19.00,0.00,26.80,0.00,0.00,0.00,0.00,0.40,0.00,0.40,0.00,6.40,1892832,0,5766680,75.29,13900,255452,6078532,79.36,5482964,160500,184,5374212,43108,3264,14692,17940,0,0,0.00,0,0.00,4,394,4.73,3.92,3.69,0,0.40,0.00,6.40,16.00,0.00,0.00,0.00,0.00,1.60,3.00,0.20,0.89,0.00,0.00,0.00,0.00
2018-01-05 22:09:18,99.90,0.00,0.10,0.00,0.00,0.00,0.00,0.00,0.00,0.00,0.00,2264.60,1616.80,0.00,0.00,0.00,3.20,16.40,0.00,23.20,0.00,0.00,0.00,0.00,0.40,0.00,0.40,0.00,6.40,1892808,0,5766704,75.29,13908,255468,6078532,79.36,5482980,160524,208,5374220,43140,3264,14692,17940,0,0,0.00,0,0.00,4,394,4.67,3.92,3.69,0,0.40,0.00,6.40,16.00,0.00,0.00,0.00,0.00,2.00,4.00,0.34,1.62,0.00,0.00,0.00,0.00
2018-01-05 22:09:23,99.80,0.00,0.20,0.00,0.00,0.00,0.00,0.00,0.00,0.00,0.00,2437.80,1626.60,0.00,0.00,0.00,0.00,20.40,0.00,75.80,0.00,0.00,0.00,0.00,0.00,0.00,0.00,0.00,0.00,1893948,0,5765564,75.27,13908,255500,6078532,79.36,5481992,160544,260,5373208,43128,3264,14692,17940,0,0,0.00,0,0.00,4,394,4.61,3.92,3.69,0,0.00,0.00,0.00,0.00,0.00,0.00,0.00,0.00,1.60,3.20,0.21,0.99,0.00,0.00,0.00,0.00
2018-01-05 22:09:28,99.80,0.00,0.20,0.00,0.00,0.00,0.00,0.00,0.00,0.00,0.00,2435.40,1621.20,0.00,0.00,0.00,59.20,21.80,0.00,24.40,0.00,0.00,0.00,0.00,3.00,0.00,3.00,0.00,118.40,1893948,0,5765564,75.27,13916,255524,6078532,79.36,5482020,160552,108,5373212,43136,3264,14692,17940,0,0,0.00,0,0.00,5,394,4.57,3.92,3.69,0,3.00,0.00,118.40,39.47,0.00,0.00,0.00,0.00,1.80,3.60,0.32,1.52,0.00,0.00,0.00,0.00
2018-01-05 22:09:33,99.95,0.00,0.05,0.00,0.00,0.00,0.00,0.00,0.00,0.00,0.00,2426.40,1611.80,0.00,0.00,0.00,8.80,20.00,0.00,25.60,0.00,0.00,0.00,0.00,0.40,0.00,0.40,0.00,17.60,1893948,0,5765564,75.27,13924,255552,6078532,79.36,5482040,160572,180,5373232,43148,3264,14692,17940,0,0,0.00,0,0.00,4,394,4.52,3.92,3.70,0,0.40,0.00,17.60,44.00,0.00,0.00,0.00,0.00,1.60,3.20,0.21,0.99,0.00,0.00,0.00,0.00
2018-01-05 22:09:38,99.80,0.00,0.15,0.00,0.00,0.00,0.05,0.00,0.00,0.00,0.00,2451.00,1620.60,0.00,0.00,0.00,4.00,17.40,0.00,157.60,0.00,0.00,0.00,0.00,0.40,0.00,0.40,0.00,8.00,1892200,0,5767312,75.30,13932,255576,6078532,79.36,5483500,160612,216,5374672,43164,3264,14692,17940,0,0,0.00,0,0.00,5,394,4.48,3.93,3.70,0,0.40,0.00,8.00,20.00,0.00,0.00,0.00,0.00,2.00,4.00,0.34,1.62,0.00,0.00,0.00,0.00
2018-01-05 22:09:43,99.90,0.00,0.10,0.00,0.00,0.00,0.00,0.00,0.00,0.00,0.00,2349.40,1616.40,0.00,0.00,0.00,15.20,18.60,0.00,31.80,0.00,0.00,0.00,0.00,0.60,0.00,0.60,0.00,30.40,1892184,0,5767328,75.30,13944,255604,6078532,79.36,5483508,160612,288,5374680,43108,3264,14692,17940,0,0,0.00,0,0.00,5,394,4.44,3.93,3.70,0,0.60,0.00,30.40,50.67,0.00,0.00,0.00,0.00,1.80,3.00,0.21,0.90,0.00,0.00,0.00,0.00
2018-01-05 22:09:48,22.37,0.00,0.10,0.00,0.00,0.00,0.00,0.00,0.00,77.53,0.00,1704.20,1136.60,0.00,0.00,0.00,59.20,14.20,0.00,698.20,0.00,0.00,0.00,0.00,4.60,0.00,4.60,0.00,118.40,1886864,0,5772648,75.37,13944,255628,6078532,79.36,5488780,160652,100,5379912,43092,3264,14692,17940,0,0,0.00,0,0.00,1,394,4.08,3.86,3.68,0,4.60,0.00,118.40,25.74,0.00,0.00,0.00,0.00,3.60,5.00,0.44,3.31,0.00,0.00,0.00,0.00
2018-01-05 22:09:53,96.75,0.00,0.15,0.00,0.00,0.00,0.00,0.00,0.00,3.10,0.00,2527.20,1668.40,0.00,0.00,0.00,10.40,22.80,0.00,48.00,0.00,0.00,0.00,0.00,0.40,0.00,0.40,0.00,20.80,1886864,0,5772648,75.37,13952,255656,6078532,79.36,5488840,160652,196,5379944,43092,3264,14692,17940,0,0,0.00,0,0.00,4,394,4.00,3.85,3.67,0,0.40,0.00,20.80,52.00,0.00,2.00,2.00,0.08,7.40,9.60,4.65,3.54,0.00,0.00,0.00,0.00
2018-01-05 22:09:58,99.95,0.00,0.05,0.00,0.00,0.00,0.00,0.00,0.00,0.00,0.00,2444.20,1674.00,0.00,0.00,0.00,45.60,23.00,0.00,427.20,0.00,0.00,0.00,0.00,4.40,0.00,4.40,0.00,91.20,1884376,0,5775136,75.40,13960,255676,6063100,79.16,5492392,160684,96,5383448,43092,3264,14684,17940,0,0,0.00,0,0.00,4,394,4.00,3.85,3.68,0,4.40,0.00,91.20,20.73,0.00,0.18,0.18,0.08,1.80,3.60,0.32,1.47,0.00,0.00,0.00,0.00
2018-01-05 22:10:03,99.85,0.00,0.15,0.00,0.00,0.00,0.00,0.00,0.00,0.00,0.00,2493.40,1610.40,0.00,0.00,0.00,8.80,18.80,0.00,26.00,0.00,0.00,0.00,0.00,0.40,0.00,0.40,0.00,17.60,1884276,0,5775236,75.40,13968,255700,6063100,79.16,5492380,160688,160,5383456,43092,3264,14684,17940,0,0,0.00,0,0.00,9,394,4.00,3.85,3.68,0,0.40,0.00,17.60,44.00,0.00,0.00,0.00,0.00,1.80,3.20,0.22,0.91,0.00,0.00,0.00,0.00
2018-01-05 22:10:08,99.90,0.00,0.10,0.00,0.00,0.00,0.00,0.00,0.00,0.00,0.00,2307.80,1612.00,0.00,0.00,0.00,4.00,18.40,0.00,23.60,0.00,0.00,0.00,0.00,0.40,0.00,0.40,0.00,8.00,1884152,0,5775360,75.40,13976,255728,6063100,79.16,5492392,160708,192,5383484,43096,3264,14684,17940,0,0,0.00,0,0.00,5,394,4.32,3.92,3.70,0,0.40,0.00,8.00,20.00,0.00,0.00,0.00,0.00,2.20,4.20,0.35,1.58,0.00,0.00,0.00,0.00
2018-01-05 22:10:13,99.85,0.00,0.15,0.00,0.00,0.00,0.00,0.00,0.00,0.00,0.00,2444.60,1606.20,0.00,0.00,0.00,3.20,19.20,0.00,24.00,0.00,0.00,0.00,0.00,0.40,0.00,0.40,0.00,6.40,1884044,0,5775468,75.40,13984,255752,6063100,79.16,5492432,160728,216,5383496,43088,3264,14684,17940,0,0,0.00,0,0.00,4,394,4.61,3.99,3.72,0,0.40,0.00,6.40,16.00,0.00,0.00,0.00,0.00,1.60,3.00,0.20,0.88,0.00,0.00,0.00,0.00
2018-01-05 22:10:18,99.85,0.00,0.15,0.00,0.00,0.00,0.00,0.00,0.00,0.00,0.00,2403.80,1656.20,0.00,0.00,0.00,0.00,17.20,0.00,920.40,0.00,0.00,0.00,0.00,0.00,0.00,0.00,0.00,0.00,1883004,0,5776508,75.42,13984,255780,6063100,79.16,5492468,160760,244,5383508,43096,3264,14684,17940,0,0,0.00,0,0.00,4,394,4.64,4.01,3.73,0,0.00,0.00,0.00,0.00,0.00,0.00,0.00,0.00,2.00,4.00,0.34,1.57,0.00,0.00,0.00,0.00
2018-01-05 22:10:23,99.75,0.00,0.25,0.00,0.00,0.00,0.00,0.00,0.00,0.00,0.00,2415.00,1599.80,0.00,0.00,0.00,3.20,18.80,0.00,23.20,0.00,0.00,0.00,0.00,0.40,0.00,0.40,0.00,6.40,1883128,0,5776384,75.41,13992,255804,6063100,79.16,5492472,160760,268,5383520,43104,3264,14684,17940,0,0,0.00,0,0.00,4,394,4.59,4.01,3.73,0,0.40,0.00,6.40,16.00,0.00,2.00,2.00,0.08,1.60,3.20,0.21,0.97,0.00,0.00,0.00,0.00
2018-01-05 22:10:28,99.85,0.00,0.15,0.00,0.00,0.00,0.00,0.00,0.00,0.00,0.00,2596.80,1611.20,0.00,0.00,0.00,25.60,22.00,0.00,176.00,0.00,0.00,0.00,0.00,2.60,0.00,2.60,0.00,51.20,1883916,0,5775596,75.40,14000,255832,6063100,79.16,5491496,160804,296,5382504,43128,3264,14684,17940,0,0,0.00,0,0.00,4,394,4.54,4.01,3.73,0,2.60,0.00,51.20,19.69,0.00,0.00,0.00,0.00,1.80,3.60,0.32,1.47,0.00,0.00,0.00,0.00
2018-01-05 22:10:33,99.65,0.00,0.25,0.00,0.00,0.00,0.00,0.00,0.00,0.10,0.00,2275.60,1615.60,0.00,0.00,0.00,45.60,19.20,0.00,23.20,0.00,0.00,0.00,0.00,1.20,0.00,1.20,0.00,91.20,1884024,0,5775488,75.40,14008,255852,6063100,79.16,5491504,160804,136,5382516,43152,3264,14684,17940,0,0,0.00,0,0.00,5,394,4.58,4.02,3.74,0,1.20,0.00,91.20,76.00,0.00,0.00,0.00,0.00,1.60,3.20,0.21,0.97,0.00,0.00,0.00,0.00
2018-01-05 22:10:38,99.85,0.00,0.15,0.00,0.00,0.00,0.00,0.00,0.00,0.00,0.00,2375.60,1610.80,0.00,0.00,0.00,8.80,17.00,0.00,24.80,0.00,0.00,0.00,0.00,1.60,0.00,1.60,0.00,17.60,1884000,0,5775512,75.40,14016,255880,6063100,79.16,5491524,160820,140,5382524,43184,3264,14684,17940,0,0,0.00,0,0.00,5,394,4.54,4.02,3.74,0,1.60,0.00,17.60,11.00,0.00,0.00,0.00,0.00,2.00,4.00,0.34,1.57,0.00,0.00,0.00,0.00
2018-01-05 22:10:43,99.85,0.00,0.15,0.00,0.00,0.00,0.00,0.00,0.00,0.00,0.00,2463.20,1610.80,0.00,0.00,4.80,3.20,19.80,0.20,22.80,0.00,0.00,0.00,0.00,0.60,0.20,0.40,9.60,6.40,1883992,0,5775520,75.40,14024,255904,6063100,79.16,5491540,160840,164,5382540,43200,3264,14684,17940,0,0,0.00,0,0.00,6,394,4.49,4.02,3.74,0,0.60,9.60,6.40,26.67,0.00,0.00,0.00,0.00,1.40,2.80,0.19,0.87,0.00,0.00,0.00,0.00
2018-01-05 22:10:48,99.75,0.00,0.25,0.00,0.00,0.00,0.00,0.00,0.00,0.00,0.00,2298.20,1602.20,0.00,0.00,0.00,0.00,17.60,0.00,24.00,0.00,0.00,0.00,0.00,0.00,0.00,0.00,0.00,0.00,1883952,0,5775560,75.40,14024,255956,6063100,79.16,5491556,160860,196,5382552,43248,3264,14684,17940,0,0,0.00,0,0.00,5,394,4.45,4.02,3.75,0,0.00,0.00,0.00,0.00,0.00,0.00,0.00,0.00,2.00,4.00,0.34,1.57,0.00,0.00,0.00,0.00
2018-01-05 22:10:53,99.85,0.00,0.15,0.00,0.00,0.00,0.00,0.00,0.00,0.00,0.00,2558.20,1610.20,0.00,0.00,0.00,47.20,23.80,0.00,26.00,0.00,0.00,0.00,0.00,3.20,0.00,3.20,0.00,94.40,1883772,0,5775740,75.41,14032,255980,6063100,79.16,5491600,160896,104,5382560,43312,3264,14684,17940,0,0,0.00,0,0.00,6,394,4.50,4.04,3.75,0,3.20,0.00,94.40,29.50,0.00,0.00,0.00,0.00,1.60,3.20,0.21,0.97,0.00,0.00,0.00,0.00
2018-01-05 22:10:58,99.85,0.00,0.15,0.00,0.00,0.00,0.00,0.00,0.00,0.00,0.00,2700.80,1598.80,0.00,0.00,0.00,8.80,17.20,0.00,613.20,0.00,0.00,0.00,0.00,0.40,0.00,0.40,0.00,17.60,1895524,0,5763988,75.25,14040,256004,6050272,78.99,5479820,160940,172,5370768,43296,3264,14664,17940,0,0,0.00,0,0.00,5,394,4.46,4.04,3.75,0,0.40,0.00,17.60,44.00,0.00,0.00,0.00,0.00,1.80,3.60,0.32,1.47,0.00,0.00,0.00,0.00
2018-01-05 22:11:03,99.65,0.00,0.35,0.00,0.00,0.00,0.00,0.00,0.00,0.00,2.40,2568.40,1624.20,0.00,0.00,0.00,4.00,61.00,0.00,38.40,0.00,0.00,0.00,0.00,0.40,0.00,0.40,0.00,8.00,1895240,0,5764272,75.26,14048,256032,6050272,78.99,5480264,160940,200,5371232,43288,3264,14664,17940,0,0,0.00,0,0.00,5,406,4.42,4.04,3.76,0,0.40,0.00,8.00,20.00,0.00,0.00,0.00,0.00,5.00,7.60,1.40,2.31,0.00,0.00,0.00,0.00
2018-01-05 22:11:08,99.80,0.00,0.20,0.00,0.00,0.00,0.00,0.00,0.00,0.00,0.00,2445.60,1609.40,0.00,0.00,0.00,4.00,17.60,0.00,30.40,0.00,0.00,0.00,0.00,0.40,0.00,0.40,0.00,8.00,1895080,0,5764432,75.26,14056,256052,6050272,78.99,5480676,160960,224,5371612,43288,3360,14664,17940,0,0,0.00,0,0.00,10,406,4.39,4.04,3.76,0,0.40,0.00,8.00,20.00,0.00,0.00,0.00,0.00,3.60,4.20,0.44,1.58,0.00,0.00,0.00,0.00
2018-01-05 22:11:13,99.80,0.00,0.20,0.00,0.00,0.00,0.00,0.00,0.00,0.00,0.00,2404.80,1605.60,0.00,0.00,0.00,0.00,19.00,0.00,23.20,0.00,0.00,0.00,0.00,0.00,0.00,0.00,0.00,0.00,1895064,0,5764448,75.26,14056,256080,6050272,78.99,5480712,160976,256,5371624,43312,3360,14664,17940,0,0,0.00,0,0.00,4,406,4.36,4.04,3.76,0,0.00,0.00,0.00,0.00,0.00,0.00,0.00,0.00,1.60,2.80,0.20,0.87,0.00,0.00,0.00,0.00
2018-01-05 22:11:18,99.90,0.00,0.10,0.00,0.00,0.00,0.00,0.00,0.00,0.00,0.00,2490.60,1611.80,0.00,0.00,0.00,4.00,17.60,0.00,24.00,0.00,0.00,0.00,0.00,0.40,0.00,0.40,0.00,8.00,1895072,0,5764440,75.26,14064,256104,6050272,78.99,5480728,160988,288,5371640,43312,3360,14664,17940,0,0,0.00,0,0.00,4,406,4.33,4.04,3.76,0,0.40,0.00,8.00,20.00,0.00,0.00,0.00,0.00,2.00,4.00,0.34,1.57,0.00,0.00,0.00,0.00
2018-01-05 22:11:23,99.70,0.00,0.30,0.00,0.00,0.00,0.00,0.00,0.00,0.00,0.00,2405.60,1620.20,0.00,0.00,0.00,28.80,23.40,0.00,23.60,0.00,0.00,0.00,0.00,1.60,0.00,1.60,0.00,57.60,1894932,0,5764580,75.26,14072,256132,6050272,78.99,5480780,161008,288,5371648,43336,3360,14664,17940,0,0,0.00,0,0.00,6,406,4.30,4.03,3.76,0,1.60,0.00,57.60,36.00,0.00,0.00,0.00,0.00,1.60,3.20,0.21,0.97,0.00,0.00,0.00,0.00
2018-01-05 22:11:28,99.85,0.00,0.15,0.00,0.00,0.00,0.00,0.00,0.00,0.00,0.60,2330.40,1616.20,0.00,0.00,19.20,45.60,80.80,0.00,103.00,0.00,0.00,0.00,0.00,5.80,4.80,1.00,38.40,91.20,1895064,0,5764448,75.26,14160,256156,6050272,78.99,5479988,161052,144,5370728,43332,3368,14668,17940,0,0,0.00,0,0.00,4,407,4.28,4.03,3.76,0,5.80,38.40,91.20,22.34,0.00,0.00,0.00,0.00,1.80,3.60,0.32,1.47,0.00,0.00,0.00,0.00
2018-01-05 22:11:33,99.80,0.00,0.20,0.00,0.00,0.00,0.00,0.00,0.00,0.00,0.00,2627.20,1611.80,0.00,0.00,0.00,9.60,19.60,0.00,23.20,0.00,0.00,0.00,0.00,0.80,0.00,0.80,0.00,19.20,1895056,0,5764456,75.26,14168,256184,6050272,78.99,5480000,161056,168,5370740,43348,3368,14668,17940,0,0,0.00,0,0.00,4,407,4.26,4.03,3.76,0,0.80,0.00,19.20,24.00,0.00,0.00,0.00,0.00,1.60,3.20,0.21,0.97,0.00,0.00,0.00,0.00
2018-01-05 22:11:38,83.82,0.00,0.05,0.00,0.05,0.00,0.00,0.00,0.00,16.08,0.00,2302.20,1551.60,0.00,0.00,0.00,5.60,15.80,0.00,26.40,0.00,0.00,0.00,0.00,0.40,0.00,0.40,0.00,11.20,1895064,0,5764448,75.26,14176,256220,6050272,78.99,5480012,161080,232,5370756,43348,3368,14668,17940,0,0,0.00,0,0.00,0,407,4.23,4.03,3.77,0,0.40,0.00,11.20,28.00,0.00,0.00,0.00,0.00,2.80,4.80,0.39,3.72,0.00,0.00,0.00,0.00
2018-01-05 22:11:43,20.49,0.00,0.20,0.00,0.00,0.00,0.05,0.00,0.00,79.25,0.00,1922.60,1163.80,0.00,0.00,0.00,16.00,14.80,0.00,598.00,0.00,0.00,0.00,0.00,0.60,0.00,0.60,0.00,32.00,1894932,0,5764580,75.26,14188,256248,6050272,78.99,5480052,161096,316,5370792,43364,3368,14668,17940,0,0,0.00,0,0.00,4,407,3.90,3.97,3.75,0,0.60,0.00,32.00,53.33,0.00,0.00,0.00,0.00,144.60,48.60,1208.64,5.82,0.00,0.00,0.00,0.10
2018-01-05 22:11:48,99.80,0.00,0.20,0.00,0.00,0.00,0.00,0.00,0.00,0.00,0.00,2324.20,1605.40,0.00,0.00,0.00,0.00,18.80,0.00,23.20,0.00,0.00,0.00,0.00,0.00,0.00,0.00,0.00,0.00,1894932,0,5764580,75.26,14188,256272,6050272,78.99,5480076,161116,344,5370804,43372,3368,14668,17940,0,0,0.00,0,0.00,4,407,3.90,3.97,3.75,0,0.00,0.00,0.00,0.00,0.00,0.00,0.00,0.00,2.00,4.00,0.34,1.57,0.00,0.00,0.00,0.00
2018-01-05 22:11:53,99.80,0.00,0.20,0.00,0.00,0.00,0.00,0.00,0.00,0.00,0.00,2586.00,1607.40,0.00,0.00,0.00,28.00,24.20,0.00,24.40,0.00,0.00,0.00,0.00,1.60,0.00,1.60,0.00,56.00,1894916,0,5764596,75.26,14196,256296,6050272,78.99,5480120,161128,344,5370816,43396,3368,14668,17940,0,0,0.00,0,0.00,4,407,3.91,3.97,3.75,0,1.60,0.00,56.00,35.00,0.00,0.50,0.50,0.08,1.60,3.20,0.21,0.97,0.00,0.00,0.00,0.00
2018-01-05 22:11:58,99.80,0.00,0.20,0.00,0.00,0.00,0.00,0.00,0.00,0.00,0.00,2575.60,1591.00,0.00,0.00,0.00,6.40,17.60,0.00,590.40,0.00,0.00,0.00,0.00,0.40,0.00,0.40,0.00,12.80,1905784,0,5753728,75.12,14204,256324,6037736,78.83,5468868,161148,376,5359544,43396,3368,14648,17940,0,0,0.00,0,0.00,4,407,3.92,3.97,3.75,0,0.40,0.00,12.80,32.00,0.00,0.00,0.00,0.00,1.80,3.60,0.32,1.47,0.00,0.00,0.00,0.00
2018-01-05 22:12:03,99.85,0.00,0.15,0.00,0.00,0.00,0.00,0.00,0.00,0.00,0.00,2508.00,1596.60,0.00,0.00,0.00,42.40,20.40,0.00,66.60,0.00,0.00,0.00,0.00,1.20,0.00,1.20,0.00,84.80,1905800,0,5753712,75.12,14212,256352,6037736,78.83,5468464,161168,228,5359108,43388,3368,14648,17940,0,0,0.00,0,0.00,5,396,3.92,3.97,3.75,0,1.20,0.00,84.80,70.67,0.00,0.00,0.00,0.00,1.80,3.40,0.22,0.98,0.00,0.00,0.00,0.00
2018-01-05 22:12:08,99.85,0.00,0.15,0.00,0.00,0.00,0.00,0.00,0.00,0.00,0.00,2488.00,1598.20,0.00,0.00,0.00,19.20,17.20,0.00,28.80,0.00,0.00,0.00,0.00,3.60,0.00,3.60,0.00,38.40,1905772,0,5753740,75.12,14220,256376,6037736,78.83,5468128,161204,176,5358752,43396,3272,14648,17940,0,0,0.00,0,0.00,4,395,3.93,3.97,3.75,0,3.60,0.00,38.40,10.67,0.00,0.00,0.00,0.00,2.00,4.00,0.34,1.57,0.00,0.00,0.00,0.00
2018-01-05 22:12:13,99.90,0.00,0.10,0.00,0.00,0.00,0.00,0.00,0.00,0.00,0.00,2450.80,1582.60,0.00,0.00,0.00,6.40,19.20,0.00,26.00,0.00,0.00,0.00,0.00,1.60,0.00,1.60,0.00,12.80,1905804,0,5753708,75.12,14220,256400,6037736,78.83,5468132,161212,172,5358760,43372,3272,14648,17940,0,0,0.00,0,0.00,4,395,3.94,3.97,3.75,0,1.60,0.00,12.80,8.00,0.00,0.00,0.00,0.00,1.60,3.00,0.20,0.88,0.00,0.00,0.00,0.00
2018-01-05 22:12:18,99.80,0.00,0.20,0.00,0.00,0.00,0.00,0.00,0.00,0.00,0.00,2421.20,1586.00,0.00,0.00,0.00,47.20,22.20,0.00,26.80,0.00,0.00,0.00,0.00,3.60,0.00,3.60,0.00,94.40,1905788,0,5753724,75.12,14228,256424,6037736,78.83,5468148,161224,100,5358776,43316,3272,14648,17940,0,0,0.00,0,0.00,4,395,4.02,3.99,3.76,0,3.60,0.00,94.40,26.22,0.00,0.00,0.00,0.00,2.00,4.00,0.34,1.57,0.00,0.00,0.00,0.00
2018-01-05 22:12:23,99.80,0.00,0.20,0.00,0.00,0.00,0.00,0.00,0.00,0.00,0.00,2523.20,1567.80,0.00,0.00,0.00,8.80,19.60,0.00,55.40,0.00,0.00,0.00,0.00,0.40,0.00,0.40,0.00,17.60,1906276,0,5753236,75.11,14236,256448,6037736,78.83,5467676,161240,164,5358284,43212,3272,14648,17940,0,0,0.00,0,0.00,6,395,4.34,4.05,3.78,0,0.40,0.00,17.60,44.00,0.00,0.00,0.00,0.00,1.60,3.20,0.21,0.97,0.00,0.00,0.00,0.00
2018-01-05 22:12:28,99.85,0.00,0.15,0.00,0.00,0.00,0.00,0.00,0.00,0.00,0.00,2553.80,1564.40,0.00,0.00,0.00,4.80,18.00,0.00,27.00,0.00,0.00,0.00,0.00,0.40,0.00,0.40,0.00,9.60,1906308,0,5753204,75.11,14244,256476,6037736,78.83,5467632,161260,196,5358244,43188,3264,14648,17940,0,0,0.00,0,0.00,4,394,4.31,4.05,3.79,0,0.40,0.00,9.60,24.00,0.00,0.00,0.00,0.00,1.80,3.60,0.32,1.47,0.00,0.00,0.00,0.00
2018-01-05 22:12:33,99.85,0.00,0.15,0.00,0.00,0.00,0.00,0.00,0.00,0.00,0.00,2303.20,1579.20,0.00,0.00,0.00,3.20,19.00,0.00,26.00,0.00,0.00,0.00,0.00,0.40,0.00,0.40,0.00,6.40,1906276,0,5753236,75.11,14252,256492,6037736,78.83,5467664,161280,220,5358256,43220,3264,14648,17940,0,0,0.00,0,0.00,4,394,4.29,4.05,3.79,0,0.40,0.00,6.40,16.00,0.00,0.00,0.00,0.00,1.80,3.40,0.30,1.07,0.00,0.00,0.00,0.00
2018-01-05 22:12:38,99.95,0.00,0.05,0.00,0.00,0.00,0.00,0.00,0.00,0.00,0.00,2307.20,1572.40,0.00,0.00,0.00,0.00,17.40,0.00,24.40,0.00,0.00,0.00,0.00,0.00,0.00,0.00,0.00,0.00,1906260,0,5753252,75.11,14252,256528,6037736,78.83,5467680,161300,252,5358268,43236,3264,14648,17940,0,0,0.00,0,0.00,4,394,4.58,4.12,3.81,0,0.00,0.00,0.00,0.00,0.00,0.00,0.00,0.00,2.20,4.20,0.35,1.58,0.00,0.00,0.00,0.00
2018-01-05 22:12:43,99.90,0.00,0.10,0.00,0.00,0.00,0.00,0.00,0.00,0.00,0.00,2656.60,1551.80,0.00,0.00,0.00,4.00,20.20,0.00,25.60,0.00,0.00,0.00,0.00,0.40,0.00,0.40,0.00,8.00,1906228,0,5753284,75.11,14260,256552,6037736,78.83,5467704,161312,280,5358296,43268,3264,14648,17940,0,0,0.00,0,0.00,4,394,4.54,4.11,3.81,0,0.40,0.00,8.00,20.00,0.00,0.00,0.00,0.00,1.40,2.80,0.19,0.87,0.00,0.00,0.00,0.00
2018-01-05 22:12:48,99.70,0.00,0.25,0.00,0.00,0.00,0.05,0.00,0.00,0.00,0.00,2632.00,1567.20,0.00,0.00,0.00,27.20,21.80,0.00,22.80,0.00,0.00,0.00,0.00,2.00,0.00,2.00,0.00,54.40,1906228,0,5753284,75.11,14268,256580,6037736,78.83,5467756,161336,288,5358312,43268,3264,14648,17940,0,0,0.00,0,0.00,6,394,4.50,4.11,3.81,0,2.00,0.00,54.40,27.20,0.00,0.00,0.00,0.00,2.00,4.00,0.34,1.57,0.00,0.00,0.00,0.00
2018-01-05 22:12:53,99.90,0.00,0.10,0.00,0.00,0.00,0.00,0.00,0.00,0.00,0.40,2366.80,1580.20,0.00,0.00,0.00,46.40,256.20,0.00,561.40,0.00,0.00,0.00,0.00,1.00,0.00,1.00,0.00,92.80,1915464,0,5744048,74.99,14276,256608,6026924,78.69,5458368,161384,132,5348908,43320,3280,14900,17940,0,0,0.00,0,0.00,4,396,4.62,4.14,3.82,0,1.00,0.00,92.80,92.80,0.00,0.00,0.00,0.00,3.40,4.80,0.51,1.57,0.00,0.00,0.00,0.00
2018-01-05 22:12:58,99.80,0.00,0.15,0.00,0.00,0.00,0.00,0.00,0.00,0.05,0.00,2334.20,1591.80,0.00,0.00,0.00,8.80,76.60,0.00,122.60,0.00,0.00,0.00,0.00,1.00,0.00,1.00,0.00,17.60,1916544,0,5742968,74.98,14284,256628,6026924,78.69,5457560,161376,156,5348072,43304,3264,14632,17940,0,0,0.00,0,0.00,4,394,4.65,4.16,3.83,0,1.00,0.00,17.60,17.60,0.00,0.00,0.00,0.00,3.80,5.60,0.49,1.62,0.00,0.00,0.00,0.00
2018-01-05 22:13:03,99.90,0.00,0.05,0.00,0.00,0.00,0.00,0.00,0.00,0.05,0.00,2431.80,1588.20,0.00,0.00,0.00,4.00,19.00,0.00,23.20,0.00,0.00,0.00,0.00,0.40,0.00,0.40,0.00,8.00,1916396,0,5743116,74.98,14292,256652,6026924,78.69,5457584,161392,184,5348092,43336,3264,14632,17940,0,0,0.00,0,0.00,4,394,4.59,4.16,3.83,0,0.40,0.00,8.00,20.00,0.00,0.00,0.00,0.00,1.60,3.20,0.21,0.97,0.00,0.00,0.00,0.00
2018-01-05 22:13:08,99.75,0.00,0.25,0.00,0.00,0.00,0.00,0.00,0.00,0.00,0.00,2461.60,1594.40,0.00,0.00,0.00,0.00,16.80,0.00,25.20,0.00,0.00,0.00,0.00,0.00,0.00,0.00,0.00,0.00,1916356,0,5743156,74.98,14292,256676,6026924,78.69,5457600,161412,208,5348096,43384,3264,14632,17940,0,0,0.00,0,0.00,4,394,4.71,4.19,3.84,0,0.00,0.00,0.00,0.00,0.00,0.00,0.00,0.00,2.20,4.20,0.35,1.58,0.00,0.00,0.00,0.00
2018-01-05 22:13:13,99.70,0.00,0.25,0.00,0.00,0.00,0.00,0.00,0.00,0.05,0.00,2479.40,1596.80,0.00,0.00,0.00,3.20,19.40,0.00,51.80,0.00,0.00,0.00,0.00,0.40,0.00,0.40,0.00,6.40,1916900,0,5742612,74.97,14300,256704,6026924,78.69,5457136,161424,236,5347600,43344,3264,14632,17940,0,0,0.00,0,0.00,4,394,4.65,4.18,3.84,0,0.40,0.00,6.40,16.00,0.00,0.00,0.00,0.00,1.40,2.80,0.19,0.87,0.00,0.00,0.00,0.00
2018-01-05 22:13:18,99.70,0.00,0.20,0.00,0.00,0.00,0.00,0.00,0.00,0.10,0.00,2472.00,1608.60,0.00,0.00,0.00,25.60,21.20,0.00,23.00,0.00,0.00,0.00,0.00,2.60,0.00,2.60,0.00,51.20,1916884,0,5742628,74.97,14308,256728,6026924,78.69,5457164,161444,256,5347604,43368,3264,14632,17940,0,0,0.00,0,0.00,4,394,4.60,4.18,3.84,0,2.60,0.00,51.20,19.69,0.00,0.00,0.00,0.00,2.00,4.00,0.34,1.57,0.00,0.00,0.00,0.00
2018-01-05 22:13:23,99.90,0.00,0.10,0.00,0.00,0.00,0.00,0.00,0.00,0.00,0.00,2478.60,1593.40,0.00,0.00,0.00,6.40,19.40,0.00,30.80,0.00,0.00,0.00,0.00,0.40,0.00,0.40,0.00,12.80,1916904,0,5742608,74.97,14316,256756,6026924,78.69,5457172,161468,292,5347624,43232,3264,14632,17940,0,0,0.00,0,0.00,7,394,4.55,4.18,3.84,0,0.40,0.00,12.80,32.00,0.00,0.00,0.00,0.00,1.60,3.20,0.21,0.97,0.00,0.00,0.00,0.00
2018-01-05 22:13:28,99.90,0.00,0.10,0.00,0.00,0.00,0.00,0.00,0.00,0.00,0.00,2403.60,1596.60,0.00,0.00,0.00,42.40,17.20,0.00,24.00,0.00,0.00,0.00,0.00,1.20,0.00,1.20,0.00,84.80,1916896,0,5742616,74.97,14324,256780,6026924,78.69,5457200,161488,140,5347640,43248,3264,14632,17940,0,0,0.00,0,0.00,4,394,4.51,4.17,3.85,0,1.20,0.00,84.80,70.67,0.00,0.00,0.00,0.00,1.80,3.60,0.32,1.47,0.00,0.00,0.00,0.00
2018-01-05 22:13:33,79.69,0.00,0.10,0.00,0.00,0.00,0.00,0.00,0.00,20.21,0.00,2239.60,1509.60,0.00,0.00,0.00,12.00,17.20,0.00,26.40,0.00,0.00,0.00,0.00,2.00,0.00,2.00,0.00,24.00,1916904,0,5742608,74.97,14332,256804,6026924,78.69,5457228,161508,152,5347648,43248,3264,14632,17940,0,0,0.00,0,0.00,0,394,4.39,4.15,3.84,0,2.00,0.00,24.00,12.00,0.00,0.40,0.40,0.08,2.40,4.00,0.26,3.12,0.00,0.00,0.00,0.00
