timestamp,cpu.%usr,cpu.%nice,cpu.%sys,cpu.%iowait,cpu.%steal,cpu.%irq,cpu.%soft,cpu.%guest,cpu.%gnice,cpu.%idle,task.proc/s,task.cswch/s,intr.intr/s,swap.pswpin/s,swap.pswpout/s,paging.pgpgin/s,paging.pgpgout/s,paging.fault/s,paging.majflt/s,paging.pgfree/s,paging.pgscank/s,paging.pgscand/s,paging.pgsteal/s,paging.%vmeff,io.tps,io.rtps,io.wtps,io.bread/s,io.bwrtn/s,memory.kbmemfree,memory.kbavail,memory.kbmemused,memory.%memused,memory.kbbuffers,memory.kbcached,memory.kbcommit,memory.%commit,memory.kbactive,memory.kbinact,memory.kbdirty,memory.kbanonpg,memory.kbslab,memory.kbkstack,memory.kbpgtbl,memory.kbvmused,swap.kbswpfree,swap.kbswpused,swap.%swpused,swap.kbswpcad,swap.%swpcad,load.runq-sz,load.plist-sz,load.ldavg-1,load.ldavg-5,load.ldavg-15,load.blocked,disk.tps,disk.rd_sec/s,disk.wr_sec/s,disk.avgrq-sz,disk.avgqu-sz,disk.await,disk.svctm,disk.%util,network.rxpck/s,network.txpck/s,network.rxkB/s,network.txkB/s,network.rxcmp/s,network.txcmp/s,network.rxmcst/s,network.%ifutil
2018-01-07 01:26:20,0.30,0.00,0.00,0.20,0.00,0.00,0.00,0.00,0.00,99.50,0.00,253.00,146.60,0.00,0.00,0.00,34.40,560.40,0.00,1258.40,0.00,0.00,0.00,0.00,0.80,0.00,0.80,0.00,68.80,13771248,0,1887752,12.06,34448,1132892,1110744,7.09,866684,854300,304,553652,64248,1920,3316,31532,0,0,0.00,0,0.00,1,226,0.95,1.09,1.40,0,0.80,0.00,68.80,86.00,0.01,10.00,5.00,0.40,3.00,4.20,0.26,0.59,0.00,0.00,0.00,0.00
2018-01-07 01:26:25,1.81,0.00,0.80,0.00,0.00,0.00,0.00,0.00,0.00,97.39,14.40,418.60,333.40,0.00,0.00,0.00,0.00,7739.80,0.00,2460.40,0.00,0.00,0.00,0.00,0.00,0.00,0.00,0.00,0.00,13766808,0,1892192,12.08,34448,1132920,1142272,7.29,870988,854328,324,557944,64208,1944,3820,31532,0,0,0.00,0,0.00,0,229,0.87,1.08,1.39,0,0.00,0.00,0.00,0.00,0.00,0.00,0.00,0.00,8.20,9.20,1.54,1.66,0.00,0.00,0.00,0.00
2018-01-07 01:26:30,0.00,0.00,0.10,0.10,0.10,0.00,0.00,0.00,0.00,99.70,0.00,227.00,133.60,0.00,0.00,0.00,16.80,8.40,0.00,16.60,0.00,0.00,0.00,0.00,0.80,0.00,0.80,0.00,33.60,13766776,0,1892224,12.08,34456,1132944,1142272,7.29,870988,854336,332,557944,64208,1944,3820,31532,0,0,0.00,0,0.00,0,229,0.80,1.06,1.38,0,0.80,0.00,33.60,42.00,0.00,1.00,1.00,0.08,2.20,3.60,0.17,0.75,0.00,0.00,0.00,0.00
2018-01-07 01:26:35,0.00,0.00,0.00,0.00,0.00,0.00,0.00,0.00,0.00,100.00,0.00,219.20,127.00,0.00,0.00,0.00,4.00,7.20,0.00,16.00,0.00,0.00,0.00,0.00,0.40,0.00,0.40,0.00,8.00,13766776,0,1892224,12.08,34464,1132968,1142272,7.29,871000,854352,360,557944,64208,1944,3820,31532,0,0,0.00,0,0.00,0,229,0.74,1.04,1.38,0,0.40,0.00,8.00,20.00,0.00,0.00,0.00,0.00,1.80,3.00,0.14,0.63,0.00,0.00,0.00,0.00
2018-01-07 01:26:40,0.00,0.00,0.10,0.00,0.00,0.00,0.00,0.00,0.00,99.90,0.00,223.00,134.80,0.00,0.00,0.00,42.40,7.20,0.00,17.80,0.00,0.00,0.00,0.00,5.40,0.00,5.40,0.00,84.80,13766808,0,1892192,12.08,34464,1132992,1142272,7.29,871008,854372,168,557944,64208,1944,3820,31532,0,0,0.00,0,0.00,0,229,0.68,1.02,1.37,0,5.40,0.00,84.80,15.70,0.00,0.00,0.00,0.00,1.80,3.20,0.15,0.73,0.00,0.00,0.00,0.00
2018-01-07 01:26:45,0.10,0.00,0.00,0.00,0.00,0.00,0.00,0.00,0.00,99.90,0.00,226.00,134.80,0.00,0.00,0.00,4.00,7.40,0.00,16.40,0.00,0.00,0.00,0.00,0.80,0.00,0.80,0.00,8.00,13766808,0,1892192,12.08,34472,1133012,1142272,7.29,871024,854392,184,557948,64208,1944,3820,31532,0,0,0.00,0,0.00,0,229,0.63,1.01,1.36,0,0.80,0.00,8.00,10.00,0.00,0.00,0.00,0.00,2.20,3.60,0.17,0.75,0.00,0.00,0.00,0.00
2018-01-07 01:26:50,2.95,0.00,1.22,0.00,0.51,0.00,0.81,0.00,0.00,94.51,3.60,1782.80,2352.40,0.00,0.00,0.00,57.60,503.60,0.00,2973.40,0.00,0.00,0.00,0.00,1.60,0.00,1.60,0.00,115.20,13730944,0,1928056,12.31,34480,1168068,1142272,7.29,871580,889428,35164,558464,64312,1992,3824,31532,0,0,0.00,0,0.00,1,235,0.58,0.99,1.35,0,1.60,0.00,115.20,72.00,0.08,51.00,36.00,5.76,815.60,602.80,7084.57,41.56,0.00,0.00,0.00,0.00
2018-01-07 01:26:55,1.11,0.00,0.40,0.00,0.20,0.00,0.40,0.00,0.00,97.89,0.00,831.20,941.80,0.00,0.00,0.00,13.60,9.60,0.00,879.80,0.00,0.00,0.00,0.00,0.40,0.00,0.40,0.00,27.20,13719248,0,1939752,12.39,34488,1179016,1142272,7.29,871632,900352,46128,558504,64308,1992,3824,31532,0,0,0.00,0,0.00,0,235,0.53,0.97,1.35,0,0.40,0.00,27.20,68.00,0.00,2.00,2.00,0.08,251.60,225.20,2184.29,16.12,0.00,0.00,0.00,0.00
2018-01-07 01:27:00,0.51,0.00,0.20,0.00,0.10,0.00,0.10,0.00,0.00,99.09,0.00,672.20,747.80,0.00,0.00,0.00,11.20,8.80,0.00,638.60,0.00,0.00,0.00,0.00,1.00,0.00,1.00,0.00,22.40,13703668,0,1955332,12.49,34496,1186656,1142272,7.29,879728,908104,53772,566592,64308,1984,3824,31532,0,0,0.00,0,0.00,1,234,0.49,0.96,1.34,0,1.00,0.00,22.40,22.40,0.00,0.00,0.00,0.00,179.20,169.20,1557.75,12.27,0.00,0.00,0.00,0.00
2018-01-07 01:27:05,0.61,0.00,0.30,0.00,0.30,0.00,0.30,0.00,0.00,98.48,0.00,1065.40,1310.60,0.00,0.00,0.00,4.80,8.00,0.00,1106.40,0.00,0.00,0.00,0.00,0.40,0.00,0.40,0.00,9.60,13690116,0,1968884,12.57,34504,1200476,1142272,7.29,879744,921864,67592,566596,64308,1984,3824,31532,0,0,0.00,0,0.00,0,234,0.53,0.96,1.34,0,0.40,0.00,9.60,24.00,0.00,0.00,0.00,0.00,316.60,278.40,2765.50,19.51,0.00,0.00,0.00,0.00
2018-01-07 01:27:10,0.40,0.00,0.10,0.00,0.20,0.00,0.40,0.00,0.00,98.89,0.00,732.40,847.40,0.00,0.00,0.00,3.20,7.60,0.00,674.20,0.00,0.00,0.00,0.00,0.40,0.00,0.40,0.00,6.40,13681908,0,1977092,12.63,34512,1208684,1142272,7.29,879756,930112,75800,566596,64308,1984,3824,31532,0,0,0.00,0,0.00,1,234,0.49,0.94,1.33,0,0.40,0.00,6.40,16.00,0.00,0.00,0.00,0.00,191.80,179.40,1666.76,13.01,0.00,0.00,0.00,0.00
2018-01-07 01:27:15,0.20,0.00,0.20,0.00,0.20,0.00,0.20,0.00,0.00,99.19,0.00,763.80,915.20,0.00,0.00,0.00,24.00,7.80,0.00,739.80,0.00,0.00,0.00,0.00,4.40,0.00,4.40,0.00,48.00,13673284,0,1985716,12.68,34520,1217732,1142272,7.29,879548,939128,84740,566376,64308,1960,3824,31532,0,0,0.00,0,0.00,1,231,0.45,0.92,1.32,0,4.40,0.00,48.00,10.91,0.00,0.00,0.00,0.00,206.40,186.00,1796.84,13.37,0.00,0.00,0.00,0.00
2018-01-07 01:27:20,0.51,0.00,0.51,3.16,0.51,0.00,0.31,0.00,0.00,95.00,0.00,1334.40,1837.60,0.00,0.00,0.00,17311.20,7.20,0.00,1653.40,0.00,0.00,0.00,0.00,136.40,0.00,136.40,0.00,34622.40,13652632,0,2006368,12.81,34528,1238316,1142272,7.29,879556,959464,18848,566376,64344,1960,3824,31532,0,0,0.00,0,0.00,0,231,0.41,0.91,1.32,0,136.40,0.00,34622.40,253.83,12.82,93.97,0.98,13.36,471.80,420.20,4133.04,29.27,0.00,0.00,0.00,0.00
2018-01-07 01:27:25,0.20,0.00,0.10,0.00,0.20,0.00,0.30,0.00,0.00,99.19,0.00,854.00,1013.00,0.00,0.00,0.00,39.20,7.60,0.00,914.00,0.00,0.00,0.00,0.00,1.40,0.00,1.40,0.00,78.40,13641352,0,2017648,12.88,34536,1249720,1142272,7.29,879576,971036,30088,566384,64344,1960,3824,31532,0,0,0.00,0,0.00,0,231,0.38,0.89,1.31,0,1.40,0.00,78.40,56.00,0.00,0.00,0.00,0.00,261.00,233.60,2271.30,16.71,0.00,0.00,0.00,0.00
2018-01-07 01:27:30,1.43,0.00,0.82,0.10,0.61,0.00,0.92,0.00,0.00,96.11,0.00,1992.00,2666.60,0.00,0.00,0.00,13.60,9.60,0.00,3892.60,0.00,0.00,0.00,0.00,1.00,0.00,1.00,0.00,27.20,13596288,0,2062712,13.17,34544,1290000,1142272,7.29,882644,1011228,70372,569440,65208,1960,3824,31532,0,0,0.00,0,0.00,0,231,0.35,0.88,1.30,0,1.00,0.00,27.20,27.20,0.00,0.00,0.00,0.00,928.40,659.80,8124.63,45.28,0.00,0.00,0.00,0.00
2018-01-07 01:27:35,62.90,0.00,4.99,0.00,0.51,0.00,0.92,0.00,0.00,30.68,12.40,2419.60,2981.60,0.00,0.00,0.00,4.80,9911.60,0.00,15665.60,0.00,0.00,0.00,0.00,0.40,0.00,0.40,0.00,9.60,13314600,0,2344400,14.97,34564,1330060,2157720,13.78,1218300,950140,196940,803856,70424,2224,5056,31532,0,0,0.00,0,0.00,5,264,0.80,0.96,1.33,0,0.40,0.00,9.60,24.00,0.00,0.00,0.00,0.00,940.00,612.80,8205.84,41.90,0.00,0.00,0.00,0.00
2018-01-07 01:27:40,74.07,0.00,3.62,0.00,0.41,0.00,0.93,0.00,0.00,20.97,7.20,2546.80,3585.20,0.00,0.00,0.00,50.40,5854.40,0.00,10266.20,0.00,0.00,0.00,0.00,0.80,0.00,0.80,0.00,100.80,12979692,0,2679308,17.11,34580,1388956,2444396,15.61,1527832,974976,256040,1079804,70572,2400,5656,31532,0,0,0.00,0,0.00,2,284,0.82,0.97,1.33,0,0.80,0.00,100.80,126.00,0.00,0.00,0.00,0.00,1366.40,913.80,11840.06,68.03,0.00,0.00,0.00,0.00
2018-01-07 01:27:45,9.84,0.00,2.12,0.00,0.95,0.00,0.85,0.00,0.00,86.24,0.00,3139.80,5034.40,0.00,0.00,0.00,70.40,18.00,0.00,10139.00,0.00,0.00,0.00,0.00,7.20,0.00,7.20,0.00,140.80,12902884,0,2756116,17.60,34592,1467816,2444396,15.61,1567116,1012104,334660,1077036,70912,2360,5652,31532,0,0,0.00,0,0.00,2,281,0.83,0.97,1.32,0,7.20,0.00,140.80,19.56,0.00,0.00,0.00,0.00,1810.20,1414.60,15894.31,96.99,0.00,0.00,0.00,0.00
2018-01-07 01:27:50,4.32,0.00,1.34,18.21,0.62,0.00,0.72,0.00,0.00,74.79,0.00,1837.00,2815.00,0.00,0.00,0.00,30392.00,14.20,0.00,5843.60,0.00,0.00,0.00,0.00,211.20,0.00,211.20,0.00,53974.40,12864052,0,2794948,17.85,34608,1506476,2444396,15.61,1586128,1030300,221496,1075388,72260,2360,5644,31532,0,0,0.00,0,0.00,0,281,0.93,0.98,1.33,2,211.20,0.00,53974.40,255.56,45.82,192.81,1.52,32.08,883.00,737.60,7743.29,50.98,0.00,0.00,0.00,0.00
2018-01-07 01:27:55,79.44,0.00,5.32,4.51,0.00,0.00,0.20,0.00,0.00,10.53,4.60,2173.20,1164.60,0.00,0.00,409.60,4932.00,3263.20,0.00,1142.20,0.00,0.00,0.00,0.00,69.00,3.20,65.80,819.20,16673.60,12136992,0,3522008,22.49,34616,1682956,3369764,21.52,2217516,1120820,373472,1620812,77436,2496,6620,31532,0,0,0.00,0,0.00,7,298,1.17,1.03,1.34,0,69.00,819.20,16673.60,253.52,17.65,329.81,2.41,16.64,21.00,26.60,9.17,14.11,0.00,0.00,0.00,0.00
2018-01-07 01:28:00,49.40,0.00,3.71,0.00,0.10,0.00,0.80,0.00,0.00,45.99,2.20,2586.00,1502.20,0.00,0.00,0.00,55.20,421.40,0.00,4678.20,0.00,0.00,0.00,0.00,1.20,0.00,1.20,0.00,110.40,11881768,0,3777232,24.12,34624,1677868,3369764,21.52,2477200,1116016,373348,1880720,77320,2504,7232,31532,0,0,0.00,0,0.00,0,299,1.08,1.02,1.33,0,1.20,0.00,110.40,92.00,0.00,0.00,0.00,0.00,16.60,24.40,11.00,16.73,0.00,0.00,0.00,0.00
2018-01-07 01:28:05,4.71,0.00,0.90,0.00,0.00,0.00,0.00,0.00,0.00,94.38,0.00,375.00,270.60,0.00,0.00,0.00,6.40,635.40,0.00,6005.40,0.00,0.00,0.00,0.00,0.40,0.00,0.40,0.00,12.80,11722416,0,3936584,25.14,34632,1672772,3919052,25.03,2640656,1111216,373388,2044464,77212,2488,7452,31532,0,0,0.00,0,0.00,1,297,0.99,1.00,1.33,0,0.40,0.00,12.80,32.00,0.00,0.00,0.00,0.00,4.00,5.00,0.29,1.58,0.00,0.00,0.00,0.00
2018-01-07 01:28:10,0.40,0.00,0.40,29.51,0.20,0.00,0.00,0.00,0.00,69.49,0.00,367.20,545.60,0.00,0.00,0.80,39384.80,10.00,0.00,702.60,0.00,0.00,0.00,0.00,332.80,0.20,332.60,1.60,78769.60,11726552,0,3932448,25.11,34644,1667680,3919052,25.03,2640608,1106352,176628,2044652,77044,2480,7588,31532,0,0,0.00,0,0.00,1,295,0.91,0.98,1.32,0,332.80,1.60,78769.60,236.69,85.28,256.24,1.91,63.44,2.20,4.20,0.18,1.10,0.00,0.00,0.00,0.00
2018-01-07 01:28:15,0.60,0.00,0.00,0.00,0.00,0.00,0.00,0.00,0.00,99.40,0.00,355.00,214.80,0.00,0.00,0.00,19.20,8.00,0.00,278.00,0.00,0.00,0.00,0.00,0.40,0.00,0.40,0.00,38.40,11731920,0,3927080,25.08,34652,1662584,3919052,25.03,2640152,1101600,176716,2044516,76972,2472,7588,31532,0,0,0.00,0,0.00,0,295,0.84,0.97,1.31,0,0.40,0.00,38.40,96.00,0.00,0.00,0.00,0.00,2.40,4.40,0.19,1.50,0.00,0.00,0.00,0.00
2018-01-07 01:28:20,0.20,0.00,0.10,0.00,0.00,0.00,0.00,0.00,0.00,99.70,0.00,333.00,195.80,0.00,0.00,0.00,45.60,7.60,0.00,891.20,0.00,0.00,0.00,0.00,4.60,0.00,4.60,0.00,91.20,11737116,0,3921884,25.05,34652,1657492,3919052,25.03,2639936,1096752,176556,2044516,76888,2472,7588,31532,0,0,0.00,0,0.00,1,295,0.77,0.95,1.31,0,4.60,0.00,91.20,19.83,0.00,0.00,0.00,0.00,2.20,3.80,0.17,1.04,0.00,0.00,0.00,0.00
2018-01-07 01:28:25,0.60,0.00,0.10,5.13,0.00,0.00,0.00,0.00,0.00,94.16,0.00,347.00,326.20,0.00,0.00,0.00,19664.80,8.00,0.00,278.80,0.00,0.00,0.00,0.00,125.20,0.00,125.20,0.00,31956.80,11742136,0,3916864,25.01,34660,1652396,3919052,25.03,2639700,1091884,78248,2044524,76856,2472,7588,31532,0,0,0.00,0,0.00,1,295,0.79,0.95,1.30,1,125.20,0.00,31956.80,255.25,15.52,82.89,0.87,10.88,2.80,3.80,0.21,1.20,0.00,0.00,0.00,0.00
2018-01-07 01:28:30,1.61,0.00,0.20,19.05,0.10,0.00,0.00,0.00,0.00,79.03,0.00,376.20,381.00,0.00,0.00,0.00,15620.00,87.20,0.00,335.00,0.00,0.00,0.00,0.00,151.40,0.00,151.40,0.00,38612.80,11741132,0,3917868,25.02,34676,1647296,3919052,25.03,2646056,1087092,244,2051172,76716,2472,7600,31532,0,0,0.00,0,0.00,1,295,0.81,0.95,1.30,0,151.40,0.00,38612.80,255.04,45.10,331.85,2.75,41.60,4.00,5.60,0.30,2.03,0.00,0.00,0.00,0.00
2018-01-07 01:28:35,0.50,0.00,0.10,0.00,0.10,0.00,0.00,0.00,0.00,99.30,0.00,343.80,206.60,0.00,0.00,0.00,47.20,9.20,0.00,277.80,0.00,0.00,0.00,0.00,1.20,0.00,1.20,0.00,94.40,11746348,0,3912652,24.99,34684,1642200,3919052,25.03,2645872,1082204,136,2051188,76624,2472,7600,31532,0,0,0.00,0,0.00,0,295,0.74,0.94,1.30,0,1.20,0.00,94.40,78.67,0.00,0.00,0.00,0.00,2.80,4.20,0.21,1.28,0.00,0.00,0.00,0.00
2018-01-07 01:28:40,0.80,0.00,0.00,0.00,0.00,0.00,0.00,0.00,0.00,99.20,0.00,348.20,212.00,0.00,0.00,0.00,7.20,9.40,0.00,282.20,0.00,0.00,0.00,0.00,0.40,0.00,0.40,0.00,14.40,11751704,0,3907296,24.95,34692,1637108,3919052,25.03,2645384,1077500,176,2051084,76584,2456,7600,31532,0,0,0.00,0,0.00,1,293,0.68,0.92,1.29,0,0.40,0.00,14.40,36.00,0.01,34.00,34.00,1.36,2.00,3.80,0.16,1.07,0.00,0.00,0.00,0.00
2018-01-07 01:28:45,0.30,0.00,0.00,0.00,0.00,0.00,0.00,0.00,0.00,99.70,0.00,347.20,201.80,0.00,0.00,0.00,10.40,8.80,0.00,277.20,0.00,0.00,0.00,0.00,1.20,0.00,1.20,0.00,20.80,11756872,0,3902128,24.92,34700,1632004,3919052,25.03,2645144,1072648,184,2051084,76504,2456,7600,31532,0,0,0.00,0,0.00,1,293,0.63,0.91,1.28,0,1.20,0.00,20.80,17.33,0.00,0.00,0.00,0.00,2.40,3.80,0.19,1.12,0.00,0.00,0.00,0.00
2018-01-07 01:28:50,0.30,0.00,0.00,0.00,0.00,0.00,0.00,0.00,0.00,99.70,0.00,340.20,199.60,0.00,0.00,0.00,2.40,8.20,0.00,285.00,0.00,0.00,0.00,0.00,0.40,0.00,0.40,0.00,4.80,11761920,0,3897080,24.89,34700,1626924,3919052,25.03,2644844,1067896,216,2051084,76348,2456,7600,31532,0,0,0.00,0,0.00,1,293,0.58,0.89,1.27,0,0.40,0.00,4.80,12.00,0.00,0.00,0.00,0.00,4.40,5.40,0.32,1.74,0.00,0.00,0.00,0.00
2018-01-07 01:28:55,0.20,0.00,0.10,0.00,0.00,0.00,0.00,0.00,0.00,99.70,0.00,350.00,207.20,0.00,0.00,0.00,20.00,7.60,0.00,288.60,0.00,0.00,0.00,0.00,3.00,0.00,3.00,0.00,40.00,11767232,0,3891768,24.85,34708,1621952,3919052,25.03,2644420,1063048,176,2050948,76260,2440,7600,31532,0,0,0.00,0,0.00,0,291,0.53,0.88,1.27,0,3.00,0.00,40.00,13.33,0.00,1.60,1.60,0.48,2.80,4.20,0.22,1.15,0.00,0.00,0.00,0.00
2018-01-07 01:29:00,8.93,0.00,0.30,0.00,0.10,0.00,0.00,0.00,0.00,90.67,0.00,450.00,366.00,0.00,0.00,0.00,8.00,400.60,0.00,621.00,0.00,0.00,0.00,0.00,0.60,0.00,0.60,0.00,16.00,11771316,0,3887684,24.83,34724,1617632,3919052,25.03,2645784,1058656,1084,2052244,76208,2432,7604,31532,0,0,0.00,0,0.00,0,289,0.49,0.86,1.26,0,0.60,0.00,16.00,26.67,0.00,1.33,1.33,0.08,15.60,19.40,17.36,15.94,0.00,0.00,0.00,0.00
2018-01-07 01:29:05,2.41,0.00,0.10,0.10,0.00,0.00,0.00,0.00,0.00,97.38,0.00,381.20,280.80,0.00,0.00,0.00,28.80,15.40,0.00,303.60,0.00,0.00,0.00,0.00,0.60,0.00,0.60,0.00,57.60,11775740,0,3883260,24.80,34732,1612864,3919052,25.03,2645648,1054280,1536,2052272,76156,2424,7604,31532,0,0,0.00,0,0.00,1,289,0.45,0.85,1.25,0,0.60,0.00,57.60,96.00,0.00,1.33,1.33,0.08,23.00,36.40,4.38,204.20,0.00,0.00,0.00,0.00
2018-01-07 01:29:10,5.43,0.00,0.30,0.00,0.00,0.00,0.00,0.00,0.00,94.27,0.00,429.60,336.80,0.00,0.00,0.00,326.40,26.40,0.00,303.40,0.00,0.00,0.00,0.00,10.20,0.00,10.20,0.00,652.80,11779924,0,3879076,24.77,34744,1607768,3919052,25.03,2645340,1049424,80,2052408,76052,2424,7604,31532,0,0,0.00,0,0.00,5,289,0.41,0.83,1.25,0,10.20,0.00,652.80,64.00,0.06,5.73,0.86,0.88,19.20,22.20,28.38,36.99,0.00,0.00,0.00,0.00
2018-01-07 01:29:15,1.51,0.00,0.00,0.00,0.00,0.00,0.00,0.00,0.00,98.49,0.00,352.00,219.20,0.00,0.00,0.00,20.80,9.20,0.00,286.00,0.00,0.00,0.00,0.00,0.40,0.00,0.40,0.00,41.60,11784808,0,3874192,24.74,34752,1602668,3919052,25.03,2645264,1044576,200,2052520,76008,2424,7604,31532,0,0,0.00,0,0.00,0,289,0.38,0.82,1.24,0,0.40,0.00,41.60,104.00,0.00,2.00,2.00,0.08,9.80,11.00,3.60,9.34,0.00,0.00,0.00,0.00
2018-01-07 01:29:20,1.51,0.00,0.30,0.00,0.10,0.00,0.00,0.00,0.00,98.09,0.00,344.00,219.80,0.00,0.00,0.00,4.00,14.20,0.00,286.00,0.00,0.00,0.00,0.00,0.40,0.00,0.40,0.00,8.00,11740880,0,3918120,25.02,34760,1597572,3919052,25.03,2694300,1039780,224,2101696,75908,2424,7700,31532,0,0,0.00,0,0.00,0,289,0.35,0.81,1.23,0,0.40,0.00,8.00,20.00,0.00,0.00,0.00,0.00,6.40,7.00,3.42,4.32,0.00,0.00,0.00,0.00
2018-01-07 01:29:25,5.55,0.00,1.61,0.00,0.00,0.00,0.00,0.00,0.00,92.84,0.00,633.20,444.40,0.00,0.00,0.00,4.80,7421.40,0.00,9180.40,0.00,0.00,0.00,0.00,0.40,0.00,0.40,0.00,9.60,11341928,0,4317072,27.57,34768,1592500,4655644,29.73,3097604,1034912,260,2505152,75804,2424,8488,31532,0,0,0.00,0,0.00,0,289,0.35,0.81,1.23,0,0.40,0.00,9.60,24.00,0.00,0.00,0.00,0.00,3.80,4.80,1.76,3.31,0.00,0.00,0.00,0.00
2018-01-07 01:29:30,0.40,0.00,0.00,0.00,0.10,0.00,0.00,0.00,0.00,99.50,0.00,327.80,190.80,0.00,0.00,0.00,4.00,7.80,0.00,277.60,0.00,0.00,0.00,0.00,0.40,0.00,0.40,0.00,8.00,11347036,0,4311964,27.54,34776,1587396,4655644,29.73,3097208,1030128,284,2505156,75764,2424,8488,31532,0,0,0.00,0,0.00,0,289,0.32,0.79,1.23,0,0.40,0.00,8.00,20.00,0.00,0.00,0.00,0.00,3.80,3.40,0.28,1.82,0.00,0.00,0.00,0.00
2018-01-07 01:29:35,0.20,0.00,0.10,0.00,0.00,0.00,0.00,0.00,0.00,99.70,0.00,329.60,188.80,0.00,0.00,0.00,0.00,7.40,0.00,277.00,0.00,0.00,0.00,0.00,0.00,0.00,0.00,0.00,0.00,11352196,0,4306804,27.50,34776,1582232,4655644,29.73,3096968,1025348,304,2505156,75660,2424,8488,31532,0,0,0.00,0,0.00,1,289,0.30,0.78,1.22,0,0.00,0.00,0.00,0.00,0.00,0.00,0.00,0.00,1.60,3.00,0.12,1.07,0.00,0.00,0.00,0.00
2018-01-07 01:29:40,0.40,0.00,0.10,0.00,0.00,0.00,0.00,0.00,0.00,99.50,0.00,348.00,215.00,0.00,0.00,0.00,18.40,11.40,0.00,284.40,0.00,0.00,0.00,0.00,1.40,0.00,1.40,0.00,36.80,11356916,0,4302084,27.47,34784,1577188,4655644,29.73,3096816,1020520,304,2505172,75536,2424,8488,31532,0,0,0.00,0,0.00,0,289,0.27,0.77,1.21,0,1.40,0.00,36.80,26.29,0.00,0.00,0.00,0.00,5.00,6.40,3.33,2.85,0.00,0.00,0.00,0.00
2018-01-07 01:29:45,2.71,0.00,0.20,0.00,0.00,0.00,0.00,0.00,0.00,97.09,0.00,375.40,251.00,0.00,0.00,0.00,41.60,18.00,0.00,295.40,0.00,0.00,0.00,0.00,1.40,0.00,1.40,0.00,83.20,11362264,0,4296736,27.44,34820,1572272,4655644,29.73,3096628,1015780,356,2505308,75444,2424,8488,31532,0,0,0.00,0,0.00,1,289,0.25,0.75,1.21,0,1.40,0.00,83.20,59.43,0.00,0.00,0.00,0.00,14.20,14.40,24.81,6.99,0.00,0.00,0.00,0.00
2018-01-07 01:29:50,26.45,0.00,0.30,0.50,0.00,0.00,0.00,0.00,0.00,72.75,0.00,422.40,378.20,0.00,0.00,0.00,42.40,15.00,0.00,239.80,0.00,0.00,0.00,0.00,4.00,0.00,4.00,0.00,84.80,11365588,0,4293412,27.42,34864,1569052,4655644,29.73,3097500,1011740,1196,2505384,75356,2424,8488,31532,0,0,0.00,0,0.00,1,289,0.23,0.74,1.20,0,4.00,0.00,84.80,21.20,0.01,1.40,1.40,0.56,10.80,11.00,8.27,8.42,0.00,0.00,0.00,0.00
2018-01-07 01:29:55,4.63,0.00,0.10,0.00,0.00,0.00,0.00,0.00,0.00,95.27,0.00,351.80,233.00,0.00,0.00,0.00,21.60,10.80,0.00,276.60,0.00,0.00,0.00,0.00,0.40,0.00,0.40,0.00,43.20,11369912,0,4289088,27.39,34884,1564284,4655644,29.73,3097388,1007200,1652,2505428,75332,2424,8488,31532,0,0,0.00,0,0.00,0,289,0.21,0.73,1.20,0,0.40,0.00,43.20,108.00,0.00,0.00,0.00,0.00,2.40,5.00,4.62,4.78,0.00,0.00,0.00,0.00
2018-01-07 01:30:00,0.10,0.00,0.10,0.10,0.00,0.00,0.00,0.00,0.00,99.70,0.00,322.40,185.80,0.00,0.00,0.00,13.60,7.80,0.00,277.80,0.00,0.00,0.00,0.00,0.40,0.00,0.40,0.00,27.20,11375084,0,4283916,27.36,34892,1559240,4655644,29.73,3097132,1002496,1700,2505436,75280,2424,8488,31532,0,0,0.00,0,0.00,0,289,0.19,0.72,1.19,0,0.40,0.00,27.20,68.00,0.00,0.00,0.00,0.00,4.00,2.00,0.25,0.74,0.00,0.00,0.00,0.00
2018-01-07 01:30:05,0.40,0.00,0.10,0.00,0.10,0.00,0.00,0.00,0.00,99.40,0.20,362.80,232.80,0.00,0.00,0.00,3.20,13.80,0.00,291.80,0.00,0.00,0.00,0.00,0.40,0.00,0.40,0.00,6.40,11380484,0,4278516,27.32,34900,1554104,4655644,29.73,3096648,997768,1732,2505420,75124,2424,8488,31532,0,0,0.00,0,0.00,1,289,0.18,0.70,1.18,0,0.40,0.00,6.40,16.00,0.00,0.00,0.00,0.00,6.60,8.20,2.33,2.33,0.00,0.00,0.00,0.00
2018-01-07 01:30:10,3.92,0.00,0.40,0.00,0.10,0.00,0.20,0.00,0.00,95.38,1.20,585.20,616.60,0.00,0.00,0.00,24.00,78.00,0.00,1407.20,0.00,0.00,0.00,0.00,1.20,0.00,1.20,0.00,48.00,11387816,0,4271184,27.28,34924,1549016,4655644,29.73,3092000,992740,1756,2502848,75020,2472,8500,31532,0,0,0.00,0,0.00,1,295,0.16,0.69,1.18,0,1.20,0.00,48.00,40.00,0.00,0.00,0.00,0.00,135.20,113.80,656.53,294.57,0.00,0.00,0.00,0.00
2018-01-07 01:30:15,0.50,0.00,0.20,0.00,0.00,0.00,0.00,0.00,0.00,99.30,0.20,345.20,219.40,0.00,0.00,0.00,14.40,12.80,0.00,350.60,0.00,0.00,0.00,0.00,0.40,0.00,0.40,0.00,28.80,11393756,0,4265244,27.24,35264,1542508,4655644,29.73,3093684,986884,384,2502820,75276,2480,8484,31532,0,0,0.00,0,0.00,0,296,0.23,0.70,1.18,0,0.40,0.00,28.80,72.00,0.00,0.00,0.00,0.00,6.20,8.80,6.47,1.58,0.00,0.00,0.00,0.00
2018-01-07 01:30:20,3.63,0.00,0.10,0.30,0.00,0.00,0.00,0.00,0.00,95.97,0.00,361.40,256.80,0.00,0.00,0.00,157.60,11.40,0.00,314.40,0.00,0.00,0.00,0.00,4.40,0.00,4.40,0.00,315.20,11398984,0,4260016,27.20,35272,1537368,4655644,29.73,3092984,982452,844,2502824,75276,2480,8484,31532,0,0,0.00,0,0.00,1,296,0.21,0.69,1.17,0,4.40,0.00,315.20,71.64,0.02,5.45,1.45,0.64,12.20,12.20,34.56,7.25,0.00,0.00,0.00,0.00
2018-01-07 01:30:25,0.80,0.00,0.10,0.00,0.00,0.00,0.00,0.00,0.00,99.10,0.00,333.80,198.40,0.00,0.00,0.00,0.00,7.40,0.00,284.00,0.00,0.00,0.00,0.00,0.00,0.00,0.00,0.00,0.00,11404200,0,4254800,27.17,35272,1532492,4655644,29.73,3092764,977880,1108,2502828,75104,2480,8484,31532,0,0,0.00,0,0.00,0,296,0.20,0.68,1.16,0,0.00,0.00,0.00,0.00,0.00,0.00,0.00,0.00,2.80,4.80,5.16,5.09,0.00,0.00,0.00,0.00
2018-01-07 01:30:30,3.32,0.00,0.00,0.10,0.00,0.00,0.00,0.00,0.00,96.58,0.00,340.00,224.00,0.00,0.00,0.00,13.60,7.80,0.00,281.60,0.00,0.00,0.00,0.00,0.40,0.00,0.40,0.00,27.20,11408604,0,4250396,27.14,35280,1527628,4655644,29.73,3092364,973324,1312,2502828,75020,2480,8484,31532,0,0,0.00,0,0.00,1,296,0.18,0.66,1.16,0,0.40,0.00,27.20,68.00,0.00,2.00,2.00,0.08,7.40,5.80,12.59,2.49,0.00,0.00,0.00,0.00
2018-01-07 01:30:35,7.85,0.00,0.20,0.00,0.10,0.00,0.00,0.00,0.00,91.85,0.00,369.40,274.20,0.00,0.00,0.00,9.60,9.80,0.00,260.60,0.00,0.00,0.00,0.00,0.40,0.00,0.40,0.00,19.20,11412948,0,4246052,27.12,35292,1523724,4655644,29.73,3092684,969164,2060,2502856,74928,2480,8484,31532,0,0,0.00,0,0.00,1,296,0.17,0.65,1.15,0,0.40,0.00,19.20,48.00,0.00,2.00,2.00,0.08,4.60,7.60,8.27,6.88,0.00,0.00,0.00,0.00
2018-01-07 01:30:40,0.20,0.00,0.00,0.40,0.00,0.00,0.00,0.00,0.00,99.40,0.00,340.40,202.40,0.00,0.00,0.00,16.80,7.40,0.00,279.00,0.00,0.00,0.00,0.00,0.40,0.00,0.40,0.00,33.60,11418212,0,4240788,27.08,35300,1518668,4655644,29.73,3092420,964296,2088,2502856,74828,2480,8484,31532,0,0,0.00,0,0.00,1,296,0.15,0.64,1.14,0,0.40,0.00,33.60,84.00,0.00,12.00,12.00,0.48,3.20,3.60,0.25,1.23,0.00,0.00,0.00,0.00
2018-01-07 01:30:45,0.20,0.00,0.10,0.00,0.00,0.00,0.00,0.00,0.00,99.70,0.00,347.40,204.20,0.00,0.00,0.00,3.20,7.40,0.00,280.20,0.00,0.00,0.00,0.00,0.40,0.00,0.40,0.00,6.40,11423356,0,4235644,27.05,35308,1513528,4655644,29.73,3092160,959496,2116,2502856,74756,2480,8484,31532,0,0,0.00,0,0.00,1,296,0.14,0.63,1.14,0,0.40,0.00,6.40,16.00,0.00,0.00,0.00,0.00,3.00,4.20,0.23,1.15,0.00,0.00,0.00,0.00
2018-01-07 01:30:50,0.30,0.00,0.10,0.00,0.00,0.00,0.10,0.00,0.00,99.50,0.00,384.80,278.40,0.00,0.00,0.00,20.00,10.60,0.00,306.00,0.00,0.00,0.00,0.00,1.60,0.00,1.60,0.00,40.00,11428416,0,4230584,27.02,35316,1508436,4655644,29.73,3092000,954572,2124,2502856,74668,2480,8484,31532,0,0,0.00,0,0.00,1,296,0.13,0.62,1.13,0,1.60,0.00,40.00,25.00,0.00,0.00,0.00,0.00,26.80,45.20,2.06,275.17,0.00,0.00,0.00,0.00
2018-01-07 01:30:55,0.90,0.00,0.00,0.10,0.10,0.00,0.00,0.00,0.00,98.89,0.00,371.00,248.80,0.00,0.00,0.00,211.20,10.40,0.00,294.80,0.00,0.00,0.00,0.00,7.20,0.00,7.20,0.00,422.40,11433632,0,4225368,26.98,35324,1503340,4655644,29.73,3091640,949884,1172,2502856,74528,2480,8484,31532,0,0,0.00,0,0.00,0,296,0.12,0.61,1.12,0,7.20,0.00,422.40,58.67,0.01,1.67,0.67,0.48,9.00,13.20,17.18,6.03,0.00,0.00,0.00,0.00
2018-01-07 01:31:00,7.34,0.00,0.10,0.00,0.00,0.00,0.00,0.00,0.00,92.56,0.00,368.00,279.00,0.00,0.00,0.00,48.80,8.40,0.00,306.60,0.00,0.00,0.00,0.00,1.00,0.00,1.00,0.00,97.60,11438608,0,4220392,26.95,35332,1498964,4655644,29.73,3091428,945656,1788,2502860,74464,2480,8484,31532,0,0,0.00,0,0.00,0,296,0.11,0.60,1.12,0,1.00,0.00,97.60,97.60,0.00,0.00,0.00,0.00,15.80,13.00,49.62,8.82,0.00,0.00,0.00,0.00
2018-01-07 01:31:05,7.34,0.00,0.10,0.00,0.00,0.00,0.00,0.00,0.00,92.56,0.00,370.20,275.20,0.00,0.00,0.00,129.60,10.20,0.00,292.00,0.00,0.00,0.00,0.00,2.20,0.00,2.20,0.00,259.20,11443008,0,4215992,26.92,35344,1494556,4655644,29.73,3091340,941432,2056,2502876,74416,2480,8484,31532,0,0,0.00,0,0.00,0,296,0.10,0.59,1.11,0,2.20,0.00,259.20,117.82,0.00,0.00,0.00,0.00,8.40,8.80,28.14,6.91,0.00,0.00,0.00,0.00
2018-01-07 01:31:10,0.20,0.00,0.20,0.00,0.00,0.00,0.00,0.00,0.00,99.60,0.00,358.80,243.60,0.00,0.00,0.00,71.20,7.60,0.00,296.80,0.00,0.00,0.00,0.00,1.40,0.00,1.40,0.00,142.40,11447652,0,4211348,26.89,35344,1489504,4655644,29.73,3091048,936604,1724,2502876,74344,2480,8484,31532,0,0,0.00,0,0.00,0,296,0.09,0.58,1.11,0,1.40,0.00,142.40,101.71,0.01,10.29,6.86,0.96,17.60,29.60,1.08,172.04,0.00,0.00,0.00,0.00
2018-01-07 01:31:15,0.20,0.00,0.00,0.00,0.00,0.00,0.00,0.00,0.00,99.80,0.00,348.20,221.60,0.00,0.00,0.00,6.40,8.20,0.00,293.80,0.00,0.00,0.00,0.00,0.40,0.00,0.40,0.00,12.80,11453016,0,4205984,26.86,35352,1484412,4655644,29.73,3090724,931772,1752,2502804,74208,2472,8484,31532,0,0,0.00,0,0.00,0,295,0.09,0.57,1.10,0,0.40,0.00,12.80,32.00,0.00,2.00,2.00,0.08,10.20,15.60,1.07,103.98,0.00,0.00,0.00,0.00
2018-01-07 01:31:20,12.55,0.00,0.00,0.00,0.10,0.00,0.00,0.00,0.00,87.35,0.00,415.20,331.60,0.00,0.00,0.00,26.40,14.80,0.00,318.60,0.00,0.00,0.00,0.00,1.20,0.00,1.20,0.00,52.80,11458116,0,4200884,26.83,35360,1479844,4655644,29.73,3090520,927424,2280,2502812,74100,2472,8484,31532,0,0,0.00,0,0.00,0,295,0.08,0.56,1.10,0,1.20,0.00,52.80,44.00,0.00,0.00,0.00,0.00,17.40,17.60,50.72,10.25,0.00,0.00,0.00,0.00
2018-01-07 01:31:25,0.10,0.00,0.00,0.40,0.00,0.00,0.00,0.00,0.00,99.50,0.00,321.60,192.00,0.00,0.00,0.00,476.00,8.80,0.00,277.60,0.00,0.00,0.00,0.00,15.20,0.00,15.20,0.00,952.00,11463208,0,4195792,26.79,35372,1474748,4655644,29.73,3090240,922620,32,2502812,74020,2472,8484,31532,0,0,0.00,0,0.00,0,295,0.07,0.55,1.09,0,15.20,0.00,952.00,62.63,0.43,28.53,1.37,2.08,0.80,1.40,0.03,0.33,0.00,0.00,0.00,0.00
2018-01-07 01:31:30,1.31,0.00,0.10,0.00,0.00,0.00,0.00,0.00,0.00,98.59,0.20,370.80,234.60,0.00,0.00,0.00,20.00,13.80,0.00,289.60,0.00,0.00,0.00,0.00,0.40,0.00,0.40,0.00,40.00,11467656,0,4191344,26.77,35380,1470004,4655644,29.73,3090068,918124,556,2502748,73964,2464,8484,31532,0,0,0.00,0,0.00,0,295,0.07,0.54,1.08,0,0.40,0.00,40.00,100.00,0.00,0.00,0.00,0.00,10.40,9.20,4.53,5.48,0.00,0.00,0.00,0.00
2018-01-07 01:31:35,3.02,0.00,0.10,0.00,0.00,0.00,0.00,0.00,0.00,96.88,0.00,345.80,224.60,0.00,0.00,0.00,11.20,7.40,0.00,283.60,0.00,0.00,0.00,0.00,0.40,0.00,0.40,0.00,22.40,11472896,0,4186104,26.73,35392,1465088,4655644,29.73,3089872,913348,784,2502812,73884,2472,8484,31532,0,0,0.00,0,0.00,0,295,0.06,0.53,1.08,0,0.40,0.00,22.40,56.00,0.00,0.00,0.00,0.00,6.60,6.60,2.34,3.32,0.00,0.00,0.00,0.00
2018-01-07 01:31:40,17.09,0.00,1.41,0.00,0.10,0.00,0.00,0.00,0.00,81.41,0.00,428.60,360.20,0.00,0.00,0.00,30.40,507.20,0.00,9377.00,0.00,0.00,0.00,0.00,0.60,0.00,0.60,0.00,60.80,11358504,0,4300496,27.46,35400,1458936,4669544,29.82,3209420,907720,1244,2622884,74020,2472,8716,31532,0,0,0.00,0,0.00,0,295,0.06,0.53,1.07,0,0.60,0.00,60.80,101.33,0.00,0.00,0.00,0.00,9.20,8.20,4.49,4.23,0.00,0.00,0.00,0.00
2018-01-07 01:31:45,0.20,0.00,0.10,0.00,0.00,0.00,0.00,0.00,0.00,99.70,0.00,341.40,196.20,0.00,0.00,0.00,242.40,9.40,0.00,279.20,0.00,0.00,0.00,0.00,10.20,0.00,10.20,0.00,484.80,11361460,0,4297540,27.44,35408,1453908,4669544,29.82,3211404,902928,44,2624932,73908,2472,8720,31532,0,0,0.00,0,0.00,1,295,0.05,0.52,1.07,0,10.20,0.00,484.80,47.53,0.01,1.41,0.08,0.08,1.20,2.60,0.09,0.94,0.00,0.00,0.00,0.00
2018-01-07 01:31:50,0.20,0.00,0.10,0.10,0.00,0.00,0.00,0.00,0.00,99.60,0.00,341.00,201.20,0.00,0.00,0.00,18.40,8.80,0.00,278.60,0.00,0.00,0.00,0.00,0.60,0.00,0.60,0.00,36.80,11366684,0,4292316,27.41,35420,1448616,4669544,29.82,3211072,898096,172,2624936,73812,2472,8720,31532,0,0,0.00,0,0.00,0,295,0.05,0.51,1.06,0,0.60,0.00,36.80,61.33,0.00,0.00,0.00,0.00,2.60,3.00,0.21,0.91,0.00,0.00,0.00,0.00
2018-01-07 01:31:55,0.91,0.00,0.20,0.00,0.00,0.00,0.00,0.00,0.00,98.89,0.00,377.80,274.60,0.00,0.00,0.00,4.80,9.80,0.00,772.80,0.00,0.00,0.00,0.00,0.40,0.00,0.40,0.00,9.60,11374988,0,4284012,27.36,35428,1443664,4669544,29.82,3207668,893356,208,2621860,73712,2472,8720,31532,0,0,0.00,0,0.00,1,295,0.04,0.50,1.05,0,0.40,0.00,9.60,24.00,0.00,0.00,0.00,0.00,29.20,42.40,2.18,284.24,0.00,0.00,0.00,0.00
2018-01-07 01:32:00,0.50,0.00,0.20,0.00,0.10,0.00,0.00,0.00,0.00,99.20,0.00,361.60,228.80,0.00,0.00,0.00,7.20,10.20,0.00,295.80,0.00,0.00,0.00,0.00,0.40,0.00,0.40,0.00,14.40,11380132,0,4278868,27.33,35436,1438556,4669544,29.82,3207496,888428,256,2621872,73628,2472,8720,31532,0,0,0.00,0,0.00,1,295,0.04,0.49,1.05,0,0.40,0.00,14.40,36.00,0.00,0.00,0.00,0.00,12.40,12.60,24.49,4.88,0.00,0.00,0.00,0.00
2018-01-07 01:32:05,16.00,0.00,0.20,0.00,0.00,0.00,0.00,0.00,0.00,83.80,0.00,400.60,358.60,0.00,0.00,0.00,138.40,12.60,0.00,263.80,0.00,0.00,0.00,0.00,4.80,0.00,4.80,0.00,276.80,11382980,0,4276020,27.31,35444,1435844,4669544,29.82,3208328,884800,1228,2621884,73620,2472,8720,31532,0,0,0.00,0,0.00,1,295,0.04,0.48,1.04,0,4.80,0.00,276.80,57.67,0.01,1.33,1.33,0.64,19.20,21.00,77.50,13.35,0.00,0.00,0.00,0.00
2018-01-07 01:32:10,0.70,0.00,0.10,0.00,0.00,0.00,0.00,0.00,0.00,99.20,0.00,351.00,212.00,0.00,0.00,0.00,22.40,8.60,0.00,283.60,0.00,0.00,0.00,0.00,0.40,0.00,0.40,0.00,44.80,11388252,0,4270748,27.27,35452,1430748,4669544,29.82,3208048,880040,1328,2621884,73436,2472,8720,31532,0,0,0.00,0,0.00,1,295,0.03,0.48,1.04,0,0.40,0.00,44.80,112.00,0.00,0.00,0.00,0.00,2.60,2.40,0.20,0.74,0.00,0.00,0.00,0.00
2018-01-07 01:32:15,0.10,0.00,0.10,0.00,0.00,0.00,0.00,0.00,0.00,99.80,0.00,334.60,195.00,0.00,0.00,0.00,0.00,7.20,0.00,276.80,0.00,0.00,0.00,0.00,0.00,0.00,0.00,0.00,0.00,11393460,0,4265540,27.24,35452,1425652,4669544,29.82,3207748,875244,1352,2621884,73348,2472,8720,31532,0,0,0.00,0,0.00,1,295,0.03,0.47,1.03,0,0.00,0.00,0.00,0.00,0.00,0.00,0.00,0.00,1.60,2.80,0.11,0.95,0.00,0.00,0.00,0.00
2018-01-07 01:32:20,0.40,0.00,0.10,0.00,0.10,0.00,0.10,0.00,0.00,99.30,0.00,380.00,272.00,0.00,0.00,0.00,3.20,7.80,0.00,304.60,0.00,0.00,0.00,0.00,0.40,0.00,0.40,0.00,6.40,11398576,0,4260424,27.21,35460,1420560,4669544,29.82,3207560,870348,1384,2621884,73268,2472,8720,31532,0,0,0.00,0,0.00,1,295,0.03,0.46,1.03,0,0.40,0.00,6.40,16.00,0.00,0.00,0.00,0.00,24.60,42.20,1.95,274.93,0.00,0.00,0.00,0.00
2018-01-07 01:32:25,0.50,0.00,0.00,0.00,0.00,0.00,0.00,0.00,0.00,99.50,0.00,343.00,205.40,0.00,0.00,0.00,6.40,7.80,0.00,282.00,0.00,0.00,0.00,0.00,0.40,0.00,0.40,0.00,12.80,11403752,0,4255248,27.17,35468,1415460,4669544,29.82,3207260,865532,1404,2621884,73140,2472,8720,31532,0,0,0.00,0,0.00,1,295,0.03,0.45,1.02,0,0.40,0.00,12.80,32.00,0.00,0.00,0.00,0.00,4.20,7.00,4.79,3.76,0.00,0.00,0.00,0.00
2018-01-07 01:32:30,1.01,0.00,0.10,0.00,0.00,0.00,0.00,0.00,0.00,98.89,0.00,376.60,253.40,0.00,0.00,0.00,4.00,9.40,0.00,324.80,0.00,0.00,0.00,0.00,0.40,0.00,0.40,0.00,8.00,11408976,0,4250024,27.14,35476,1410488,4669544,29.82,3207056,860808,1552,2621884,73028,2472,8720,31532,0,0,0.00,0,0.00,0,295,0.02,0.44,1.02,0,0.40,0.00,8.00,20.00,0.00,0.00,0.00,0.00,21.60,17.20,89.29,5.25,0.00,0.00,0.00,0.00
2018-01-07 01:32:35,3.21,0.00,0.20,0.10,0.10,0.00,0.00,0.00,0.00,96.39,0.00,337.00,224.00,0.00,0.00,0.00,31.20,9.40,0.00,284.20,0.00,0.00,0.00,0.00,1.80,0.00,1.80,0.00,62.40,11413820,0,4245180,27.11,35484,1405800,4669544,29.82,3206776,856388,1948,2621884,72876,2472,8720,31532,0,0,0.00,0,0.00,1,295,0.02,0.44,1.01,0,1.80,0.00,62.40,34.67,0.00,0.00,0.00,0.00,3.60,5.00,3.20,6.48,0.00,0.00,0.00,0.00
2018-01-07 01:32:40,7.35,0.00,0.10,0.00,0.00,0.00,0.00,0.00,0.00,92.55,0.00,355.40,269.00,0.00,0.00,0.00,293.60,9.60,0.00,816.40,0.00,0.00,0.00,0.00,9.20,0.00,9.20,0.00,587.20,11412240,0,4246760,27.12,35496,1401284,4669544,29.82,3210220,852000,1264,2627560,72808,2472,8720,31532,0,0,0.00,0,0.00,1,295,0.02,0.43,1.01,0,9.20,0.00,587.20,63.83,0.06,7.04,0.87,0.80,5.80,7.20,5.51,5.06,0.00,0.00,0.00,0.00
2018-01-07 01:32:45,0.40,0.00,0.20,0.00,0.00,0.00,0.00,0.00,0.00,99.40,0.20,338.32,197.21,0.00,0.00,0.00,0.00,12.38,0.00,349.10,0.00,0.00,0.00,0.00,0.00,0.00,0.00,0.00,0.00,11418748,0,4240252,27.08,35496,1394732,4669544,29.82,3211932,845952,1292,2627652,72916,2480,8724,31532,0,0,0.00,0,0.00,1,296,0.02,0.42,1.00,0,0.00,0.00,0.00,0.00,0.00,0.00,0.00,0.00,3.99,5.39,1.11,1.78,0.00,0.00,0.00,0.00
2018-01-07 01:32:50,5.95,0.00,0.81,0.20,0.00,0.00,0.00,0.00,0.00,93.04,0.00,407.20,297.20,0.00,0.00,0.00,27.20,57.80,0.00,7396.20,0.00,0.00,0.00,0.00,0.60,0.00,0.60,0.00,54.40,11218636,0,4440364,28.36,35504,1389988,4758224,30.39,3416704,841504,1736,2832708,72872,2480,9116,31532,0,0,0.00,0,0.00,0,296,0.02,0.42,0.99,0,0.60,0.00,54.40,90.67,0.01,14.67,8.00,0.48,9.40,9.40,4.76,4.69,0.00,0.00,0.00,0.00
2018-01-07 01:32:55,0.10,0.00,0.10,0.00,0.10,0.00,0.00,0.00,0.00,99.70,0.00,330.40,188.60,0.00,0.00,0.00,12.00,7.40,0.00,275.60,0.00,0.00,0.00,0.00,0.40,0.00,0.40,0.00,24.00,11221656,0,4437344,28.34,35512,1384892,4758224,30.39,3418448,836684,1760,2834756,72812,2480,9116,31532,0,0,0.00,0,0.00,0,296,0.02,0.41,0.99,0,0.40,0.00,24.00,60.00,0.00,0.00,0.00,0.00,1.20,2.60,0.09,0.94,0.00,0.00,0.00,0.00
2018-01-07 01:33:00,1.72,0.00,0.10,0.00,0.00,0.00,0.20,0.00,0.00,97.98,0.00,465.40,455.40,0.00,0.00,0.00,3.20,20.40,0.00,582.40,0.00,0.00,0.00,0.00,0.40,0.00,0.40,0.00,6.40,11220580,0,4438420,28.34,35520,1379800,4758224,30.39,3420240,831880,1788,2840932,72712,2480,9120,31532,0,0,0.00,0,0.00,0,296,0.01,0.40,0.98,0,0.40,0.00,6.40,16.00,0.00,0.00,0.00,0.00,118.60,100.40,618.67,290.28,0.00,0.00,0.00,0.00
2018-01-07 01:33:05,3.92,0.00,0.10,0.00,0.00,0.00,0.00,0.00,0.00,95.98,0.00,370.20,278.00,0.00,0.00,0.00,65.60,13.60,0.00,312.40,0.00,0.00,0.00,0.00,2.00,0.00,2.00,0.00,131.20,11218948,0,4440052,28.35,35528,1375072,4758224,30.39,3430428,827344,1984,2847092,72632,2480,9140,31532,0,0,0.00,0,0.00,0,296,0.01,0.40,0.98,0,2.00,0.00,131.20,65.60,0.00,0.00,0.00,0.00,20.00,19.20,59.97,7.63,0.00,0.00,0.00,0.00
2018-01-07 01:33:10,3.72,0.00,0.20,0.10,0.00,0.00,0.00,0.00,0.00,95.98,0.00,361.40,250.80,0.00,0.00,0.00,124.00,8.80,0.00,548.80,0.00,0.00,0.00,0.00,2.80,0.00,2.80,0.00,248.00,11220236,0,4438764,28.35,35540,1370572,4758224,30.39,3433340,822896,2032,2850284,72472,2480,9144,31532,0,0,0.00,0,0.00,0,296,0.01,0.39,0.97,0,2.80,0.00,248.00,88.57,0.00,0.00,0.00,0.00,9.00,10.00,38.68,5.88,0.00,0.00,0.00,0.00
2018-01-07 01:33:15,15.96,0.00,1.51,0.00,0.10,0.00,0.00,0.00,0.00,82.43,0.00,388.00,324.00,0.00,0.00,0.00,140.00,431.40,0.00,8513.00,0.00,0.00,0.00,0.00,8.00,0.00,8.00,0.00,280.00,10904268,0,4754732,30.36,35540,1365988,5191708,33.15,3754268,818608,1864,3171384,72616,2480,9780,31532,0,0,0.00,0,0.00,1,296,0.01,0.38,0.97,0,8.00,0.00,280.00,35.00,0.01,1.10,0.10,0.08,6.40,6.60,4.93,7.24,0.00,0.00,0.00,0.00
2018-01-07 01:33:20,0.40,0.00,0.00,0.00,0.00,0.00,0.00,0.00,0.00,99.60,0.00,337.80,199.40,0.00,0.00,0.00,57.60,7.60,0.00,1046.40,0.00,0.00,0.00,0.00,1.00,0.00,1.00,0.00,115.20,10907024,0,4751976,30.35,35548,1360968,5191708,33.15,3755228,813792,1804,3172524,72424,2480,9780,31532,0,0,0.00,0,0.00,0,296,0.01,0.38,0.96,0,1.00,0.00,115.20,115.20,0.00,0.80,0.80,0.08,3.80,3.00,0.28,1.12,0.00,0.00,0.00,0.00
2018-01-07 01:33:25,0.30,0.00,0.10,0.00,0.00,0.00,0.00,0.00,0.00,99.60,0.00,337.60,201.40,0.00,0.00,0.00,40.80,7.40,0.00,277.20,0.00,0.00,0.00,0.00,1.00,0.00,1.00,0.00,81.60,10912208,0,4746792,30.31,35556,1355872,5191708,33.15,3754820,808992,1656,3172524,72360,2480,9780,31532,0,0,0.00,0,0.00,0,296,0.01,0.37,0.96,0,1.00,0.00,81.60,81.60,0.00,0.00,0.00,0.00,2.60,4.60,1.64,1.87,0.00,0.00,0.00,0.00
2018-01-07 01:33:30,2.32,0.00,0.30,0.00,0.10,0.00,0.10,0.00,0.00,97.18,0.60,567.60,569.40,0.00,0.00,0.00,11.20,97.20,0.00,829.40,0.00,0.00,0.00,0.00,0.40,0.00,0.40,0.00,22.40,10917356,0,4741644,30.28,35564,1350684,5191708,33.15,3754892,804024,1696,3172728,72224,2488,9780,31532,0,0,0.00,0,0.00,0,297,0.01,0.36,0.95,0,0.40,0.00,22.40,56.00,0.00,0.00,0.00,0.00,133.00,109.20,619.69,333.79,0.00,0.00,0.00,0.00
2018-01-07 01:33:35,0.90,0.00,0.20,0.20,0.00,0.00,0.00,0.00,0.00,98.70,0.00,346.00,229.00,0.00,0.00,0.00,20.80,13.00,0.00,729.00,0.00,0.00,0.00,0.00,1.40,0.00,1.40,0.00,41.60,10927364,0,4731636,30.22,35572,1345680,5191708,33.15,3750052,799304,1708,3168112,72140,2488,9772,31532,0,0,0.00,0,0.00,1,297,0.01,0.36,0.95,0,1.40,0.00,41.60,29.71,0.00,3.43,3.43,0.48,11.40,11.60,23.01,4.11,0.00,0.00,0.00,0.00
2018-01-07 01:33:40,3.63,0.00,0.10,0.00,0.00,0.00,0.00,0.00,0.00,96.27,0.00,360.00,264.20,0.00,0.00,0.00,86.40,8.40,0.00,738.00,0.00,0.00,0.00,0.00,1.60,0.00,1.60,0.00,172.80,10931908,0,4727092,30.19,35580,1340844,5191708,33.15,3747756,794808,1756,3168132,72072,2488,9772,31532,0,0,0.00,0,0.00,1,297,0.01,0.35,0.94,0,1.60,0.00,172.80,108.00,0.00,3.00,3.00,0.48,20.60,23.40,70.07,76.15,0.00,0.00,0.00,0.00
2018-01-07 01:33:45,3.42,0.00,0.00,0.00,0.00,0.00,0.00,0.00,0.00,96.58,0.00,329.60,220.00,0.00,0.00,0.00,108.00,7.80,0.00,284.20,0.00,0.00,0.00,0.00,2.20,0.00,2.20,0.00,216.00,10936932,0,4722068,30.16,35580,1336104,5191708,33.15,3749496,790300,1600,3168060,71992,2480,9772,31532,0,0,0.00,0,0.00,1,296,0.01,0.35,0.94,0,2.20,0.00,216.00,98.18,0.01,3.27,3.27,0.72,2.40,3.60,2.12,3.56,0.00,0.00,0.00,0.00
2018-01-07 01:33:50,3.62,0.00,0.20,0.00,0.00,0.00,0.00,0.00,0.00,96.18,0.00,339.00,235.80,0.00,0.00,0.00,189.60,7.40,0.00,1101.80,0.00,0.00,0.00,0.00,7.80,0.00,7.80,0.00,379.20,10941868,0,4717132,30.12,35596,1331356,5191708,33.15,3749264,785680,1128,3168064,71940,2480,9772,31532,0,0,0.00,0,0.00,1,296,0.01,0.34,0.93,0,7.80,0.00,379.20,48.62,0.02,2.77,1.23,0.96,6.40,5.20,3.41,3.80,0.00,0.00,0.00,0.00
2018-01-07 01:33:55,3.93,0.00,0.20,0.00,0.10,0.00,0.00,0.00,0.00,95.77,0.00,374.40,247.20,0.00,0.00,0.00,18.40,8.40,0.00,353.00,0.00,0.00,0.00,0.00,0.40,0.00,0.40,0.00,36.80,10947876,0,4711124,30.09,35604,1325204,5191708,33.15,3748868,780076,1596,3168076,72016,2480,9772,31532,0,0,0.00,0,0.00,1,296,0.01,0.33,0.93,0,0.40,0.00,36.80,92.00,0.00,2.00,2.00,0.08,6.20,9.60,4.69,5.09,0.00,0.00,0.00,0.00
2018-01-07 01:34:00,0.20,0.00,0.00,0.10,0.00,0.00,0.00,0.00,0.00,99.70,0.00,335.80,207.60,0.00,0.00,0.00,32.00,7.20,0.00,232.40,0.00,0.00,0.00,0.00,0.60,0.00,0.60,0.00,64.00,10952068,0,4706932,30.06,35612,1321088,5191708,33.15,3749540,775240,1724,3168076,71960,2480,9772,31532,0,0,0.00,0,0.00,1,296,0.01,0.33,0.92,0,0.60,0.00,64.00,106.67,0.00,0.00,0.00,0.00,8.40,7.80,1.45,1.76,0.00,0.00,0.00,0.00
2018-01-07 01:34:05,0.20,0.00,0.20,0.00,0.00,0.00,0.00,0.00,0.00,99.60,0.00,373.20,271.00,0.00,0.00,0.00,19.20,9.80,0.00,300.80,0.00,0.00,0.00,0.00,1.60,0.00,1.60,0.00,38.40,10957516,0,4701484,30.02,35620,1315996,5191708,33.15,3749236,770452,1732,3168080,71892,2480,9772,31532,0,0,0.00,0,0.00,0,296,0.01,0.32,0.92,0,1.60,0.00,38.40,24.00,0.00,0.00,0.00,0.00,22.60,37.20,1.82,274.70,0.00,0.00,0.00,0.00
2018-01-07 01:34:10,11.96,0.00,0.20,0.00,0.10,0.00,0.00,0.00,0.00,87.74,0.00,405.00,351.80,0.00,0.00,0.00,59.20,10.60,0.00,376.40,0.00,0.00,0.00,0.00,1.00,0.00,1.00,0.00,118.40,10961608,0,4697392,30.00,35628,1311780,5191708,33.15,3749180,766324,2496,3168096,71736,2480,9772,31532,0,0,0.00,0,0.00,0,296,0.00,0.32,0.91,0,1.00,0.00,118.40,118.40,0.00,4.00,4.00,0.40,35.40,41.60,64.92,183.70,0.00,0.00,0.00,0.00
2018-01-07 01:34:15,4.22,0.00,0.00,0.00,0.00,0.00,0.00,0.00,0.00,95.78,0.00,330.00,216.60,0.00,0.00,0.00,70.40,7.80,0.00,280.40,0.00,0.00,0.00,0.00,1.20,0.00,1.20,0.00,140.80,10966560,0,4692440,29.97,35628,1307040,5191708,33.15,3748976,761792,2552,3168096,71664,2480,9772,31532,0,0,0.00,0,0.00,1,296,0.00,0.31,0.91,0,1.20,0.00,140.80,117.33,0.00,0.00,0.00,0.00,4.00,5.40,3.21,5.54,0.00,0.00,0.00,0.00
2018-01-07 01:34:20,0.70,0.00,0.20,0.00,0.00,0.00,0.00,0.00,0.00,99.09,0.00,344.60,215.40,0.00,0.00,0.00,86.40,7.20,0.00,280.80,0.00,0.00,0.00,0.00,1.80,0.00,1.80,0.00,172.80,10971024,0,4687976,29.94,35636,1302120,5191708,33.15,3748660,757196,2404,3168096,71576,2480,9772,31532,0,0,0.00,0,0.00,1,296,0.00,0.31,0.90,0,1.80,0.00,172.80,96.00,0.00,0.44,0.44,0.08,5.80,4.20,1.89,2.36,0.00,0.00,0.00,0.00
2018-01-07 01:34:25,0.20,0.00,0.10,0.10,0.00,0.00,0.00,0.00,0.00,99.60,0.00,322.40,193.20,0.00,0.00,0.00,191.20,7.20,0.00,276.40,0.00,0.00,0.00,0.00,8.80,0.00,8.80,0.00,382.40,10976144,0,4682856,29.91,35644,1297024,5191708,33.15,3748360,752408,1500,3168096,71548,2480,9772,31532,0,0,0.00,0,0.00,0,296,0.00,0.30,0.90,0,8.80,0.00,382.40,43.45,0.01,0.82,0.09,0.08,1.80,2.80,0.12,1.03,0.00,0.00,0.00,0.00
2018-01-07 01:34:30,0.20,0.00,0.10,0.00,0.00,0.00,0.00,0.00,0.00,99.70,0.00,338.60,203.00,0.00,0.00,0.00,11.20,7.40,0.00,284.20,0.00,0.00,0.00,0.00,0.40,0.00,0.40,0.00,22.40,10981392,0,4677608,29.87,35652,1291932,5191708,33.15,3748020,747592,1584,3168032,71472,2472,9772,31532,0,0,0.00,0,0.00,1,295,0.00,0.30,0.89,0,0.40,0.00,22.40,56.00,0.00,0.00,0.00,0.00,3.40,3.00,0.25,0.83,0.00,0.00,0.00,0.00
2018-01-07 01:34:35,0.20,0.00,0.10,0.00,0.10,0.00,0.10,0.00,0.00,99.50,0.00,375.60,271.00,0.00,0.00,0.00,22.40,9.20,0.00,305.40,0.00,0.00,0.00,0.00,1.20,0.00,1.20,0.00,44.80,10986740,0,4672260,29.84,35660,1286832,5191708,33.15,3747796,742724,1576,3168032,71368,2472,9772,31532,0,0,0.00,0,0.00,1,295,0.00,0.29,0.89,0,1.20,0.00,44.80,37.33,0.00,0.00,0.00,0.00,26.60,39.00,2.04,280.05,0.00,0.00,0.00,0.00
2018-01-07 01:34:40,0.10,0.00,0.10,0.00,0.00,0.00,0.00,0.00,0.00,99.80,0.00,326.00,200.80,0.00,0.00,0.00,82.40,7.80,0.00,282.80,0.00,0.00,0.00,0.00,2.00,0.00,2.00,0.00,164.80,10991932,0,4667068,29.80,35668,1281736,5191708,33.15,3747544,737900,1256,3168036,71304,2472,9772,31532,0,0,0.00,0,0.00,1,295,0.00,0.29,0.88,0,2.00,0.00,164.80,82.40,0.00,0.00,0.00,0.00,5.80,8.00,5.01,3.84,0.00,0.00,0.00,0.00
2018-01-07 01:34:45,12.40,0.00,0.00,0.00,0.00,0.00,0.00,0.00,0.00,87.60,0.00,367.60,303.00,0.00,0.00,0.00,176.00,10.40,0.00,339.20,0.00,0.00,0.00,0.00,3.00,0.00,3.00,0.00,352.00,10996720,0,4662280,29.77,35668,1277172,5191708,33.15,3747464,733400,952,3168064,71284,2472,9772,31532,0,0,0.00,0,0.00,0,295,0.00,0.28,0.88,0,3.00,0.00,352.00,117.33,0.07,21.87,2.67,0.80,26.00,25.60,91.36,76.69,0.00,0.00,0.00,0.00
2018-01-07 01:34:50,5.62,0.00,0.10,0.00,0.10,0.00,0.00,0.00,0.00,94.18,0.00,352.40,243.60,0.00,0.00,0.00,16.80,193.00,0.00,458.20,0.00,0.00,0.00,0.00,0.40,0.00,0.40,0.00,33.60,11000828,0,4658172,29.75,35680,1272624,5191708,33.15,3747356,729192,1572,3168304,71228,2472,9772,31532,0,0,0.00,0,0.00,1,295,0.00,0.28,0.87,0,0.40,0.00,33.60,84.00,0.00,0.00,0.00,0.00,5.80,7.40,6.38,5.74,0.00,0.00,0.00,0.00
2018-01-07 01:34:55,0.70,0.00,0.10,0.00,0.00,0.00,0.00,0.00,0.00,99.20,0.00,337.60,203.00,0.00,0.00,0.00,52.00,7.80,0.00,280.20,0.00,0.00,0.00,0.00,1.40,0.00,1.40,0.00,104.00,11005984,0,4653016,29.71,35688,1267800,5191708,33.15,3747120,724616,1612,3168304,71128,2472,9772,31532,0,0,0.00,0,0.00,1,295,0.00,0.27,0.87,0,1.40,0.00,104.00,74.29,0.00,0.00,0.00,0.00,2.80,5.40,3.17,5.52,0.00,0.00,0.00,0.00
2018-01-07 01:35:00,13.60,0.00,1.71,0.70,0.00,0.00,0.00,0.00,0.00,83.99,0.00,405.00,351.20,0.00,0.00,0.00,50.40,824.80,0.00,15842.20,0.00,0.00,0.00,0.00,1.20,0.00,1.20,0.00,100.80,10654704,0,5004296,31.96,35696,1262768,5616432,35.87,4102072,720068,1652,3523632,71008,2472,10464,31532,0,0,0.00,0,0.00,1,295,0.00,0.27,0.86,0,1.20,0.00,100.80,84.00,0.02,18.67,18.67,2.24,9.40,7.40,3.02,3.27,0.00,0.00,0.00,0.00
2018-01-07 01:35:05,3.01,0.00,0.70,0.10,0.00,0.00,0.10,0.00,0.00,96.09,0.40,672.60,549.20,0.00,0.00,0.00,72.00,213.00,0.00,1043.00,0.00,0.00,0.00,0.00,6.00,0.00,6.00,0.00,144.00,10577000,0,5082000,32.45,35704,1256348,5663712,36.17,4185632,714100,1676,3607696,71112,2472,10628,31532,0,0,0.00,0,0.00,2,295,0.00,0.27,0.86,0,6.00,0.00,144.00,24.00,0.00,0.00,0.00,0.00,203.00,138.80,1183.89,131.92,0.00,0.00,0.00,0.00
2018-01-07 01:35:10,0.60,0.00,0.20,0.00,0.00,0.00,0.00,0.00,0.00,99.19,0.00,381.60,272.80,0.00,0.00,0.00,7.20,8.20,0.00,701.40,0.00,0.00,0.00,0.00,0.40,0.00,0.40,0.00,14.40,10589364,0,5069636,32.38,35712,1251776,5663712,36.17,4178136,709356,1744,3600004,70904,2472,10616,31532,0,0,0.00,0,0.00,1,295,0.00,0.26,0.85,0,0.40,0.00,14.40,36.00,0.00,0.00,0.00,0.00,29.00,33.80,58.53,200.14,0.00,0.00,0.00,0.00
2018-01-07 01:35:15,3.62,0.00,0.20,0.00,0.10,0.00,0.00,0.00,0.00,96.08,0.00,371.40,290.60,0.00,0.00,0.00,347.20,11.60,0.00,322.80,0.00,0.00,0.00,0.00,13.60,0.00,13.60,0.00,694.40,10594200,0,5064800,32.34,35712,1247032,5663712,36.17,4177872,704872,412,3600004,70872,2472,10616,31532,0,0,0.00,0,0.00,1,295,0.00,0.26,0.85,0,13.60,0.00,694.40,51.06,0.04,2.71,0.06,0.08,23.00,23.60,65.96,40.44,0.00,0.00,0.00,0.00
2018-01-07 01:35:20,3.22,0.00,0.10,0.00,0.00,0.00,0.00,0.00,0.00,96.68,0.00,343.00,232.60,0.00,0.00,0.00,20.80,8.00,0.00,295.80,0.00,0.00,0.00,0.00,0.40,0.00,0.40,0.00,41.60,10599400,0,5059600,32.31,35720,1242308,5663712,36.17,4177532,700432,920,3600004,70728,2472,10616,31532,0,0,0.00,0,0.00,1,295,0.00,0.25,0.85,0,0.40,0.00,41.60,104.00,0.00,0.00,0.00,0.00,9.20,9.40,30.61,4.91,0.00,0.00,0.00,0.00
2018-01-07 01:35:25,3.42,0.00,0.10,0.00,0.00,0.00,0.00,0.00,0.00,96.48,0.00,336.60,228.40,0.00,0.00,0.00,12.80,7.40,0.00,305.80,0.00,0.00,0.00,0.00,0.40,0.00,0.40,0.00,25.60,10604044,0,5054956,32.28,35728,1237168,5663712,36.17,4176944,695884,1308,3600004,70652,2472,10616,31532,0,0,0.00,0,0.00,1,295,0.00,0.25,0.84,0,0.40,0.00,25.60,64.00,0.00,0.00,0.00,0.00,3.60,5.00,3.21,6.30,0.00,0.00,0.00,0.00
2018-01-07 01:35:30,3.43,0.00,0.00,0.40,0.00,0.00,0.00,0.00,0.00,96.17,0.00,348.00,232.60,0.00,0.00,0.00,14.40,7.20,0.00,281.60,0.00,0.00,0.00,0.00,0.40,0.00,0.40,0.00,28.80,10608932,0,5050068,32.25,35736,1232380,5663712,36.17,4176732,691392,1712,3600004,70584,2472,10616,31532,0,0,0.00,0,0.00,1,295,0.00,0.24,0.84,0,0.40,0.00,28.80,72.00,0.00,10.00,10.00,0.40,6.40,5.60,3.41,4.84,0.00,0.00,0.00,0.00
2018-01-07 01:35:35,0.20,0.00,0.10,0.00,0.10,0.00,0.00,0.00,0.00,99.60,0.00,330.80,194.80,0.00,0.00,0.00,9.60,7.40,0.00,276.20,0.00,0.00,0.00,0.00,0.40,0.00,0.40,0.00,19.20,10613976,0,5045024,32.22,35744,1227400,5663712,36.17,4176520,686664,1748,3600008,70524,2472,10616,31532,0,0,0.00,0,0.00,1,295,0.00,0.24,0.83,0,0.40,0.00,19.20,48.00,0.00,0.00,0.00,0.00,1.60,2.40,0.11,0.87,0.00,0.00,0.00,0.00
2018-01-07 01:35:40,0.60,0.00,0.10,0.10,0.00,0.00,0.00,0.00,0.00,99.20,0.00,356.00,229.00,0.00,0.00,0.00,4.80,8.00,0.00,291.40,0.00,0.00,0.00,0.00,0.40,0.00,0.40,0.00,9.60,10619264,0,5039736,32.18,35752,1222228,5663712,36.17,4176192,681852,1784,3600008,70444,2472,10616,31532,0,0,0.00,0,0.00,1,295,0.00,0.24,0.83,0,0.40,0.00,9.60,24.00,0.00,2.00,2.00,0.08,12.00,16.80,4.13,71.71,0.00,0.00,0.00,0.00
2018-01-07 01:35:45,1.91,0.00,0.60,0.00,0.00,0.00,0.10,0.00,0.00,97.39,0.00,533.60,463.00,0.00,0.00,0.00,15.20,22.80,0.00,863.40,0.00,0.00,0.00,0.00,1.00,0.00,1.00,0.00,30.40,10624436,0,5034564,32.15,35752,1217144,5663712,36.17,4175868,676964,1780,3600008,70280,2472,10616,31532,0,0,0.00,0,0.00,1,295,0.00,0.23,0.82,0,1.00,0.00,30.40,30.40,0.00,0.00,0.00,0.00,204.40,141.00,1265.20,275.15,0.00,0.00,0.00,0.00
2018-01-07 01:35:50,3.02,0.00,0.20,0.00,0.00,0.00,0.00,0.00,0.00,96.77,0.00,366.40,264.00,0.00,0.00,0.00,151.20,8.40,0.00,308.80,0.00,0.00,0.00,0.00,7.40,0.00,7.40,0.00,302.40,10629272,0,5029728,32.12,35764,1212244,5663712,36.17,4175576,672304,1316,3600008,70188,2472,10616,31532,0,0,0.00,0,0.00,0,295,0.00,0.23,0.82,0,7.40,0.00,302.40,40.86,0.03,3.46,0.86,0.64,19.60,18.40,53.64,7.15,0.00,0.00,0.00,0.00
2018-01-07 01:35:55,1.11,0.00,0.00,0.00,0.10,0.00,0.00,0.00,0.00,98.79,0.00,343.60,217.20,0.00,0.00,0.00,122.40,8.00,0.00,294.40,0.00,0.00,0.00,0.00,2.60,0.00,2.60,0.00,244.80,10634224,0,5024776,32.09,35772,1207484,5663712,36.17,4175496,667820,1232,3600008,70124,2472,10616,31532,0,0,0.00,0,0.00,0,295,0.00,0.22,0.81,0,2.60,0.00,244.80,94.15,0.03,9.85,2.46,0.64,5.80,7.40,9.22,6.77,0.00,0.00,0.00,0.00
2018-01-07 01:36:00,7.63,0.00,0.20,0.00,0.00,0.00,0.00,0.00,0.00,92.17,0.00,350.40,263.80,0.00,0.00,0.00,88.80,7.60,0.00,285.40,0.00,0.00,0.00,0.00,1.60,0.00,1.60,0.00,177.60,10639060,0,5019940,32.06,35784,1202932,5663712,36.17,4175264,663328,1504,3600012,70040,2472,10616,31532,0,0,0.00,0,0.00,2,295,0.00,0.22,0.81,0,1.60,0.00,177.60,111.00,0.01,8.50,4.50,0.72,8.00,7.20,6.49,5.87,0.00,0.00,0.00,0.00
2018-01-07 01:36:05,3.22,0.00,0.00,0.00,0.00,0.00,0.00,0.00,0.00,96.78,0.40,408.60,262.60,0.00,0.00,0.00,36.00,14.80,0.00,360.00,0.00,0.00,0.00,0.00,0.60,0.00,0.60,0.00,72.00,10644896,0,5014104,32.02,35792,1196764,5663712,36.17,4174964,657668,1800,3600148,70168,2488,10616,31532,0,0,0.00,0,0.00,1,297,0.00,0.22,0.81,0,0.60,0.00,72.00,120.00,0.00,0.00,0.00,0.00,12.80,14.40,4.71,5.72,0.00,0.00,0.00,0.00
2018-01-07 01:36:10,0.20,0.00,0.00,0.00,0.10,0.00,0.00,0.00,0.00,99.70,0.00,365.40,258.00,0.00,0.00,0.00,4.00,7.20,0.00,407.40,0.00,0.00,0.00,0.00,0.40,0.00,0.40,0.00,8.00,10650008,0,5008992,31.99,35800,1191660,5663712,36.17,4174764,652936,1824,3600148,70080,2488,10616,31532,0,0,0.00,0,0.00,1,297,0.00,0.21,0.80,0,0.40,0.00,8.00,20.00,0.00,0.00,0.00,0.00,25.40,32.20,1.53,273.79,0.00,0.00,0.00,0.00
2018-01-07 01:36:15,0.40,0.00,0.00,0.00,0.00,0.00,0.00,0.00,0.00,99.60,0.00,338.60,203.80,0.00,0.00,0.00,13.60,9.40,0.00,228.20,0.00,0.00,0.00,0.00,1.20,0.00,1.20,0.00,27.20,10654184,0,5004816,31.96,35800,1187556,5663712,36.17,4175400,648108,1828,3600148,70000,2488,10616,31532,0,0,0.00,0,0.00,1,297,0.00,0.21,0.80,0,1.20,0.00,27.20,22.67,0.00,0.00,0.00,0.00,4.60,5.80,0.73,1.72,0.00,0.00,0.00,0.00
2018-01-07 01:36:20,0.50,0.00,0.00,0.00,0.00,0.00,0.00,0.00,0.00,99.50,0.00,354.20,228.40,0.00,0.00,0.00,7.20,8.20,0.00,293.40,0.00,0.00,0.00,0.00,0.40,0.00,0.40,0.00,14.40,10659360,0,4999640,31.93,35808,1182456,5663712,36.17,4175064,643352,1864,3600148,69916,2488,10616,31532,0,0,0.00,0,0.00,1,297,0.00,0.21,0.79,0,0.40,0.00,14.40,36.00,0.00,0.00,0.00,0.00,12.20,14.40,24.17,5.20,0.00,0.00,0.00,0.00
2018-01-07 01:36:25,0.20,0.00,0.20,0.00,0.00,0.00,0.00,0.00,0.00,99.60,0.00,340.40,218.00,0.00,0.00,0.00,150.40,8.40,0.00,303.20,0.00,0.00,0.00,0.00,9.00,0.00,9.00,0.00,300.80,10664412,0,4994588,31.90,35816,1177360,5663712,36.17,4174944,638384,1132,3600148,69828,2488,10616,31532,0,0,0.00,0,0.00,1,297,0.00,0.20,0.79,0,9.00,0.00,300.80,33.42,0.01,1.24,0.09,0.08,11.80,11.00,67.74,3.44,0.00,0.00,0.00,0.00
2018-01-07 01:36:30,6.84,0.00,0.00,0.10,0.00,0.00,0.00,0.00,0.00,93.06,0.00,341.40,252.20,0.00,0.00,0.00,81.60,7.60,0.00,287.60,0.00,0.00,0.00,0.00,1.80,0.00,1.80,0.00,163.20,10669272,0,4989728,31.86,35824,1172796,5663712,36.17,4174668,634104,1380,3600148,69744,2488,10616,31532,0,0,0.00,0,0.00,0,297,0.00,0.20,0.78,0,1.80,0.00,163.20,90.67,0.00,0.44,0.44,0.08,7.60,6.80,5.88,6.96,0.00,0.00,0.00,0.00
2018-01-07 01:36:35,4.02,0.00,0.10,0.00,0.10,0.00,0.00,0.00,0.00,95.78,0.00,342.20,235.20,0.00,0.00,0.00,158.40,7.20,0.00,287.00,0.00,0.00,0.00,0.00,2.80,0.00,2.80,0.00,316.80,10674332,0,4984668,31.83,35832,1168228,5663712,36.17,4174452,629740,1284,3600148,69584,2488,10616,31532,0,0,0.00,0,0.00,0,297,0.00,0.20,0.78,0,2.80,0.00,316.80,113.14,0.00,0.00,0.00,0.00,4.80,6.80,6.27,6.31,0.00,0.00,0.00,0.00
2018-01-07 01:36:40,3.23,0.00,0.10,0.00,0.00,0.00,0.00,0.00,0.00,96.67,0.00,345.00,233.60,0.00,0.00,0.00,20.80,7.80,0.00,282.40,0.00,0.00,0.00,0.00,0.40,0.00,0.40,0.00,41.60,10679192,0,4979808,31.80,35840,1163488,5663712,36.17,4174208,625220,1716,3600148,69472,2488,10616,31532,0,0,0.00,0,0.00,0,297,0.00,0.19,0.78,0,0.40,0.00,41.60,104.00,0.00,0.00,0.00,0.00,6.00,5.60,3.39,3.98,0.00,0.00,0.00,0.00
2018-01-07 01:36:45,0.30,0.00,0.20,0.00,0.00,0.00,0.00,0.00,0.00,99.50,0.00,343.00,205.40,0.00,0.00,0.00,25.60,9.60,0.00,643.20,0.00,0.00,0.00,0.00,1.60,0.00,1.60,0.00,51.20,10691708,0,4967292,31.72,35848,1158392,5663712,36.17,4166884,620320,1732,3592964,69284,2488,10604,31532,0,0,0.00,0,0.00,1,297,0.00,0.19,0.77,0,1.60,0.00,51.20,32.00,0.00,0.00,0.00,0.00,2.00,3.00,0.13,1.01,0.00,0.00,0.00,0.00
2018-01-07 01:36:50,1.21,0.00,0.20,0.00,0.10,0.00,0.10,0.00,0.00,98.39,0.00,452.40,452.00,0.00,0.00,0.00,5.60,17.40,0.00,600.60,0.00,0.00,0.00,0.00,0.40,0.00,0.40,0.00,11.20,10696760,0,4962240,31.69,35856,1153296,5663712,36.17,4166560,615560,1768,3592964,69188,2488,10604,31532,0,0,0.00,0,0.00,0,297,0.00,0.19,0.77,0,0.40,0.00,11.20,28.00,0.00,0.00,0.00,0.00,127.20,89.80,652.96,325.21,0.00,0.00,0.00,0.00
2018-01-07 01:36:55,0.20,0.00,0.10,0.00,0.00,0.00,0.00,0.00,0.00,99.70,0.00,333.20,202.20,0.00,0.00,0.00,8.00,8.40,0.00,280.80,0.00,0.00,0.00,0.00,0.40,0.00,0.40,0.00,16.00,10701976,0,4957024,31.66,35864,1148200,5663712,36.17,4166272,610776,1800,3592980,69128,2488,10604,31532,0,0,0.00,0,0.00,0,297,0.00,0.18,0.76,0,0.40,0.00,16.00,40.00,0.00,2.00,2.00,0.08,4.60,6.20,3.28,2.00,0.00,0.00,0.00,0.00
2018-01-07 01:37:00,4.23,0.00,0.00,0.20,0.00,0.00,0.00,0.00,0.00,95.56,0.00,382.40,279.00,0.00,0.00,0.00,148.00,9.80,0.00,322.00,0.00,0.00,0.00,0.00,6.80,0.00,6.80,0.00,296.00,10707192,0,4951808,31.62,35872,1143500,5663712,36.17,4166124,606236,1576,3592980,69032,2488,10604,31532,0,0,0.00,0,0.00,0,297,0.00,0.18,0.76,0,6.80,0.00,296.00,43.53,0.02,2.47,1.53,1.04,21.20,17.20,79.65,7.33,0.00,0.00,0.00,0.00
2018-01-07 01:37:05,11.13,0.00,0.30,0.10,0.00,0.00,0.00,0.00,0.00,88.47,0.20,427.60,336.20,0.00,0.00,0.00,42.40,12.40,0.00,370.80,0.00,0.00,0.00,0.00,0.60,0.00,0.60,0.00,84.80,10712060,0,4946940,31.59,35880,1138052,5663712,36.17,4165720,601152,1760,3592928,69216,2480,10604,31532,0,0,0.00,0,0.00,0,296,0.08,0.19,0.76,0,0.60,0.00,84.80,141.33,0.00,1.33,1.33,0.08,15.20,16.80,12.06,11.90,0.00,0.00,0.00,0.00
2018-01-07 01:37:10,0.20,0.00,0.00,0.00,0.00,0.00,0.00,0.00,0.00,99.80,0.00,330.80,194.40,0.00,0.00,0.00,8.80,7.20,0.00,278.00,0.00,0.00,0.00,0.00,0.40,0.00,0.40,0.00,17.60,10716832,0,4942168,31.56,35888,1132912,5663712,36.17,4165384,596344,1784,3592928,69124,2480,10604,31532,0,0,0.00,0,0.00,0,296,0.08,0.19,0.76,0,0.40,0.00,17.60,44.00,0.00,0.00,0.00,0.00,3.20,3.60,0.24,1.29,0.00,0.00,0.00,0.00
2018-01-07 01:37:15,0.20,0.00,0.10,0.00,0.00,0.00,0.00,0.00,0.00,99.70,0.00,327.00,194.00,0.00,0.00,0.00,16.00,9.60,0.00,277.00,0.00,0.00,0.00,0.00,0.80,0.00,0.80,0.00,32.00,10721980,0,4937020,31.53,35888,1127980,5663712,36.17,4165052,591620,1784,3592928,69040,2480,10604,31532,0,0,0.00,0,0.00,0,296,0.07,0.19,0.75,0,0.80,0.00,32.00,40.00,0.00,0.00,0.00,0.00,1.00,2.20,0.07,0.83,0.00,0.00,0.00,0.00
2018-01-07 01:37:20,1.41,0.00,0.10,0.00,0.10,0.00,0.10,0.00,0.00,98.29,0.00,432.20,438.20,0.00,0.00,0.00,5.60,15.80,0.00,594.80,0.00,0.00,0.00,0.00,0.40,0.00,0.40,0.00,11.20,10726864,0,4932136,31.50,35896,1122856,5663712,36.17,4165012,586612,1832,3592940,68944,2480,10604,31532,0,0,0.00,0,0.00,0,296,0.06,0.18,0.75,0,0.40,0.00,11.20,28.00,0.00,0.00,0.00,0.00,122.20,91.20,652.20,330.68,0.00,0.00,0.00,0.00
2018-01-07 01:37:25,0.20,0.00,0.10,0.00,0.00,0.00,0.00,0.00,0.00,99.70,0.00,342.20,218.60,0.00,0.00,0.00,376.80,9.40,0.00,284.00,0.00,0.00,0.00,0.00,14.00,0.00,14.00,0.00,753.60,10732228,0,4926772,31.46,35904,1117672,5663712,36.17,4164680,581896,48,3592940,68808,2480,10604,31532,0,0,0.00,0,0.00,0,296,0.06,0.18,0.75,0,14.00,0.00,753.60,53.83,0.08,5.37,0.91,1.28,5.60,9.20,3.77,4.82,0.00,0.00,0.00,0.00
2018-01-07 01:37:30,4.13,0.00,0.00,0.00,0.10,0.00,0.00,0.00,0.00,95.77,0.00,381.80,273.60,0.00,0.00,0.00,13.60,9.20,0.00,328.40,0.00,0.00,0.00,0.00,0.40,0.00,0.40,0.00,27.20,10737156,0,4921844,31.43,35912,1113132,5663712,36.17,4164460,577508,720,3592940,68712,2480,10604,31532,0,0,0.00,0,0.00,1,296,0.05,0.18,0.74,0,0.40,0.00,27.20,68.00,0.00,0.00,0.00,0.00,19.80,17.60,61.17,9.27,0.00,0.00,0.00,0.00
2018-01-07 01:37:35,3.41,0.00,0.10,0.00,0.00,0.00,0.00,0.00,0.00,96.49,0.00,320.20,214.00,0.00,0.00,0.00,20.00,7.20,0.00,81.60,0.00,0.00,0.00,0.00,0.40,0.00,0.40,0.00,40.00,10738264,0,4920736,31.42,35920,1112424,5663712,36.17,4164196,577084,1156,3592940,68572,2480,10604,31532,0,0,0.00,0,0.00,0,296,0.05,0.18,0.74,0,0.40,0.00,40.00,100.00,0.00,0.00,0.00,0.00,6.40,11.00,3.39,39.94,0.00,0.00,0.00,0.00
2018-01-07 01:37:40,9.15,0.00,0.40,0.60,0.00,0.00,0.00,0.00,0.00,89.84,0.00,336.20,247.80,0.00,0.00,0.00,13.60,475.20,0.00,7381.80,0.00,0.00,0.00,0.00,0.40,0.00,0.40,0.00,27.20,10737248,0,4921752,31.43,35932,1112616,5663712,36.17,4164628,577244,1364,3593344,68756,2480,10604,31532,0,0,0.00,0,0.00,2,296,0.05,0.17,0.73,0,0.40,0.00,27.20,68.00,0.01,28.00,28.00,1.12,7.60,5.80,5.02,3.67,0.00,0.00,0.00,0.00
2018-01-07 01:37:45,4.52,0.00,0.10,0.00,0.00,0.00,0.00,0.00,0.00,95.38,0.00,355.20,224.20,0.00,0.00,0.00,0.00,8.60,0.00,26.20,0.00,0.00,0.00,0.00,0.00,0.00,0.00,0.00,0.00,10737268,0,4921732,31.43,35932,1113000,5663712,36.17,4164432,577532,1760,3593080,68676,2480,10604,31532,0,0,0.00,0,0.00,1,296,0.04,0.17,0.73,0,0.00,0.00,0.00,0.00,0.00,0.00,0.00,0.00,2.80,4.20,1.68,3.17,0.00,0.00,0.00,0.00
2018-01-07 01:37:50,0.20,0.00,0.10,0.00,0.00,0.00,0.00,0.00,0.00,99.70,0.00,318.40,182.80,0.00,0.00,0.00,17.60,7.40,0.00,20.00,0.00,0.00,0.00,0.00,0.60,0.00,0.60,0.00,35.20,10737308,0,4921692,31.43,35944,1113024,5663712,36.17,4164444,577556,1824,3593080,68668,2480,10604,31532,0,0,0.00,0,0.00,0,296,0.04,0.17,0.73,0,0.60,0.00,35.20,58.67,0.00,0.00,0.00,0.00,3.60,3.00,0.26,1.00,0.00,0.00,0.00,0.00
2018-01-07 01:37:55,1.01,0.00,0.00,0.00,0.00,0.00,0.00,0.00,0.00,98.99,0.00,320.20,189.40,0.00,0.00,0.00,17.60,161.20,0.00,244.20,0.00,0.00,0.00,0.00,1.40,0.00,1.40,0.00,35.20,10738548,0,4920452,31.42,35952,1113048,5663712,36.17,4162976,577620,1820,3591592,68668,2480,10604,31532,0,0,0.00,0,0.00,1,296,0.04,0.16,0.72,0,1.40,0.00,35.20,25.14,0.00,0.00,0.00,0.00,1.80,3.20,0.13,0.98,0.00,0.00,0.00,0.00
2018-01-07 01:38:00,0.40,0.00,0.00,0.00,0.10,0.00,0.00,0.00,0.00,99.50,0.00,362.40,259.60,0.00,0.00,0.00,50.40,8.20,0.00,51.20,0.00,0.00,0.00,0.00,1.60,0.00,1.60,0.00,100.80,10738556,0,4920444,31.42,35960,1113072,5663712,36.17,4163016,577608,1664,3591592,68660,2480,10604,31532,0,0,0.00,0,0.00,0,296,0.03,0.16,0.72,0,1.60,0.00,100.80,63.00,0.00,0.00,0.00,0.00,31.20,35.40,5.36,292.55,0.00,0.00,0.00,0.00
2018-01-07 01:38:05,11.66,0.00,0.20,0.00,0.00,0.00,0.00,0.00,0.00,88.14,0.00,415.00,358.40,0.00,0.00,0.00,44.80,9.60,0.00,147.20,0.00,0.00,0.00,0.00,2.40,0.00,2.40,0.00,89.60,10739184,0,4919816,31.42,35968,1112520,5663712,36.17,4162824,577116,1108,3591516,68860,2472,10604,31532,0,0,0.00,0,0.00,0,295,0.03,0.16,0.71,0,2.40,0.00,89.60,37.33,0.00,0.00,0.00,0.00,29.80,30.20,96.47,12.11,0.00,0.00,0.00,0.00
2018-01-07 01:38:10,3.61,0.00,0.00,0.30,0.00,0.00,0.00,0.00,0.00,96.09,0.00,327.00,219.40,0.00,0.00,0.00,28.00,7.80,0.00,24.40,0.00,0.00,0.00,0.00,0.60,0.00,0.60,0.00,56.00,10739152,0,4919848,31.42,35976,1112948,5663712,36.17,4162912,577484,1604,3591516,68868,2472,10604,31532,0,0,0.00,0,0.00,0,295,0.03,0.16,0.71,0,0.60,0.00,56.00,93.33,0.01,9.33,9.33,0.56,7.80,8.20,6.88,5.20,0.00,0.00,0.00,0.00
2018-01-07 01:38:15,0.80,0.00,0.20,0.00,0.10,0.00,0.00,0.00,0.00,98.90,0.00,324.00,195.20,0.00,0.00,0.00,10.40,7.80,0.00,403.80,0.00,0.00,0.00,0.00,0.40,0.00,0.40,0.00,20.80,10746444,0,4912556,31.37,35984,1113148,5663712,36.17,4155256,577700,1820,3583820,68868,2472,10592,31532,0,0,0.00,0,0.00,1,295,0.03,0.15,0.71,0,0.40,0.00,20.80,52.00,0.00,0.00,0.00,0.00,3.80,5.00,1.96,2.49,0.00,0.00,0.00,0.00
2018-01-07 01:38:20,0.10,0.00,0.10,0.00,0.00,0.00,0.00,0.00,0.00,99.80,0.00,315.00,181.20,0.00,0.00,0.00,4.00,7.20,0.00,17.60,0.00,0.00,0.00,0.00,0.40,0.00,0.40,0.00,8.00,10746412,0,4912588,31.37,35992,1113164,5663712,36.17,4155256,577700,1844,3583820,68868,2472,10592,31532,0,0,0.00,0,0.00,1,295,0.02,0.15,0.70,0,0.40,0.00,8.00,20.00,0.00,0.00,0.00,0.00,3.40,3.00,0.26,0.84,0.00,0.00,0.00,0.00
2018-01-07 01:38:25,0.10,0.00,0.00,0.00,0.00,0.00,0.00,0.00,0.00,99.90,0.00,307.60,175.60,0.00,0.00,0.00,16.00,9.60,0.00,17.80,0.00,0.00,0.00,0.00,0.80,0.00,0.80,0.00,32.00,10746320,0,4912680,31.37,35992,1113200,5663712,36.17,4155280,577736,1836,3583824,68876,2472,10592,31532,0,0,0.00,0,0.00,0,295,0.02,0.15,0.70,0,0.80,0.00,32.00,40.00,0.00,0.00,0.00,0.00,1.80,3.20,0.13,0.98,0.00,0.00,0.00,0.00
2018-01-07 01:38:30,0.30,0.00,0.10,0.00,0.00,0.00,0.00,0.00,0.00,99.60,0.00,356.00,252.80,0.00,0.00,0.00,5.60,7.40,0.00,48.60,0.00,0.00,0.00,0.00,0.40,0.00,0.40,0.00,11.20,10746148,0,4912852,31.37,36000,1113220,5663712,36.17,4155324,577720,1856,3583824,68900,2472,10592,31532,0,0,0.00,0,0.00,1,295,0.10,0.16,0.70,0,0.40,0.00,11.20,28.00,0.00,0.00,0.00,0.00,29.60,36.40,2.29,283.31,0.00,0.00,0.00,0.00
2018-01-07 01:38:35,0.70,0.00,0.10,0.00,0.00,0.00,0.00,0.00,0.00,99.20,0.00,332.00,214.20,0.00,0.00,0.00,88.80,10.80,0.00,30.00,0.00,0.00,0.00,0.00,9.20,0.00,9.20,0.00,177.60,10746172,0,4912828,31.37,36008,1113244,5663712,36.17,4155372,577740,1484,3583856,68908,2472,10592,31532,0,0,0.00,0,0.00,1,295,0.09,0.16,0.70,0,9.20,0.00,177.60,19.30,0.00,0.09,0.09,0.08,8.60,12.00,25.72,4.97,0.00,0.00,0.00,0.00
2018-01-07 01:38:40,8.45,0.00,0.10,0.10,0.00,0.00,0.00,0.00,0.00,91.35,0.20,357.20,288.00,0.00,0.00,0.00,262.40,14.20,0.00,67.20,0.00,0.00,0.00,0.00,4.60,0.00,4.60,0.00,524.80,10745404,0,4913596,31.38,36016,1114168,5663712,36.17,4155476,578504,1256,3583856,68940,2472,10592,31532,0,0,0.00,0,0.00,1,296,0.16,0.17,0.70,0,4.60,0.00,524.80,114.09,0.07,15.65,1.74,0.80,23.40,22.20,78.47,45.14,0.00,0.00,0.00,0.00
2018-01-07 01:38:45,3.11,0.00,0.10,0.00,0.00,0.00,0.00,0.00,0.00,96.79,0.00,318.00,203.00,0.00,0.00,0.00,59.20,7.20,0.00,17.80,0.00,0.00,0.00,0.00,1.00,0.00,1.00,0.00,118.40,10745148,0,4913852,31.38,36028,1114356,5663712,36.17,4155668,578692,1356,3583976,68948,2480,10592,31532,0,0,0.00,0,0.00,1,296,0.15,0.17,0.69,0,1.00,0.00,118.40,118.40,0.00,0.00,0.00,0.00,3.00,4.40,3.16,3.35,0.00,0.00,0.00,0.00
2018-01-07 01:38:50,3.41,0.00,0.10,0.00,0.10,0.00,0.00,0.00,0.00,96.39,0.00,331.60,217.60,0.00,0.00,0.00,12.80,7.20,0.00,24.00,0.00,0.00,0.00,0.00,0.40,0.00,0.40,0.00,25.60,10744752,0,4914248,31.38,36036,1114728,5663712,36.17,4155732,579012,1736,3583976,68980,2480,10592,31532,0,0,0.00,0,0.00,1,296,0.22,0.19,0.69,0,0.40,0.00,25.60,64.00,0.00,0.00,0.00,0.00,6.60,6.00,4.93,4.31,0.00,0.00,0.00,0.00
2018-01-07 01:38:55,0.10,0.00,0.00,0.00,0.00,0.00,0.00,0.00,0.00,99.90,0.00,314.40,178.00,0.00,0.00,0.00,14.40,9.40,0.00,15.20,0.00,0.00,0.00,0.00,1.00,0.00,1.00,0.00,28.80,10744752,0,4914248,31.38,36036,1114752,5663712,36.17,4155740,579028,1732,3583976,68988,2480,10592,31532,0,0,0.00,0,0.00,1,296,0.20,0.18,0.69,0,1.00,0.00,28.80,28.80,0.00,0.00,0.00,0.00,0.80,2.40,0.07,0.76,0.00,0.00,0.00,0.00
2018-01-07 01:39:00,0.20,0.00,0.20,0.00,0.00,0.00,0.00,0.00,0.00,99.60,0.00,326.60,190.20,0.00,0.00,0.00,5.60,7.80,0.00,21.00,0.00,0.00,0.00,0.00,0.40,0.00,0.40,0.00,11.20,10744676,0,4914324,31.38,36044,1114776,5663712,36.17,4155752,579048,1760,3583976,68948,2480,10592,31532,0,0,0.00,0,0.00,1,296,0.19,0.18,0.69,0,0.40,0.00,11.20,28.00,0.00,0.00,0.00,0.00,3.40,3.40,0.25,1.10,0.00,0.00,0.00,0.00
2018-01-07 01:39:05,0.60,0.00,0.00,0.00,0.00,0.00,0.00,0.00,0.00,99.40,0.00,391.40,303.00,0.00,0.00,0.00,4.80,9.00,0.00,69.60,0.00,0.00,0.00,0.00,0.40,0.00,0.40,0.00,9.60,10744684,0,4914316,31.38,36052,1114804,5663712,36.17,4155784,579048,1808,3583976,68948,2480,10592,31532,0,0,0.00,0,0.00,1,296,0.17,0.18,0.68,0,0.40,0.00,9.60,24.00,0.00,0.00,0.00,0.00,42.00,44.60,27.62,293.15,0.00,0.00,0.00,0.00
2018-01-07 01:39:10,6.62,0.00,0.00,0.40,0.10,0.00,0.00,0.00,0.00,92.88,0.00,336.20,262.60,0.00,0.00,0.00,216.80,8.00,0.00,49.60,0.00,0.00,0.00,0.00,7.80,0.00,7.80,0.00,433.60,10743940,0,4915060,31.39,36060,1115552,5663712,36.17,4155872,579624,1516,3583976,68960,2480,10592,31532,0,0,0.00,0,0.00,1,296,0.24,0.19,0.68,0,7.80,0.00,433.60,55.59,0.06,7.08,1.95,1.52,13.00,13.60,72.84,8.97,0.00,0.00,0.00,0.00
2018-01-07 01:39:15,3.32,0.00,0.10,0.00,0.00,0.00,0.00,0.00,0.00,96.58,0.00,322.40,209.20,0.00,0.00,0.00,92.00,7.60,0.00,20.20,0.00,0.00,0.00,0.00,1.80,0.00,1.80,0.00,184.00,10743428,0,4915572,31.39,36072,1115908,5663712,36.17,4155968,579944,1616,3583980,68988,2480,10592,31532,0,0,0.00,0,0.00,1,296,0.22,0.19,0.68,0,1.80,0.00,184.00,102.22,0.00,0.00,0.00,0.00,5.20,5.40,4.81,3.70,0.00,0.00,0.00,0.00
2018-01-07 01:39:20,3.32,0.00,0.10,0.00,0.00,0.00,0.00,0.00,0.00,96.58,0.00,328.60,218.20,0.00,0.00,0.00,86.40,7.60,0.00,22.40,0.00,0.00,0.00,0.00,1.60,0.00,1.60,0.00,172.80,10742924,0,4916076,31.39,36080,1116284,5663712,36.17,4156036,580308,1668,3583980,69004,2480,10592,31532,0,0,0.00,0,0.00,2,296,0.28,0.20,0.68,0,1.60,0.00,172.80,108.00,0.03,18.50,5.00,0.80,5.60,5.60,3.37,3.99,0.00,0.00,0.00,0.00
2018-01-07 01:39:25,0.20,0.00,0.10,0.00,0.00,0.00,0.00,0.00,0.00,99.70,0.00,321.80,174.80,0.00,0.00,0.00,20.80,9.20,0.00,16.20,0.00,0.00,0.00,0.00,1.40,0.00,1.40,0.00,41.60,10742940,0,4916060,31.39,36088,1116308,5663712,36.17,4156044,580332,1656,3583980,68992,2480,10592,31532,0,0,0.00,0,0.00,0,296,0.26,0.20,0.68,0,1.40,0.00,41.60,29.71,0.00,0.00,0.00,0.00,1.40,2.40,0.10,0.76,0.00,0.00,0.00,0.00
2018-01-07 01:39:30,0.20,0.00,0.10,0.00,0.00,0.00,0.00,0.00,0.00,99.70,0.00,325.20,190.60,0.00,0.00,0.00,5.60,8.20,0.00,17.60,0.00,0.00,0.00,0.00,0.40,0.00,0.40,0.00,11.20,10742816,0,4916184,31.40,36096,1116328,5663712,36.17,4156044,580332,1692,3583980,68992,2480,10592,31532,0,0,0.00,0,0.00,0,296,0.24,0.19,0.68,0,0.40,0.00,11.20,28.00,0.00,0.00,0.00,0.00,3.20,3.40,0.24,1.10,0.00,0.00,0.00,0.00
2018-01-07 01:39:35,0.60,0.00,0.20,0.10,0.10,0.00,0.30,0.00,0.00,98.69,0.00,400.20,411.40,0.00,0.00,0.00,349.60,14.80,0.00,328.20,0.00,0.00,0.00,0.00,10.40,0.00,10.40,0.00,699.20,10742072,0,4916928,31.40,36104,1116356,5663712,36.17,4156100,580344,56,3583984,68992,2480,10592,31532,0,0,0.00,0,0.00,0,296,0.22,0.19,0.67,0,10.40,0.00,699.20,67.23,0.16,15.46,1.00,1.04,117.60,87.60,653.43,323.25,0.00,0.00,0.00,0.00
2018-01-07 01:39:40,0.40,0.00,0.10,0.00,0.00,0.00,0.00,0.00,0.00,99.50,0.00,339.40,211.40,0.00,0.00,0.00,0.00,8.20,0.00,371.00,0.00,0.00,0.00,0.00,0.00,0.00,0.00,0.00,0.00,10748944,0,4910056,31.36,36104,1116384,5663712,36.17,4149456,580352,152,3577316,69008,2480,10580,31532,0,0,0.00,0,0.00,0,296,0.20,0.19,0.67,0,0.00,0.00,0.00,0.00,0.00,0.00,0.00,0.00,14.60,12.40,24.47,4.90,0.00,0.00,0.00,0.00
2018-01-07 01:39:45,3.01,0.00,0.10,0.00,0.00,0.00,0.00,0.00,0.00,96.89,0.00,337.60,226.20,0.00,0.00,0.00,4.80,7.60,0.00,34.00,0.00,0.00,0.00,0.00,0.40,0.00,0.40,0.00,9.60,10748672,0,4910328,31.36,36112,1116584,5663712,36.17,4149488,580528,360,3577316,69000,2480,10580,31532,0,0,0.00,0,0.00,1,296,0.18,0.18,0.66,0,0.40,0.00,9.60,24.00,0.00,2.00,2.00,0.08,10.00,11.60,37.82,3.26,0.00,0.00,0.00,0.00
2018-01-07 01:39:50,7.64,0.00,0.00,0.00,0.00,0.00,0.00,0.00,0.00,92.36,0.00,334.13,244.71,0.00,0.00,0.00,17.56,7.58,0.00,35.93,0.00,0.00,0.00,0.00,0.60,0.00,0.60,0.00,35.13,10748020,0,4910980,31.36,36128,1117504,5663712,36.17,4149596,581268,1336,3577316,69032,2480,10580,31532,0,0,0.00,0,0.00,0,296,0.25,0.20,0.67,0,0.60,0.00,35.13,58.67,0.00,2.67,1.33,0.08,9.78,11.38,38.54,10.05,0.00,0.00,0.00,0.00
2018-01-07 01:39:55,9.43,0.00,1.30,0.20,0.10,0.00,0.00,0.00,0.00,88.97,0.00,408.80,299.80,0.00,0.00,0.00,16.80,344.60,0.00,7291.20,0.00,0.00,0.00,0.00,0.40,0.00,0.40,0.00,33.60,10509904,0,5149096,32.88,36136,1117888,5574264,35.60,4387228,581616,1760,3814880,69000,2480,10980,31532,0,0,0.00,0,0.00,1,296,0.23,0.20,0.66,0,0.40,0.00,33.60,84.00,0.00,10.00,10.00,0.40,6.60,6.00,4.94,4.16,0.00,0.00,0.00,0.00
2018-01-07 01:40:00,0.60,0.00,0.00,0.00,0.00,0.00,0.00,0.00,0.00,99.40,0.00,333.60,196.20,0.00,0.00,0.00,30.40,7.60,0.00,93.80,0.00,0.00,0.00,0.00,0.60,0.00,0.60,0.00,60.80,10510608,0,5148392,32.88,36144,1116484,5574264,35.60,4386940,580464,1836,3814780,69172,2480,11044,31532,0,0,0.00,0,0.00,1,296,0.21,0.19,0.66,0,0.60,0.00,60.80,101.33,0.00,0.00,0.00,0.00,7.40,6.60,1.37,1.85,0.00,0.00,0.00,0.00
2018-01-07 01:40:05,0.20,0.00,0.20,0.10,0.00,0.00,0.00,0.00,0.00,99.50,0.00,327.80,191.40,0.00,0.00,0.00,21.60,9.40,0.00,20.80,0.00,0.00,0.00,0.00,1.20,0.00,1.20,0.00,43.20,10510732,0,5148268,32.88,36152,1116500,5574264,35.60,4386952,580476,1828,3814780,69180,2480,11044,31532,0,0,0.00,0,0.00,1,296,0.19,0.19,0.66,0,1.20,0.00,43.20,36.00,0.00,0.00,0.00,0.00,6.40,6.20,1.29,1.48,0.00,0.00,0.00,0.00
2018-01-07 01:40:10,0.50,0.00,0.10,0.00,0.00,0.00,0.00,0.00,0.00,99.40,0.00,383.80,299.00,0.00,0.00,0.00,74.40,8.80,0.00,68.60,0.00,0.00,0.00,0.00,7.20,0.00,7.20,0.00,148.80,10510732,0,5148268,32.88,36152,1116532,5574264,35.60,4386996,580472,1452,3814780,69188,2480,11044,31532,0,0,0.00,0,0.00,1,296,0.18,0.19,0.65,0,7.20,0.00,148.80,20.67,0.00,0.00,0.00,0.00,39.20,56.40,34.99,291.87,0.00,0.00,0.00,0.00
2018-01-07 01:40:15,3.51,0.00,0.10,0.00,0.00,0.00,0.00,0.00,0.00,96.39,0.00,331.00,227.60,0.00,0.00,0.00,10.40,8.00,0.00,36.80,0.00,0.00,0.00,0.00,0.40,0.00,0.40,0.00,20.80,10510648,0,5148352,32.88,36160,1116912,5574264,35.60,4387064,580776,1908,3814784,69188,2480,11044,31532,0,0,0.00,0,0.00,0,296,0.16,0.18,0.65,0,0.40,0.00,20.80,52.00,0.00,0.00,0.00,0.00,10.20,11.40,46.41,5.51,0.00,0.00,0.00,0.00
2018-01-07 01:40:20,9.42,0.00,0.20,0.00,0.10,0.00,0.00,0.00,0.00,90.28,0.00,334.20,264.20,0.00,0.00,0.00,193.60,8.20,0.00,30.00,0.00,0.00,0.00,0.00,3.40,0.00,3.40,0.00,387.20,10510276,0,5148724,32.88,36168,1117836,5574264,35.60,4387172,581508,2032,3814784,69196,2480,11044,31532,0,0,0.00,0,0.00,0,296,0.15,0.18,0.65,0,3.40,0.00,387.20,113.88,0.00,0.00,0.00,0.00,8.60,9.40,22.82,8.92,0.00,0.00,0.00,0.00
2018-01-07 01:40:25,0.10,0.00,0.10,0.00,0.00,0.00,0.00,0.00,0.00,99.80,0.00,311.80,179.00,0.00,0.00,0.00,51.20,7.20,0.00,16.80,0.00,0.00,0.00,0.00,1.00,0.00,1.00,0.00,102.40,10510120,0,5148880,32.88,36176,1117840,5574264,35.60,4387212,581592,1896,3814784,69196,2480,11044,31532,0,0,0.00,0,0.00,0,296,0.14,0.18,0.64,0,1.00,0.00,102.40,102.40,0.00,0.00,0.00,0.00,2.40,2.60,1.65,1.77,0.00,0.00,0.00,0.00
2018-01-07 01:40:30,1.71,0.00,0.10,0.00,0.00,0.00,0.00,0.00,0.00,98.19,0.00,354.80,228.40,0.00,0.00,0.00,81.60,7.60,0.00,459.40,0.00,0.00,0.00,0.00,1.60,0.00,1.60,0.00,163.20,10509896,0,5149104,32.88,36184,1118040,5574264,35.60,4387244,581764,1756,3814784,69204,2480,11044,31532,0,0,0.00,0,0.00,0,296,0.13,0.17,0.64,0,1.60,0.00,163.20,102.00,0.00,0.00,0.00,0.00,6.40,5.60,1.97,2.88,0.00,0.00,0.00,0.00
2018-01-07 01:40:35,0.10,0.00,0.10,0.00,0.00,0.00,0.00,0.00,0.00,99.80,0.00,308.60,171.20,0.00,0.00,0.00,20.00,9.40,0.00,15.20,0.00,0.00,0.00,0.00,1.40,0.00,1.40,0.00,40.00,10509896,0,5149104,32.88,36192,1118064,5574264,35.60,4387244,581776,1752,3814784,69208,2480,11044,31532,0,0,0.00,0,0.00,0,296,0.12,0.17,0.64,0,1.40,0.00,40.00,28.57,0.00,0.00,0.00,0.00,1.00,2.00,0.07,0.66,0.00,0.00,0.00,0.00
2018-01-07 01:40:40,0.20,0.00,0.00,0.30,0.00,0.00,0.10,0.00,0.00,99.40,0.00,344.80,247.00,0.00,0.00,0.00,5.60,7.60,0.00,48.40,0.00,0.00,0.00,0.00,0.40,0.00,0.40,0.00,11.20,10509780,0,5149220,32.88,36200,1118088,5574264,35.60,4387260,581788,1780,3814784,69200,2480,11044,31532,0,0,0.00,0,0.00,0,296,0.11,0.17,0.63,0,0.40,0.00,11.20,28.00,0.00,12.00,12.00,0.48,29.00,27.00,1.81,293.63,0.00,0.00,0.00,0.00
2018-01-07 01:40:45,0.20,0.00,0.20,0.00,0.10,0.00,0.00,0.00,0.00,99.50,0.00,343.00,209.20,0.00,0.00,0.00,107.20,7.20,0.00,22.40,0.00,0.00,0.00,0.00,6.00,0.00,6.00,0.00,214.40,10509756,0,5149244,32.88,36208,1118112,5574264,35.60,4387304,581776,1340,3814784,69224,2480,11044,31532,0,0,0.00,0,0.00,0,296,0.10,0.16,0.63,0,6.00,0.00,214.40,35.73,0.00,0.00,0.00,0.00,6.20,9.40,4.48,4.33,0.00,0.00,0.00,0.00
2018-01-07 01:40:50,0.30,0.00,0.10,0.00,0.00,0.00,0.00,0.00,0.00,99.60,0.00,329.00,201.20,0.00,0.00,0.00,147.20,8.20,0.00,29.20,0.00,0.00,0.00,0.00,2.80,0.00,2.80,0.00,294.40,10509764,0,5149236,32.88,36216,1118128,5574264,35.60,4387324,581808,672,3814784,69216,2480,11044,31532,0,0,0.00,0,0.00,0,296,0.09,0.16,0.63,0,2.80,0.00,294.40,105.14,0.03,12.00,2.00,0.56,10.80,11.00,13.50,4.12,0.00,0.00,0.00,0.00
2018-01-07 01:40:55,0.40,0.00,0.10,0.00,0.00,0.00,0.00,0.00,0.00,99.50,0.00,322.00,193.00,0.00,0.00,0.00,78.40,7.80,0.00,22.60,0.00,0.00,0.00,0.00,1.60,0.00,1.60,0.00,156.80,10509616,0,5149384,32.88,36224,1118160,5574264,35.60,4387336,581828,360,3814784,69208,2480,11044,31532,0,0,0.00,0,0.00,0,296,0.08,0.16,0.62,0,1.60,0.00,156.80,98.00,0.02,15.00,4.00,0.64,7.20,7.20,14.91,2.12,0.00,0.00,0.00,0.00
2018-01-07 01:41:00,6.73,0.00,0.10,0.00,0.00,0.00,0.00,0.00,0.00,93.17,0.00,364.60,275.60,0.00,0.00,0.00,0.00,8.60,0.00,122.60,0.00,0.00,0.00,0.00,0.00,0.00,0.00,0.00,0.00,10510240,0,5148760,32.88,36224,1117324,5574264,35.60,4387180,581084,756,3814788,69424,2480,11044,31532,0,0,0.00,0,0.00,2,296,0.16,0.17,0.62,0,0.00,0.00,0.00,0.00,0.00,0.00,0.00,0.00,15.20,13.80,34.29,9.35,0.00,0.00,0.00,0.00
2018-01-07 01:41:05,7.11,0.00,0.10,0.00,0.10,0.00,0.00,0.00,0.00,92.69,0.00,365.80,256.60,0.00,0.00,0.00,48.00,9.40,0.00,381.00,0.00,0.00,0.00,0.00,1.40,0.00,1.40,0.00,96.00,10516108,0,5142892,32.84,36232,1118212,5574264,35.60,4380156,581848,1736,3807612,69424,2480,11036,31532,0,0,0.00,0,0.00,1,296,0.15,0.17,0.62,0,1.40,0.00,96.00,68.57,0.00,0.00,0.00,0.00,4.80,7.40,6.28,7.56,0.00,0.00,0.00,0.00
2018-01-07 01:41:10,0.20,0.00,0.00,0.10,0.00,0.00,0.00,0.00,0.00,99.70,0.00,348.80,259.20,0.00,0.00,0.00,380.00,9.40,0.00,43.20,0.00,0.00,0.00,0.00,14.40,0.00,14.40,0.00,760.00,10516100,0,5142900,32.84,36240,1118236,5574264,35.60,4380172,581920,44,3807612,69436,2480,11036,31532,0,0,0.00,0,0.00,1,296,0.13,0.17,0.62,0,14.40,0.00,760.00,52.78,0.02,1.72,0.06,0.08,25.20,30.40,1.55,279.48,0.00,0.00,0.00,0.00
2018-01-07 01:41:15,0.30,0.00,0.10,0.00,0.00,0.00,0.00,0.00,0.00,99.60,0.00,329.00,199.80,0.00,0.00,0.00,12.80,7.40,0.00,22.00,0.00,0.00,0.00,0.00,0.40,0.00,0.40,0.00,25.60,10516100,0,5142900,32.84,36248,1118260,5574264,35.60,4380204,581888,140,3807612,69444,2480,11036,31532,0,0,0.00,0,0.00,1,296,0.12,0.16,0.61,0,0.40,0.00,25.60,64.00,0.00,0.00,0.00,0.00,5.20,8.40,6.75,3.59,0.00,0.00,0.00,0.00
2018-01-07 01:41:20,3.02,0.00,0.10,0.00,0.10,0.00,0.00,0.00,0.00,96.78,0.00,333.40,230.20,0.00,0.00,0.00,4.00,9.00,0.00,49.60,0.00,0.00,0.00,0.00,0.40,0.00,0.40,0.00,8.00,10515944,0,5143056,32.84,36256,1118480,5574264,35.60,4380216,582044,376,3807612,69452,2480,11036,31532,0,0,0.00,0,0.00,0,296,0.11,0.16,0.61,0,0.40,0.00,8.00,20.00,0.00,0.00,0.00,0.00,17.60,16.60,55.67,16.18,0.00,0.00,0.00,0.00
2018-01-07 01:41:25,4.23,0.00,0.00,0.10,0.00,0.00,0.00,0.00,0.00,95.67,0.00,337.20,238.00,0.00,0.00,0.00,16.00,7.60,0.00,34.40,0.00,0.00,0.00,0.00,0.40,0.00,0.40,0.00,32.00,10515324,0,5143676,32.85,36264,1119196,5574264,35.60,4380364,582656,1156,3807612,69460,2480,11036,31532,0,0,0.00,0,0.00,1,296,0.10,0.16,0.61,0,0.40,0.00,32.00,80.00,0.01,16.00,16.00,0.64,8.40,10.20,40.27,7.65,0.00,0.00,0.00,0.00
2018-01-07 01:41:30,6.32,0.00,0.10,0.10,0.00,0.00,0.00,0.00,0.00,93.48,0.00,327.60,229.20,0.00,0.00,0.00,16.00,7.40,0.00,21.60,0.00,0.00,0.00,0.00,0.40,0.00,0.40,0.00,32.00,10514952,0,5144048,32.85,36276,1119760,5574264,35.60,4380436,583152,1728,3807612,69492,2480,11036,31532,0,0,0.00,0,0.00,1,296,0.18,0.17,0.61,0,0.40,0.00,32.00,80.00,0.00,0.00,0.00,0.00,5.00,5.60,4.78,5.38,0.00,0.00,0.00,0.00
2018-01-07 01:41:35,0.20,0.00,0.00,0.00,0.00,0.00,0.00,0.00,0.00,99.80,0.00,312.40,178.40,0.00,0.00,0.00,0.00,7.40,0.00,17.80,0.00,0.00,0.00,0.00,0.00,0.00,0.00,0.00,0.00,10514704,0,5144296,32.85,36276,1119772,5574264,35.60,4380468,583196,1768,3807612,69500,2480,11036,31532,0,0,0.00,0,0.00,0,296,0.16,0.17,0.61,0,0.00,0.00,0.00,0.00,0.00,0.00,0.00,0.00,3.20,3.20,1.71,1.70,0.00,0.00,0.00,0.00
2018-01-07 01:41:40,0.20,0.00,0.10,0.00,0.00,0.00,0.00,0.00,0.00,99.70,0.00,316.40,185.20,0.00,0.00,0.00,23.20,9.60,0.00,21.60,0.00,0.00,0.00,0.00,1.60,0.00,1.60,0.00,46.40,10514704,0,5144296,32.85,36284,1119796,5574264,35.60,4380480,583212,1780,3807616,69508,2480,11036,31532,0,0,0.00,0,0.00,0,296,0.15,0.17,0.60,0,1.60,0.00,46.40,29.00,0.00,0.00,0.00,0.00,5.60,5.00,0.82,1.27,0.00,0.00,0.00,0.00
2018-01-07 01:41:45,0.20,0.00,0.10,0.00,0.00,0.00,0.00,0.00,0.00,99.70,0.00,322.00,191.20,0.00,0.00,0.00,80.00,7.20,0.00,15.00,0.00,0.00,0.00,0.00,6.40,0.00,6.40,0.00,160.00,10514696,0,5144304,32.85,36296,1119820,5574264,35.60,4380500,583236,1468,3807616,69516,2480,11036,31532,0,0,0.00,0,0.00,0,296,0.14,0.16,0.60,0,6.40,0.00,160.00,25.00,0.00,0.00,0.00,0.00,0.80,2.20,0.06,0.75,0.00,0.00,0.00,0.00
2018-01-07 01:41:50,0.20,0.00,0.00,0.00,0.00,0.00,0.00,0.00,0.00,99.80,0.00,335.40,237.40,0.00,0.00,0.00,9.60,7.20,0.00,39.80,0.00,0.00,0.00,0.00,1.20,0.00,1.20,0.00,19.20,10514664,0,5144336,32.85,36304,1119844,5574264,35.60,4380524,583244,1508,3807616,69548,2480,11036,31532,0,0,0.00,0,0.00,0,296,0.13,0.16,0.60,0,1.20,0.00,19.20,16.00,0.00,0.00,0.00,0.00,22.40,30.20,1.39,273.70,0.00,0.00,0.00,0.00
2018-01-07 01:41:55,0.20,0.00,0.10,0.00,0.10,0.00,0.10,0.00,0.00,99.50,0.00,339.20,213.60,0.00,0.00,0.00,151.20,7.20,0.00,25.80,0.00,0.00,0.00,0.00,2.80,0.00,2.80,0.00,302.40,10514540,0,5144460,32.85,36312,1119868,5574264,35.60,4380552,583244,852,3807616,69548,2480,11036,31532,0,0,0.00,0,0.00,1,296,0.12,0.16,0.59,0,2.80,0.00,302.40,108.00,0.05,17.71,2.29,0.64,8.80,11.80,7.57,4.54,0.00,0.00,0.00,0.00
2018-01-07 01:42:00,0.60,0.00,0.10,0.10,0.00,0.00,0.00,0.00,0.00,99.20,0.00,336.80,217.20,0.00,0.00,0.00,112.00,9.00,0.00,43.20,0.00,0.00,0.00,0.00,2.20,0.00,2.20,0.00,224.00,10514384,0,5144616,32.85,36320,1119888,5574264,35.60,4380564,583260,360,3807616,69548,2480,11036,31532,0,0,0.00,0,0.00,2,296,0.11,0.16,0.59,0,2.20,0.00,224.00,101.82,0.01,5.82,2.91,0.64,14.80,12.40,55.40,3.91,0.00,0.00,0.00,0.00
2018-01-07 01:42:05,13.07,0.00,0.10,0.00,0.00,0.00,0.00,0.00,0.00,86.83,0.00,372.80,310.00,0.00,0.00,0.00,57.60,7.40,0.00,40.80,0.00,0.00,0.00,0.00,1.00,0.00,1.00,0.00,115.20,10513052,0,5145948,32.86,36332,1121328,5574264,35.60,4380772,584472,1712,3807616,69556,2480,11036,31532,0,0,0.00,0,0.00,1,296,0.10,0.15,0.59,0,1.00,0.00,115.20,115.20,0.00,0.00,0.00,0.00,12.80,14.20,40.04,12.22,0.00,0.00,0.00,0.00
2018-01-07 01:42:10,0.20,0.00,0.10,0.20,0.00,0.00,0.00,0.00,0.00,99.50,0.00,328.60,189.80,0.00,0.00,0.00,28.80,9.20,0.00,16.80,0.00,0.00,0.00,0.00,1.80,0.00,1.80,0.00,57.60,10512928,0,5146072,32.86,36340,1121352,5574264,35.60,4380784,584484,1752,3807616,69560,2480,11036,31532,0,0,0.00,0,0.00,0,296,0.09,0.15,0.58,0,1.80,0.00,57.60,32.00,0.01,3.11,3.11,0.56,2.40,2.80,0.18,0.95,0.00,0.00,0.00,0.00
2018-01-07 01:42:15,0.20,0.00,0.00,0.00,0.10,0.00,0.00,0.00,0.00,99.70,0.00,328.60,224.40,0.00,0.00,0.00,4.80,7.20,0.00,38.80,0.00,0.00,0.00,0.00,0.40,0.00,0.40,0.00,9.60,10512912,0,5146088,32.86,36348,1121376,5574264,35.60,4380792,584520,1776,3807616,69584,2480,11036,31532,0,0,0.00,0,0.00,0,296,0.08,0.15,0.58,0,0.40,0.00,9.60,24.00,0.00,0.00,0.00,0.00,21.40,19.60,1.27,211.06,0.00,0.00,0.00,0.00
2018-01-07 01:42:20,0.20,0.00,0.00,0.10,0.00,0.00,0.00,0.00,0.00,99.70,0.00,330.20,221.00,0.00,0.00,0.00,368.00,10.40,0.00,33.00,0.00,0.00,0.00,0.00,11.40,0.00,11.40,0.00,736.00,10512872,0,5146128,32.86,36356,1121400,5574264,35.60,4380844,584524,92,3807616,69592,2480,11036,31532,0,0,0.00,0,0.00,0,296,0.08,0.15,0.58,0,11.40,0.00,736.00,64.56,0.08,6.60,0.70,0.80,15.60,18.20,2.32,93.33,0.00,0.00,0.00,0.00
2018-01-07 01:42:25,0.40,0.00,0.20,0.00,0.00,0.00,0.00,0.00,0.00,99.40,0.00,325.00,199.20,0.00,0.00,0.00,5.60,7.60,0.00,440.00,0.00,0.00,0.00,0.00,0.40,0.00,0.40,0.00,11.20,10520536,0,5138464,32.81,36364,1121420,5574264,35.60,4372652,584540,136,3799408,69592,2480,11024,31532,0,0,0.00,0,0.00,0,296,0.07,0.14,0.57,0,0.40,0.00,11.20,28.00,0.00,0.00,0.00,0.00,9.20,10.80,22.38,4.57,0.00,0.00,0.00,0.00
2018-01-07 01:42:30,0.60,0.00,0.10,0.00,0.00,0.00,0.00,0.00,0.00,99.30,0.00,335.60,201.60,0.00,0.00,0.00,0.00,9.40,0.00,25.80,0.00,0.00,0.00,0.00,0.00,0.00,0.00,0.00,0.00,10520660,0,5138340,32.81,36364,1121448,5574264,35.60,4372652,584548,188,3799408,69592,2480,11024,31532,0,0,0.00,0,0.00,0,296,0.06,0.14,0.57,0,0.00,0.00,0.00,0.00,0.00,0.00,0.00,0.00,8.80,10.60,9.46,3.80,0.00,0.00,0.00,0.00
2018-01-07 01:42:35,2.92,0.00,0.00,0.00,0.00,0.00,0.00,0.00,0.00,97.08,0.00,317.40,207.40,0.00,0.00,0.00,4.80,7.40,0.00,36.60,0.00,0.00,0.00,0.00,0.40,0.00,0.40,0.00,9.60,10520380,0,5138620,32.82,36372,1121648,5574264,35.60,4372688,584712,388,3799408,69592,2480,11024,31532,0,0,0.00,0,0.00,0,296,0.06,0.14,0.57,0,0.40,0.00,9.60,24.00,0.00,4.00,4.00,0.16,8.80,8.80,53.54,2.66,0.00,0.00,0.00,0.00
2018-01-07 01:42:40,4.32,0.00,0.10,0.10,0.00,0.00,0.00,0.00,0.00,95.48,0.00,347.80,233.60,0.00,0.00,0.00,12.00,8.20,0.00,101.80,0.00,0.00,0.00,0.00,0.40,0.00,0.40,0.00,24.00,10520892,0,5138108,32.81,36380,1120624,5574264,35.60,4372724,583916,1020,3799408,69592,2480,11024,31532,0,0,0.00,0,0.00,1,296,0.05,0.14,0.57,0,0.40,0.00,24.00,60.00,0.00,0.00,0.00,0.00,9.80,10.60,17.26,6.32,0.00,0.00,0.00,0.00
2018-01-07 01:42:45,3.31,0.00,0.10,0.00,0.10,0.00,0.00,0.00,0.00,96.49,0.00,324.00,207.60,0.00,0.00,0.00,35.20,7.20,0.00,19.60,0.00,0.00,0.00,0.00,0.60,0.00,0.60,0.00,70.40,10520908,0,5138092,32.81,36388,1121172,5574264,35.60,4372620,584316,1484,3799416,69792,2480,11024,31532,0,0,0.00,0,0.00,0,296,0.05,0.13,0.56,0,0.60,0.00,70.40,117.33,0.00,0.00,0.00,0.00,3.00,5.60,4.69,5.50,0.00,0.00,0.00,0.00
2018-01-07 01:42:50,3.21,0.00,0.20,0.00,0.00,0.00,0.00,0.00,0.00,96.59,0.00,324.80,209.80,0.00,0.00,0.00,14.40,9.40,0.00,20.60,0.00,0.00,0.00,0.00,1.00,0.00,1.00,0.00,28.80,10520520,0,5138480,32.81,36388,1121548,5574264,35.60,4372688,584628,1828,3799416,69816,2480,11024,31532,0,0,0.00,0,0.00,1,296,0.05,0.13,0.56,0,1.00,0.00,28.80,28.80,0.00,0.00,0.00,0.00,5.40,5.60,4.85,4.67,0.00,0.00,0.00,0.00
2018-01-07 01:42:55,0.10,0.00,0.20,0.00,0.00,0.00,0.00,0.00,0.00,99.70,0.00,315.00,184.00,0.00,0.00,0.00,96.00,7.40,0.00,15.00,0.00,0.00,0.00,0.00,8.00,0.00,8.00,0.00,192.00,10520512,0,5138488,32.81,36396,1121572,5574264,35.60,4372704,584684,1456,3799416,69828,2480,11024,31532,0,0,0.00,0,0.00,0,296,0.04,0.13,0.56,0,8.00,0.00,192.00,24.00,0.00,0.00,0.00,0.00,0.60,2.40,0.05,0.93,0.00,0.00,0.00,0.00
2018-01-07 01:43:00,0.40,0.00,0.10,1.81,0.00,0.00,0.00,0.00,0.00,97.69,0.00,360.80,257.00,0.00,0.00,0.00,8.80,7.40,0.00,47.00,0.00,0.00,0.00,0.00,0.40,0.00,0.40,0.00,17.60,10520372,0,5138628,32.82,36404,1121596,5574264,35.60,4372704,584684,1524,3799416,69852,2480,11024,31532,0,0,0.00,0,0.00,1,296,0.04,0.13,0.55,0,0.40,0.00,17.60,44.00,0.03,86.00,86.00,3.44,27.80,33.60,3.64,275.17,0.00,0.00,0.00,0.00
2018-01-07 01:43:05,17.00,0.00,0.10,0.00,0.10,0.00,0.00,0.00,0.00,82.80,0.00,402.00,372.80,0.00,0.00,0.00,11.20,13.00,0.00,110.60,0.00,0.00,0.00,0.00,0.40,0.00,0.40,0.00,22.40,10519008,0,5139992,32.82,36416,1122856,5574264,35.60,4372996,585732,2844,3799488,69860,2480,11024,31532,0,0,0.00,0,0.00,1,296,0.04,0.13,0.55,0,0.40,0.00,22.40,56.00,0.00,0.00,0.00,0.00,37.00,39.60,99.95,150.62,0.00,0.00,0.00,0.00
2018-01-07 01:43:10,1.41,0.00,0.10,0.00,0.00,0.00,0.10,0.00,0.00,98.39,0.00,349.60,230.80,0.00,0.00,0.00,94.40,7.40,0.00,465.60,0.00,0.00,0.00,0.00,1.60,0.00,1.60,0.00,188.80,10518820,0,5140180,32.83,36424,1123076,5574264,35.60,4373020,585908,2792,3799488,69772,2480,11024,31532,0,0,0.00,0,0.00,0,296,0.03,0.12,0.55,0,1.60,0.00,188.80,118.00,0.00,0.00,0.00,0.00,8.60,7.60,2.74,2.86,0.00,0.00,0.00,0.00
2018-01-07 01:43:15,0.20,0.00,0.10,0.00,0.00,0.00,0.00,0.00,0.00,99.70,0.00,309.20,176.00,0.00,0.00,0.00,117.60,7.40,0.00,17.00,0.00,0.00,0.00,0.00,2.20,0.00,2.20,0.00,235.20,10518856,0,5140144,32.83,36432,1123080,5574264,35.60,4373060,585948,2276,3799492,69780,2480,11024,31532,0,0,0.00,0,0.00,0,296,0.03,0.12,0.54,0,2.20,0.00,235.20,106.91,0.00,0.00,0.00,0.00,1.20,2.40,0.08,0.98,0.00,0.00,0.00,0.00
2018-01-07 01:43:20,0.10,0.00,0.00,0.00,0.00,0.00,0.00,0.00,0.00,99.90,0.00,316.00,183.00,0.00,0.00,0.00,124.80,9.20,0.00,18.00,0.00,0.00,0.00,0.00,3.40,0.00,3.40,0.00,249.60,10518856,0,5140144,32.83,36440,1123104,5574264,35.60,4373068,585972,1740,3799492,69780,2480,11024,31532,0,0,0.00,0,0.00,0,296,0.03,0.12,0.54,0,3.40,0.00,249.60,73.41,0.00,0.24,0.24,0.08,3.40,3.20,0.26,0.87,0.00,0.00,0.00,0.00
2018-01-07 01:43:25,0.20,0.00,0.10,0.00,0.00,0.00,0.00,0.00,0.00,99.70,0.00,312.40,177.80,0.00,0.00,0.00,8.80,7.20,0.00,15.20,0.00,0.00,0.00,0.00,0.40,0.00,0.40,0.00,17.60,10518724,0,5140276,32.83,36448,1123124,5574264,35.60,4373068,585976,1772,3799492,69788,2480,11024,31532,0,0,0.00,0,0.00,0,296,0.03,0.12,0.54,0,0.40,0.00,17.60,44.00,0.00,0.00,0.00,0.00,0.80,2.40,0.06,0.93,0.00,0.00,0.00,0.00
2018-01-07 01:43:30,0.30,0.00,0.10,0.00,0.00,0.00,0.00,0.00,0.00,99.60,0.60,358.00,260.80,0.00,0.00,0.00,69.60,69.20,0.00,72.80,0.00,0.00,0.00,0.00,5.60,0.00,5.60,0.00,139.20,10518240,0,5140760,32.83,36456,1123152,5574264,35.60,4373192,585968,1500,3799556,69912,2488,11024,31532,0,0,0.00,0,0.00,0,297,0.02,0.12,0.54,0,5.60,0.00,139.20,24.86,0.00,0.00,0.00,0.00,29.40,30.40,1.89,302.15,0.00,0.00,0.00,0.00
2018-01-07 01:43:35,0.50,0.00,0.10,0.00,0.10,0.00,0.00,0.00,0.00,99.30,0.00,327.00,201.40,0.00,0.00,0.00,213.60,8.40,0.00,24.20,0.00,0.00,0.00,0.00,4.20,0.00,4.20,0.00,427.20,10518240,0,5140760,32.83,36456,1123176,5574264,35.60,4373216,585988,476,3799568,69912,2488,11024,31532,0,0,0.00,0,0.00,0,297,0.02,0.11,0.53,0,4.20,0.00,427.20,101.71,0.05,11.24,1.52,0.64,6.60,8.80,10.96,3.62,0.00,0.00,0.00,0.00
2018-01-07 01:43:40,3.52,0.00,0.10,0.10,0.00,0.00,0.00,0.00,0.00,96.28,0.00,362.60,254.20,0.00,0.00,0.00,44.80,9.60,0.00,384.80,0.00,0.00,0.00,0.00,1.00,0.00,1.00,0.00,89.60,10524508,0,5134492,32.79,36464,1123572,5574264,35.60,4366576,586288,740,3792896,69912,2488,11012,31532,0,0,0.00,0,0.00,0,297,0.02,0.11,0.53,0,1.00,0.00,89.60,89.60,0.00,0.00,0.00,0.00,14.20,12.60,40.79,7.46,0.00,0.00,0.00,0.00
2018-01-07 01:43:45,4.52,0.00,0.20,0.00,0.00,0.00,0.00,0.00,0.00,95.28,0.00,330.60,217.20,0.00,0.00,0.00,48.80,7.40,0.00,17.60,0.00,0.00,0.00,0.00,1.00,0.00,1.00,0.00,97.60,10524104,0,5134896,32.79,36472,1124108,5574264,35.60,4366684,586768,1136,3792896,69916,2488,11012,31532,0,0,0.00,0,0.00,0,297,0.02,0.11,0.53,0,1.00,0.00,97.60,97.60,0.00,0.00,0.00,0.00,2.80,5.60,4.67,6.92,0.00,0.00,0.00,0.00
2018-01-07 01:43:50,2.82,0.00,0.10,0.20,0.10,0.00,0.00,0.00,0.00,96.78,0.00,312.40,206.00,0.00,0.00,0.00,37.60,9.60,0.00,22.60,0.00,0.00,0.00,0.00,1.60,0.00,1.60,0.00,75.20,10524136,0,5134864,32.79,36488,1124324,5574264,35.60,4366696,586920,1392,3792896,69916,2488,11012,31532,0,0,0.00,0,0.00,1,297,0.02,0.11,0.52,0,1.60,0.00,75.20,47.00,0.00,3.00,3.00,0.48,6.40,4.20,1.92,2.79,0.00,0.00,0.00,0.00
2018-01-07 01:43:55,3.41,0.00,0.10,0.00,0.00,0.00,0.00,0.00,0.00,96.49,0.00,319.80,205.60,0.00,0.00,0.00,13.60,7.20,0.00,17.60,0.00,0.00,0.00,0.00,0.40,0.00,0.40,0.00,27.20,10523732,0,5135268,32.79,36496,1124684,5574264,35.60,4366784,587264,1772,3792896,69948,2488,11012,31532,0,0,0.00,0,0.00,1,297,0.02,0.11,0.52,0,0.40,0.00,27.20,68.00,0.00,0.00,0.00,0.00,2.80,4.40,3.16,3.80,0.00,0.00,0.00,0.00
2018-01-07 01:44:00,0.20,0.00,0.00,0.10,0.00,0.00,0.00,0.00,0.00,99.70,0.00,314.00,179.80,0.00,0.00,0.00,10.40,7.60,0.00,21.60,0.00,0.00,0.00,0.00,0.40,0.00,0.40,0.00,20.80,10523800,0,5135200,32.79,36504,1124700,5574264,35.60,4366784,587264,1800,3792896,69972,2488,11012,31532,0,0,0.00,0,0.00,1,297,0.01,0.10,0.52,0,0.40,0.00,20.80,52.00,0.00,2.00,2.00,0.08,4.40,4.00,0.75,0.94,0.00,0.00,0.00,0.00
2018-01-07 01:44:05,0.30,0.00,0.20,0.00,0.00,0.00,0.00,0.00,0.00,99.50,0.00,374.20,279.60,0.00,0.00,0.00,77.60,8.00,0.00,54.40,0.00,0.00,0.00,0.00,6.60,0.00,6.60,0.00,155.20,10523568,0,5135432,32.80,36512,1124728,5574264,35.60,4366844,587300,1480,3792904,69956,2488,11012,31532,0,0,0.00,0,0.00,1,297,0.01,0.10,0.52,0,6.60,0.00,155.20,23.52,0.00,0.12,0.12,0.08,33.00,38.60,17.58,284.06,0.00,0.00,0.00,0.00
2018-01-07 01:44:10,3.02,0.00,0.00,0.00,0.00,0.00,0.00,0.00,0.00,96.98,0.00,341.60,237.00,0.00,0.00,0.00,51.20,8.60,0.00,52.00,0.00,0.00,0.00,0.00,1.60,0.00,1.60,0.00,102.40,10523396,0,5135604,32.80,36520,1124948,5574264,35.60,4366856,587436,1564,3792904,69948,2488,11012,31532,0,0,0.00,0,0.00,0,297,0.01,0.10,0.51,0,1.60,0.00,102.40,64.00,0.05,28.50,14.50,2.32,15.60,13.40,73.58,4.35,0.00,0.00,0.00,0.00
2018-01-07 01:44:15,4.92,0.00,0.00,0.00,0.00,0.00,0.00,0.00,0.00,95.08,0.00,333.20,228.40,0.00,0.00,0.00,127.20,7.40,0.00,23.20,0.00,0.00,0.00,0.00,2.20,0.00,2.20,0.00,254.40,10522700,0,5136300,32.80,36528,1125656,5574264,35.60,4366992,588068,1780,3792904,69988,2488,11012,31532,0,0,0.00,0,0.00,0,297,0.01,0.10,0.51,0,2.20,0.00,254.40,115.64,0.01,6.55,3.27,0.72,5.40,7.80,8.91,8.61,0.00,0.00,0.00,0.00
2018-01-07 01:44:20,6.22,0.00,0.00,0.00,0.10,0.00,0.00,0.00,0.00,93.68,0.00,321.20,233.40,0.00,0.00,0.00,48.80,9.60,0.00,24.20,0.00,0.00,0.00,0.00,1.80,0.00,1.80,0.00,97.60,10522204,0,5136796,32.80,36532,1126256,5574264,35.60,4367028,588504,2228,3792904,69988,2488,11012,31532,0,0,0.00,0,0.00,1,297,0.01,0.10,0.51,0,1.80,0.00,97.60,54.22,0.00,0.00,0.00,0.00,7.60,6.60,6.46,5.61,0.00,0.00,0.00,0.00
2018-01-07 01:44:25,0.20,0.00,0.10,0.30,0.00,0.00,0.00,0.00,0.00,99.40,0.00,314.40,174.60,0.00,0.00,0.00,89.60,7.60,0.00,15.80,0.00,0.00,0.00,0.00,1.60,0.00,1.60,0.00,179.20,10522080,0,5136920,32.80,36540,1126244,5574264,35.60,4367096,588596,1924,3792904,69988,2488,11012,31532,0,0,0.00,0,0.00,0,297,0.01,0.10,0.50,0,1.60,0.00,179.20,112.00,0.02,9.50,6.50,1.04,1.00,2.00,0.07,0.66,0.00,0.00,0.00,0.00
2018-01-07 01:44:30,0.40,0.00,0.00,0.00,0.00,0.00,0.00,0.00,0.00,99.60,0.00,329.60,191.60,0.00,0.00,0.00,42.40,7.60,0.00,21.60,0.00,0.00,0.00,0.00,1.00,0.00,1.00,0.00,84.80,10522096,0,5136904,32.80,36548,1126264,5574264,35.60,4367044,588612,1772,3792840,69980,2480,11012,31532,0,0,0.00,0,0.00,0,296,0.01,0.10,0.50,0,1.00,0.00,84.80,84.80,0.00,0.00,0.00,0.00,3.20,3.20,0.24,1.09,0.00,0.00,0.00,0.00
2018-01-07 01:44:35,1.20,0.00,0.20,0.00,0.10,0.00,0.20,0.00,0.00,98.30,0.00,403.20,397.40,0.00,0.00,0.00,369.60,13.80,0.00,331.40,0.00,0.00,0.00,0.00,13.00,0.00,13.00,0.00,739.20,10521684,0,5137316,32.81,36556,1126292,5574264,35.60,4367092,588600,40,3792840,69988,2480,11012,31532,0,0,0.00,0,0.00,1,296,0.01,0.09,0.50,0,13.00,0.00,739.20,56.86,0.18,14.22,1.11,1.44,121.00,93.80,652.95,343.10,0.00,0.00,0.00,0.00
2018-01-07 01:44:40,0.20,0.00,0.30,0.00,0.00,0.00,0.00,0.00,0.00,99.50,2.20,359.40,223.60,0.00,0.00,0.00,12.80,700.20,0.00,239.00,0.00,0.00,0.00,0.00,0.40,0.00,0.40,0.00,25.60,10521520,0,5137480,32.81,36564,1126316,5574264,35.60,4367224,588600,140,3792856,69988,2488,11044,31532,0,0,0.00,0,0.00,0,296,0.01,0.09,0.50,0,0.40,0.00,25.60,64.00,0.00,0.00,0.00,0.00,10.40,10.20,11.10,4.72,0.00,0.00,0.00,0.00
2018-01-07 01:44:45,0.40,0.00,0.00,0.00,0.00,0.00,0.00,0.00,0.00,99.60,0.00,347.00,220.40,0.00,0.00,0.00,5.60,9.60,0.00,42.80,0.00,0.00,0.00,0.00,0.40,0.00,0.40,0.00,11.20,10521528,0,5137472,32.81,36572,1126340,5574264,35.60,4367116,588636,196,3792844,70008,2480,11012,31532,0,0,0.00,0,0.00,0,296,0.01,0.09,0.49,0,0.40,0.00,11.20,28.00,0.00,0.00,0.00,0.00,16.60,16.00,56.05,3.76,0.00,0.00,0.00,0.00
2018-01-07 01:44:50,4.12,0.00,0.10,0.00,0.00,0.00,0.00,0.00,0.00,95.78,0.20,350.00,243.80,0.00,0.00,0.00,0.00,11.40,0.00,126.20,0.00,0.00,0.00,0.00,0.00,0.00,0.00,0.00,0.00,10522328,0,5136672,32.80,36572,1125484,5574264,35.60,4367048,587916,756,3792912,70240,2488,11012,31532,0,0,0.00,0,0.00,0,297,0.09,0.11,0.50,0,0.00,0.00,0.00,0.00,0.00,0.00,0.00,0.00,17.40,17.80,32.60,50.48,0.00,0.00,0.00,0.00
2018-01-07 01:44:55,3.31,0.00,0.20,0.10,0.00,0.00,0.00,0.00,0.00,96.39,0.00,334.20,218.80,0.00,0.00,0.00,34.40,7.80,0.00,326.40,0.00,0.00,0.00,0.00,0.60,0.00,0.60,0.00,68.80,10528348,0,5130652,32.76,36580,1125864,5574264,35.60,4360956,588248,1272,3786756,70248,2488,11000,31532,0,0,0.00,0,0.00,1,297,0.08,0.10,0.49,0,0.60,0.00,68.80,114.67,0.00,2.67,1.33,0.08,3.40,5.00,3.19,4.54,0.00,0.00,0.00,0.00
2018-01-07 01:45:00,6.03,0.00,0.10,0.00,0.00,0.00,0.00,0.00,0.00,93.87,0.00,336.00,240.60,0.00,0.00,0.00,15.20,7.80,0.00,23.40,0.00,0.00,0.00,0.00,0.40,0.00,0.40,0.00,30.40,10527728,0,5131272,32.77,36588,1126436,5574264,35.60,4361016,588660,1864,3786760,70248,2488,11000,31532,0,0,0.00,0,0.00,1,297,0.15,0.12,0.50,0,0.40,0.00,30.40,76.00,0.00,0.00,0.00,0.00,6.60,7.00,6.42,5.46,0.00,0.00,0.00,0.00
2018-01-07 01:45:05,0.80,0.00,0.10,0.20,0.10,0.00,0.10,0.00,0.00,98.69,0.40,392.80,299.80,0.00,0.00,0.00,33.60,176.00,0.00,197.40,0.00,0.00,0.00,0.00,1.60,0.00,1.60,0.00,67.20,10526580,0,5132420,32.78,36596,1126440,5574264,35.60,4361064,588748,1868,3786772,70292,2488,11000,31532,0,0,0.00,0,0.00,3,297,0.14,0.12,0.49,0,1.60,0.00,67.20,42.00,0.00,3.00,3.00,0.48,67.00,47.40,393.30,6.97,0.00,0.00,0.00,0.00
2018-01-07 01:45:10,2.01,0.00,0.30,0.00,0.00,0.00,0.30,0.00,0.00,97.39,0.00,450.20,527.20,0.00,0.00,0.00,47.20,60.00,0.00,516.00,0.00,0.00,0.00,0.00,1.80,0.00,1.80,0.00,94.40,10516000,0,5143000,32.84,36604,1126468,5574264,35.60,4372228,588736,1740,3797888,70300,2488,11012,31532,0,0,0.00,0,0.00,1,297,0.13,0.11,0.49,0,1.80,0.00,94.40,52.44,0.00,0.00,0.00,0.00,167.60,125.80,935.33,394.06,0.00,0.00,0.00,0.00
2018-01-07 01:45:15,3.01,0.00,0.00,0.00,0.10,0.00,0.00,0.00,0.00,96.89,0.00,339.00,237.40,0.00,0.00,0.00,52.80,7.40,0.00,39.80,0.00,0.00,0.00,0.00,7.60,0.00,7.60,0.00,105.60,10515596,0,5143404,32.85,36612,1126664,5574264,35.60,4372264,588900,1728,3797888,70308,2488,11020,31532,0,0,0.00,0,0.00,0,297,0.12,0.11,0.49,0,7.60,0.00,105.60,13.89,0.00,0.00,0.00,0.00,15.40,16.20,44.83,5.33,0.00,0.00,0.00,0.00
2018-01-07 01:45:20,1.00,0.00,0.20,0.10,0.00,0.00,0.00,0.00,0.00,98.70,0.00,339.60,219.80,0.00,0.00,0.00,116.80,8.00,0.00,35.60,0.00,0.00,0.00,0.00,2.20,0.00,2.20,0.00,233.60,10515364,0,5143636,32.85,36620,1127076,5574264,35.60,4372284,589180,1620,3797892,70332,2488,11020,31532,0,0,0.00,0,0.00,1,297,0.11,0.11,0.49,0,2.20,0.00,233.60,106.18,0.00,0.36,0.36,0.08,9.60,10.00,27.80,5.02,0.00,0.00,0.00,0.00
2018-01-07 01:45:25,3.11,0.00,0.10,0.00,0.00,0.00,0.00,0.00,0.00,96.79,0.00,322.80,205.00,0.00,0.00,0.00,31.20,7.60,0.00,90.20,0.00,0.00,0.00,0.00,0.60,0.00,0.60,0.00,62.40,10514184,0,5144816,32.86,36628,1125836,5574264,35.60,4374192,588208,1048,3799940,70504,2488,11024,31532,0,0,0.00,0,0.00,0,297,0.10,0.11,0.48,0,0.60,0.00,62.40,104.00,0.00,0.00,0.00,0.00,5.00,5.00,3.72,4.37,0.00,0.00,0.00,0.00
2018-01-07 01:45:30,3.92,0.00,0.00,0.00,0.00,0.00,0.00,0.00,0.00,96.08,0.00,332.80,222.80,0.00,0.00,0.00,0.00,10.20,0.00,21.20,0.00,0.00,0.00,0.00,0.00,0.00,0.00,0.00,0.00,10508016,0,5150984,32.89,36628,1126216,5574264,35.60,4380412,588536,1428,3806128,70540,2488,11036,31532,0,0,0.00,0,0.00,1,297,0.09,0.11,0.48,0,0.00,0.00,0.00,0.00,0.00,0.00,0.00,0.00,4.80,5.40,4.79,3.98,0.00,0.00,0.00,0.00
2018-01-07 01:45:35,3.52,0.00,0.10,0.00,0.00,0.00,0.00,0.00,0.00,96.38,0.00,326.20,216.20,0.00,0.00,0.00,28.80,11.60,0.00,22.20,0.00,0.00,0.00,0.00,1.60,0.00,1.60,0.00,57.60,10505932,0,5153068,32.91,36636,1126588,5574264,35.60,4382572,588856,1780,3808200,70452,2488,11040,31532,0,0,0.00,0,0.00,0,297,0.09,0.10,0.48,0,1.60,0.00,57.60,36.00,0.00,0.00,0.00,0.00,3.00,4.80,3.19,4.50,0.00,0.00,0.00,0.00
2018-01-07 01:45:40,0.40,0.00,0.10,0.00,0.00,0.00,0.00,0.00,0.00,99.50,0.00,324.60,192.20,0.00,0.00,0.00,13.60,29.60,0.00,120.80,0.00,0.00,0.00,0.00,0.40,0.00,0.40,0.00,27.20,10499292,0,5159708,32.95,36644,1126616,5759896,36.78,4389116,588856,1844,3814740,70460,2488,11044,31532,0,0,0.00,0,0.00,0,297,0.08,0.10,0.48,0,0.40,0.00,27.20,68.00,0.00,0.00,0.00,0.00,4.00,3.20,0.28,1.01,0.00,0.00,0.00,0.00
2018-01-07 01:45:45,1.01,0.00,0.10,0.00,0.10,0.00,0.10,0.00,0.00,98.69,0.00,408.80,422.60,0.00,0.00,0.00,88.80,13.00,0.00,324.80,0.00,0.00,0.00,0.00,7.20,0.00,7.20,0.00,177.60,10499104,0,5159896,32.95,36656,1126640,5759896,36.78,4389292,588756,1480,3814748,70524,2488,11052,31532,0,0,0.00,0,0.00,0,297,0.07,0.10,0.47,0,7.20,0.00,177.60,24.67,0.00,0.00,0.00,0.00,121.00,92.00,618.35,324.80,0.00,0.00,0.00,0.00
2018-01-07 01:45:50,0.30,0.00,0.00,0.50,0.00,0.00,0.00,0.00,0.00,99.20,0.00,325.00,200.80,0.00,0.00,0.00,44.80,8.20,0.00,29.20,0.00,0.00,0.00,0.00,1.00,0.00,1.00,0.00,89.60,10499112,0,5159888,32.95,36664,1126664,5759896,36.78,4389272,588744,1388,3814684,70524,2480,11052,31532,0,0,0.00,0,0.00,0,296,0.07,0.10,0.47,0,1.00,0.00,89.60,89.60,0.01,8.00,8.00,0.80,8.80,10.00,5.47,4.17,0.00,0.00,0.00,0.00
2018-01-07 01:45:55,3.31,0.00,0.10,0.00,0.00,0.00,0.00,0.00,0.00,96.59,0.00,336.00,230.40,0.00,0.00,0.00,76.80,8.80,0.00,44.20,0.00,0.00,0.00,0.00,1.60,0.00,1.60,0.00,153.60,10498856,0,5160144,32.95,36672,1126864,5759896,36.78,4389324,588912,1248,3814696,70532,2480,11052,31532,0,0,0.00,0,0.00,0,296,0.06,0.10,0.47,0,1.60,0.00,153.60,96.00,0.00,0.00,0.00,0.00,14.80,13.00,55.55,3.82,0.00,0.00,0.00,0.00
2018-01-07 01:46:00,1.71,0.00,0.10,0.00,0.00,0.00,0.00,0.00,0.00,98.19,0.00,336.80,221.20,0.00,0.00,0.00,120.00,7.80,0.00,36.80,0.00,0.00,0.00,0.00,2.20,0.00,2.20,0.00,240.00,10498492,0,5160508,32.96,36680,1127264,5759896,36.78,4389364,589216,1156,3814696,70524,2480,11052,31532,0,0,0.00,0,0.00,2,296,0.06,0.10,0.47,0,2.20,0.00,240.00,109.09,0.00,0.36,0.36,0.08,10.80,10.20,39.46,6.52,0.00,0.00,0.00,0.00
2018-01-07 01:46:05,8.73,0.00,0.10,0.00,0.10,0.00,0.00,0.00,0.00,91.06,0.00,356.20,264.60,0.00,0.00,0.00,108.00,9.80,0.00,23.00,0.00,0.00,0.00,0.00,2.40,0.00,2.40,0.00,216.00,10497624,0,5161376,32.96,36692,1128152,5759896,36.78,4389532,590016,1720,3814700,70532,2480,11052,31532,0,0,0.00,0,0.00,0,296,0.05,0.10,0.46,0,2.40,0.00,216.00,90.00,0.00,0.00,0.00,0.00,6.40,8.20,7.85,7.54,0.00,0.00,0.00,0.00
2018-01-07 01:46:10,0.30,0.00,0.10,0.00,0.00,0.00,0.00,0.00,0.00,99.60,0.00,352.60,249.40,0.00,0.00,0.00,8.00,7.60,0.00,402.40,0.00,0.00,0.00,0.00,0.40,0.00,0.40,0.00,16.00,10504728,0,5154272,32.92,36700,1128176,5759896,36.78,4382360,590040,1756,3807520,70532,2480,11040,31532,0,0,0.00,0,0.00,1,296,0.05,0.09,0.46,0,0.40,0.00,16.00,40.00,0.00,0.00,0.00,0.00,25.20,29.40,1.59,266.05,0.00,0.00,0.00,0.00
2018-01-07 01:46:15,0.20,0.00,0.20,0.10,0.00,0.00,0.00,0.00,0.00,99.50,0.00,325.00,195.40,0.00,0.00,0.00,6.40,7.60,0.00,23.60,0.00,0.00,0.00,0.00,0.40,0.00,0.40,0.00,12.80,10504760,0,5154240,32.92,36708,1128188,5759896,36.78,4382372,590048,1784,3807520,70532,2480,11040,31532,0,0,0.00,0,0.00,1,296,0.04,0.09,0.46,0,0.40,0.00,12.80,32.00,0.00,0.00,0.00,0.00,7.60,8.80,0.93,40.98,0.00,0.00,0.00,0.00
2018-01-07 01:46:20,3.22,0.00,0.00,0.00,0.00,0.00,0.00,0.00,0.00,96.78,0.00,349.80,250.20,0.00,0.00,0.00,63.20,7.80,0.00,45.20,0.00,0.00,0.00,0.00,5.60,0.00,5.60,0.00,126.40,10504720,0,5154280,32.92,36708,1128420,5759896,36.78,4382384,590196,1668,3807520,70548,2480,11040,31532,0,0,0.00,0,0.00,1,296,0.04,0.09,0.46,0,5.60,0.00,126.40,22.57,0.00,0.00,0.00,0.00,17.20,16.80,55.02,6.44,0.00,0.00,0.00,0.00
2018-01-07 01:46:25,4.41,0.00,0.20,0.00,0.00,0.00,0.00,0.00,0.00,95.39,0.00,342.80,237.20,0.00,0.00,0.00,14.40,8.40,0.00,34.40,0.00,0.00,0.00,0.00,0.40,0.00,0.40,0.00,28.80,10504132,0,5154868,32.92,36716,1129132,5759896,36.78,4382516,590812,2472,3807520,70556,2480,11040,31532,0,0,0.00,0,0.00,1,296,0.04,0.09,0.45,0,0.40,0.00,28.80,72.00,0.00,2.00,2.00,0.08,5.60,8.00,10.15,7.04,0.00,0.00,0.00,0.00
2018-01-07 01:46:30,14.37,0.00,0.50,0.00,0.10,0.00,0.00,0.00,0.00,85.03,0.00,354.00,280.20,0.00,0.00,0.00,88.00,314.40,0.00,7162.00,0.00,0.00,0.00,0.00,1.60,0.00,1.60,0.00,176.00,10503512,0,5155488,32.92,36728,1129508,5759896,36.78,4382616,591144,2548,3807520,70564,2480,11040,31532,0,0,0.00,0,0.00,1,296,0.03,0.09,0.45,0,1.60,0.00,176.00,110.00,0.01,5.00,5.00,0.80,5.40,6.40,4.86,6.31,0.00,0.00,0.00,0.00
2018-01-07 01:46:35,0.70,0.00,0.00,1.21,0.00,0.00,0.00,0.00,0.00,98.09,0.00,326.80,196.40,0.00,0.00,0.00,246.40,10.00,0.00,20.60,0.00,0.00,0.00,0.00,4.80,0.00,4.80,0.00,492.80,10503140,0,5155860,32.93,36736,1129708,5759896,36.78,4382644,591304,1704,3807524,70572,2480,11040,31532,0,0,0.00,0,0.00,1,296,0.03,0.09,0.45,0,4.80,0.00,492.80,102.67,0.08,16.33,8.67,4.16,4.40,3.80,3.27,2.34,0.00,0.00,0.00,0.00
2018-01-07 01:46:40,0.20,0.00,0.10,0.00,0.00,0.00,0.00,0.00,0.00,99.70,0.00,327.94,190.82,0.00,0.00,0.00,8.78,7.19,0.00,19.56,0.00,0.00,0.00,0.00,0.40,0.00,0.40,0.00,17.56,10503124,0,5155876,32.93,36744,1129728,5759896,36.78,4382668,591324,1724,3807524,70596,2480,11040,31532,0,0,0.00,0,0.00,2,296,0.03,0.08,0.45,0,0.40,0.00,17.56,44.00,0.00,0.00,0.00,0.00,5.19,5.39,0.83,1.20,0.00,0.00,0.00,0.00
2018-01-07 01:46:45,0.20,0.00,0.10,0.00,0.00,0.00,0.00,0.00,0.00,99.70,0.00,316.00,174.20,0.00,0.00,0.00,0.00,7.20,0.00,15.20,0.00,0.00,0.00,0.00,0.00,0.00,0.00,0.00,0.00,10503108,0,5155892,32.93,36744,1129756,5759896,36.78,4382684,591336,1752,3807524,70620,2480,11040,31532,0,0,0.00,0,0.00,1,296,0.03,0.08,0.45,0,0.00,0.00,0.00,0.00,0.00,0.00,0.00,0.00,0.80,2.40,0.07,0.76,0.00,0.00,0.00,0.00
2018-01-07 01:46:50,0.10,0.00,0.10,0.10,0.00,0.00,0.00,0.00,0.00,99.70,0.00,351.80,248.40,0.00,0.00,0.00,3.20,7.40,0.00,46.80,0.00,0.00,0.00,0.00,0.40,0.00,0.40,0.00,6.40,10503068,0,5155932,32.93,36752,1129780,5759896,36.78,4382696,591356,1776,3807524,70668,2480,11040,31532,0,0,0.00,0,0.00,1,296,0.02,0.08,0.44,0,0.40,0.00,6.40,16.00,0.00,0.00,0.00,0.00,27.60,37.80,2.13,289.33,0.00,0.00,0.00,0.00
2018-01-07 01:46:55,0.40,0.00,0.10,0.00,0.10,0.00,0.00,0.00,0.00,99.40,0.00,320.80,186.20,0.00,0.00,0.00,176.00,7.60,0.00,17.40,0.00,0.00,0.00,0.00,8.40,0.00,8.40,0.00,352.00,10502928,0,5156072,32.93,36760,1129804,5759896,36.78,4382736,591356,936,3807524,70692,2480,11040,31532,0,0,0.00,0,0.00,0,296,0.02,0.08,0.44,0,8.40,0.00,352.00,41.90,0.01,1.52,0.76,0.64,2.40,4.00,1.66,2.21,0.00,0.00,0.00,0.00
2018-01-07 01:47:00,3.12,0.00,0.00,0.00,0.00,0.00,0.00,0.00,0.00,96.88,0.00,355.80,243.40,0.00,0.00,0.00,116.00,9.80,0.00,50.60,0.00,0.00,0.00,0.00,2.20,0.00,2.20,0.00,232.00,10502920,0,5156080,32.93,36768,1130024,5759896,36.78,4382736,591488,688,3807524,70700,2480,11040,31532,0,0,0.00,0,0.00,0,296,0.02,0.08,0.44,0,2.20,0.00,232.00,105.45,0.00,2.18,2.18,0.48,17.80,15.20,61.01,6.72,0.00,0.00,0.00,0.00
2018-01-07 01:47:05,10.35,0.00,0.00,0.00,0.00,0.00,0.00,0.00,0.00,89.65,0.00,366.00,299.00,0.00,0.00,0.00,103.20,10.20,0.00,32.60,0.00,0.00,0.00,0.00,2.60,0.00,2.60,0.00,206.40,10501896,0,5157104,32.93,36780,1131264,5759896,36.78,4382952,592576,1620,3807524,70732,2480,11040,31532,0,0,0.00,0,0.00,2,296,0.02,0.08,0.44,0,2.60,0.00,206.40,79.38,0.00,0.00,0.00,0.00,8.40,12.00,29.28,11.82,0.00,0.00,0.00,0.00
2018-01-07 01:47:10,0.30,0.00,0.10,0.00,0.00,0.00,0.00,0.00,0.00,99.60,0.00,354.40,194.40,0.00,0.00,0.00,21.60,9.20,0.00,19.60,0.00,0.00,0.00,0.00,0.40,0.00,0.40,0.00,43.20,10501904,0,5157096,32.93,36788,1131288,5759896,36.78,4382984,592632,1716,3807552,70724,2480,11040,31532,0,0,0.00,0,0.00,0,296,0.02,0.08,0.43,0,0.40,0.00,43.20,108.00,0.00,0.00,0.00,0.00,5.20,4.20,0.79,1.12,0.00,0.00,0.00,0.00
2018-01-07 01:47:15,0.20,0.00,0.00,0.00,0.00,0.00,0.10,0.00,0.00,99.70,0.00,321.40,183.00,0.00,0.00,0.00,4.00,7.20,0.00,18.40,0.00,0.00,0.00,0.00,0.40,0.00,0.40,0.00,8.00,10501780,0,5157220,32.93,36796,1131304,5759896,36.78,4382984,592632,1740,3807552,70724,2480,11040,31532,0,0,0.00,0,0.00,0,296,0.02,0.07,0.43,0,0.40,0.00,8.00,20.00,0.00,0.00,0.00,0.00,3.40,4.40,1.68,1.85,0.00,0.00,0.00,0.00
2018-01-07 01:47:20,1.20,0.00,0.20,0.00,0.10,0.00,0.10,0.00,0.00,98.39,0.00,409.80,417.20,0.00,0.00,0.00,0.00,12.20,0.00,644.80,0.00,0.00,0.00,0.00,0.00,0.00,0.00,0.00,0.00,10507116,0,5151884,32.90,36796,1131336,5759896,36.78,4376864,592648,1772,3801400,70728,2480,11032,31532,0,0,0.00,0,0.00,0,296,0.01,0.07,0.43,0,0.00,0.00,0.00,0.00,0.00,0.00,0.00,0.00,123.80,107.60,650.77,341.18,0.00,0.00,0.00,0.00
2018-01-07 01:47:25,0.50,0.00,0.10,0.10,0.00,0.00,0.00,0.00,0.00,99.30,0.00,337.00,214.00,0.00,0.00,0.00,5.60,8.40,0.00,29.80,0.00,0.00,0.00,0.00,0.40,0.00,0.40,0.00,11.20,10507084,0,5151916,32.90,36804,1131360,5759896,36.78,4376908,592628,1812,3801400,70728,2480,11032,31532,0,0,0.00,0,0.00,0,296,0.01,0.07,0.43,0,0.40,0.00,11.20,28.00,0.00,2.00,2.00,0.08,11.80,13.60,23.10,5.61,0.00,0.00,0.00,0.00
2018-01-07 01:47:30,3.62,0.00,0.10,0.00,0.00,0.00,0.00,0.00,0.00,96.28,0.00,351.20,250.80,0.00,0.00,0.00,65.60,8.00,0.00,77.00,0.00,0.00,0.00,0.00,5.80,0.00,5.80,0.00,131.20,10506868,0,5152132,32.90,36812,1131740,5759896,36.78,4376984,592972,1844,3801404,70732,2480,11032,31532,0,0,0.00,0,0.00,1,296,0.01,0.07,0.42,0,5.80,0.00,131.20,22.62,0.00,0.00,0.00,0.00,22.20,24.40,57.71,109.71,0.00,0.00,0.00,0.00
2018-01-07 01:47:35,0.30,0.00,0.10,0.30,0.00,0.00,0.00,0.00,0.00,99.30,0.00,320.20,188.20,0.00,0.00,0.00,243.20,10.20,0.00,21.20,0.00,0.00,0.00,0.00,4.80,0.00,4.80,0.00,486.40,10506712,0,5152288,32.90,36820,1131764,5759896,36.78,4376992,592996,864,3801404,70732,2480,11032,31532,0,0,0.00,0,0.00,0,296,0.01,0.07,0.42,0,4.80,0.00,486.40,101.33,0.14,29.17,3.17,1.52,3.20,4.60,16.52,1.28,0.00,0.00,0.00,0.00
2018-01-07 01:47:40,11.08,0.00,0.70,0.00,0.10,0.00,0.00,0.00,0.00,88.12,0.00,444.40,399.80,0.00,0.00,0.00,87.20,322.40,0.00,7194.60,0.00,0.00,0.00,0.00,1.60,0.00,1.60,0.00,174.40,10486080,0,5172920,33.03,36832,1132508,5759896,36.78,4397552,593604,1320,3821876,70668,2480,11072,31532,0,0,0.00,0,0.00,1,296,0.09,0.09,0.42,0,1.60,0.00,174.40,109.00,0.09,54.00,18.00,2.88,7.40,6.60,5.04,8.36,0.00,0.00,0.00,0.00
2018-01-07 01:47:45,3.42,0.00,0.00,0.00,0.00,0.00,0.00,0.00,0.00,96.58,0.00,337.80,219.40,0.00,0.00,0.00,23.20,7.60,0.00,21.00,0.00,0.00,0.00,0.00,0.60,0.00,0.60,0.00,46.40,10485832,0,5173168,33.04,36844,1132864,5759896,36.78,4397632,593920,1740,3821876,70668,2480,11072,31532,0,0,0.00,0,0.00,1,296,0.08,0.08,0.42,0,0.60,0.00,46.40,77.33,0.00,2.67,1.33,0.08,4.60,5.20,3.28,4.73,0.00,0.00,0.00,0.00
2018-01-07 01:47:50,0.20,0.00,0.00,0.00,0.00,0.00,0.00,0.00,0.00,99.80,0.00,320.60,183.40,0.00,0.00,0.00,0.00,7.20,0.00,17.80,0.00,0.00,0.00,0.00,0.00,0.00,0.00,0.00,0.00,10485708,0,5173292,33.04,36844,1132892,5759896,36.78,4397644,593948,1768,3821876,70668,2480,11072,31532,0,0,0.00,0,0.00,0,296,0.08,0.08,0.42,0,0.00,0.00,0.00,0.00,0.00,0.00,0.00,0.00,3.40,3.60,0.25,1.20,0.00,0.00,0.00,0.00
2018-01-07 01:47:55,1.41,0.00,0.20,0.00,0.00,0.00,0.00,0.00,0.00,98.39,0.00,322.00,191.60,0.00,0.00,0.00,3.20,59.00,0.00,66.60,0.00,0.00,0.00,0.00,0.40,0.00,0.40,0.00,6.40,10485428,0,5173572,33.04,36852,1132916,5759896,36.78,4397708,593984,1792,3821956,70668,2480,11072,31532,0,0,0.00,0,0.00,0,296,0.07,0.08,0.42,0,0.40,0.00,6.40,16.00,0.00,2.00,2.00,0.08,3.60,4.60,0.68,1.37,0.00,0.00,0.00,0.00
2018-01-07 01:48:00,0.20,0.00,0.00,0.00,0.10,0.00,0.10,0.00,0.00,99.60,0.00,352.00,262.20,0.00,0.00,0.00,40.80,7.80,0.00,55.00,0.00,0.00,0.00,0.00,1.00,0.00,1.00,0.00,81.60,10485460,0,5173540,33.04,36860,1132940,5759896,36.78,4397748,593980,1644,3821956,70668,2480,11072,31532,0,0,0.00,0,0.00,0,296,0.06,0.08,0.41,0,1.00,0.00,81.60,81.60,0.00,0.00,0.00,0.00,34.00,40.80,5.59,309.37,0.00,0.00,0.00,0.00
2018-01-07 01:48:05,13.08,0.00,0.00,0.00,0.00,0.00,0.00,0.00,0.00,86.92,0.00,392.00,357.00,0.00,0.00,0.00,129.60,11.00,0.00,72.80,0.00,0.00,0.00,0.00,8.60,0.00,8.60,0.00,259.20,10484328,0,5174672,33.05,36872,1134324,5759896,36.78,4397968,595180,2480,3821960,70652,2480,11072,31532,0,0,0.00,0,0.00,1,296,0.06,0.08,0.41,0,8.60,0.00,259.20,30.14,0.01,1.40,0.93,0.80,27.00,28.60,98.93,25.45,0.00,0.00,0.00,0.00
2018-01-07 01:48:10,0.30,0.00,0.00,1.81,0.00,0.00,0.00,0.00,0.00,97.89,0.00,321.20,185.80,0.00,0.00,0.00,132.80,7.20,0.00,19.80,0.00,0.00,0.00,0.00,2.40,0.00,2.40,0.00,265.60,10484360,0,5174640,33.05,36880,1134404,5759896,36.78,4398020,595228,2148,3821960,70652,2480,11072,31532,0,0,0.00,0,0.00,0,296,0.05,0.08,0.41,0,2.40,0.00,265.60,110.67,0.05,20.00,20.00,4.80,3.80,3.20,0.27,1.01,0.00,0.00,0.00,0.00
2018-01-07 01:48:15,0.00,0.00,0.10,0.00,0.00,0.00,0.00,0.00,0.00,99.90,0.00,315.60,180.20,0.00,0.00,0.00,114.40,7.20,0.00,16.00,0.00,0.00,0.00,0.00,2.20,0.00,2.20,0.00,228.80,10484360,0,5174640,33.05,36888,1134428,5759896,36.78,4398036,595240,1648,3821960,70652,2480,11072,31532,0,0,0.00,0,0.00,1,296,0.05,0.08,0.41,0,2.20,0.00,228.80,104.00,0.04,16.00,8.00,1.76,1.80,3.00,0.13,1.10,0.00,0.00,0.00,0.00
2018-01-07 01:48:20,0.30,0.00,0.00,0.00,0.00,0.00,0.00,0.00,0.00,99.70,0.00,335.00,208.20,0.00,0.00,0.00,5.60,8.00,0.00,26.80,0.00,0.00,0.00,0.00,0.40,0.00,0.40,0.00,11.20,10484312,0,5174688,33.05,36896,1134452,5759896,36.78,4398044,595264,1672,3821960,70668,2480,11072,31532,0,0,0.00,0,0.00,0,296,0.05,0.07,0.40,0,0.40,0.00,11.20,28.00,0.00,0.00,0.00,0.00,10.40,11.20,4.82,4.01,0.00,0.00,0.00,0.00
2018-01-07 01:48:25,1.61,0.00,0.50,0.00,0.10,0.00,0.10,0.00,0.00,97.69,0.00,475.40,526.60,0.00,0.00,0.00,6.40,15.00,0.00,877.00,0.00,0.00,0.00,0.00,0.40,0.00,0.40,0.00,12.80,10489296,0,5169704,33.01,36904,1134468,5759896,36.78,4391704,594992,1720,3815320,70668,2480,11072,31532,0,0,0.00,0,0.00,1,296,0.04,0.07,0.40,0,0.40,0.00,12.80,32.00,0.00,0.00,0.00,0.00,188.00,146.00,1196.19,221.59,0.00,0.00,0.00,0.00
2018-01-07 01:48:30,0.40,0.00,0.20,0.00,0.00,0.00,0.00,0.00,0.00,99.40,0.00,333.20,209.40,0.00,0.00,0.00,0.00,8.80,0.00,250.40,0.00,0.00,0.00,0.00,0.00,0.00,0.00,0.00,0.00,10489808,0,5169192,33.01,36904,1134504,5759896,36.78,4389656,594996,1748,3815324,70660,2480,11064,31532,0,0,0.00,0,0.00,1,296,0.04,0.07,0.40,0,0.00,0.00,0.00,0.00,0.00,0.00,0.00,0.00,12.20,13.20,4.18,58.27,0.00,0.00,0.00,0.00
2018-01-07 01:48:35,0.40,0.00,0.00,0.00,0.00,0.00,0.00,0.00,0.00,99.60,0.00,336.20,213.00,0.00,0.00,0.00,228.80,10.40,0.00,31.40,0.00,0.00,0.00,0.00,5.20,0.00,5.20,0.00,457.60,10489808,0,5169192,33.01,36912,1134528,5759896,36.78,4391780,594988,688,3815324,70660,2480,11064,31532,0,0,0.00,0,0.00,1,296,0.04,0.07,0.40,0,5.20,0.00,457.60,88.00,0.05,9.69,1.38,0.72,10.40,12.60,21.41,4.01,0.00,0.00,0.00,0.00
2018-01-07 01:48:40,6.53,0.00,0.10,0.10,0.00,0.00,0.00,0.00,0.00,93.27,0.00,345.00,268.60,0.00,0.00,0.00,134.40,8.20,0.00,166.60,0.00,0.00,0.00,0.00,5.40,0.00,5.40,0.00,268.80,10488068,0,5170932,33.02,36920,1135296,5759896,36.78,4393636,595412,808,3817096,70664,2480,11064,31532,0,0,0.00,0,0.00,1,296,0.03,0.07,0.40,0,5.40,0.00,268.80,49.78,0.00,0.00,0.00,0.00,15.40,13.80,73.08,7.74,0.00,0.00,0.00,0.00
2018-01-07 01:48:45,5.62,0.00,0.00,0.00,0.00,0.00,0.00,0.00,0.00,94.38,0.00,342.60,238.60,0.00,0.00,0.00,20.80,7.60,0.00,439.40,0.00,0.00,0.00,0.00,0.40,0.00,0.40,0.00,41.60,10487788,0,5171212,33.02,36932,1135628,5759896,36.78,4393712,595896,1252,3817096,70704,2480,11064,31532,0,0,0.00,0,0.00,1,296,0.03,0.07,0.39,0,0.40,0.00,41.60,104.00,0.00,0.00,0.00,0.00,3.60,6.00,4.77,4.89,0.00,0.00,0.00,0.00
2018-01-07 01:48:50,4.52,0.00,0.30,0.00,0.10,0.00,0.00,0.00,0.00,95.08,0.00,360.20,256.00,0.00,0.00,0.00,16.00,18.80,0.00,772.40,0.00,0.00,0.00,0.00,0.40,0.00,0.40,0.00,32.00,10470904,0,5188096,33.13,36940,1136028,5703052,36.42,4410280,596164,1696,3833640,70712,2480,11064,31532,0,0,0.00,0,0.00,0,296,0.03,0.07,0.39,0,0.40,0.00,32.00,80.00,0.00,0.00,0.00,0.00,7.40,6.00,3.50,5.44,0.00,0.00,0.00,0.00
2018-01-07 01:48:55,0.20,0.00,0.10,0.00,0.00,0.00,0.00,0.00,0.00,99.70,0.00,316.80,192.20,0.00,0.00,0.00,348.00,9.20,0.00,15.40,0.00,0.00,0.00,0.00,11.20,0.00,11.20,0.00,696.00,10470892,0,5188108,33.13,36948,1136036,5703052,36.42,4410268,596276,112,3833564,70736,2480,11096,31532,0,0,0.00,0,0.00,0,296,0.03,0.07,0.39,0,11.20,0.00,696.00,62.14,0.22,19.21,1.79,2.00,1.20,2.40,0.09,1.61,0.00,0.00,0.00,0.00
2018-01-07 01:49:00,0.00,0.00,0.10,0.00,0.00,0.00,0.00,0.00,0.00,99.90,0.00,319.60,182.80,0.00,0.00,0.00,0.00,7.40,0.00,25.60,0.00,0.00,0.00,0.00,0.00,0.00,0.00,0.00,0.00,10468844,0,5190156,33.14,36948,1136060,5703052,36.42,4412180,596284,152,3835476,70736,2480,11096,31532,0,0,0.00,0,0.00,0,296,0.02,0.07,0.39,0,0.00,0.00,0.00,0.00,0.00,0.00,0.00,0.00,4.40,3.60,0.30,1.19,0.00,0.00,0.00,0.00
2018-01-07 01:49:05,12.14,0.00,0.20,0.00,0.10,0.00,0.00,0.00,0.00,87.56,0.00,412.40,356.80,0.00,0.00,0.00,4.80,9.40,0.00,90.00,0.00,0.00,0.00,0.00,0.40,0.00,0.40,0.00,9.60,10468472,0,5190528,33.15,36956,1136656,5703052,36.42,4412216,596704,772,3835476,70736,2480,11096,31532,0,0,0.00,0,0.00,0,296,0.02,0.06,0.39,0,0.40,0.00,9.60,24.00,0.00,0.00,0.00,0.00,45.60,47.80,62.40,318.34,0.00,0.00,0.00,0.00
2018-01-07 01:49:10,4.21,0.00,0.10,0.40,0.00,0.00,0.00,0.00,0.00,95.29,0.00,344.00,237.20,0.00,0.00,0.00,278.40,9.20,0.00,19.80,0.00,0.00,0.00,0.00,10.40,0.00,10.40,0.00,556.80,10467852,0,5191148,33.15,36968,1137164,5703052,36.42,4412396,597216,32,3835476,70736,2480,11096,31532,0,0,0.00,0,0.00,0,296,0.02,0.06,0.39,0,10.40,0.00,556.80,53.54,0.06,5.38,1.54,1.60,4.80,6.40,4.77,7.92,0.00,0.00,0.00,0.00
2018-01-07 01:49:15,7.35,0.00,0.60,0.00,0.00,0.00,0.00,0.00,0.00,92.04,0.00,396.80,303.40,0.00,0.00,0.00,22.40,316.20,0.00,6919.20,0.00,0.00,0.00,0.00,0.40,0.00,0.40,0.00,44.80,10467016,0,5191984,33.16,36976,1137544,5703052,36.42,4412468,597536,560,3835488,70708,2480,11096,31532,0,0,0.00,0,0.00,0,296,0.02,0.06,0.38,0,0.40,0.00,44.80,112.00,0.00,2.00,2.00,0.08,6.00,6.40,3.45,5.41,0.00,0.00,0.00,0.00
2018-01-07 01:49:20,0.30,0.00,0.00,0.00,0.00,0.00,0.00,0.00,0.00,99.70,0.00,335.80,197.40,0.00,0.00,0.00,10.40,7.80,0.00,19.60,0.00,0.00,0.00,0.00,0.40,0.00,0.40,0.00,20.80,10467016,0,5191984,33.16,36984,1137568,5703052,36.42,4412468,597536,604,3835488,70708,2480,11096,31532,0,0,0.00,0,0.00,0,296,0.02,0.06,0.38,0,0.40,0.00,20.80,52.00,0.00,0.00,0.00,0.00,5.20,3.80,0.36,1.18,0.00,0.00,0.00,0.00
2018-01-07 01:49:25,0.30,0.00,0.00,0.00,0.00,0.00,0.00,0.00,0.00,99.70,0.00,312.80,175.40,0.00,0.00,0.00,4.00,7.20,0.00,16.80,0.00,0.00,0.00,0.00,0.40,0.00,0.40,0.00,8.00,10467016,0,5191984,33.16,36992,1137592,5703052,36.42,4412476,597560,628,3835488,70708,2480,11096,31532,0,0,0.00,0,0.00,0,296,0.02,0.06,0.38,0,0.40,0.00,8.00,20.00,0.00,0.00,0.00,0.00,0.80,2.00,0.06,0.66,0.00,0.00,0.00,0.00
2018-01-07 01:49:30,2.51,0.00,0.50,0.00,0.00,0.00,0.10,0.00,0.00,96.88,0.00,494.80,457.00,0.00,0.00,0.00,0.00,21.60,0.00,978.00,0.00,0.00,0.00,0.00,0.00,0.00,0.00,0.00,0.00,10473772,0,5185228,33.11,36992,1137612,5703052,36.42,4405424,597584,652,3828424,70708,2480,11084,31532,0,0,0.00,0,0.00,1,296,0.01,0.06,0.38,0,0.00,0.00,0.00,0.00,0.00,0.00,0.00,0.00,214.00,138.40,1303.58,366.14,0.00,0.00,0.00,0.00
2018-01-07 01:49:35,0.20,0.00,0.10,0.00,0.10,0.00,0.00,0.00,0.00,99.60,0.00,339.80,212.40,0.00,0.00,0.00,5.60,7.20,0.00,29.60,0.00,0.00,0.00,0.00,0.40,0.00,0.40,0.00,11.20,10473860,0,5185140,33.11,37000,1137644,5703052,36.42,4405424,597568,688,3828380,70628,2480,11084,31532,0,0,0.00,0,0.00,0,296,0.01,0.06,0.38,0,0.40,0.00,11.20,28.00,0.00,0.00,0.00,0.00,9.20,11.20,4.01,39.35,0.00,0.00,0.00,0.00
2018-01-07 01:49:40,10.55,0.00,0.10,0.00,0.00,0.00,0.00,0.00,0.00,89.35,0.00,349.80,274.40,0.00,0.00,0.00,20.00,11.40,0.00,63.60,0.00,0.00,0.00,0.00,1.40,0.00,1.40,0.00,40.00,10473860,0,5185140,33.11,37008,1137868,5703052,36.42,4405444,597720,880,3828380,70632,2480,11084,31532,0,0,0.00,0,0.00,3,296,0.01,0.06,0.37,0,1.40,0.00,40.00,28.57,0.00,0.00,0.00,0.00,22.80,20.40,93.42,7.43,0.00,0.00,0.00,0.00
2018-01-07 01:49:45,5.83,0.00,0.10,0.00,0.00,0.00,0.00,0.00,0.00,94.07,0.00,358.40,240.20,0.00,0.00,0.00,163.20,8.20,0.00,20.60,0.00,0.00,0.00,0.00,8.20,0.00,8.20,0.00,326.40,10472868,0,5186132,33.12,37024,1138752,5703052,36.42,4405620,598544,1132,3828384,70636,2480,11084,31532,0,0,0.00,0,0.00,0,296,0.01,0.06,0.37,0,8.20,0.00,326.40,39.80,0.00,0.10,0.10,0.08,4.20,7.80,6.25,8.13,0.00,0.00,0.00,0.00
2018-01-07 01:49:50,3.31,0.00,0.10,0.30,0.10,0.00,0.00,0.00,0.00,96.18,0.00,329.20,217.00,0.00,0.00,0.00,18.40,7.20,0.00,20.40,0.00,0.00,0.00,0.00,0.40,0.00,0.40,0.00,36.80,10472496,0,5186504,33.12,37032,1139124,5703052,36.42,4405672,598828,1596,3828384,70636,2480,11084,31532,0,0,0.00,0,0.00,1,296,0.01,0.06,0.37,0,0.40,0.00,36.80,92.00,0.01,14.00,14.00,0.56,5.80,5.60,3.39,4.85,0.00,0.00,0.00,0.00
2018-01-07 01:49:55,0.10,0.00,0.00,0.00,0.00,0.00,0.00,0.00,0.00,99.90,0.00,316.80,179.60,0.00,0.00,0.00,8.80,7.20,0.00,16.60,0.00,0.00,0.00,0.00,0.40,0.00,0.40,0.00,17.60,10472464,0,5186536,33.12,37040,1139140,5703052,36.42,4405680,598864,1620,3828384,70636,2480,11084,31532,0,0,0.00,0,0.00,0,296,0.01,0.06,0.37,0,0.40,0.00,17.60,44.00,0.00,0.00,0.00,0.00,2.20,2.80,0.16,1.67,0.00,0.00,0.00,0.00
2018-01-07 01:50:00,0.20,0.00,0.00,0.00,0.00,0.00,0.00,0.00,0.00,99.80,0.00,322.40,178.60,0.00,0.00,0.00,0.00,7.20,0.00,19.80,0.00,0.00,0.00,0.00,0.00,0.00,0.00,0.00,0.00,10472372,0,5186628,33.12,37040,1139176,5703052,36.42,4405704,598896,1656,3828384,70644,2480,11084,31532,0,0,0.00,0,0.00,0,296,0.01,0.05,0.37,0,0.00,0.00,0.00,0.00,0.00,0.00,0.00,0.00,4.00,3.60,0.28,1.12,0.00,0.00,0.00,0.00
2018-01-07 01:50:05,0.30,0.00,0.10,0.00,0.00,0.00,0.00,0.00,0.00,99.60,0.00,359.60,259.20,0.00,0.00,0.00,3.20,7.20,0.00,47.20,0.00,0.00,0.00,0.00,0.40,0.00,0.40,0.00,6.40,10472332,0,5186668,33.12,37048,1139200,5703052,36.42,4405744,598888,1680,3828384,70652,2480,11084,31532,0,0,0.00,0,0.00,0,296,0.01,0.05,0.36,0,0.40,0.00,6.40,16.00,0.00,0.00,0.00,0.00,27.60,37.20,2.17,304.52,0.00,0.00,0.00,0.00
2018-01-07 01:50:10,3.81,0.00,0.10,0.10,0.00,0.00,0.00,0.00,0.00,95.99,0.00,367.00,259.00,0.00,0.00,0.00,19.20,10.20,0.00,51.60,0.00,0.00,0.00,0.00,1.40,0.00,1.40,0.00,38.40,10472240,0,5186760,33.12,37056,1139416,5703052,36.42,4405748,599020,1872,3828384,70652,2480,11084,31532,0,0,0.00,0,0.00,2,296,0.01,0.05,0.36,0,1.40,0.00,38.40,27.43,0.00,0.00,0.00,0.00,20.00,20.80,60.70,7.89,0.00,0.00,0.00,0.00
2018-01-07 01:50:15,3.51,0.00,0.00,0.00,0.00,0.00,0.00,0.00,0.00,96.49,0.00,336.40,211.40,0.00,0.00,0.00,194.40,8.20,0.00,18.00,0.00,0.00,0.00,0.00,3.40,0.00,3.40,0.00,388.80,10471704,0,5187296,33.13,37064,1139952,5703052,36.42,4405868,599500,1584,3828384,70652,2480,11084,31532,0,0,0.00,0,0.00,1,296,0.01,0.05,0.36,0,3.40,0.00,388.80,114.35,0.27,78.12,10.35,3.52,3.80,6.20,4.98,6.34,0.00,0.00,0.00,0.00
2018-01-07 01:50:20,7.04,0.00,0.10,0.00,0.00,0.00,0.00,0.00,0.00,92.86,0.00,337.40,248.40,0.00,0.00,0.00,148.80,8.60,0.00,38.20,0.00,0.00,0.00,0.00,6.20,0.00,6.20,0.00,297.60,10470920,0,5188080,33.13,37076,1140508,5703052,36.42,4405968,600012,1484,3828392,70640,2480,11084,31532,0,0,0.00,0,0.00,1,296,0.01,0.05,0.36,0,6.20,0.00,297.60,48.00,0.00,0.00,0.00,0.00,11.40,11.20,37.22,7.64,0.00,0.00,0.00,0.00
2018-01-07 01:50:25,0.60,0.00,0.10,0.00,0.10,0.00,0.00,0.00,0.00,99.20,0.00,320.40,187.80,0.00,0.00,0.00,52.80,7.20,0.00,17.00,0.00,0.00,0.00,0.00,1.00,0.00,1.00,0.00,105.60,10470720,0,5188280,33.13,37084,1140708,5703052,36.42,4406004,600180,1580,3828392,70640,2480,11084,31532,0,0,0.00,0,0.00,1,296,0.01,0.05,0.36,0,1.00,0.00,105.60,105.60,0.01,9.60,4.80,0.48,2.60,3.80,1.67,2.22,0.00,0.00,0.00,0.00
2018-01-07 01:50:30,0.20,0.00,0.00,0.00,0.00,0.00,0.00,0.00,0.00,99.80,0.00,321.60,189.20,0.00,0.00,0.00,5.60,7.60,0.00,21.20,0.00,0.00,0.00,0.00,0.40,0.00,0.40,0.00,11.20,10470752,0,5188248,33.13,37092,1140732,5703052,36.42,4406004,600184,1616,3828400,70640,2480,11084,31532,0,0,0.00,0,0.00,1,296,0.01,0.05,0.35,0,0.40,0.00,11.20,28.00,0.00,0.00,0.00,0.00,5.20,4.60,0.79,1.30,0.00,0.00,0.00,0.00
2018-01-07 01:50:35,0.81,0.00,0.20,0.00,0.00,0.00,0.00,0.00,0.00,98.99,0.00,384.60,361.00,0.00,0.00,0.00,0.00,11.80,0.00,546.80,0.00,0.00,0.00,0.00,0.00,0.00,0.00,0.00,0.00,10475896,0,5183104,33.10,37092,1140752,5670656,36.21,4400908,600204,1640,3823272,70640,2480,11076,31532,0,0,0.00,0,0.00,1,296,0.00,0.05,0.35,0,0.00,0.00,0.00,0.00,0.00,0.00,0.00,0.00,93.20,55.00,650.42,18.26,0.00,0.00,0.00,0.00
2018-01-07 01:50:40,0.40,0.00,0.10,0.00,0.10,0.00,0.10,0.00,0.00,99.30,0.00,350.60,257.60,0.00,0.00,0.00,328.00,8.80,0.00,59.20,0.00,0.00,0.00,0.00,8.80,0.00,8.80,0.00,656.00,10475932,0,5183068,33.10,37100,1140780,5670656,36.21,4400920,600236,32,3823272,70672,2480,11076,31532,0,0,0.00,0,0.00,1,296,0.00,0.05,0.35,0,8.80,0.00,656.00,74.55,0.13,14.27,2.36,2.08,29.80,37.20,7.09,308.72,0.00,0.00,0.00,0.00
2018-01-07 01:50:45,0.30,0.00,0.10,0.10,0.00,0.00,0.00,0.00,0.00,99.50,0.00,327.80,203.00,0.00,0.00,0.00,13.60,8.80,0.00,32.20,0.00,0.00,0.00,0.00,0.40,0.00,0.40,0.00,27.20,10475792,0,5183208,33.10,37108,1140808,5670656,36.21,4400920,600236,152,3823272,70688,2480,11076,31532,0,0,0.00,0,0.00,1,296,0.00,0.05,0.35,0,0.40,0.00,27.20,68.00,0.00,0.00,0.00,0.00,10.40,8.80,19.80,2.71,0.00,0.00,0.00,0.00
2018-01-07 01:50:50,4.63,0.00,0.10,0.40,0.00,0.00,0.00,0.00,0.00,94.87,0.00,381.20,286.40,0.00,0.00,0.00,10.40,12.40,0.00,673.80,0.00,0.00,0.00,0.00,0.40,0.00,0.40,0.00,20.80,10483532,0,5175468,33.05,37116,1141364,5670656,36.21,4392784,600692,740,3815036,70768,2480,11060,31532,0,0,0.00,0,0.00,1,296,0.00,0.04,0.35,0,0.40,0.00,20.80,52.00,0.00,12.00,12.00,0.48,14.20,14.60,38.09,40.42,0.00,0.00,0.00,0.00
2018-01-07 01:50:55,2.81,0.00,0.00,0.00,0.00,0.00,0.00,0.00,0.00,97.19,0.00,304.40,188.20,0.00,0.00,0.00,15.20,7.20,0.00,15.80,0.00,0.00,0.00,0.00,0.40,0.00,0.40,0.00,30.40,10483268,0,5175732,33.05,37124,1141560,5670656,36.21,4392844,600856,976,3815036,70792,2480,11060,31532,0,0,0.00,0,0.00,0,296,0.00,0.04,0.34,0,0.40,0.00,30.40,76.00,0.00,0.00,0.00,0.00,1.20,3.60,1.58,3.13,0.00,0.00,0.00,0.00
2018-01-07 01:51:00,9.04,0.00,0.10,0.00,0.00,0.00,0.00,0.00,0.00,90.86,0.00,430.00,262.00,0.00,0.00,0.00,0.00,7.40,0.00,444.60,0.00,0.00,0.00,0.00,0.00,0.00,0.00,0.00,0.00,10482880,0,5176120,33.06,37128,1142328,5670656,36.21,4392912,601412,1744,3815036,70816,2480,11060,31532,0,0,0.00,0,0.00,0,296,0.00,0.04,0.34,0,0.00,0.00,0.00,0.00,0.00,0.00,0.00,0.00,8.80,9.40,7.03,8.34,0.00,0.00,0.00,0.00
2018-01-07 01:51:05,1.61,0.00,0.20,0.00,0.00,0.00,0.20,0.00,0.00,97.99,0.00,384.20,376.20,0.00,0.00,0.00,17.60,12.40,0.00,291.60,0.00,0.00,0.00,0.00,0.40,0.00,0.40,0.00,35.20,10482384,0,5176616,33.06,37136,1142316,5670656,36.21,4392968,601480,1776,3815036,70816,2480,11060,31532,0,0,0.00,0,0.00,0,296,0.00,0.04,0.34,0,0.40,0.00,35.20,88.00,0.00,2.00,2.00,0.08,108.20,88.40,605.29,250.77,0.00,0.00,0.00,0.00
2018-01-07 01:51:10,0.70,0.00,0.00,0.00,0.10,0.00,0.00,0.00,0.00,99.20,0.00,353.40,235.40,0.00,0.00,0.00,20.80,11.40,0.00,68.60,0.00,0.00,0.00,0.00,1.60,0.00,1.60,0.00,41.60,10482508,0,5176492,33.06,37144,1142340,5670656,36.21,4393092,601476,1832,3815124,70816,2480,11060,31532,0,0,0.00,0,0.00,1,296,0.00,0.04,0.34,0,1.60,0.00,41.60,26.00,0.00,0.00,0.00,0.00,21.80,22.20,66.18,83.67,0.00,0.00,0.00,0.00
2018-01-07 01:51:15,0.20,0.00,0.10,0.10,0.00,0.00,0.00,0.00,0.00,99.60,0.00,330.00,200.00,0.00,0.00,0.00,68.80,8.20,0.00,25.60,0.00,0.00,0.00,0.00,5.40,0.00,5.40,0.00,137.60,10482508,0,5176492,33.06,37152,1142360,5670656,36.21,4393112,601508,1472,3815124,70796,2480,11060,31532,0,0,0.00,0,0.00,1,296,0.00,0.04,0.34,0,5.40,0.00,137.60,25.48,0.00,0.00,0.00,0.00,5.60,5.80,14.20,2.88,0.00,0.00,0.00,0.00
2018-01-07 01:51:20,4.02,0.00,0.10,0.00,0.00,0.00,0.00,0.00,0.00,95.88,0.00,345.60,239.60,0.00,0.00,0.00,115.20,7.80,0.00,52.20,0.00,0.00,0.00,0.00,2.40,0.00,2.40,0.00,230.40,10482224,0,5176776,33.06,37160,1142632,5670656,36.21,4393136,601696,1252,3815128,70708,2480,11060,31532,0,0,0.00,0,0.00,1,296,0.00,0.04,0.33,0,2.40,0.00,230.40,96.00,0.09,39.00,6.67,1.60,13.80,12.60,61.93,4.29,0.00,0.00,0.00,0.00
2018-01-07 01:51:25,4.32,0.00,0.10,0.00,0.10,0.00,0.00,0.00,0.00,95.48,0.00,324.20,222.60,0.00,0.00,0.00,59.20,7.20,0.00,20.60,0.00,0.00,0.00,0.00,1.00,0.00,1.00,0.00,118.40,10481448,0,5177552,33.06,37168,1143296,5670656,36.21,4393280,602312,1824,3815128,70708,2480,11060,31532,0,0,0.00,0,0.00,0,296,0.00,0.04,0.33,0,1.00,0.00,118.40,118.40,0.04,40.00,20.00,2.00,5.40,6.80,4.85,7.26,0.00,0.00,0.00,0.00
2018-01-07 01:51:30,6.44,0.00,0.00,0.00,0.00,0.00,0.00,0.00,0.00,93.56,0.00,351.60,245.40,0.00,0.00,0.00,85.60,7.80,0.00,21.60,0.00,0.00,0.00,0.00,1.60,0.00,1.60,0.00,171.20,10481108,0,5177892,33.07,37180,1143868,5670656,36.21,4393332,602732,2012,3815128,70708,2480,11060,31532,0,0,0.00,0,0.00,0,296,0.00,0.04,0.33,0,1.60,0.00,171.20,107.00,0.00,1.50,0.50,0.08,5.20,6.20,4.83,5.40,0.00,0.00,0.00,0.00
2018-01-07 01:51:35,0.30,0.00,0.10,0.70,0.00,0.00,0.00,0.00,0.00,98.90,0.00,324.80,189.40,0.00,0.00,0.00,83.20,7.60,0.00,323.60,0.00,0.00,0.00,0.00,1.60,0.00,1.60,0.00,166.40,10486756,0,5172244,33.03,37188,1143864,5670656,36.21,4387332,602804,1704,3809084,70708,2480,11060,31532,0,0,0.00,0,0.00,1,296,0.00,0.04,0.33,0,1.60,0.00,166.40,104.00,0.06,35.50,10.00,1.60,1.00,2.20,0.07,0.75,0.00,0.00,0.00,0.00
2018-01-07 01:51:40,1.10,0.00,0.40,0.10,0.00,0.00,0.10,0.00,0.00,98.29,0.00,396.80,387.20,0.00,0.00,0.00,23.20,15.80,0.00,298.60,0.00,0.00,0.00,0.00,1.40,0.00,1.40,0.00,46.40,10486656,0,5172344,33.03,37196,1143892,5670656,36.21,4387352,602680,1744,3808972,70708,2480,11052,31532,0,0,0.00,0,0.00,0,296,0.00,0.04,0.33,0,1.40,0.00,46.40,33.14,0.00,0.00,0.00,0.00,107.40,77.20,583.68,270.70,0.00,0.00,0.00,0.00
2018-01-07 01:51:45,0.20,0.00,0.20,0.00,0.00,0.00,0.00,0.00,0.00,99.60,0.00,338.20,201.20,0.00,0.00,0.00,13.60,7.40,0.00,20.80,0.00,0.00,0.00,0.00,0.60,0.00,0.60,0.00,27.20,10486932,0,5172068,33.03,37208,1143916,5670656,36.21,4387440,602652,1784,3809000,70716,2480,11052,31532,0,0,0.00,0,0.00,0,296,0.00,0.04,0.32,0,0.60,0.00,27.20,45.33,0.00,0.00,0.00,0.00,5.00,6.80,0.73,1.59,0.00,0.00,0.00,0.00
2018-01-07 01:51:50,0.20,0.00,0.20,0.00,0.00,0.00,0.00,0.00,0.00,99.60,0.00,345.40,221.00,0.00,0.00,0.00,66.40,7.40,0.00,472.80,0.00,0.00,0.00,0.00,5.80,0.00,5.80,0.00,132.80,10481120,0,5177880,33.07,37208,1143948,5670656,36.21,4393192,602692,1476,3814728,70716,2480,11052,31532,0,0,0.00,0,0.00,1,296,0.00,0.04,0.32,0,5.80,0.00,132.80,22.90,0.00,0.00,0.00,0.00,15.20,16.20,44.26,5.49,0.00,0.00,0.00,0.00
2018-01-07 01:51:55,7.04,0.00,0.00,0.00,0.10,0.00,0.00,0.00,0.00,92.86,0.00,342.60,254.40,0.00,0.00,0.00,185.60,8.80,0.00,40.40,0.00,0.00,0.00,0.00,3.80,0.00,3.80,0.00,371.20,10480996,0,5178004,33.07,37216,1144680,5670656,36.21,4393308,603304,1360,3814728,70720,2480,11052,31532,0,0,0.00,0,0.00,1,296,0.00,0.04,0.32,0,3.80,0.00,371.20,97.68,0.15,40.42,5.26,2.00,11.40,11.40,53.78,7.22,0.00,0.00,0.00,0.00
2018-01-07 01:52:00,1.71,0.00,0.20,0.00,0.00,0.00,0.00,0.00,0.00,98.09,0.00,327.80,206.60,0.00,0.00,0.00,92.00,7.40,0.00,649.40,0.00,0.00,0.00,0.00,1.60,0.00,1.60,0.00,184.00,10476424,0,5182576,33.10,37224,1144876,5670656,36.21,4397208,603460,1292,3818596,70728,2480,11052,31532,0,0,0.00,0,0.00,2,296,0.00,0.04,0.32,0,1.60,0.00,184.00,115.00,0.00,0.00,0.00,0.00,6.80,6.20,4.93,4.23,0.00,0.00,0.00,0.00
2018-01-07 01:52:05,5.43,0.00,0.00,0.00,0.00,0.00,0.00,0.00,0.00,94.57,0.00,354.00,230.80,0.00,0.00,0.00,56.00,7.20,0.00,20.60,0.00,0.00,0.00,0.00,1.00,0.00,1.00,0.00,112.00,10476020,0,5182980,33.10,37236,1145428,5670656,36.21,4397300,603936,1724,3818596,70768,2480,11052,31532,0,0,0.00,0,0.00,1,296,0.08,0.05,0.32,0,1.00,0.00,112.00,112.00,0.02,19.20,9.60,0.96,4.60,6.20,3.30,4.82,0.00,0.00,0.00,0.00
2018-01-07 01:52:10,0.50,0.00,0.10,0.00,0.10,0.00,0.00,0.00,0.00,99.30,0.00,361.60,262.60,0.00,0.00,0.00,21.60,11.80,0.00,83.40,0.00,0.00,0.00,0.00,1.60,0.00,1.60,0.00,43.20,10474312,0,5184688,33.11,37244,1145456,5670656,36.21,4398728,603932,1712,3819992,70768,2480,11052,31532,0,0,0.00,0,0.00,1,296,0.08,0.05,0.32,0,1.60,0.00,43.20,27.00,0.00,0.00,0.00,0.00,31.20,38.60,5.36,288.51,0.00,0.00,0.00,0.00
2018-01-07 01:52:15,0.20,0.00,0.10,0.00,0.00,0.00,0.00,0.00,0.00,99.70,0.00,320.60,194.20,0.00,0.00,0.00,5.60,8.60,0.00,25.20,0.00,0.00,0.00,0.00,0.40,0.00,0.40,0.00,11.20,10472280,0,5186720,33.12,37252,1145480,5670656,36.21,4400808,603932,1780,3822072,70792,2480,11056,31532,0,0,0.00,0,0.00,1,296,0.07,0.05,0.32,0,0.40,0.00,11.20,28.00,0.00,0.00,0.00,0.00,7.00,8.60,10.86,2.97,0.00,0.00,0.00,0.00
2018-01-07 01:52:20,3.32,0.00,0.30,0.00,0.00,0.00,0.10,0.00,0.00,96.28,0.00,354.60,254.00,0.00,0.00,0.00,0.00,9.20,0.00,64.20,0.00,0.00,0.00,0.00,0.00,0.00,0.00,0.00,0.00,10472356,0,5186644,33.12,37252,1145872,5670656,36.21,4400860,604248,2172,3822072,70812,2480,11056,31532,0,0,0.00,0,0.00,1,296,0.06,0.05,0.32,0,0.00,0.00,0.00,0.00,0.00,0.00,0.00,0.00,20.80,18.20,79.42,39.51,0.00,0.00,0.00,0.00
2018-01-07 01:52:25,3.62,0.00,0.10,0.30,0.00,0.00,0.00,0.00,0.00,95.98,0.00,323.60,210.40,0.00,0.00,0.00,214.40,7.20,0.00,20.00,0.00,0.00,0.00,0.00,8.40,0.00,8.40,0.00,428.80,10471992,0,5187008,33.12,37260,1146232,5670656,36.21,4400956,604600,1596,3822072,70836,2480,11056,31532,0,0,0.00,0,0.00,1,296,0.06,0.05,0.31,0,8.40,0.00,428.80,51.05,0.07,8.29,2.95,2.48,3.20,5.20,6.18,4.70,0.00,0.00,0.00,0.00
2018-01-07 01:52:30,6.13,0.00,0.10,0.00,0.00,0.00,0.00,0.00,0.00,93.77,0.00,334.20,238.40,0.00,0.00,0.00,57.60,8.00,0.00,538.60,0.00,0.00,0.00,0.00,1.20,0.00,1.20,0.00,115.20,10456668,0,5202332,33.22,37272,1146752,5670656,36.21,4413224,604932,1928,3836348,70852,2480,11064,31532,0,0,0.00,0,0.00,0,296,0.05,0.05,0.31,0,1.20,0.00,115.20,96.00,0.00,0.00,0.00,0.00,7.00,6.80,4.95,5.29,0.00,0.00,0.00,0.00
2018-01-07 01:52:35,0.60,0.00,0.10,0.10,0.00,0.00,0.00,0.00,0.00,99.20,0.00,328.40,192.20,0.00,0.00,0.00,125.60,7.60,0.00,274.40,0.00,0.00,0.00,0.00,2.20,0.00,2.20,0.00,251.20,10461368,0,5197632,33.19,37280,1146988,5670656,36.21,4410224,605260,1680,3831216,70900,2480,11064,31532,0,0,0.00,0,0.00,1,296,0.05,0.05,0.31,0,2.20,0.00,251.20,114.18,0.04,20.36,5.09,1.12,2.60,3.20,1.65,2.30,0.00,0.00,0.00,0.00
2018-01-07 01:52:40,0.10,0.00,0.00,0.00,0.10,0.00,0.00,0.00,0.00,99.80,0.00,320.00,182.40,0.00,0.00,0.00,20.00,9.20,0.00,21.60,0.00,0.00,0.00,0.00,1.60,0.00,1.60,0.00,40.00,10459400,0,5199600,33.21,37288,1147008,5670656,36.21,4412272,605264,1668,3833264,70820,2480,11068,31532,0,0,0.00,0,0.00,1,296,0.05,0.05,0.31,0,1.60,0.00,40.00,25.00,0.00,0.00,0.00,0.00,3.20,3.20,0.24,1.01,0.00,0.00,0.00,0.00
2018-01-07 01:52:45,0.20,0.00,0.10,0.00,0.00,0.00,0.00,0.00,0.00,99.70,0.00,331.20,202.60,0.00,0.00,0.00,7.20,7.40,0.00,26.00,0.00,0.00,0.00,0.00,0.40,0.00,0.40,0.00,14.40,10459400,0,5199600,33.21,37296,1147024,5670656,36.21,4412284,605276,1696,3833264,70820,2480,11068,31532,0,0,0.00,0,0.00,1,296,0.04,0.05,0.31,0,0.40,0.00,14.40,36.00,0.00,0.00,0.00,0.00,9.60,12.40,0.59,115.22,0.00,0.00,0.00,0.00
2018-01-07 01:52:50,0.40,0.00,0.10,0.00,0.00,0.00,0.00,0.00,0.00,99.50,0.00,345.20,230.00,0.00,0.00,0.00,35.20,8.20,0.00,652.40,0.00,0.00,0.00,0.00,0.60,0.00,0.60,0.00,70.40,10459100,0,5199900,33.21,37296,1147060,5670656,36.21,4412324,605288,1564,3833264,70820,2480,11068,31532,0,0,0.00,0,0.00,1,296,0.04,0.04,0.31,0,0.60,0.00,70.40,117.33,0.00,0.00,0.00,0.00,20.00,23.40,4.69,177.34,0.00,0.00,0.00,0.00
2018-01-07 01:52:55,0.20,0.00,0.00,0.00,0.00,0.00,0.00,0.00,0.00,99.80,0.00,330.00,215.60,0.00,0.00,0.00,319.20,10.60,0.00,36.40,0.00,0.00,0.00,0.00,11.80,0.00,11.80,0.00,638.40,10459132,0,5199868,33.21,37304,1147084,5670656,36.21,4412352,605304,40,3833264,70828,2480,11068,31532,0,0,0.00,0,0.00,1,296,0.04,0.04,0.31,0,11.80,0.00,638.40,54.10,0.23,19.53,1.36,1.60,12.20,11.80,31.77,3.59,0.00,0.00,0.00,0.00
2018-01-07 01:53:00,15.36,0.00,0.20,0.20,0.10,0.00,0.00,0.00,0.00,84.14,0.00,373.00,330.60,0.00,0.00,0.00,21.60,9.80,0.00,702.80,0.00,0.00,0.00,0.00,0.40,0.00,0.40,0.00,43.20,10447972,0,5211028,33.28,37316,1148368,5670656,36.21,4422792,606332,1456,3843504,70836,2480,11088,31532,0,0,0.00,0,0.00,0,296,0.03,0.04,0.30,0,0.40,0.00,43.20,108.00,0.00,6.00,6.00,0.24,24.40,28.60,69.31,148.52,0.00,0.00,0.00,0.00
2018-01-07 01:53:05,0.60,0.00,0.10,0.40,0.00,0.00,0.00,0.00,0.00,98.90,0.00,339.00,202.80,0.00,0.00,0.00,20.80,7.40,0.00,18.00,0.00,0.00,0.00,0.00,0.40,0.00,0.40,0.00,41.60,10445964,0,5213036,33.29,37324,1148544,5670656,36.21,4424856,606524,1700,3845552,70840,2480,11092,31532,0,0,0.00,0,0.00,1,296,0.03,0.04,0.30,0,0.40,0.00,41.60,104.00,0.01,16.00,16.00,0.64,3.00,5.20,3.62,2.40,0.00,0.00,0.00,0.00
2018-01-07 01:53:10,0.20,0.00,0.00,0.00,0.00,0.00,0.00,0.00,0.00,99.80,0.00,322.20,183.00,0.00,0.00,0.00,0.00,7.40,0.00,18.60,0.00,0.00,0.00,0.00,0.00,0.00,0.00,0.00,0.00,10443876,0,5215124,33.30,37324,1148568,5670656,36.21,4426916,606544,1724,3847600,70848,2480,11096,31532,0,0,0.00,0,0.00,1,296,0.03,0.04,0.30,0,0.00,0.00,0.00,0.00,0.00,0.00,0.00,0.00,4.20,3.80,0.29,1.05,0.00,0.00,0.00,0.00
2018-01-07 01:53:15,0.30,0.00,0.00,0.00,0.00,0.00,0.00,0.00,0.00,99.70,0.00,344.40,236.20,0.00,0.00,0.00,3.20,7.40,0.00,43.00,0.00,0.00,0.00,0.00,0.40,0.00,0.40,0.00,6.40,10443776,0,5215224,33.30,37332,1148596,5670656,36.21,4426928,606556,1756,3847600,70856,2480,11096,31532,0,0,0.00,0,0.00,0,296,0.03,0.04,0.30,0,0.40,0.00,6.40,16.00,0.00,2.00,2.00,0.08,23.00,30.80,1.82,292.15,0.00,0.00,0.00,0.00
2018-01-07 01:53:20,0.40,0.00,0.10,0.00,0.00,0.00,0.00,0.00,0.00,99.50,0.00,350.40,219.80,0.00,0.00,0.00,6.40,7.60,0.00,39.60,0.00,0.00,0.00,0.00,0.40,0.00,0.40,0.00,12.80,10443760,0,5215240,33.31,37340,1148620,5670656,36.21,4426944,606576,1780,3847600,70872,2480,11096,31532,0,0,0.00,0,0.00,1,296,0.02,0.04,0.30,0,0.40,0.00,12.80,32.00,0.00,0.00,0.00,0.00,17.00,16.80,28.24,5.54,0.00,0.00,0.00,0.00
2018-01-07 01:53:25,3.71,0.00,0.00,0.00,0.10,0.00,0.00,0.00,0.00,96.18,0.00,330.60,238.00,0.00,0.00,0.00,17.60,10.80,0.00,75.80,0.00,0.00,0.00,0.00,1.60,0.00,1.60,0.00,35.20,10437120,0,5221880,33.35,37348,1149168,5670656,36.21,4433212,607052,2304,3853744,70880,2480,11108,31532,0,0,0.00,0,0.00,0,296,0.02,0.04,0.30,0,1.60,0.00,35.20,22.00,0.00,0.00,0.00,0.00,18.20,19.80,65.88,109.36,0.00,0.00,0.00,0.00
2018-01-07 01:53:30,15.31,0.00,0.20,0.00,0.00,0.00,0.00,0.00,0.00,84.49,0.60,380.40,320.40,0.00,0.00,0.00,295.20,71.60,0.00,283.60,0.00,0.00,0.00,0.00,9.60,0.00,9.60,0.00,590.40,10431916,0,5227084,33.38,37360,1150092,5670656,36.21,4436968,607796,1848,3857392,71072,2488,11120,31532,0,0,0.00,0,0.00,0,297,0.02,0.04,0.30,0,9.60,0.00,590.40,61.50,0.17,17.58,2.00,1.92,9.80,10.00,13.93,8.13,0.00,0.00,0.00,0.00
2018-01-07 01:53:35,0.10,0.00,0.10,0.00,0.00,0.00,0.10,0.00,0.00,99.70,0.00,302.60,170.00,0.00,0.00,0.00,94.40,7.40,0.00,14.60,0.00,0.00,0.00,0.00,1.60,0.00,1.60,0.00,188.80,10431924,0,5227076,33.38,37368,1150104,5670656,36.21,4437008,607844,1632,3857384,71072,2488,11116,31532,0,0,0.00,0,0.00,0,297,0.02,0.04,0.29,0,1.60,0.00,188.80,118.00,0.04,28.00,14.00,2.24,0.40,2.00,0.04,1.02,0.00,0.00,0.00,0.00
2018-01-07 01:53:40,0.20,0.00,0.00,0.00,0.00,0.00,0.00,0.00,0.00,99.80,0.00,321.36,182.24,0.00,0.00,0.00,6.39,7.19,0.00,19.96,0.00,0.00,0.00,0.00,0.40,0.00,0.40,0.00,12.77,10431956,0,5227044,33.38,37376,1150120,5670656,36.21,4437008,607852,1656,3857384,71072,2488,11116,31532,0,0,0.00,0,0.00,1,297,0.02,0.04,0.29,0,0.40,0.00,12.77,32.00,0.00,0.00,0.00,0.00,4.19,2.99,0.29,0.86,0.00,0.00,0.00,0.00
2018-01-07 01:53:45,0.20,0.00,0.00,0.00,0.00,0.00,0.00,0.00,0.00,99.80,0.00,329.40,189.40,0.00,0.00,0.00,0.00,7.40,0.00,16.00,0.00,0.00,0.00,0.00,0.00,0.00,0.00,0.00,0.00,10431956,0,5227044,33.38,37376,1150148,5670656,36.21,4437016,607876,1680,3857384,71072,2488,11116,31532,0,0,0.00,0,0.00,0,297,0.02,0.04,0.29,0,0.00,0.00,0.00,0.00,0.00,0.00,0.00,0.00,1.60,2.60,0.10,0.95,0.00,0.00,0.00,0.00
2018-01-07 01:53:50,0.90,0.00,0.20,0.10,0.10,0.00,0.00,0.00,0.00,98.70,0.00,400.00,382.40,0.00,0.00,0.00,12.00,9.00,0.00,296.60,0.00,0.00,0.00,0.00,0.60,0.00,0.60,0.00,24.00,10431892,0,5227108,33.38,37388,1150172,5670656,36.21,4437028,607884,1732,3857384,71072,2488,11116,31532,0,0,0.00,0,0.00,1,297,0.01,0.04,0.29,0,0.60,0.00,24.00,40.00,0.00,0.00,0.00,0.00,106.40,82.00,583.60,270.98,0.00,0.00,0.00,0.00
2018-01-07 01:53:55,0.20,0.00,0.10,0.00,0.00,0.00,0.00,0.00,0.00,99.70,0.00,331.00,203.40,0.00,0.00,0.00,127.20,9.60,0.00,24.00,0.00,0.00,0.00,0.00,3.20,0.00,3.20,0.00,254.40,10432080,0,5226920,33.38,37396,1150200,5670656,36.21,4437084,607892,1192,3857392,71072,2488,11116,31532,0,0,0.00,0,0.00,1,297,0.01,0.04,0.29,0,3.20,0.00,254.40,79.50,0.08,24.25,9.50,3.04,7.60,9.00,3.87,6.11,0.00,0.00,0.00,0.00
2018-01-07 01:54:00,0.70,0.00,0.10,0.00,0.00,0.00,0.00,0.00,0.00,99.20,0.00,342.80,224.00,0.00,0.00,0.00,149.60,9.00,0.00,48.80,0.00,0.00,0.00,0.00,2.80,0.00,2.80,0.00,299.20,10429956,0,5229044,33.39,37404,1150420,5670656,36.21,4439152,608044,732,3859440,70960,2488,11116,31532,0,0,0.00,0,0.00,1,297,0.01,0.04,0.29,0,2.80,0.00,299.20,106.86,0.02,5.43,2.00,0.56,16.40,13.20,53.62,4.62,0.00,0.00,0.00,0.00
2018-01-07 01:54:05,13.35,0.00,0.30,0.20,0.00,0.00,0.00,0.00,0.00,86.14,0.00,372.60,311.20,0.00,0.00,0.00,116.00,9.20,0.00,42.80,0.00,0.00,0.00,0.00,5.80,0.00,5.80,0.00,232.00,10420208,0,5238792,33.46,37416,1151668,5670656,36.21,4447532,609108,1460,3867632,70968,2488,11136,31532,0,0,0.00,0,0.00,1,297,0.01,0.04,0.29,0,5.80,0.00,232.00,40.00,0.00,0.83,0.83,0.48,10.00,13.40,15.69,11.96,0.00,0.00,0.00,0.00
2018-01-07 01:54:10,0.00,0.00,0.20,0.00,0.10,0.00,0.00,0.00,0.00,99.70,0.00,321.00,185.20,0.00,0.00,0.00,21.60,7.40,0.00,17.80,0.00,0.00,0.00,0.00,0.40,0.00,0.40,0.00,43.20,10418200,0,5240800,33.47,37424,1151672,5670656,36.21,4449604,609152,1516,3869680,70928,2488,11140,31532,0,0,0.00,0,0.00,1,297,0.01,0.04,0.28,0,0.40,0.00,43.20,108.00,0.00,0.00,0.00,0.00,3.40,3.00,0.24,1.02,0.00,0.00,0.00,0.00
2018-01-07 01:54:15,0.10,0.00,0.10,0.00,0.00,0.00,0.00,0.00,0.00,99.80,0.00,322.20,195.40,0.00,0.00,0.00,319.20,9.20,0.00,16.40,0.00,0.00,0.00,0.00,8.60,0.00,8.60,0.00,638.40,10418092,0,5240908,33.47,37424,1151708,5670656,36.21,4449632,609184,36,3869684,70916,2488,11140,31532,0,0,0.00,0,0.00,1,297,0.01,0.04,0.28,0,8.60,0.00,638.40,74.23,0.30,35.26,4.00,3.44,1.40,2.80,0.11,0.95,0.00,0.00,0.00,0.00
2018-01-07 01:54:20,0.30,0.00,0.10,0.00,0.00,0.00,0.00,0.00,0.00,99.60,0.00,346.40,242.20,0.00,0.00,0.00,13.60,7.40,0.00,47.20,0.00,0.00,0.00,0.00,0.40,0.00,0.40,0.00,27.20,10418092,0,5240908,33.47,37432,1151732,5670656,36.21,4449632,609184,132,3869684,70916,2488,11140,31532,0,0,0.00,0,0.00,1,297,0.01,0.04,0.28,0,0.40,0.00,27.20,68.00,0.00,0.00,0.00,0.00,27.60,32.60,1.74,293.75,0.00,0.00,0.00,0.00
2018-01-07 01:54:25,0.50,0.00,0.00,0.00,0.00,0.00,0.00,0.00,0.00,99.50,0.00,342.20,207.40,0.00,0.00,0.00,6.40,9.20,0.00,29.40,0.00,0.00,0.00,0.00,0.40,0.00,0.40,0.00,12.80,10413996,0,5245004,33.50,37440,1151760,5670656,36.21,4453772,609176,192,3873780,70916,2488,11148,31532,0,0,0.00,0,0.00,1,297,0.01,0.03,0.28,0,0.40,0.00,12.80,32.00,0.00,0.00,0.00,0.00,10.80,14.40,16.50,5.36,0.00,0.00,0.00,0.00
2018-01-07 01:54:30,7.43,0.00,0.20,0.10,0.00,0.00,0.00,0.00,0.00,92.27,0.00,371.60,273.40,0.00,0.00,0.00,4.00,9.20,0.00,349.40,0.00,0.00,0.00,0.00,0.40,0.00,0.40,0.00,8.00,10414748,0,5244252,33.49,37448,1152380,5670656,36.21,4452232,609656,820,3872172,70920,2480,11144,31532,0,0,0.00,0,0.00,2,296,0.01,0.03,0.28,0,0.40,0.00,8.00,20.00,0.00,2.00,2.00,0.08,19.00,15.40,48.50,42.76,0.00,0.00,0.00,0.00
2018-01-07 01:54:35,6.33,0.00,0.10,0.00,0.10,0.00,0.00,0.00,0.00,93.47,0.00,329.60,233.00,0.00,0.00,0.00,17.60,7.60,0.00,20.80,0.00,0.00,0.00,0.00,0.40,0.00,0.40,0.00,35.20,10410372,0,5248628,33.52,37460,1153036,5670656,36.21,4456464,610236,1528,3876268,70952,2480,11156,31532,0,0,0.00,0,0.00,0,296,0.01,0.03,0.28,0,0.40,0.00,35.20,88.00,0.00,2.00,2.00,0.08,4.20,6.20,4.72,6.98,0.00,0.00,0.00,0.00
2018-01-07 01:54:40,0.50,0.00,0.10,0.00,0.00,0.00,0.00,0.00,0.00,99.40,0.00,326.80,192.00,0.00,0.00,0.00,18.40,7.40,0.00,18.80,0.00,0.00,0.00,0.00,0.40,0.00,0.40,0.00,36.80,10408324,0,5250676,33.53,37468,1153240,5670656,36.21,4458540,610420,1784,3878316,70952,2480,11160,31532,0,0,0.00,0,0.00,1,296,0.01,0.03,0.28,0,0.40,0.00,36.80,92.00,0.00,0.00,0.00,0.00,4.40,4.20,1.80,3.21,0.00,0.00,0.00,0.00
2018-01-07 01:54:45,0.20,0.00,0.00,0.00,0.00,0.00,0.00,0.00,0.00,99.80,0.00,317.20,180.60,0.00,0.00,0.00,19.20,9.20,0.00,15.80,0.00,0.00,0.00,0.00,1.40,0.00,1.40,0.00,38.40,10408200,0,5250800,33.53,37476,1153264,5670656,36.21,4458556,610476,1772,3878316,70952,2480,11160,31532,0,0,0.00,0,0.00,0,296,0.01,0.03,0.27,0,1.40,0.00,38.40,27.43,0.00,0.00,0.00,0.00,1.60,2.60,0.10,1.19,0.00,0.00,0.00,0.00
2018-01-07 01:54:50,0.30,0.00,0.10,0.50,0.00,0.00,0.00,0.00,0.00,99.10,0.00,324.20,192.00,0.00,0.00,0.00,68.80,7.40,0.00,20.40,0.00,0.00,0.00,0.00,5.80,0.00,5.80,0.00,137.60,10408200,0,5250800,33.53,37484,1153284,5670656,36.21,4458568,610492,1480,3878316,70952,2480,11160,31532,0,0,0.00,0,0.00,0,296,0.01,0.03,0.27,0,5.80,0.00,137.60,23.72,0.00,0.83,0.83,0.48,4.60,4.60,0.76,1.62,0.00,0.00,0.00,0.00
2018-01-07 01:54:55,0.10,0.00,0.10,0.00,0.00,0.00,0.00,0.00,0.00,99.80,0.00,326.80,190.60,0.00,0.00,0.00,10.40,7.20,0.00,18.60,0.00,0.00,0.00,0.00,0.80,0.00,0.80,0.00,20.80,10408200,0,5250800,33.53,37492,1153308,5670656,36.21,4458580,610508,1520,3878316,70952,2480,11160,31532,0,0,0.00,0,0.00,1,296,0.00,0.03,0.27,0,0.80,0.00,20.80,26.00,0.00,0.00,0.00,0.00,4.40,6.20,0.76,1.62,0.00,0.00,0.00,0.00
2018-01-07 01:55:00,0.40,0.00,0.10,0.00,0.10,0.00,0.00,0.00,0.00,99.40,0.40,360.80,222.20,0.00,0.00,0.00,77.60,15.40,0.00,98.40,0.00,0.00,0.00,0.00,1.60,0.00,1.60,0.00,155.20,10406532,0,5252468,33.54,37500,1151964,5670656,36.21,4460512,609476,1204,3880368,70952,2480,11160,31532,0,0,0.00,0,0.00,1,298,0.00,0.03,0.27,0,1.60,0.00,155.20,97.00,0.05,29.50,29.50,4.72,12.00,11.60,2.97,2.64,0.00,0.00,0.00,0.00
2018-01-07 01:55:05,0.60,0.00,0.30,0.10,0.00,0.00,0.00,0.00,0.00,99.00,0.40,408.00,266.20,0.00,0.00,0.00,224.80,171.80,0.00,159.60,0.00,0.00,0.00,0.00,3.60,0.00,3.60,0.00,449.60,10405700,0,5253300,33.55,37508,1150544,5670656,36.21,4462412,608200,512,3882564,71408,2496,11168,31532,0,0,0.00,0,0.00,0,298,0.00,0.03,0.27,0,3.60,0.00,449.60,124.89,0.05,13.56,4.00,1.44,18.80,19.00,6.14,6.31,0.00,0.00,0.00,0.00
2018-01-07 01:55:10,0.90,0.00,0.30,0.00,0.00,0.00,0.20,0.00,0.00,98.59,0.00,423.80,403.00,0.00,0.00,0.00,63.20,11.40,0.00,364.60,0.00,0.00,0.00,0.00,1.20,0.00,1.20,0.00,126.40,10406064,0,5252936,33.55,37516,1149156,5670656,36.21,4462204,607028,480,3882564,71648,2496,11168,31532,0,0,0.00,0,0.00,0,298,0.00,0.03,0.27,0,1.20,0.00,126.40,105.33,0.00,0.00,0.00,0.00,110.20,81.80,585.14,247.43,0.00,0.00,0.00,0.00
2018-01-07 01:55:15,0.20,0.00,0.10,0.20,0.00,0.00,0.00,0.00,0.00,99.50,0.00,321.80,194.00,0.00,0.00,0.00,20.80,9.00,0.00,29.20,0.00,0.00,0.00,0.00,1.80,0.00,1.80,0.00,41.60,10406312,0,5252688,33.54,37524,1149180,5670656,36.21,4462236,607004,484,3882564,71668,2496,11168,31532,0,0,0.00,0,0.00,0,298,0.00,0.03,0.27,0,1.80,0.00,41.60,23.11,0.00,1.78,1.78,0.32,7.00,7.80,0.83,22.85,0.00,0.00,0.00,0.00
2018-01-07 01:55:20,0.50,0.00,0.10,0.00,0.10,0.00,0.00,0.00,0.00,99.30,0.20,353.00,225.20,0.00,0.00,0.00,63.20,13.40,0.00,259.80,0.00,0.00,0.00,0.00,8.20,0.00,8.20,0.00,126.40,10410748,0,5248252,33.52,37532,1149196,5670656,36.21,4457724,607024,332,3878048,71668,2504,11168,31532,0,0,0.00,0,0.00,0,299,0.00,0.03,0.26,0,8.20,0.00,126.40,15.41,0.00,0.00,0.00,0.00,11.60,12.00,5.52,4.44,0.00,0.00,0.00,0.00
2018-01-07 01:55:25,0.10,0.00,0.00,0.00,0.00,0.00,0.00,0.00,0.00,99.90,0.00,303.20,166.40,0.00,0.00,0.00,36.00,7.20,0.00,17.20,0.00,0.00,0.00,0.00,0.60,0.00,0.60,0.00,72.00,10410904,0,5248096,33.51,37532,1149236,5670656,36.21,4457740,607048,100,3878040,71660,2504,11160,31532,0,0,0.00,0,0.00,0,299,0.00,0.03,0.26,0,0.60,0.00,72.00,120.00,0.00,0.00,0.00,0.00,1.00,3.40,1.56,2.25,0.00,0.00,0.00,0.00
2018-01-07 01:55:30,3.73,0.00,0.20,0.00,0.00,0.00,0.00,0.00,0.00,96.07,0.40,416.60,293.20,0.00,0.00,0.00,8.00,18.00,0.00,284.80,0.00,0.00,0.00,0.00,0.40,0.00,0.40,0.00,16.00,10410008,0,5248992,33.52,37540,1145228,5670656,36.21,4461372,603656,348,3882320,72364,2520,11172,31532,0,0,0.00,0,0.00,1,301,0.00,0.03,0.26,0,0.40,0.00,16.00,40.00,0.00,0.00,0.00,0.00,29.40,27.00,71.66,40.48,0.00,0.00,0.00,0.00
2018-01-07 01:55:35,0.70,0.00,0.10,0.10,0.00,0.00,0.00,0.00,0.00,99.10,0.00,323.20,195.20,0.00,0.00,0.00,61.60,7.20,0.00,21.00,0.00,0.00,0.00,0.00,1.40,0.00,1.40,0.00,123.20,10409852,0,5249148,33.52,37548,1145408,5670656,36.21,4461420,603836,784,3882320,72376,2520,11172,31532,0,0,0.00,0,0.00,0,301,0.00,0.03,0.26,0,1.40,0.00,123.20,88.00,0.00,0.00,0.00,0.00,5.60,6.00,10.56,3.84,0.00,0.00,0.00,0.00
2018-01-07 01:55:40,0.90,0.00,0.20,0.00,0.10,0.00,0.00,0.00,0.00,98.80,0.00,362.60,217.00,0.00,0.00,0.00,11.20,8.00,0.00,237.00,0.00,0.00,0.00,0.00,0.40,0.00,0.40,0.00,22.40,10408452,0,5250548,33.53,37556,1141188,5670656,36.21,4464608,600628,816,3886424,73076,2520,11180,31532,0,0,0.00,0,0.00,0,301,0.00,0.03,0.26,0,0.40,0.00,22.40,56.00,0.00,0.00,0.00,0.00,10.00,9.40,10.21,2.19,0.00,0.00,0.00,0.00
2018-01-07 01:55:45,4.83,0.00,0.20,0.40,0.00,0.00,0.00,0.00,0.00,94.56,0.00,380.20,254.40,0.00,0.00,0.00,78.40,11.40,0.00,179.00,0.00,0.00,0.00,0.00,2.20,0.00,2.20,0.00,156.80,10404560,0,5254440,33.56,37568,1138952,5670656,36.21,4470400,598720,1484,3892604,73476,2520,11192,31532,0,0,0.00,0,0.00,0,301,0.00,0.03,0.26,0,2.20,0.00,156.80,71.27,0.01,6.55,2.18,0.48,10.60,12.60,13.59,6.17,0.00,0.00,0.00,0.00
2018-01-07 01:55:50,4.44,0.00,0.60,0.00,0.00,0.00,0.00,0.00,0.00,94.96,0.00,440.00,331.80,0.00,0.00,0.00,103.20,249.00,0.00,3868.60,0.00,0.00,0.00,0.00,10.60,0.00,10.60,0.00,206.40,10337724,0,5321276,33.98,37576,1136160,5670656,36.21,4539820,596380,1192,3962460,73948,2520,11196,31532,0,0,0.00,0,0.00,4,301,0.00,0.03,0.25,0,10.60,0.00,206.40,19.47,0.01,1.06,0.08,0.08,10.80,11.20,5.49,2.83,0.00,0.00,0.00,0.00
2018-01-07 01:55:55,4.22,0.00,0.20,0.20,0.10,0.00,0.00,0.00,0.00,95.28,0.00,323.60,209.60,0.00,0.00,0.00,45.60,7.20,0.00,1663.00,0.00,0.00,0.00,0.00,1.00,0.00,1.00,0.00,91.20,10369712,0,5289288,33.78,37584,1136356,5670656,36.21,4507208,596540,1492,3929812,74000,2520,11260,31532,0,0,0.00,0,0.00,1,301,0.00,0.03,0.25,0,1.00,0.00,91.20,91.20,0.01,8.80,4.80,0.48,4.60,6.20,0.80,2.74,0.00,0.00,0.00,0.00
2018-01-07 01:56:00,3.92,0.00,0.20,0.00,0.00,0.00,0.00,0.00,0.00,95.88,0.20,388.60,260.20,0.00,0.00,0.00,100.00,11.20,0.00,300.80,0.00,0.00,0.00,0.00,1.80,0.00,1.80,0.00,200.00,10373008,0,5285992,33.76,37592,1131312,5670656,36.21,4506488,592480,1868,3929748,74792,2520,11260,31532,0,0,0.00,0,0.00,1,301,0.00,0.03,0.25,0,1.80,0.00,200.00,111.11,0.00,0.00,0.00,0.00,9.80,12.40,6.24,5.08,0.00,0.00,0.00,0.00
2018-01-07 01:56:05,0.50,0.00,0.10,0.10,0.00,0.00,0.00,0.00,0.00,99.30,0.00,392.40,253.00,0.00,0.00,0.00,115.20,7.60,0.00,252.20,0.00,0.00,0.00,0.00,1.80,0.00,1.80,0.00,230.40,10376832,0,5282168,33.73,37600,1127160,5670656,36.21,4505688,589068,1540,3929812,75460,2520,11260,31532,0,0,0.00,0,0.00,0,301,0.00,0.02,0.25,0,1.80,0.00,230.40,128.00,0.01,4.44,2.22,0.40,17.40,18.60,5.45,3.52,0.00,0.00,0.00,0.00
2018-01-07 01:56:10,0.40,0.00,0.10,0.00,0.00,0.00,0.00,0.00,0.00,99.50,0.00,358.00,219.80,0.00,0.00,0.00,0.00,7.20,0.00,95.60,0.00,0.00,0.00,0.00,0.00,0.00,0.00,0.00,0.00,10377876,0,5281124,33.73,37600,1125744,5670656,36.21,4505376,587760,1664,3929812,75808,2520,11260,31532,0,0,0.00,0,0.00,0,301,0.00,0.02,0.25,0,0.00,0.00,0.00,0.00,0.00,0.00,0.00,0.00,9.40,11.20,2.78,2.60,0.00,0.00,0.00,0.00
2018-01-07 01:56:15,0.40,0.00,0.20,0.00,0.00,0.00,0.00,0.00,0.00,99.40,0.00,370.60,255.20,0.00,0.00,0.00,158.40,9.20,0.00,436.40,0.00,0.00,0.00,0.00,3.60,0.00,3.60,0.00,316.80,10385504,0,5273496,33.68,37608,1122948,5670656,36.21,4499828,585416,1212,3924684,76276,2520,11256,31532,0,0,0.00,0,0.00,0,301,0.00,0.02,0.25,0,3.60,0.00,316.80,88.00,0.00,0.44,0.22,0.08,21.00,24.40,2.59,145.50,0.00,0.00,0.00,0.00
2018-01-07 01:56:20,0.40,0.00,0.20,0.00,0.10,0.00,0.00,0.00,0.00,99.30,0.00,377.60,258.40,0.00,0.00,0.00,44.80,8.40,0.00,130.20,0.00,0.00,0.00,0.00,0.80,0.00,0.80,0.00,89.60,10386744,0,5272256,33.67,37616,1121212,5670656,36.21,4499588,583928,1260,3924684,76644,2520,11256,31532,0,0,0.00,0,0.00,0,301,0.00,0.02,0.25,0,0.80,0.00,89.60,112.00,0.00,5.00,5.00,0.40,23.00,26.80,3.88,150.19,0.00,0.00,0.00,0.00
2018-01-07 01:56:25,0.20,0.00,0.20,0.00,0.00,0.00,0.00,0.00,0.00,99.60,0.00,330.00,201.00,0.00,0.00,0.00,188.80,7.20,0.00,71.00,0.00,0.00,0.00,0.00,10.20,0.00,10.20,0.00,377.60,10387488,0,5271512,33.66,37624,1120184,5670656,36.21,4499432,583052,520,3924684,76764,2520,11256,31532,0,0,0.00,0,0.00,1,301,0.00,0.02,0.24,0,10.20,0.00,377.60,37.02,0.02,1.57,0.08,0.08,3.40,6.20,0.86,1.84,0.00,0.00,0.00,0.00
2018-01-07 01:56:30,0.80,0.00,0.20,0.00,0.00,0.00,0.00,0.00,0.00,98.99,0.00,385.60,249.80,0.00,0.00,0.00,78.40,8.80,0.00,186.20,0.00,0.00,0.00,0.00,1.80,0.00,1.80,0.00,156.80,10389580,0,5269420,33.65,37632,1117348,5670656,36.21,4499068,580828,228,3924616,77040,2512,11256,31532,0,0,0.00,0,0.00,0,300,0.00,0.02,0.24,0,1.80,0.00,156.80,87.11,0.00,0.00,0.00,0.00,20.20,21.60,19.66,6.09,0.00,0.00,0.00,0.00
2018-01-07 01:56:35,3.41,0.00,0.10,0.00,0.10,0.00,0.00,0.00,0.00,96.39,0.00,335.80,254.60,0.00,0.00,0.00,76.80,7.80,0.00,93.80,0.00,0.00,0.00,0.00,1.20,0.00,1.20,0.00,153.60,10390060,0,5268940,33.65,37640,1117764,5670656,36.21,4498980,581000,640,3924616,77244,2512,11256,31532,0,0,0.00,0,0.00,0,300,0.00,0.02,0.24,0,1.20,0.00,153.60,128.00,0.00,0.00,0.00,0.00,24.80,26.60,47.71,176.54,0.00,0.00,0.00,0.00
2018-01-07 01:56:40,3.41,0.00,0.30,0.50,0.00,0.00,0.00,0.00,0.00,95.79,0.00,335.40,228.60,0.00,0.00,0.00,12.80,7.40,0.00,852.80,0.00,0.00,0.00,0.00,0.40,0.00,0.40,0.00,25.60,10389796,0,5269204,33.65,37648,1118080,5670656,36.21,4499024,581200,968,3924616,77244,2512,11256,31532,0,0,0.00,0,0.00,1,300,0.00,0.02,0.24,0,0.40,0.00,25.60,64.00,0.00,12.00,12.00,0.48,9.40,10.40,2.73,14.86,0.00,0.00,0.00,0.00
2018-01-07 01:56:45,4.02,0.00,0.20,0.00,0.00,0.00,0.10,0.00,0.00,95.68,0.00,340.80,232.60,0.00,0.00,0.00,15.20,9.40,0.00,97.00,0.00,0.00,0.00,0.00,1.00,0.00,1.00,0.00,30.40,10390672,0,5268328,33.64,37648,1117112,5670656,36.21,4498892,580460,1420,3924628,77476,2512,11256,31532,0,0,0.00,0,0.00,1,300,0.00,0.02,0.24,0,1.00,0.00,30.40,30.40,0.00,0.00,0.00,0.00,9.80,11.60,4.63,5.08,0.00,0.00,0.00,0.00
2018-01-07 01:56:50,0.30,0.00,0.20,0.00,0.00,0.00,0.00,0.00,0.00,99.50,0.00,347.00,208.80,0.00,0.00,0.00,34.40,9.20,0.00,913.20,0.00,0.00,0.00,0.00,0.60,0.00,0.60,0.00,68.80,10391144,0,5267856,33.64,37656,1115728,5670656,36.21,4498532,579484,1504,3924628,77712,2512,11256,31532,0,0,0.00,0,0.00,0,300,0.00,0.02,0.24,0,0.60,0.00,68.80,114.67,0.00,0.00,0.00,0.00,7.60,8.80,1.82,2.36,0.00,0.00,0.00,0.00
2018-01-07 01:56:55,3.02,0.00,0.10,0.00,0.00,0.00,0.00,0.00,0.00,96.88,0.00,346.20,223.40,0.00,0.00,0.00,29.60,7.40,0.00,94.40,0.00,0.00,0.00,0.00,0.60,0.00,0.60,0.00,59.20,10392408,0,5266592,33.63,37664,1114520,5670656,36.21,4498348,578456,1752,3924628,77968,2512,11256,31532,0,0,0.00,0,0.00,1,300,0.00,0.02,0.24,0,0.60,0.00,59.20,98.67,0.00,2.67,1.33,0.08,7.80,10.00,3.96,3.24,0.00,0.00,0.00,0.00
2018-01-07 01:57:00,0.40,0.00,0.10,0.20,0.10,0.00,0.00,0.00,0.00,99.20,0.00,332.20,205.60,0.00,0.00,0.00,100.80,7.40,0.00,846.00,0.00,0.00,0.00,0.00,9.20,0.00,9.20,0.00,201.60,10392112,0,5266888,33.63,37672,1114544,5670656,36.21,4498360,578484,1412,3924628,77976,2504,11256,31532,0,0,0.00,0,0.00,0,299,0.00,0.02,0.23,0,9.20,0.00,201.60,21.91,0.00,0.43,0.43,0.40,6.60,8.20,3.03,2.83,0.00,0.00,0.00,0.00
2018-01-07 01:57:05,2.11,0.00,0.30,0.00,0.00,0.00,0.00,0.00,0.00,97.59,0.00,431.00,304.00,0.00,0.00,0.00,123.20,8.60,0.00,958.00,0.00,0.00,0.00,0.00,2.00,0.00,2.00,0.00,246.40,10400692,0,5258308,33.58,37680,1109032,5636632,36.00,4493428,573960,1572,3920472,78840,2504,11252,31532,0,0,0.00,0,0.00,0,299,0.00,0.02,0.23,0,2.00,0.00,246.40,123.20,0.00,0.00,0.00,0.00,18.00,19.60,5.55,4.78,0.00,0.00,0.00,0.00
2018-01-07 01:57:10,0.30,0.00,0.10,0.10,0.00,0.00,0.00,0.00,0.00,99.50,0.00,353.60,210.20,0.00,0.00,0.00,104.00,7.40,0.00,841.60,0.00,0.00,0.00,0.00,1.80,0.00,1.80,0.00,208.00,10400608,0,5258392,33.58,37688,1109140,5636632,36.00,4493396,573940,1248,3920476,78964,2504,11252,31532,0,0,0.00,0,0.00,1,299,0.00,0.02,0.23,0,1.80,0.00,208.00,115.56,0.00,0.00,0.00,0.00,6.40,7.60,1.34,2.12,0.00,0.00,0.00,0.00
2018-01-07 01:57:15,0.20,0.00,0.20,0.20,0.10,0.00,0.00,0.00,0.00,99.30,0.00,337.80,207.40,0.00,0.00,0.00,149.60,8.80,0.00,95.00,0.00,0.00,0.00,0.00,3.40,0.00,3.40,0.00,299.20,10401724,0,5257276,33.57,37696,1107756,5636632,36.00,4493148,572776,768,3920476,79196,2504,11252,31532,0,0,0.00,0,0.00,0,299,0.00,0.02,0.23,0,3.40,0.00,299.20,88.00,0.01,2.59,1.41,0.48,8.60,7.80,1.81,35.16,0.00,0.00,0.00,0.00
2018-01-07 01:57:20,0.30,0.00,0.20,0.00,0.00,0.00,0.00,0.00,0.00,99.50,0.00,357.20,251.40,0.00,0.00,0.00,9.60,7.60,0.00,866.20,0.00,0.00,0.00,0.00,0.40,0.00,0.40,0.00,19.20,10401784,0,5257216,33.57,37704,1107772,5636632,36.00,4493180,572788,832,3920476,79220,2504,11252,31532,0,0,0.00,0,0.00,1,299,0.00,0.02,0.23,0,0.40,0.00,19.20,48.00,0.00,0.00,0.00,0.00,27.40,35.60,5.58,258.80,0.00,0.00,0.00,0.00
2018-01-07 01:57:25,0.20,0.00,0.00,0.00,0.00,0.00,0.00,0.00,0.00,99.80,0.00,319.80,191.20,0.00,0.00,0.00,41.60,7.80,0.00,26.20,0.00,0.00,0.00,0.00,1.00,0.00,1.00,0.00,83.20,10401816,0,5257184,33.57,37712,1107796,5636632,36.00,4493164,572784,680,3920476,79220,2504,11252,31532,0,0,0.00,0,0.00,1,299,0.00,0.02,0.23,0,1.00,0.00,83.20,83.20,0.00,0.00,0.00,0.00,7.40,7.60,12.29,2.92,0.00,0.00,0.00,0.00
2018-01-07 01:57:30,0.20,0.00,0.30,0.00,0.00,0.00,0.00,0.00,0.00,99.50,0.00,349.00,216.20,0.00,0.00,0.00,0.00,9.00,0.00,871.60,0.00,0.00,0.00,0.00,0.00,0.00,0.00,0.00,0.00,10401604,0,5257396,33.57,37712,1107828,5636632,36.00,4493252,572796,732,3920476,79244,2496,11252,31532,0,0,0.00,0,0.00,1,298,0.00,0.02,0.23,0,0.00,0.00,0.00,0.00,0.00,0.00,0.00,0.00,15.40,13.40,69.59,3.33,0.00,0.00,0.00,0.00
2018-01-07 01:57:35,12.42,0.00,0.00,0.00,0.00,0.00,0.00,0.00,0.00,87.58,0.00,330.80,257.20,0.00,0.00,0.00,108.80,10.60,0.00,22.60,0.00,0.00,0.00,0.00,10.60,0.00,10.60,0.00,217.60,10401620,0,5257380,33.57,37720,1108384,5636632,36.00,4493296,573264,712,3920464,79268,2496,11252,31532,0,0,0.00,0,0.00,1,298,0.00,0.02,0.22,0,10.60,0.00,217.60,20.53,0.01,1.36,0.15,0.16,4.00,6.00,12.85,4.77,0.00,0.00,0.00,0.00
2018-01-07 01:57:40,7.22,0.00,0.10,0.10,0.10,0.00,0.00,0.00,0.00,92.48,0.00,345.80,243.80,0.00,0.00,0.00,24.00,7.40,0.00,843.00,0.00,0.00,0.00,0.00,0.40,0.00,0.40,0.00,48.00,10400844,0,5258156,33.58,37728,1109128,5636632,36.00,4493416,573868,1588,3920464,79292,2496,11252,31532,0,0,0.00,0,0.00,0,298,0.00,0.02,0.22,0,0.40,0.00,48.00,120.00,0.00,2.00,2.00,0.08,7.00,7.40,6.43,8.05,0.00,0.00,0.00,0.00
2018-01-07 01:57:45,0.60,0.00,0.00,0.00,0.00,0.00,0.00,0.00,0.00,99.40,0.00,326.00,190.00,0.00,0.00,0.00,68.80,8.80,0.00,17.80,0.00,0.00,0.00,0.00,2.60,0.00,2.60,0.00,137.60,10400548,0,5258452,33.58,37740,1109308,5636632,36.00,4493428,574044,1632,3920464,79316,2496,11252,31532,0,0,0.00,0,0.00,1,298,0.00,0.02,0.22,0,2.60,0.00,137.60,52.92,0.00,0.00,0.00,0.00,3.20,3.60,3.18,3.17,0.00,0.00,0.00,0.00
2018-01-07 01:57:50,0.10,0.00,0.10,0.00,0.00,0.00,0.00,0.00,0.00,99.80,0.00,324.00,189.80,0.00,0.00,0.00,332.00,9.60,0.00,841.80,0.00,0.00,0.00,0.00,12.20,0.00,12.20,0.00,664.00,10400364,0,5258636,33.58,37748,1109332,5636632,36.00,4493452,574096,72,3920464,79252,2496,11252,31532,0,0,0.00,0,0.00,1,298,0.00,0.01,0.22,0,12.20,0.00,664.00,54.43,0.03,2.23,0.07,0.08,3.00,3.20,0.23,0.93,0.00,0.00,0.00,0.00
2018-01-07 01:57:55,0.30,0.00,0.10,0.00,0.00,0.00,0.00,0.00,0.00,99.60,0.00,354.00,250.20,0.00,0.00,0.00,11.20,8.60,0.00,248.00,0.00,0.00,0.00,0.00,0.40,0.00,0.40,0.00,22.40,10404644,0,5254356,33.55,37756,1109356,5636632,36.00,4489384,574092,144,3916360,79276,2496,11248,31532,0,0,0.00,0,0.00,0,298,0.00,0.01,0.22,0,0.40,0.00,22.40,56.00,0.00,0.00,0.00,0.00,24.80,32.40,1.55,293.60,0.00,0.00,0.00,0.00
2018-01-07 01:58:00,0.30,0.00,0.10,0.00,0.00,0.00,0.00,0.00,0.00,99.60,0.00,335.20,201.20,0.00,0.00,0.00,0.00,7.60,0.00,637.80,0.00,0.00,0.00,0.00,0.00,0.00,0.00,0.00,0.00,10404632,0,5254368,33.55,37756,1109380,5636632,36.00,4489408,574100,172,3916360,79284,2496,11248,31532,0,0,0.00,0,0.00,0,298,0.00,0.01,0.22,0,0.00,0.00,0.00,0.00,0.00,0.00,0.00,0.00,7.00,8.60,4.35,3.38,0.00,0.00,0.00,0.00
2018-01-07 01:58:05,6.52,0.00,0.10,1.50,0.10,0.00,0.00,0.00,0.00,91.78,0.00,360.00,281.20,0.00,0.00,0.00,4.00,9.00,0.00,73.40,0.00,0.00,0.00,0.00,0.40,0.00,0.40,0.00,8.00,10404152,0,5254848,33.56,37764,1110060,5636632,36.00,4489352,574636,868,3916220,79284,2480,11248,31532,0,0,0.00,0,0.00,0,296,0.08,0.03,0.22,0,0.40,0.00,8.00,20.00,0.03,72.00,72.00,2.88,19.40,18.80,59.10,42.22,0.00,0.00,0.00,0.00
2018-01-07 01:58:10,6.54,0.00,0.00,0.00,0.00,0.00,0.00,0.00,0.00,93.46,0.00,346.00,239.20,0.00,0.00,0.00,22.40,7.20,0.00,23.00,0.00,0.00,0.00,0.00,0.40,0.00,0.40,0.00,44.80,10403624,0,5255376,33.56,37772,1110788,5636632,36.00,4489444,575328,1676,3916220,79288,2480,11248,31532,0,0,0.00,0,0.00,0,296,0.08,0.03,0.22,0,0.40,0.00,44.80,112.00,0.00,0.00,0.00,0.00,6.20,7.40,6.39,7.53,0.00,0.00,0.00,0.00
2018-01-07 01:58:15,0.30,0.00,0.00,0.00,0.00,0.00,0.00,0.00,0.00,99.70,0.00,315.60,175.00,0.00,0.00,0.00,12.00,7.20,0.00,15.80,0.00,0.00,0.00,0.00,0.40,0.00,0.40,0.00,24.00,10403656,0,5255344,33.56,37780,1110868,5636632,36.00,4489484,575360,1776,3916220,79288,2480,11248,31532,0,0,0.00,0,0.00,1,296,0.07,0.03,0.22,0,0.40,0.00,24.00,60.00,0.00,0.00,0.00,0.00,1.60,2.00,0.10,1.62,0.00,0.00,0.00,0.00
2018-01-07 01:58:20,0.10,0.00,0.00,0.00,0.00,0.00,0.00,0.00,0.00,99.90,0.00,322.40,189.00,0.00,0.00,0.00,46.40,8.80,0.00,18.20,0.00,0.00,0.00,0.00,6.40,0.00,6.40,0.00,92.80,10403656,0,5255344,33.56,37788,1110884,5636632,36.00,4489496,575376,1604,3916220,79288,2480,11248,31532,0,0,0.00,0,0.00,1,296,0.06,0.03,0.22,0,6.40,0.00,92.80,14.50,0.00,0.00,0.00,0.00,3.80,3.60,0.27,1.11,0.00,0.00,0.00,0.00
2018-01-07 01:58:25,0.30,0.00,0.10,0.10,0.00,0.00,0.00,0.00,0.00,99.50,0.00,357.40,249.00,0.00,0.00,0.00,44.00,7.80,0.00,47.40,0.00,0.00,0.00,0.00,1.00,0.00,1.00,0.00,88.00,10403524,0,5255476,33.56,37796,1110908,5636632,36.00,4489540,575368,1468,3916220,79300,2480,11248,31532,0,0,0.00,0,0.00,1,296,0.06,0.03,0.22,0,1.00,0.00,88.00,88.00,0.00,0.00,0.00,0.00,27.80,35.20,2.15,301.43,0.00,0.00,0.00,0.00
2018-01-07 01:58:30,0.40,0.00,0.10,0.00,0.10,0.00,0.00,0.00,0.00,99.40,0.00,344.20,208.80,0.00,0.00,0.00,8.80,8.00,0.00,31.60,0.00,0.00,0.00,0.00,1.00,0.00,1.00,0.00,17.60,10403524,0,5255476,33.56,37804,1110928,5636632,36.00,4489552,575380,1536,3916220,79308,2480,11248,31532,0,0,0.00,0,0.00,0,296,0.05,0.03,0.22,0,1.00,0.00,17.60,17.60,0.00,0.00,0.00,0.00,12.20,11.80,19.88,4.07,0.00,0.00,0.00,0.00
2018-01-07 01:58:35,3.62,0.00,0.00,0.00,0.00,0.00,0.00,0.00,0.00,96.38,0.00,360.40,263.40,0.00,0.00,0.00,156.80,9.00,0.00,99.40,0.00,0.00,0.00,0.00,2.80,0.00,2.80,0.00,313.60,10403260,0,5255740,33.56,37812,1111312,5636632,36.00,4489624,575700,1364,3916220,79332,2480,11248,31532,0,0,0.00,0,0.00,0,296,0.05,0.03,0.22,0,2.80,0.00,313.60,112.00,0.00,0.00,0.00,0.00,24.60,31.20,45.23,177.03,0.00,0.00,0.00,0.00
2018-01-07 01:58:40,6.03,0.00,0.30,0.00,0.00,0.00,0.00,0.00,0.00,93.67,0.00,340.00,257.40,0.00,0.00,0.00,120.00,7.60,0.00,224.60,0.00,0.00,0.00,0.00,2.20,0.00,2.20,0.00,240.00,10406300,0,5252700,33.54,37820,1111888,5605180,35.80,4486088,576156,1352,3912628,79332,2480,11244,31532,0,0,0.00,0,0.00,0,296,0.05,0.03,0.22,0,2.20,0.00,240.00,109.09,0.00,0.00,0.00,0.00,13.60,13.00,6.77,74.77,0.00,0.00,0.00,0.00
2018-01-07 01:58:45,5.32,0.00,0.10,0.00,0.10,0.00,0.00,0.00,0.00,94.48,0.00,338.20,227.20,0.00,0.00,0.00,35.20,7.40,0.00,439.40,0.00,0.00,0.00,0.00,0.60,0.00,0.60,0.00,70.40,10406176,0,5252824,33.55,37820,1112248,5605180,35.80,4486176,576488,1580,3912628,79332,2480,11244,31532,0,0,0.00,0,0.00,1,296,0.04,0.03,0.22,0,0.60,0.00,70.40,117.33,0.00,0.00,0.00,0.00,4.20,5.00,1.78,4.54,0.00,0.00,0.00,0.00
2018-01-07 01:58:50,0.50,0.00,0.00,0.00,0.00,0.00,0.00,0.00,0.00,99.50,0.00,319.40,187.20,0.00,0.00,0.00,361.60,8.80,0.00,18.40,0.00,0.00,0.00,0.00,12.00,0.00,12.00,0.00,723.20,10405928,0,5253072,33.55,37828,1112448,5605180,35.80,4486208,576660,84,3912628,79336,2480,11244,31532,0,0,0.00,0,0.00,0,296,0.04,0.03,0.22,0,12.00,0.00,723.20,60.27,0.02,1.33,0.13,0.16,3.80,3.20,1.75,2.19,0.00,0.00,0.00,0.00
2018-01-07 01:58:55,0.20,0.00,0.10,0.20,0.00,0.00,0.00,0.00,0.00,99.50,0.20,328.20,191.40,0.00,0.00,0.00,17.60,11.60,0.00,19.80,0.00,0.00,0.00,0.00,0.40,0.00,0.40,0.00,35.20,10405920,0,5253080,33.55,37836,1112472,5605180,35.80,4486212,576692,156,3912628,79352,2480,11244,31532,0,0,0.00,0,0.00,1,296,0.04,0.03,0.21,0,0.40,0.00,35.20,88.00,0.00,10.00,10.00,0.40,1.80,3.20,0.12,0.92,0.00,0.00,0.00,0.00
2018-01-07 01:59:00,0.40,0.00,0.00,0.00,0.00,0.00,0.00,0.00,0.00,99.60,0.00,351.00,236.80,0.00,0.00,0.00,4.80,7.20,0.00,44.00,0.00,0.00,0.00,0.00,0.40,0.00,0.40,0.00,9.60,10406020,0,5252980,33.55,37844,1112500,5605180,35.80,4486232,576708,184,3912628,79352,2480,11244,31532,0,0,0.00,0,0.00,1,296,0.03,0.03,0.21,0,0.40,0.00,9.60,24.00,0.00,0.00,0.00,0.00,24.80,24.20,1.57,288.00,0.00,0.00,0.00,0.00
2018-01-07 01:59:05,0.30,0.00,0.10,0.00,0.00,0.00,0.00,0.00,0.00,99.60,0.00,344.60,202.60,0.00,0.00,0.00,4.80,7.40,0.00,20.40,0.00,0.00,0.00,0.00,0.40,0.00,0.40,0.00,9.60,10405920,0,5253080,33.55,37852,1112520,5605180,35.80,4486276,576700,216,3912628,79360,2480,11244,31532,0,0,0.00,0,0.00,0,296,0.03,0.03,0.21,0,0.40,0.00,9.60,24.00,0.00,0.00,0.00,0.00,5.60,8.80,3.89,4.05,0.00,0.00,0.00,0.00
2018-01-07 01:59:10,14.49,0.00,0.10,0.10,0.00,0.00,0.00,0.00,0.00,85.31,0.00,400.40,354.80,0.00,0.00,0.00,22.40,8.80,0.00,67.80,0.00,0.00,0.00,0.00,0.40,0.00,0.40,0.00,44.80,10404400,0,5254600,33.56,37860,1113956,5605180,35.80,4486484,577864,1744,3912628,79400,2480,11244,31532,0,0,0.00,0,0.00,0,296,0.11,0.04,0.22,0,0.40,0.00,44.80,112.00,0.00,0.00,0.00,0.00,24.60,25.00,100.24,14.65,0.00,0.00,0.00,0.00
2018-01-07 01:59:15,0.20,0.00,0.10,0.00,0.00,0.00,0.00,0.00,0.00,99.70,0.00,323.00,183.60,0.00,0.00,0.00,9.60,7.20,0.00,17.60,0.00,0.00,0.00,0.00,0.40,0.00,0.40,0.00,19.20,10404384,0,5254616,33.56,37868,1113980,5605180,35.80,4486496,577952,1776,3912628,79424,2480,11244,31532,0,0,0.00,0,0.00,0,296,0.10,0.04,0.22,0,0.40,0.00,19.20,48.00,0.00,0.00,0.00,0.00,3.20,3.20,0.23,1.03,0.00,0.00,0.00,0.00
2018-01-07 01:59:20,0.20,0.00,0.10,0.00,0.10,0.00,0.00,0.00,0.00,99.60,0.00,323.40,181.40,0.00,0.00,0.00,18.40,9.20,0.00,17.40,0.00,0.00,0.00,0.00,1.60,0.00,1.60,0.00,36.80,10404352,0,5254648,33.56,37876,1114000,5605180,35.80,4486508,577972,1808,3912628,79424,2480,11244,31532,0,0,0.00,0,0.00,0,296,0.09,0.04,0.22,0,1.60,0.00,36.80,23.00,0.00,0.00,0.00,0.00,3.20,3.40,0.24,0.93,0.00,0.00,0.00,0.00
2018-01-07 01:59:25,0.10,0.00,0.10,0.00,0.00,0.00,0.00,0.00,0.00,99.80,0.00,322.20,185.00,0.00,0.00,0.00,68.80,7.80,0.00,16.20,0.00,0.00,0.00,0.00,5.40,0.00,5.40,0.00,137.60,10404228,0,5254772,33.56,37884,1114020,5605180,35.80,4486520,577996,1604,3912628,79424,2480,11244,31532,0,0,0.00,0,0.00,0,296,0.08,0.04,0.21,0,5.40,0.00,137.60,25.48,0.00,0.00,0.00,0.00,2.00,2.80,0.15,0.87,0.00,0.00,0.00,0.00
2018-01-07 01:59:30,0.30,0.00,0.20,0.00,0.00,0.00,0.10,0.00,0.00,99.40,0.00,384.40,273.40,0.00,0.00,0.00,8.80,7.60,0.00,228.20,0.00,0.00,0.00,0.00,0.40,0.00,0.40,0.00,17.60,10407540,0,5251460,33.54,37892,1114044,5605180,35.80,4482940,578012,1520,3909036,79432,2480,11240,31532,0,0,0.00,0,0.00,1,296,0.08,0.04,0.21,0,0.40,0.00,17.60,44.00,0.00,0.00,0.00,0.00,28.60,33.20,5.61,279.01,0.00,0.00,0.00,0.00
2018-01-07 01:59:35,0.10,0.00,0.10,0.00,0.10,0.00,0.00,0.00,0.00,99.70,0.00,310.40,179.20,0.00,0.00,0.00,5.60,7.20,0.00,21.60,0.00,0.00,0.00,0.00,0.80,0.00,0.80,0.00,11.20,10407416,0,5251584,33.54,37900,1114068,5605180,35.80,4482984,578000,1568,3909036,79432,2480,11240,31532,0,0,0.00,0,0.00,1,296,0.07,0.04,0.21,0,0.80,0.00,11.20,14.00,0.00,0.00,0.00,0.00,5.20,6.60,3.39,2.62,0.00,0.00,0.00,0.00
2018-01-07 01:59:40,0.10,0.00,0.10,0.10,0.00,0.00,0.00,0.00,0.00,99.70,0.00,331.80,202.80,0.00,0.00,0.00,290.40,8.40,0.00,37.20,0.00,0.00,0.00,0.00,5.20,0.00,5.20,0.00,580.80,10407496,0,5251504,33.54,37908,1114096,5605180,35.80,4482996,578020,212,3909036,79280,2480,11240,31532,0,0,0.00,0,0.00,1,296,0.06,0.04,0.21,0,5.20,0.00,580.80,111.69,0.01,2.46,0.15,0.08,7.40,8.60,21.08,2.69,0.00,0.00,0.00,0.00
2018-01-07 01:59:45,0.20,0.00,0.10,0.40,0.00,0.00,0.00,0.00,0.00,99.30,0.00,332.00,192.60,0.00,0.00,0.00,14.40,7.80,0.00,33.60,0.00,0.00,0.00,0.00,0.60,0.00,0.60,0.00,28.80,10407528,0,5251472,33.54,37920,1114120,5605180,35.80,4483012,578044,240,3909036,79280,2480,11240,31532,0,0,0.00,0,0.00,1,296,0.06,0.04,0.21,0,0.60,0.00,28.80,48.00,0.00,8.00,8.00,0.48,8.00,6.60,36.41,3.21,0.00,0.00,0.00,0.00
2018-01-07 01:59:50,11.17,0.00,0.00,0.00,0.00,0.00,0.00,0.00,0.00,88.83,0.00,355.80,281.60,0.00,0.00,0.00,37.60,9.40,0.00,34.80,0.00,0.00,0.00,0.00,1.40,0.00,1.40,0.00,75.20,10406876,0,5252124,33.54,37928,1115220,5605180,35.80,4483148,578916,1372,3909036,79280,2480,11240,31532,0,0,0.00,0,0.00,0,296,0.05,0.04,0.21,0,1.40,0.00,75.20,53.71,0.00,0.00,0.00,0.00,9.80,9.80,8.57,10.81,0.00,0.00,0.00,0.00
2018-01-07 01:59:55,0.80,0.00,0.10,0.00,0.00,0.00,0.00,0.00,0.00,99.10,0.00,330.60,190.40,0.00,0.00,0.00,24.00,8.20,0.00,16.80,0.00,0.00,0.00,0.00,4.60,0.00,4.60,0.00,48.00,10406652,0,5252348,33.54,37928,1115408,5605180,35.80,4483212,579132,1408,3909036,79288,2480,11240,31532,0,0,0.00,0,0.00,0,296,0.05,0.04,0.21,0,4.60,0.00,48.00,10.43,0.00,0.00,0.00,0.00,2.20,4.20,3.12,3.74,0.00,0.00,0.00,0.00
2018-01-07 02:00:00,6.34,0.00,0.40,0.00,0.10,0.00,0.10,0.00,0.00,93.05,0.00,435.80,352.00,0.00,0.00,0.00,346.40,118.60,0.00,6381.00,0.00,0.00,0.00,0.00,8.80,0.00,8.80,0.00,692.80,10427868,0,5231132,33.41,37936,1115608,5605180,35.80,4461192,579328,128,3886980,79264,2480,11200,31532,0,0,0.00,0,0.00,1,296,0.05,0.04,0.21,0,8.80,0.00,692.80,78.73,0.02,2.00,0.18,0.16,5.00,3.80,1.88,1.83,0.00,0.00,0.00,0.00
2018-01-07 02:00:05,0.91,0.00,0.10,0.00,0.00,0.00,0.10,0.00,0.00,98.89,0.00,458.20,438.60,0.00,0.00,0.00,16.80,15.00,0.00,337.20,0.00,0.00,0.00,0.00,0.40,0.00,0.40,0.00,33.60,10427428,0,5231572,33.41,37944,1115636,5605180,35.80,4461220,579348,168,3886984,79240,2480,11200,31532,0,0,0.00,0,0.00,0,296,0.04,0.04,0.21,0,0.40,0.00,33.60,84.00,0.00,0.00,0.00,0.00,123.40,100.00,652.76,347.67,0.00,0.00,0.00,0.00
2018-01-07 02:00:10,0.40,0.00,0.10,0.00,0.00,0.00,0.00,0.00,0.00,99.50,0.00,344.20,219.20,0.00,0.00,0.00,7.20,8.60,0.00,47.80,0.00,0.00,0.00,0.00,0.40,0.00,0.40,0.00,14.40,10427396,0,5231604,33.41,37952,1115660,5605180,35.80,4461244,579324,212,3886984,79272,2480,11200,31532,0,0,0.00,0,0.00,0,296,0.04,0.04,0.21,0,0.40,0.00,14.40,36.00,0.00,0.00,0.00,0.00,16.40,15.60,58.73,5.57,0.00,0.00,0.00,0.00
2018-01-07 02:00:15,8.02,0.00,0.00,0.10,0.10,0.00,0.00,0.00,0.00,91.78,0.00,355.09,257.68,0.00,0.00,0.00,4.79,7.98,0.00,209.38,0.00,0.00,0.00,0.00,0.40,0.00,0.40,0.00,9.58,10430528,0,5228472,33.39,37960,1116392,5605180,35.80,4457776,579948,952,3883392,79272,2480,11196,31532,0,0,0.00,0,0.00,1,296,0.20,0.07,0.22,0,0.40,0.00,9.58,24.00,0.00,2.00,2.00,0.08,7.19,8.78,3.95,10.70,0.00,0.00,0.00,0.00
2018-01-07 02:00:20,6.03,0.00,0.20,0.00,0.00,0.00,0.00,0.00,0.00,93.77,0.00,327.80,228.80,0.00,0.00,0.00,17.60,7.20,0.00,23.00,0.00,0.00,0.00,0.00,0.40,0.00,0.40,0.00,35.20,10430312,0,5228688,33.39,37968,1116984,5605180,35.80,4457800,580380,1584,3883392,79272,2480,11196,31532,0,0,0.00,0,0.00,0,296,0.18,0.07,0.21,0,0.40,0.00,35.20,88.00,0.00,0.00,0.00,0.00,6.20,6.40,6.39,5.25,0.00,0.00,0.00,0.00
2018-01-07 02:00:25,0.70,0.00,0.00,0.00,0.00,0.00,0.00,0.00,0.00,99.30,0.00,327.40,191.00,0.00,0.00,0.00,16.80,7.20,0.00,16.80,0.00,0.00,0.00,0.00,0.40,0.00,0.40,0.00,33.60,10429892,0,5229108,33.39,37976,1117148,5605180,35.80,4457888,580588,1788,3883392,79296,2480,11196,31532,0,0,0.00,0,0.00,1,296,0.17,0.07,0.21,0,0.40,0.00,33.60,84.00,0.00,0.00,0.00,0.00,2.20,3.40,1.63,2.28,0.00,0.00,0.00,0.00
2018-01-07 02:00:30,0.10,0.00,0.10,0.00,0.00,0.00,0.00,0.00,0.00,99.80,0.00,329.40,187.40,0.00,0.00,0.00,18.40,8.80,0.00,19.20,0.00,0.00,0.00,0.00,1.40,0.00,1.40,0.00,36.80,10429924,0,5229076,33.39,37984,1117168,5605180,35.80,4457896,580624,1824,3883392,79296,2480,11196,31532,0,0,0.00,0,0.00,1,296,0.15,0.07,0.21,0,1.40,0.00,36.80,26.29,0.00,0.00,0.00,0.00,3.20,3.40,0.25,0.94,0.00,0.00,0.00,0.00
2018-01-07 02:00:35,0.30,0.00,0.00,3.42,0.00,0.00,0.00,0.00,0.00,96.28,0.00,355.60,251.80,0.00,0.00,0.00,68.80,7.60,0.00,47.20,0.00,0.00,0.00,0.00,6.00,0.00,6.00,0.00,137.60,10429876,0,5229124,33.39,37992,1117184,5605180,35.80,4457908,580640,1600,3883392,79320,2480,11196,31532,0,0,0.00,0,0.00,1,296,0.14,0.06,0.21,0,6.00,0.00,137.60,22.93,0.04,6.27,5.73,3.44,29.20,40.00,5.75,326.81,0.00,0.00,0.00,0.00
2018-01-07 02:00:40,0.30,0.00,0.10,0.00,0.00,0.00,0.00,0.00,0.00,99.60,0.00,334.40,206.00,0.00,0.00,0.00,9.60,8.60,0.00,38.80,0.00,0.00,0.00,0.00,0.80,0.00,0.80,0.00,19.20,10429768,0,5229232,33.39,38000,1117208,5605180,35.80,4457964,580640,1516,3883392,79344,2480,11196,31532,0,0,0.00,0,0.00,1,296,0.13,0.06,0.21,0,0.80,0.00,19.20,24.00,0.00,0.00,0.00,0.00,12.60,11.20,44.92,4.07,0.00,0.00,0.00,0.00
2018-01-07 02:00:45,6.12,0.00,0.20,0.00,0.10,0.00,0.00,0.00,0.00,93.57,0.00,345.80,244.60,0.00,0.00,0.00,140.80,8.00,0.00,52.80,0.00,0.00,0.00,0.00,2.40,0.00,2.40,0.00,281.60,10429132,0,5229868,33.40,38000,1117768,5605180,35.80,4458044,581092,1528,3883392,79368,2480,11196,31532,0,0,0.00,0,0.00,0,296,0.20,0.08,0.21,0,2.40,0.00,281.60,117.33,0.00,0.00,0.00,0.00,9.60,11.60,3.98,73.32,0.00,0.00,0.00,0.00
2018-01-07 02:00:50,6.43,0.00,0.00,0.00,0.00,0.00,0.00,0.00,0.00,93.57,0.00,334.80,245.20,0.00,0.00,0.00,120.80,7.80,0.00,28.80,0.00,0.00,0.00,0.00,2.20,0.00,2.20,0.00,241.60,10428588,0,5230412,33.40,38008,1118520,5605180,35.80,4458132,581700,1628,3883392,79392,2480,11196,31532,0,0,0.00,0,0.00,0,296,0.18,0.08,0.21,0,2.20,0.00,241.60,109.82,0.00,0.00,0.00,0.00,7.40,11.00,6.48,40.81,0.00,0.00,0.00,0.00
2018-01-07 02:00:55,0.60,0.00,0.10,0.00,0.00,0.00,0.00,0.00,0.00,99.30,0.00,320.00,185.40,0.00,0.00,0.00,55.20,7.60,0.00,198.00,0.00,0.00,0.00,0.00,1.00,0.00,1.00,0.00,110.40,10431412,0,5227588,33.38,38016,1118700,5572348,35.59,4454608,581916,1720,3879804,79392,2480,11192,31532,0,0,0.00,0,0.00,1,296,0.17,0.08,0.21,0,1.00,0.00,110.40,110.40,0.00,0.00,0.00,0.00,2.20,3.20,1.63,2.38,0.00,0.00,0.00,0.00
2018-01-07 02:01:00,0.10,0.00,0.10,0.00,0.00,0.00,0.00,0.00,0.00,99.80,0.00,324.60,185.20,0.00,0.00,0.00,26.40,7.60,0.00,17.80,0.00,0.00,0.00,0.00,1.60,0.00,1.60,0.00,52.80,10431528,0,5227472,33.38,38024,1118724,5572348,35.59,4454620,581928,1772,3879804,79400,2480,11192,31532,0,0,0.00,0,0.00,1,296,0.15,0.07,0.21,0,1.60,0.00,52.80,33.00,0.00,0.00,0.00,0.00,3.00,2.80,0.23,0.93,0.00,0.00,0.00,0.00
2018-01-07 02:01:05,1.80,0.00,0.30,0.00,0.10,0.00,0.30,0.00,0.00,97.49,0.00,500.60,519.20,0.00,0.00,0.00,5.60,18.20,0.00,610.00,0.00,0.00,0.00,0.00,0.40,0.00,0.40,0.00,11.20,10431460,0,5227540,33.38,38032,1118748,5572348,35.59,4454640,581948,1788,3879808,79320,2480,11192,31532,0,0,0.00,0,0.00,0,296,0.14,0.07,0.21,0,0.40,0.00,11.20,28.00,0.00,0.00,0.00,0.00,211.80,160.60,1268.65,359.82,0.00,0.00,0.00,0.00
2018-01-07 02:01:10,3.21,0.00,0.10,0.20,0.00,0.00,0.00,0.00,0.00,96.49,0.00,378.80,273.40,0.00,0.00,0.00,67.20,8.00,0.00,55.60,0.00,0.00,0.00,0.00,5.60,0.00,5.60,0.00,134.40,10431212,0,5227788,33.39,38040,1118976,5572348,35.59,4454676,582072,1724,3879808,79328,2480,11192,31532,0,0,0.00,0,0.00,1,296,0.13,0.07,0.21,0,5.60,0.00,134.40,24.00,0.00,0.29,0.29,0.16,22.40,21.60,61.37,7.99,0.00,0.00,0.00,0.00
2018-01-07 02:01:15,4.52,0.00,0.10,0.00,0.00,0.00,0.00,0.00,0.00,95.38,0.00,333.60,234.00,0.00,0.00,0.00,26.40,7.60,0.00,36.60,0.00,0.00,0.00,0.00,0.80,0.00,0.80,0.00,52.80,10430500,0,5228500,33.39,38048,1119684,5572348,35.59,4454812,582668,2508,3879808,79300,2480,11192,31532,0,0,0.00,0,0.00,3,296,0.12,0.07,0.21,0,0.80,0.00,52.80,66.00,0.00,0.00,0.00,0.00,9.20,9.80,40.31,9.54,0.00,0.00,0.00,0.00
2018-01-07 02:01:20,3.12,0.00,0.10,0.00,0.00,0.00,0.00,0.00,0.00,96.78,0.00,343.60,212.40,0.00,0.00,0.00,108.00,8.80,0.00,127.40,0.00,0.00,0.00,0.00,2.00,0.00,2.00,0.00,216.00,10424232,0,5234768,33.43,38048,1119832,5526740,35.29,4456796,582820,2124,3885872,79300,2480,11204,31532,0,0,0.00,0,0.00,1,296,0.11,0.07,0.21,0,2.00,0.00,216.00,108.00,0.00,0.00,0.00,0.00,5.80,5.00,4.84,3.08,0.00,0.00,0.00,0.00
2018-01-07 02:01:25,10.16,0.00,0.70,2.72,0.10,0.00,0.00,0.00,0.00,86.32,0.00,447.40,380.80,0.00,0.00,0.00,156.00,130.60,0.00,7505.00,0.00,0.00,0.00,0.00,2.80,0.00,2.80,0.00,312.00,10375012,0,5283988,33.74,38056,1120260,5526740,35.29,4505648,583204,1868,3934676,79364,2480,11308,31532,0,0,0.00,0,0.00,1,296,0.10,0.07,0.21,0,2.80,0.00,312.00,111.43,0.03,11.71,9.71,2.72,6.00,5.80,1.97,3.38,0.00,0.00,0.00,0.00
2018-01-07 02:01:30,0.50,0.00,0.10,0.00,0.00,0.00,0.00,0.00,0.00,99.40,0.00,325.80,188.60,0.00,0.00,0.00,49.60,145.20,0.00,207.20,0.00,0.00,0.00,0.00,1.00,0.00,1.00,0.00,99.20,10375756,0,5283244,33.74,38064,1120288,5526740,35.29,4508820,583236,1736,3933704,79364,2480,11308,31532,0,0,0.00,0,0.00,1,296,0.09,0.07,0.21,0,1.00,0.00,99.20,99.20,0.00,0.00,0.00,0.00,3.40,3.20,0.25,0.93,0.00,0.00,0.00,0.00
2018-01-07 02:01:35,0.20,0.00,0.00,0.00,0.00,0.00,0.00,0.00,0.00,99.80,0.00,315.80,176.20,0.00,0.00,0.00,19.20,9.20,0.00,15.40,0.00,0.00,0.00,0.00,1.60,0.00,1.60,0.00,38.40,10375600,0,5283400,33.74,38072,1120308,5526740,35.29,4508836,583244,1732,3933704,79364,2480,11308,31532,0,0,0.00,0,0.00,0,296,0.09,0.07,0.20,0,1.60,0.00,38.40,24.00,0.00,0.00,0.00,0.00,1.00,2.20,0.07,0.83,0.00,0.00,0.00,0.00
2018-01-07 02:01:40,1.81,0.00,0.10,0.00,0.10,0.00,0.20,0.00,0.00,97.79,0.00,448.60,454.20,0.00,0.00,0.00,5.60,17.00,0.00,511.40,0.00,0.00,0.00,0.00,0.40,0.00,0.40,0.00,11.20,10378980,0,5280020,33.72,38080,1120332,5526740,35.29,4505344,583252,1776,3930180,79364,2480,11304,31532,0,0,0.00,0,0.00,1,296,0.08,0.07,0.20,0,0.40,0.00,11.20,28.00,0.00,0.00,0.00,0.00,128.20,102.00,619.79,377.25,0.00,0.00,0.00,0.00
2018-01-07 02:01:45,0.20,0.00,0.10,0.00,0.00,0.00,0.00,0.00,0.00,99.70,0.00,322.80,196.00,0.00,0.00,0.00,109.60,8.20,0.00,21.00,0.00,0.00,0.00,0.00,6.80,0.00,6.80,0.00,219.20,10379044,0,5279956,33.72,38092,1120356,5526740,35.29,4505368,583252,1372,3930196,79364,2480,11304,31532,0,0,0.00,0,0.00,1,296,0.07,0.07,0.20,0,6.80,0.00,219.20,32.24,0.20,29.18,3.29,2.24,5.00,5.40,1.15,1.54,0.00,0.00,0.00,0.00
2018-01-07 02:01:50,15.89,0.00,2.27,34.26,0.52,0.00,0.41,0.00,0.00,46.65,1.80,2915.20,2429.80,0.00,0.00,56609.60,153.60,46.80,0.00,275.20,0.00,0.00,0.00,0.00,444.00,440.60,3.40,112555.20,307.20,10099660,0,5559340,35.50,38100,1400296,5526740,35.29,4505792,862980,728,3930548,79452,2504,11304,31532,0,0,0.00,0,0.00,1,301,0.23,0.10,0.21,1,444.20,112606.40,307.20,254.20,19.29,43.19,1.78,79.20,20.40,20.60,75.11,7.16,0.00,0.00,0.00,0.00
2018-01-07 02:01:55,14.69,0.00,2.24,24.49,0.31,0.00,0.31,0.00,0.00,57.96,1.20,2481.60,1764.80,0.00,0.00,48500.80,46.40,34.60,0.00,367.80,0.00,0.00,0.00,0.00,380.60,379.40,1.20,96641.60,92.80,9862332,0,5796668,37.02,38108,1637592,5526740,35.29,4505928,1100348,572,3930656,80132,2528,11308,31532,0,0,0.00,0,0.00,0,302,0.53,0.16,0.23,1,380.40,96590.40,92.80,254.16,15.12,39.65,1.63,62.08,7.20,10.60,7.42,7.64,0.00,0.00,0.00,0.00
2018-01-07 02:02:00,3.64,0.00,0.51,8.60,0.20,0.00,0.00,0.00,0.00,87.04,0.60,931.80,672.60,0.00,0.00,12576.80,76.80,21.60,0.00,305.80,0.00,0.00,0.00,0.00,105.00,103.60,1.40,26177.60,153.60,9803712,0,5855288,37.39,38116,1695648,5526740,35.29,4505884,1158440,248,3930600,80328,2520,11308,31532,0,0,0.00,0,0.00,1,301,0.49,0.16,0.23,0,105.00,26177.60,153.60,250.77,4.84,47.50,2.03,21.28,5.80,6.00,2.40,3.90,0.00,0.00,0.00,0.00
2018-01-07 02:02:05,2.43,0.00,0.20,0.00,0.20,0.00,0.41,0.00,0.00,96.76,0.00,966.40,1272.00,0.00,0.00,0.00,15.20,14.20,0.00,1824.00,0.00,0.00,0.00,0.00,1.00,0.00,1.00,0.00,30.40,9807104,0,5851896,37.37,38116,1691068,5526740,35.29,4505832,1153888,260,3930532,80304,2512,11308,31532,0,0,0.00,0,0.00,1,300,0.45,0.16,0.23,0,1.00,0.00,30.40,30.40,0.00,0.00,0.00,0.00,460.60,337.40,3942.23,60.20,0.00,0.00,0.00,0.00
2018-01-07 02:02:10,3.71,0.00,0.41,0.00,0.72,0.00,0.62,0.00,0.00,94.54,0.00,2579.00,3401.60,0.00,0.00,0.00,5.60,9.20,0.00,4776.00,0.00,0.00,0.00,0.00,0.40,0.00,0.40,0.00,11.20,9812252,0,5846748,37.34,38124,1685976,5482728,35.01,4505760,1148792,292,3930484,80304,2512,11308,31532,0,0,0.00,0,0.00,1,300,0.41,0.15,0.23,0,0.40,0.00,11.20,28.00,0.00,0.00,0.00,0.00,1348.00,871.60,11282.87,60.85,0.00,0.00,0.00,0.00
2018-01-07 02:02:15,1.43,0.00,0.10,0.00,0.51,0.00,0.92,0.00,0.00,97.04,0.00,1791.60,2409.40,0.00,0.00,0.00,4.00,8.80,0.00,2544.40,0.00,0.00,0.00,0.00,0.40,0.00,0.40,0.00,8.00,9817276,0,5841724,37.31,38132,1680876,5482728,35.01,4505688,1143688,312,3930364,80300,2496,11308,31532,0,0,0.00,0,0.00,0,298,0.38,0.15,0.23,0,0.40,0.00,8.00,20.00,0.00,0.00,0.00,0.00,655.00,529.60,5727.83,36.73,0.00,0.00,0.00,0.00
2018-01-07 02:02:20,4.09,0.00,0.51,0.00,0.82,0.00,0.92,0.00,0.00,93.65,0.00,2679.60,3609.20,0.00,0.00,0.00,52.00,13.40,0.00,3924.20,0.00,0.00,0.00,0.00,3.60,0.00,3.60,0.00,104.00,9825216,0,5833784,37.26,38140,1675780,5482728,35.01,4502724,1138584,120,3927392,80300,2496,11304,31532,0,0,0.00,0,0.00,0,298,0.35,0.15,0.23,0,3.60,0.00,104.00,28.89,0.00,0.00,0.00,0.00,1008.80,788.40,8846.48,54.80,0.00,0.00,0.00,0.00
2018-01-07 02:02:25,0.20,0.00,0.00,0.10,0.00,0.00,0.00,0.00,0.00,99.70,0.00,399.60,281.40,0.00,0.00,0.00,12.00,7.40,0.00,332.80,0.00,0.00,0.00,0.00,1.20,0.00,1.20,0.00,24.00,9830240,0,5828760,37.22,38148,1670684,5482728,35.01,4502740,1133488,148,3927392,80308,2496,11304,31532,0,0,0.00,0,0.00,1,298,0.32,0.15,0.22,0,1.20,0.00,24.00,20.00,0.00,0.00,0.00,0.00,20.60,21.00,150.03,3.06,0.00,0.00,0.00,0.00
2018-01-07 02:02:30,0.10,0.00,0.10,0.10,0.00,0.00,0.00,0.00,0.00,99.70,0.00,347.80,204.60,0.00,0.00,0.00,4.80,7.40,0.00,272.80,0.00,0.00,0.00,0.00,0.60,0.00,0.60,0.00,9.60,9835168,0,5823832,37.19,38156,1665584,5482728,35.01,4502748,1128384,172,3927392,80308,2496,11304,31532,0,0,0.00,0,0.00,0,298,0.29,0.14,0.22,0,0.60,0.00,9.60,16.00,0.00,6.67,6.67,0.40,2.40,3.80,0.20,1.12,0.00,0.00,0.00,0.00
2018-01-07 02:02:35,17.91,0.00,1.74,0.10,0.31,0.00,0.61,0.00,0.00,79.32,1.80,2563.80,2114.00,0.00,0.00,8685.60,16.00,50.40,0.00,520.40,0.00,0.00,0.00,0.00,70.00,69.20,0.80,17371.20,32.00,9797012,0,5861988,37.44,38156,1703884,5482728,35.01,4503052,1166764,204,3927692,80420,2528,11304,31532,0,0,0.00,0,0.00,3,301,0.27,0.14,0.22,0,70.00,17371.20,32.00,248.62,0.23,3.22,0.24,1.68,21.00,24.00,45.63,45.30,0.00,0.00,0.00,0.00
2018-01-07 02:02:40,10.03,0.00,1.52,0.00,0.10,0.00,0.61,0.00,0.00,87.74,1.20,1712.20,1182.80,0.00,0.00,0.00,5.60,66.00,0.00,1586.80,0.00,0.00,0.00,0.00,0.40,0.00,0.40,0.00,11.20,9824432,0,5834568,37.26,38164,1698872,5482728,35.01,4480412,1161712,232,3905028,80328,2520,11264,31532,0,0,0.00,0,0.00,1,300,0.25,0.14,0.22,0,0.40,0.00,11.20,28.00,0.00,0.00,0.00,0.00,6.20,9.00,3.91,5.61,0.00,0.00,0.00,0.00
2018-01-07 02:02:45,0.20,0.00,0.10,0.00,0.00,0.00,0.00,0.00,0.00,99.70,0.00,359.40,215.00,0.00,0.00,0.00,4.80,9.00,0.00,298.20,0.00,0.00,0.00,0.00,0.40,0.00,0.40,0.00,9.60,9830076,0,5828924,37.22,38172,1693776,5482728,35.01,4479864,1156612,260,3904484,80324,2464,11264,31532,0,0,0.00,0,0.00,1,294,0.23,0.14,0.22,0,0.40,0.00,9.60,24.00,0.00,0.00,0.00,0.00,2.20,3.40,0.18,1.04,0.00,0.00,0.00,0.00
2018-01-07 02:02:50,5.14,0.00,2.72,0.00,0.10,0.00,0.00,0.00,0.00,92.04,24.00,870.00,655.00,0.00,0.00,0.00,36.80,9703.20,0.00,196215.00,0.00,0.00,0.00,0.00,0.80,0.00,0.80,0.00,73.60,13681604,0,1977396,12.63,38184,1323152,960968,6.14,856612,956992,392,452296,60828,2000,4280,31532,0,0,0.00,0,0.00,2,238,0.21,0.14,0.22,0,0.80,0.00,73.60,92.00,0.00,0.00,0.00,0.00,87.80,92.80,5.78,7.16,0.00,0.00,0.00,0.00
